기준월,연도,월,시도,metric_name,예측값,component_moe_scaled,component_load_share,weight_moe,weight_load,ratio_applied,load_index_applied,모형ID,value_status,data_quality_note,generated_at,예측버전
2019-01,2019,1,서울,charge_kwh_sum,64320.56,64320.56,468863.43,1.0,0.0,2.2049,,kepco_hybrid_moe_load_v1,estimated,source_truncated_excel_cap,2026-08-11T07:19:12.117877+00:00,1.0.0
2019-01,2019,1,부산,charge_kwh_sum,24674.98,24674.98,111935.86,1.0,0.0,2.0446,,kepco_hybrid_moe_load_v1,estimated,source_truncated_excel_cap,2026-08-11T07:19:12.117877+00:00,1.0.0
2019-01,2019,1,대구,charge_kwh_sum,100344.15,100344.15,155231.81,1.0,0.0,2.2181,,kepco_hybrid_moe_load_v1,estimated,source_truncated_excel_cap,2026-08-11T07:19:12.117877+00:00,1.0.0
2019-01,2019,1,인천,charge_kwh_sum,16841.88,16841.88,111935.86,1.0,0.0,1.2018,,kepco_hybrid_moe_load_v1,estimated,source_truncated_excel_cap,2026-08-11T07:19:12.117877+00:00,1.0.0
2019-01,2019,1,광주,charge_kwh_sum,19973.05,19973.05,69695.92,1.0,0.0,2.305,,kepco_hybrid_moe_load_v1,estimated,source_truncated_excel_cap,2026-08-11T07:19:12.117877+00:00,1.0.0
2019-01,2019,1,대전,charge_kwh_sum,17132.01,17132.01,81311.9,1.0,0.0,1.7782,,kepco_hybrid_moe_load_v1,estimated,source_truncated_excel_cap,2026-08-11T07:19:12.117877+00:00,1.0.0
2019-01,2019,1,울산,charge_kwh_sum,7256.31,7256.31,38015.95,1.0,0.0,0.5719,,kepco_hybrid_moe_load_v1,estimated,source_truncated_excel_cap,2026-08-11T07:19:12.117877+00:00,1.0.0
2019-01,2019,1,세종,charge_kwh_sum,18058.34,18058.34,59135.93,1.0,0.0,2.8987,,kepco_hybrid_moe_load_v1,estimated,source_truncated_excel_cap,2026-08-11T07:19:12.117877+00:00,1.0.0
2019-01,2019,1,경기,charge_kwh_sum,121169.83,121169.83,572351.31,1.0,0.0,1.1309,,kepco_hybrid_moe_load_v1,estimated,source_truncated_excel_cap,2026-08-11T07:19:12.117877+00:00,1.0.0
2019-01,2019,1,강원,charge_kwh_sum,56414.32,56414.32,153119.81,1.0,0.0,1.1109,,kepco_hybrid_moe_load_v1,estimated,source_truncated_excel_cap,2026-08-11T07:19:12.117877+00:00,1.0.0
2019-01,2019,1,충북,charge_kwh_sum,58918.04,58918.04,138335.83,1.0,0.0,0.688,,kepco_hybrid_moe_load_v1,estimated,source_truncated_excel_cap,2026-08-11T07:19:12.117877+00:00,1.0.0
2019-01,2019,1,충남,charge_kwh_sum,28215.87,28215.87,108767.87,1.0,0.0,0.4585,,kepco_hybrid_moe_load_v1,estimated,source_truncated_excel_cap,2026-08-11T07:19:12.117877+00:00,1.0.0
2019-01,2019,1,전북,charge_kwh_sum,26083.82,26083.82,129887.84,1.0,0.0,0.6028,,kepco_hybrid_moe_load_v1,estimated,source_truncated_excel_cap,2026-08-11T07:19:12.117877+00:00,1.0.0
2019-01,2019,1,전남,charge_kwh_sum,55928.51,55928.51,165791.8,1.0,0.0,1.6269,,kepco_hybrid_moe_load_v1,estimated,source_truncated_excel_cap,2026-08-11T07:19:12.117877+00:00,1.0.0
2019-01,2019,1,경북,charge_kwh_sum,64171.87,64171.87,167903.8,1.0,0.0,0.5455,,kepco_hybrid_moe_load_v1,estimated,source_truncated_excel_cap,2026-08-11T07:19:12.117877+00:00,1.0.0
2019-01,2019,1,경남,charge_kwh_sum,79264.54,79264.54,192191.77,1.0,0.0,1.2273,,kepco_hybrid_moe_load_v1,estimated,source_truncated_excel_cap,2026-08-11T07:19:12.117877+00:00,1.0.0
2019-01,2019,1,제주,charge_kwh_sum,177465.14,177465.14,175295.79,1.0,0.0,2.5602,,kepco_hybrid_moe_load_v1,estimated,source_truncated_excel_cap,2026-08-11T07:19:12.117877+00:00,1.0.0
2019-02,2019,2,서울,charge_kwh_sum,55849.43,55849.43,395448.78,1.0,0.0,2.2049,,kepco_hybrid_moe_load_v1,estimated,source_truncated_excel_cap,2026-08-11T07:19:12.117877+00:00,1.0.0
2019-02,2019,2,부산,charge_kwh_sum,23611.32,23611.32,94408.94,1.0,0.0,2.0446,,kepco_hybrid_moe_load_v1,estimated,source_truncated_excel_cap,2026-08-11T07:19:12.117877+00:00,1.0.0
2019-02,2019,2,대구,charge_kwh_sum,100502.48,100502.48,130925.61,1.0,0.0,2.2181,,kepco_hybrid_moe_load_v1,estimated,source_truncated_excel_cap,2026-08-11T07:19:12.117877+00:00,1.0.0
2019-02,2019,2,인천,charge_kwh_sum,14424.21,14424.21,94408.94,1.0,0.0,1.2018,,kepco_hybrid_moe_load_v1,estimated,source_truncated_excel_cap,2026-08-11T07:19:12.117877+00:00,1.0.0
2019-02,2019,2,광주,charge_kwh_sum,19230.27,19230.27,58782.93,1.0,0.0,2.305,,kepco_hybrid_moe_load_v1,estimated,source_truncated_excel_cap,2026-08-11T07:19:12.117877+00:00,1.0.0
2019-02,2019,2,대전,charge_kwh_sum,18828.37,18828.37,68580.08,1.0,0.0,1.7782,,kepco_hybrid_moe_load_v1,estimated,source_truncated_excel_cap,2026-08-11T07:19:12.117877+00:00,1.0.0
2019-02,2019,2,울산,charge_kwh_sum,7650.6,7650.6,32063.41,1.0,0.0,0.5719,,kepco_hybrid_moe_load_v1,estimated,source_truncated_excel_cap,2026-08-11T07:19:12.117877+00:00,1.0.0
2019-02,2019,2,세종,charge_kwh_sum,18819.09,18819.09,49876.42,1.0,0.0,2.8987,,kepco_hybrid_moe_load_v1,estimated,source_truncated_excel_cap,2026-08-11T07:19:12.117877+00:00,1.0.0
2019-02,2019,2,경기,charge_kwh_sum,114316.27,114316.27,482732.52,1.0,0.0,1.1309,,kepco_hybrid_moe_load_v1,estimated,source_truncated_excel_cap,2026-08-11T07:19:12.117877+00:00,1.0.0
2019-02,2019,2,강원,charge_kwh_sum,47360.76,47360.76,129144.31,1.0,0.0,1.1109,,kepco_hybrid_moe_load_v1,estimated,source_truncated_excel_cap,2026-08-11T07:19:12.117877+00:00,1.0.0
2019-02,2019,2,충북,charge_kwh_sum,58171.43,58171.43,116675.2,1.0,0.0,0.688,,kepco_hybrid_moe_load_v1,estimated,source_truncated_excel_cap,2026-08-11T07:19:12.117877+00:00,1.0.0
2019-02,2019,2,충남,charge_kwh_sum,25879.83,25879.83,91736.99,1.0,0.0,0.4585,,kepco_hybrid_moe_load_v1,estimated,source_truncated_excel_cap,2026-08-11T07:19:12.117877+00:00,1.0.0
2019-02,2019,2,전북,charge_kwh_sum,27511.0,27511.0,109550.0,1.0,0.0,0.6028,,kepco_hybrid_moe_load_v1,estimated,source_truncated_excel_cap,2026-08-11T07:19:12.117877+00:00,1.0.0
2019-02,2019,2,전남,charge_kwh_sum,60296.11,60296.11,139832.11,1.0,0.0,1.6269,,kepco_hybrid_moe_load_v1,estimated,source_truncated_excel_cap,2026-08-11T07:19:12.117877+00:00,1.0.0
2019-02,2019,2,경북,charge_kwh_sum,68508.54,68508.54,141613.41,1.0,0.0,0.5455,,kepco_hybrid_moe_load_v1,estimated,source_truncated_excel_cap,2026-08-11T07:19:12.117877+00:00,1.0.0
2019-02,2019,2,경남,charge_kwh_sum,79599.43,79599.43,162098.37,1.0,0.0,1.2273,,kepco_hybrid_moe_load_v1,estimated,source_truncated_excel_cap,2026-08-11T07:19:12.117877+00:00,1.0.0
2019-02,2019,2,제주,charge_kwh_sum,151521.0,151521.0,147847.97,1.0,0.0,2.5602,,kepco_hybrid_moe_load_v1,estimated,source_truncated_excel_cap,2026-08-11T07:19:12.117877+00:00,1.0.0
2019-03,2019,3,서울,charge_kwh_sum,69894.51,69894.51,369154.95,1.0,0.0,2.2049,,kepco_hybrid_moe_load_v1,estimated,source_truncated_excel_cap,2026-08-11T07:19:12.117877+00:00,1.0.0
2019-03,2019,3,부산,charge_kwh_sum,27163.98,27163.98,88131.59,1.0,0.0,2.0446,,kepco_hybrid_moe_load_v1,estimated,source_truncated_excel_cap,2026-08-11T07:19:12.117877+00:00,1.0.0
2019-03,2019,3,대구,charge_kwh_sum,112328.15,112328.15,122220.22,1.0,0.0,2.2181,,kepco_hybrid_moe_load_v1,estimated,source_truncated_excel_cap,2026-08-11T07:19:12.117877+00:00,1.0.0
2019-03,2019,3,인천,charge_kwh_sum,21931.18,21931.18,88131.59,1.0,0.0,1.2018,,kepco_hybrid_moe_load_v1,estimated,source_truncated_excel_cap,2026-08-11T07:19:12.117877+00:00,1.0.0
2019-03,2019,3,광주,charge_kwh_sum,26759.39,26759.39,54874.38,1.0,0.0,2.305,,kepco_hybrid_moe_load_v1,estimated,source_truncated_excel_cap,2026-08-11T07:19:12.117877+00:00,1.0.0
2019-03,2019,3,대전,charge_kwh_sum,27737.06,27737.06,64020.12,1.0,0.0,1.7782,,kepco_hybrid_moe_load_v1,estimated,source_truncated_excel_cap,2026-08-11T07:19:12.117877+00:00,1.0.0
2019-03,2019,3,울산,charge_kwh_sum,10901.52,10901.52,29931.48,1.0,0.0,0.5719,,kepco_hybrid_moe_load_v1,estimated,source_truncated_excel_cap,2026-08-11T07:19:12.117877+00:00,1.0.0
2019-03,2019,3,세종,charge_kwh_sum,27648.27,27648.27,46560.08,1.0,0.0,2.8987,,kepco_hybrid_moe_load_v1,estimated,source_truncated_excel_cap,2026-08-11T07:19:12.117877+00:00,1.0.0
2019-03,2019,3,경기,charge_kwh_sum,139693.85,139693.85,450635.1,1.0,0.0,1.1309,,kepco_hybrid_moe_load_v1,estimated,source_truncated_excel_cap,2026-08-11T07:19:12.117877+00:00,1.0.0
2019-03,2019,3,강원,charge_kwh_sum,59500.29,59500.29,120557.36,1.0,0.0,1.1109,,kepco_hybrid_moe_load_v1,estimated,source_truncated_excel_cap,2026-08-11T07:19:12.117877+00:00,1.0.0
2019-03,2019,3,충북,charge_kwh_sum,60336.94,60336.94,108917.34,1.0,0.0,0.688,,kepco_hybrid_moe_load_v1,estimated,source_truncated_excel_cap,2026-08-11T07:19:12.117877+00:00,1.0.0
2019-03,2019,3,충남,charge_kwh_sum,37859.05,37859.05,85637.3,1.0,0.0,0.4585,,kepco_hybrid_moe_load_v1,estimated,source_truncated_excel_cap,2026-08-11T07:19:12.117877+00:00,1.0.0
2019-03,2019,3,전북,charge_kwh_sum,34597.48,34597.48,102265.9,1.0,0.0,0.6028,,kepco_hybrid_moe_load_v1,estimated,source_truncated_excel_cap,2026-08-11T07:19:12.117877+00:00,1.0.0
2019-03,2019,3,전남,charge_kwh_sum,87570.08,87570.08,130534.52,1.0,0.0,1.6269,,kepco_hybrid_moe_load_v1,estimated,source_truncated_excel_cap,2026-08-11T07:19:12.117877+00:00,1.0.0
2019-03,2019,3,경북,charge_kwh_sum,79301.93,79301.93,132197.38,1.0,0.0,0.5455,,kepco_hybrid_moe_load_v1,estimated,source_truncated_excel_cap,2026-08-11T07:19:12.117877+00:00,1.0.0
2019-03,2019,3,경남,charge_kwh_sum,102095.14,102095.14,151320.27,1.0,0.0,1.2273,,kepco_hybrid_moe_load_v1,estimated,source_truncated_excel_cap,2026-08-11T07:19:12.117877+00:00,1.0.0
2019-03,2019,3,제주,charge_kwh_sum,156854.53,156854.53,138017.39,1.0,0.0,2.5602,,kepco_hybrid_moe_load_v1,estimated,source_truncated_excel_cap,2026-08-11T07:19:12.117877+00:00,1.0.0
2019-04,2019,4,서울,charge_kwh_sum,82343.15,82343.15,376901.83,1.0,0.0,2.2049,,kepco_hybrid_moe_load_v1,estimated,source_truncated_excel_cap,2026-08-11T07:19:12.117877+00:00,1.0.0
2019-04,2019,4,부산,charge_kwh_sum,37854.19,37854.19,89981.07,1.0,0.0,2.0446,,kepco_hybrid_moe_load_v1,estimated,source_truncated_excel_cap,2026-08-11T07:19:12.117877+00:00,1.0.0
2019-04,2019,4,대구,charge_kwh_sum,133562.82,133562.82,124785.06,1.0,0.0,2.2181,,kepco_hybrid_moe_load_v1,estimated,source_truncated_excel_cap,2026-08-11T07:19:12.117877+00:00,1.0.0
2019-04,2019,4,인천,charge_kwh_sum,27686.51,27686.51,89981.07,1.0,0.0,1.2018,,kepco_hybrid_moe_load_v1,estimated,source_truncated_excel_cap,2026-08-11T07:19:12.117877+00:00,1.0.0
2019-04,2019,4,광주,charge_kwh_sum,32140.88,32140.88,56025.95,1.0,0.0,2.305,,kepco_hybrid_moe_load_v1,estimated,source_truncated_excel_cap,2026-08-11T07:19:12.117877+00:00,1.0.0
2019-04,2019,4,대전,charge_kwh_sum,37879.77,37879.77,65363.6,1.0,0.0,1.7782,,kepco_hybrid_moe_load_v1,estimated,source_truncated_excel_cap,2026-08-11T07:19:12.117877+00:00,1.0.0
2019-04,2019,4,울산,charge_kwh_sum,12515.33,12515.33,30559.61,1.0,0.0,0.5719,,kepco_hybrid_moe_load_v1,estimated,source_truncated_excel_cap,2026-08-11T07:19:12.117877+00:00,1.0.0
2019-04,2019,4,세종,charge_kwh_sum,56810.87,56810.87,47537.17,1.0,0.0,2.8987,,kepco_hybrid_moe_load_v1,estimated,source_truncated_excel_cap,2026-08-11T07:19:12.117877+00:00,1.0.0
2019-04,2019,4,경기,charge_kwh_sum,166128.67,166128.67,460091.87,1.0,0.0,1.1309,,kepco_hybrid_moe_load_v1,estimated,source_truncated_excel_cap,2026-08-11T07:19:12.117877+00:00,1.0.0
2019-04,2019,4,강원,charge_kwh_sum,72391.17,72391.17,123087.31,1.0,0.0,1.1109,,kepco_hybrid_moe_load_v1,estimated,source_truncated_excel_cap,2026-08-11T07:19:12.117877+00:00,1.0.0
2019-04,2019,4,충북,charge_kwh_sum,71633.65,71633.65,111203.02,1.0,0.0,0.688,,kepco_hybrid_moe_load_v1,estimated,source_truncated_excel_cap,2026-08-11T07:19:12.117877+00:00,1.0.0
2019-04,2019,4,충남,charge_kwh_sum,54312.55,54312.55,87434.43,1.0,0.0,0.4585,,kepco_hybrid_moe_load_v1,estimated,source_truncated_excel_cap,2026-08-11T07:19:12.117877+00:00,1.0.0
2019-04,2019,4,전북,charge_kwh_sum,50900.59,50900.59,104411.99,1.0,0.0,0.6028,,kepco_hybrid_moe_load_v1,estimated,source_truncated_excel_cap,2026-08-11T07:19:12.117877+00:00,1.0.0
2019-04,2019,4,전남,charge_kwh_sum,105883.96,105883.96,133273.84,1.0,0.0,1.6269,,kepco_hybrid_moe_load_v1,estimated,source_truncated_excel_cap,2026-08-11T07:19:12.117877+00:00,1.0.0
2019-04,2019,4,경북,charge_kwh_sum,99184.75,99184.75,134971.6,1.0,0.0,0.5455,,kepco_hybrid_moe_load_v1,estimated,source_truncated_excel_cap,2026-08-11T07:19:12.117877+00:00,1.0.0
2019-04,2019,4,경남,charge_kwh_sum,117204.98,117204.98,154495.79,1.0,0.0,1.2273,,kepco_hybrid_moe_load_v1,estimated,source_truncated_excel_cap,2026-08-11T07:19:12.117877+00:00,1.0.0
2019-04,2019,4,제주,charge_kwh_sum,181328.7,181328.7,140913.75,1.0,0.0,2.5602,,kepco_hybrid_moe_load_v1,estimated,source_truncated_excel_cap,2026-08-11T07:19:12.117877+00:00,1.0.0
2019-05,2019,5,서울,charge_kwh_sum,108083.99,108083.99,405410.53,1.0,0.0,2.2049,,kepco_hybrid_moe_load_v1,estimated,source_truncated_excel_cap,2026-08-11T07:19:12.117877+00:00,1.0.0
2019-05,2019,5,부산,charge_kwh_sum,50411.65,50411.65,96787.2,1.0,0.0,2.0446,,kepco_hybrid_moe_load_v1,estimated,source_truncated_excel_cap,2026-08-11T07:19:12.117877+00:00,1.0.0
2019-05,2019,5,대구,charge_kwh_sum,152342.03,152342.03,134223.76,1.0,0.0,2.2181,,kepco_hybrid_moe_load_v1,estimated,source_truncated_excel_cap,2026-08-11T07:19:12.117877+00:00,1.0.0
2019-05,2019,5,인천,charge_kwh_sum,36708.55,36708.55,96787.2,1.0,0.0,1.2018,,kepco_hybrid_moe_load_v1,estimated,source_truncated_excel_cap,2026-08-11T07:19:12.117877+00:00,1.0.0
2019-05,2019,5,광주,charge_kwh_sum,43363.3,43363.3,60263.73,1.0,0.0,2.305,,kepco_hybrid_moe_load_v1,estimated,source_truncated_excel_cap,2026-08-11T07:19:12.117877+00:00,1.0.0
2019-05,2019,5,대전,charge_kwh_sum,66537.84,66537.84,70307.68,1.0,0.0,1.7782,,kepco_hybrid_moe_load_v1,estimated,source_truncated_excel_cap,2026-08-11T07:19:12.117877+00:00,1.0.0
2019-05,2019,5,울산,charge_kwh_sum,15585.43,15585.43,32871.12,1.0,0.0,0.5719,,kepco_hybrid_moe_load_v1,estimated,source_truncated_excel_cap,2026-08-11T07:19:12.117877+00:00,1.0.0
2019-05,2019,5,세종,charge_kwh_sum,45023.88,45023.88,51132.86,1.0,0.0,2.8987,,kepco_hybrid_moe_load_v1,estimated,source_truncated_excel_cap,2026-08-11T07:19:12.117877+00:00,1.0.0
2019-05,2019,5,경기,charge_kwh_sum,203766.5,203766.5,494893.03,1.0,0.0,1.1309,,kepco_hybrid_moe_load_v1,estimated,source_truncated_excel_cap,2026-08-11T07:19:12.117877+00:00,1.0.0
2019-05,2019,5,강원,charge_kwh_sum,96854.34,96854.34,132397.58,1.0,0.0,1.1109,,kepco_hybrid_moe_load_v1,estimated,source_truncated_excel_cap,2026-08-11T07:19:12.117877+00:00,1.0.0
2019-05,2019,5,충북,charge_kwh_sum,85951.06,85951.06,119614.37,1.0,0.0,0.688,,kepco_hybrid_moe_load_v1,estimated,source_truncated_excel_cap,2026-08-11T07:19:12.117877+00:00,1.0.0
2019-05,2019,5,충남,charge_kwh_sum,68127.59,68127.59,94047.94,1.0,0.0,0.4585,,kepco_hybrid_moe_load_v1,estimated,source_truncated_excel_cap,2026-08-11T07:19:12.117877+00:00,1.0.0
2019-05,2019,5,전북,charge_kwh_sum,60275.33,60275.33,112309.67,1.0,0.0,0.6028,,kepco_hybrid_moe_load_v1,estimated,source_truncated_excel_cap,2026-08-11T07:19:12.117877+00:00,1.0.0
2019-05,2019,5,전남,charge_kwh_sum,115842.17,115842.17,143354.62,1.0,0.0,1.6269,,kepco_hybrid_moe_load_v1,estimated,source_truncated_excel_cap,2026-08-11T07:19:12.117877+00:00,1.0.0
2019-05,2019,5,경북,charge_kwh_sum,122260.26,122260.26,145180.8,1.0,0.0,0.5455,,kepco_hybrid_moe_load_v1,estimated,source_truncated_excel_cap,2026-08-11T07:19:12.117877+00:00,1.0.0
2019-05,2019,5,경남,charge_kwh_sum,133960.76,133960.76,166181.79,1.0,0.0,1.2273,,kepco_hybrid_moe_load_v1,estimated,source_truncated_excel_cap,2026-08-11T07:19:12.117877+00:00,1.0.0
2019-05,2019,5,제주,charge_kwh_sum,256424.51,256424.51,151572.41,1.0,0.0,2.5602,,kepco_hybrid_moe_load_v1,estimated,source_truncated_excel_cap,2026-08-11T07:19:12.117877+00:00,1.0.0
2019-06,2019,6,서울,charge_kwh_sum,110997.64,110997.64,872051.01,1.0,0.0,2.2049,,kepco_hybrid_moe_load_v1,estimated,source_truncated_excel_cap,2026-08-11T07:19:12.117877+00:00,1.0.0
2019-06,2019,6,부산,charge_kwh_sum,53703.02,53703.02,208192.36,1.0,0.0,2.0446,,kepco_hybrid_moe_load_v1,estimated,source_truncated_excel_cap,2026-08-11T07:19:12.117877+00:00,1.0.0
2019-06,2019,6,대구,charge_kwh_sum,158410.79,158410.79,288719.59,1.0,0.0,2.2181,,kepco_hybrid_moe_load_v1,estimated,source_truncated_excel_cap,2026-08-11T07:19:12.117877+00:00,1.0.0
2019-06,2019,6,인천,charge_kwh_sum,60802.83,60802.83,208192.36,1.0,0.0,1.2018,,kepco_hybrid_moe_load_v1,estimated,source_truncated_excel_cap,2026-08-11T07:19:12.117877+00:00,1.0.0
2019-06,2019,6,광주,charge_kwh_sum,40957.34,40957.34,129629.2,1.0,0.0,2.305,,kepco_hybrid_moe_load_v1,estimated,source_truncated_excel_cap,2026-08-11T07:19:12.117877+00:00,1.0.0
2019-06,2019,6,대전,charge_kwh_sum,71231.18,71231.18,151234.07,1.0,0.0,1.7782,,kepco_hybrid_moe_load_v1,estimated,source_truncated_excel_cap,2026-08-11T07:19:12.117877+00:00,1.0.0
2019-06,2019,6,울산,charge_kwh_sum,17512.7,17512.7,70706.84,1.0,0.0,0.5719,,kepco_hybrid_moe_load_v1,estimated,source_truncated_excel_cap,2026-08-11T07:19:12.117877+00:00,1.0.0
2019-06,2019,6,세종,charge_kwh_sum,52753.25,52753.25,109988.42,1.0,0.0,2.8987,,kepco_hybrid_moe_load_v1,estimated,source_truncated_excel_cap,2026-08-11T07:19:12.117877+00:00,1.0.0
2019-06,2019,6,경기,charge_kwh_sum,215637.13,215637.13,1064530.74,1.0,0.0,1.1309,,kepco_hybrid_moe_load_v1,estimated,source_truncated_excel_cap,2026-08-11T07:19:12.117877+00:00,1.0.0
2019-06,2019,6,강원,charge_kwh_sum,127645.48,127645.48,284791.43,1.0,0.0,1.1109,,kepco_hybrid_moe_load_v1,estimated,source_truncated_excel_cap,2026-08-11T07:19:12.117877+00:00,1.0.0
2019-06,2019,6,충북,charge_kwh_sum,91813.07,91813.07,257294.33,1.0,0.0,0.688,,kepco_hybrid_moe_load_v1,estimated,source_truncated_excel_cap,2026-08-11T07:19:12.117877+00:00,1.0.0
2019-06,2019,6,충남,charge_kwh_sum,69871.12,69871.12,202300.12,1.0,0.0,0.4585,,kepco_hybrid_moe_load_v1,estimated,source_truncated_excel_cap,2026-08-11T07:19:12.117877+00:00,1.0.0
2019-06,2019,6,전북,charge_kwh_sum,61355.01,61355.01,241581.7,1.0,0.0,0.6028,,kepco_hybrid_moe_load_v1,estimated,source_truncated_excel_cap,2026-08-11T07:19:12.117877+00:00,1.0.0
2019-06,2019,6,전남,charge_kwh_sum,137940.73,137940.73,308360.38,1.0,0.0,1.6269,,kepco_hybrid_moe_load_v1,estimated,source_truncated_excel_cap,2026-08-11T07:19:12.117877+00:00,1.0.0
2019-06,2019,6,경북,charge_kwh_sum,133054.22,133054.22,312288.54,1.0,0.0,0.5455,,kepco_hybrid_moe_load_v1,estimated,source_truncated_excel_cap,2026-08-11T07:19:12.117877+00:00,1.0.0
2019-06,2019,6,경남,charge_kwh_sum,144737.12,144737.12,357462.35,1.0,0.0,1.2273,,kepco_hybrid_moe_load_v1,estimated,source_truncated_excel_cap,2026-08-11T07:19:12.117877+00:00,1.0.0
2019-06,2019,6,제주,charge_kwh_sum,357976.02,357976.02,326037.09,1.0,0.0,2.5602,,kepco_hybrid_moe_load_v1,estimated,source_truncated_excel_cap,2026-08-11T07:19:12.117877+00:00,1.0.0
2019-07,2019,7,서울,charge_kwh_sum,157565.3,157565.3,0.0,1.0,0.0,2.2049,,kepco_hybrid_moe_load_v1,estimated,source_truncated_excel_cap,2026-08-11T07:19:12.117877+00:00,1.0.0
2019-07,2019,7,부산,charge_kwh_sum,56540.29,56540.29,0.0,1.0,0.0,2.0446,,kepco_hybrid_moe_load_v1,estimated,source_truncated_excel_cap,2026-08-11T07:19:12.117877+00:00,1.0.0
2019-07,2019,7,대구,charge_kwh_sum,163890.46,163890.46,0.0,1.0,0.0,2.2181,,kepco_hybrid_moe_load_v1,estimated,source_truncated_excel_cap,2026-08-11T07:19:12.117877+00:00,1.0.0
2019-07,2019,7,인천,charge_kwh_sum,61555.4,61555.4,0.0,1.0,0.0,1.2018,,kepco_hybrid_moe_load_v1,estimated,source_truncated_excel_cap,2026-08-11T07:19:12.117877+00:00,1.0.0
2019-07,2019,7,광주,charge_kwh_sum,77872.91,77872.91,0.0,1.0,0.0,2.305,,kepco_hybrid_moe_load_v1,estimated,source_truncated_excel_cap,2026-08-11T07:19:12.117877+00:00,1.0.0
2019-07,2019,7,대전,charge_kwh_sum,79775.7,79775.7,0.0,1.0,0.0,1.7782,,kepco_hybrid_moe_load_v1,estimated,source_truncated_excel_cap,2026-08-11T07:19:12.117877+00:00,1.0.0
2019-07,2019,7,울산,charge_kwh_sum,22649.93,22649.93,0.0,1.0,0.0,0.5719,,kepco_hybrid_moe_load_v1,estimated,source_truncated_excel_cap,2026-08-11T07:19:12.117877+00:00,1.0.0
2019-07,2019,7,세종,charge_kwh_sum,48459.51,48459.51,0.0,1.0,0.0,2.8987,,kepco_hybrid_moe_load_v1,estimated,source_truncated_excel_cap,2026-08-11T07:19:12.117877+00:00,1.0.0
2019-07,2019,7,경기,charge_kwh_sum,246289.5,246289.5,0.0,1.0,0.0,1.1309,,kepco_hybrid_moe_load_v1,estimated,source_truncated_excel_cap,2026-08-11T07:19:12.117877+00:00,1.0.0
2019-07,2019,7,강원,charge_kwh_sum,143162.76,143162.76,0.0,1.0,0.0,1.1109,,kepco_hybrid_moe_load_v1,estimated,source_truncated_excel_cap,2026-08-11T07:19:12.117877+00:00,1.0.0
2019-07,2019,7,충북,charge_kwh_sum,102540.51,102540.51,0.0,1.0,0.0,0.688,,kepco_hybrid_moe_load_v1,estimated,source_truncated_excel_cap,2026-08-11T07:19:12.117877+00:00,1.0.0
2019-07,2019,7,충남,charge_kwh_sum,74165.15,74165.15,0.0,1.0,0.0,0.4585,,kepco_hybrid_moe_load_v1,estimated,source_truncated_excel_cap,2026-08-11T07:19:12.117877+00:00,1.0.0
2019-07,2019,7,전북,charge_kwh_sum,67533.52,67533.52,0.0,1.0,0.0,0.6028,,kepco_hybrid_moe_load_v1,estimated,source_truncated_excel_cap,2026-08-11T07:19:12.117877+00:00,1.0.0
2019-07,2019,7,전남,charge_kwh_sum,163949.94,163949.94,0.0,1.0,0.0,1.6269,,kepco_hybrid_moe_load_v1,estimated,source_truncated_excel_cap,2026-08-11T07:19:12.117877+00:00,1.0.0
2019-07,2019,7,경북,charge_kwh_sum,150349.7,150349.7,0.0,1.0,0.0,0.5455,,kepco_hybrid_moe_load_v1,estimated,source_truncated_excel_cap,2026-08-11T07:19:12.117877+00:00,1.0.0
2019-07,2019,7,경남,charge_kwh_sum,165028.07,165028.07,0.0,1.0,0.0,1.2273,,kepco_hybrid_moe_load_v1,estimated,source_truncated_excel_cap,2026-08-11T07:19:12.117877+00:00,1.0.0
2019-07,2019,7,제주,charge_kwh_sum,400839.54,400839.54,0.0,1.0,0.0,2.5602,,kepco_hybrid_moe_load_v1,estimated,source_truncated_excel_cap,2026-08-11T07:19:12.117877+00:00,1.0.0
2019-08,2019,8,서울,charge_kwh_sum,176704.09,176704.09,0.0,1.0,0.0,2.2049,,kepco_hybrid_moe_load_v1,estimated,source_truncated_excel_cap,2026-08-11T07:19:12.117877+00:00,1.0.0
2019-08,2019,8,부산,charge_kwh_sum,71246.06,71246.06,0.0,1.0,0.0,2.0446,,kepco_hybrid_moe_load_v1,estimated,source_truncated_excel_cap,2026-08-11T07:19:12.117877+00:00,1.0.0
2019-08,2019,8,대구,charge_kwh_sum,181351.57,181351.57,0.0,1.0,0.0,2.2181,,kepco_hybrid_moe_load_v1,estimated,source_truncated_excel_cap,2026-08-11T07:19:12.117877+00:00,1.0.0
2019-08,2019,8,인천,charge_kwh_sum,65692.14,65692.14,0.0,1.0,0.0,1.2018,,kepco_hybrid_moe_load_v1,estimated,source_truncated_excel_cap,2026-08-11T07:19:12.117877+00:00,1.0.0
2019-08,2019,8,광주,charge_kwh_sum,91618.24,91618.24,0.0,1.0,0.0,2.305,,kepco_hybrid_moe_load_v1,estimated,source_truncated_excel_cap,2026-08-11T07:19:12.117877+00:00,1.0.0
2019-08,2019,8,대전,charge_kwh_sum,104469.65,104469.65,0.0,1.0,0.0,1.7782,,kepco_hybrid_moe_load_v1,estimated,source_truncated_excel_cap,2026-08-11T07:19:12.117877+00:00,1.0.0
2019-08,2019,8,울산,charge_kwh_sum,29324.19,29324.19,0.0,1.0,0.0,0.5719,,kepco_hybrid_moe_load_v1,estimated,source_truncated_excel_cap,2026-08-11T07:19:12.117877+00:00,1.0.0
2019-08,2019,8,세종,charge_kwh_sum,51398.6,51398.6,0.0,1.0,0.0,2.8987,,kepco_hybrid_moe_load_v1,estimated,source_truncated_excel_cap,2026-08-11T07:19:12.117877+00:00,1.0.0
2019-08,2019,8,경기,charge_kwh_sum,285475.28,285475.28,0.0,1.0,0.0,1.1309,,kepco_hybrid_moe_load_v1,estimated,source_truncated_excel_cap,2026-08-11T07:19:12.117877+00:00,1.0.0
2019-08,2019,8,강원,charge_kwh_sum,180846.15,180846.15,0.0,1.0,0.0,1.1109,,kepco_hybrid_moe_load_v1,estimated,source_truncated_excel_cap,2026-08-11T07:19:12.117877+00:00,1.0.0
2019-08,2019,8,충북,charge_kwh_sum,122429.46,122429.46,0.0,1.0,0.0,0.688,,kepco_hybrid_moe_load_v1,estimated,source_truncated_excel_cap,2026-08-11T07:19:12.117877+00:00,1.0.0
2019-08,2019,8,충남,charge_kwh_sum,85976.29,85976.29,0.0,1.0,0.0,0.4585,,kepco_hybrid_moe_load_v1,estimated,source_truncated_excel_cap,2026-08-11T07:19:12.117877+00:00,1.0.0
2019-08,2019,8,전북,charge_kwh_sum,82789.89,82789.89,0.0,1.0,0.0,0.6028,,kepco_hybrid_moe_load_v1,estimated,source_truncated_excel_cap,2026-08-11T07:19:12.117877+00:00,1.0.0
2019-08,2019,8,전남,charge_kwh_sum,196569.39,196569.39,0.0,1.0,0.0,1.6269,,kepco_hybrid_moe_load_v1,estimated,source_truncated_excel_cap,2026-08-11T07:19:12.117877+00:00,1.0.0
2019-08,2019,8,경북,charge_kwh_sum,178727.01,178727.01,0.0,1.0,0.0,0.5455,,kepco_hybrid_moe_load_v1,estimated,source_truncated_excel_cap,2026-08-11T07:19:12.117877+00:00,1.0.0
2019-08,2019,8,경남,charge_kwh_sum,197726.34,197726.34,0.0,1.0,0.0,1.2273,,kepco_hybrid_moe_load_v1,estimated,source_truncated_excel_cap,2026-08-11T07:19:12.117877+00:00,1.0.0
2019-08,2019,8,제주,charge_kwh_sum,465274.11,465274.11,0.0,1.0,0.0,2.5602,,kepco_hybrid_moe_load_v1,estimated,source_truncated_excel_cap,2026-08-11T07:19:12.117877+00:00,1.0.0
2019-09,2019,9,서울,charge_kwh_sum,155427.98,155427.98,0.0,1.0,0.0,2.2049,,kepco_hybrid_moe_load_v1,estimated,source_truncated_excel_cap,2026-08-11T07:19:12.117877+00:00,1.0.0
2019-09,2019,9,부산,charge_kwh_sum,62150.13,62150.13,0.0,1.0,0.0,2.0446,,kepco_hybrid_moe_load_v1,estimated,source_truncated_excel_cap,2026-08-11T07:19:12.117877+00:00,1.0.0
2019-09,2019,9,대구,charge_kwh_sum,173645.44,173645.44,0.0,1.0,0.0,2.2181,,kepco_hybrid_moe_load_v1,estimated,source_truncated_excel_cap,2026-08-11T07:19:12.117877+00:00,1.0.0
2019-09,2019,9,인천,charge_kwh_sum,60605.06,60605.06,0.0,1.0,0.0,1.2018,,kepco_hybrid_moe_load_v1,estimated,source_truncated_excel_cap,2026-08-11T07:19:12.117877+00:00,1.0.0
2019-09,2019,9,광주,charge_kwh_sum,76475.96,76475.96,0.0,1.0,0.0,2.305,,kepco_hybrid_moe_load_v1,estimated,source_truncated_excel_cap,2026-08-11T07:19:12.117877+00:00,1.0.0
2019-09,2019,9,대전,charge_kwh_sum,100815.35,100815.35,0.0,1.0,0.0,1.7782,,kepco_hybrid_moe_load_v1,estimated,source_truncated_excel_cap,2026-08-11T07:19:12.117877+00:00,1.0.0
2019-09,2019,9,울산,charge_kwh_sum,30319.95,30319.95,0.0,1.0,0.0,0.5719,,kepco_hybrid_moe_load_v1,estimated,source_truncated_excel_cap,2026-08-11T07:19:12.117877+00:00,1.0.0
2019-09,2019,9,세종,charge_kwh_sum,47245.24,47245.24,0.0,1.0,0.0,2.8987,,kepco_hybrid_moe_load_v1,estimated,source_truncated_excel_cap,2026-08-11T07:19:12.117877+00:00,1.0.0
2019-09,2019,9,경기,charge_kwh_sum,264976.48,264976.48,0.0,1.0,0.0,1.1309,,kepco_hybrid_moe_load_v1,estimated,source_truncated_excel_cap,2026-08-11T07:19:12.117877+00:00,1.0.0
2019-09,2019,9,강원,charge_kwh_sum,141954.4,141954.4,0.0,1.0,0.0,1.1109,,kepco_hybrid_moe_load_v1,estimated,source_truncated_excel_cap,2026-08-11T07:19:12.117877+00:00,1.0.0
2019-09,2019,9,충북,charge_kwh_sum,107701.33,107701.33,0.0,1.0,0.0,0.688,,kepco_hybrid_moe_load_v1,estimated,source_truncated_excel_cap,2026-08-11T07:19:12.117877+00:00,1.0.0
2019-09,2019,9,충남,charge_kwh_sum,76199.04,76199.04,0.0,1.0,0.0,0.4585,,kepco_hybrid_moe_load_v1,estimated,source_truncated_excel_cap,2026-08-11T07:19:12.117877+00:00,1.0.0
2019-09,2019,9,전북,charge_kwh_sum,73485.84,73485.84,0.0,1.0,0.0,0.6028,,kepco_hybrid_moe_load_v1,estimated,source_truncated_excel_cap,2026-08-11T07:19:12.117877+00:00,1.0.0
2019-09,2019,9,전남,charge_kwh_sum,167053.42,167053.42,0.0,1.0,0.0,1.6269,,kepco_hybrid_moe_load_v1,estimated,source_truncated_excel_cap,2026-08-11T07:19:12.117877+00:00,1.0.0
2019-09,2019,9,경북,charge_kwh_sum,161215.64,161215.64,0.0,1.0,0.0,0.5455,,kepco_hybrid_moe_load_v1,estimated,source_truncated_excel_cap,2026-08-11T07:19:12.117877+00:00,1.0.0
2019-09,2019,9,경남,charge_kwh_sum,162342.58,162342.58,0.0,1.0,0.0,1.2273,,kepco_hybrid_moe_load_v1,estimated,source_truncated_excel_cap,2026-08-11T07:19:12.117877+00:00,1.0.0
2019-09,2019,9,제주,charge_kwh_sum,367655.64,367655.64,0.0,1.0,0.0,2.5602,,kepco_hybrid_moe_load_v1,estimated,source_truncated_excel_cap,2026-08-11T07:19:12.117877+00:00,1.0.0
2019-10,2019,10,서울,charge_kwh_sum,150699.48,150699.48,0.0,1.0,0.0,2.2049,,kepco_hybrid_moe_load_v1,estimated,source_truncated_excel_cap,2026-08-11T07:19:12.117877+00:00,1.0.0
2019-10,2019,10,부산,charge_kwh_sum,63514.6,63514.6,0.0,1.0,0.0,2.0446,,kepco_hybrid_moe_load_v1,estimated,source_truncated_excel_cap,2026-08-11T07:19:12.117877+00:00,1.0.0
2019-10,2019,10,대구,charge_kwh_sum,175887.61,175887.61,0.0,1.0,0.0,2.2181,,kepco_hybrid_moe_load_v1,estimated,source_truncated_excel_cap,2026-08-11T07:19:12.117877+00:00,1.0.0
2019-10,2019,10,인천,charge_kwh_sum,61537.08,61537.08,0.0,1.0,0.0,1.2018,,kepco_hybrid_moe_load_v1,estimated,source_truncated_excel_cap,2026-08-11T07:19:12.117877+00:00,1.0.0
2019-10,2019,10,광주,charge_kwh_sum,82187.21,82187.21,0.0,1.0,0.0,2.305,,kepco_hybrid_moe_load_v1,estimated,source_truncated_excel_cap,2026-08-11T07:19:12.117877+00:00,1.0.0
2019-10,2019,10,대전,charge_kwh_sum,105395.34,105395.34,0.0,1.0,0.0,1.7782,,kepco_hybrid_moe_load_v1,estimated,source_truncated_excel_cap,2026-08-11T07:19:12.117877+00:00,1.0.0
2019-10,2019,10,울산,charge_kwh_sum,29922.2,29922.2,0.0,1.0,0.0,0.5719,,kepco_hybrid_moe_load_v1,estimated,source_truncated_excel_cap,2026-08-11T07:19:12.117877+00:00,1.0.0
2019-10,2019,10,세종,charge_kwh_sum,41776.79,41776.79,0.0,1.0,0.0,2.8987,,kepco_hybrid_moe_load_v1,estimated,source_truncated_excel_cap,2026-08-11T07:19:12.117877+00:00,1.0.0
2019-10,2019,10,경기,charge_kwh_sum,291949.94,291949.94,0.0,1.0,0.0,1.1309,,kepco_hybrid_moe_load_v1,estimated,source_truncated_excel_cap,2026-08-11T07:19:12.117877+00:00,1.0.0
2019-10,2019,10,강원,charge_kwh_sum,154315.92,154315.92,0.0,1.0,0.0,1.1109,,kepco_hybrid_moe_load_v1,estimated,source_truncated_excel_cap,2026-08-11T07:19:12.117877+00:00,1.0.0
2019-10,2019,10,충북,charge_kwh_sum,115428.37,115428.37,0.0,1.0,0.0,0.688,,kepco_hybrid_moe_load_v1,estimated,source_truncated_excel_cap,2026-08-11T07:19:12.117877+00:00,1.0.0
2019-10,2019,10,충남,charge_kwh_sum,87846.28,87846.28,0.0,1.0,0.0,0.4585,,kepco_hybrid_moe_load_v1,estimated,source_truncated_excel_cap,2026-08-11T07:19:12.117877+00:00,1.0.0
2019-10,2019,10,전북,charge_kwh_sum,77777.82,77777.82,0.0,1.0,0.0,0.6028,,kepco_hybrid_moe_load_v1,estimated,source_truncated_excel_cap,2026-08-11T07:19:12.117877+00:00,1.0.0
2019-10,2019,10,전남,charge_kwh_sum,168303.38,168303.38,0.0,1.0,0.0,1.6269,,kepco_hybrid_moe_load_v1,estimated,source_truncated_excel_cap,2026-08-11T07:19:12.117877+00:00,1.0.0
2019-10,2019,10,경북,charge_kwh_sum,176109.57,176109.57,0.0,1.0,0.0,0.5455,,kepco_hybrid_moe_load_v1,estimated,source_truncated_excel_cap,2026-08-11T07:19:12.117877+00:00,1.0.0
2019-10,2019,10,경남,charge_kwh_sum,175732.25,175732.25,0.0,1.0,0.0,1.2273,,kepco_hybrid_moe_load_v1,estimated,source_truncated_excel_cap,2026-08-11T07:19:12.117877+00:00,1.0.0
2019-10,2019,10,제주,charge_kwh_sum,381180.43,381180.43,0.0,1.0,0.0,2.5602,,kepco_hybrid_moe_load_v1,estimated,source_truncated_excel_cap,2026-08-11T07:19:12.117877+00:00,1.0.0
2019-11,2019,11,서울,charge_kwh_sum,181742.62,181742.62,0.0,1.0,0.0,2.2049,,kepco_hybrid_moe_load_v1,estimated,source_truncated_excel_cap,2026-08-11T07:19:12.117877+00:00,1.0.0
2019-11,2019,11,부산,charge_kwh_sum,75118.95,75118.95,0.0,1.0,0.0,2.0446,,kepco_hybrid_moe_load_v1,estimated,source_truncated_excel_cap,2026-08-11T07:19:12.117877+00:00,1.0.0
2019-11,2019,11,대구,charge_kwh_sum,199010.12,199010.12,0.0,1.0,0.0,2.2181,,kepco_hybrid_moe_load_v1,estimated,source_truncated_excel_cap,2026-08-11T07:19:12.117877+00:00,1.0.0
2019-11,2019,11,인천,charge_kwh_sum,72650.38,72650.38,0.0,1.0,0.0,1.2018,,kepco_hybrid_moe_load_v1,estimated,source_truncated_excel_cap,2026-08-11T07:19:12.117877+00:00,1.0.0
2019-11,2019,11,광주,charge_kwh_sum,99050.73,99050.73,0.0,1.0,0.0,2.305,,kepco_hybrid_moe_load_v1,estimated,source_truncated_excel_cap,2026-08-11T07:19:12.117877+00:00,1.0.0
2019-11,2019,11,대전,charge_kwh_sum,111612.24,111612.24,0.0,1.0,0.0,1.7782,,kepco_hybrid_moe_load_v1,estimated,source_truncated_excel_cap,2026-08-11T07:19:12.117877+00:00,1.0.0
2019-11,2019,11,울산,charge_kwh_sum,35989.62,35989.62,0.0,1.0,0.0,0.5719,,kepco_hybrid_moe_load_v1,estimated,source_truncated_excel_cap,2026-08-11T07:19:12.117877+00:00,1.0.0
2019-11,2019,11,세종,charge_kwh_sum,44508.91,44508.91,0.0,1.0,0.0,2.8987,,kepco_hybrid_moe_load_v1,estimated,source_truncated_excel_cap,2026-08-11T07:19:12.117877+00:00,1.0.0
2019-11,2019,11,경기,charge_kwh_sum,315826.87,315826.87,0.0,1.0,0.0,1.1309,,kepco_hybrid_moe_load_v1,estimated,source_truncated_excel_cap,2026-08-11T07:19:12.117877+00:00,1.0.0
2019-11,2019,11,강원,charge_kwh_sum,159759.76,159759.76,0.0,1.0,0.0,1.1109,,kepco_hybrid_moe_load_v1,estimated,source_truncated_excel_cap,2026-08-11T07:19:12.117877+00:00,1.0.0
2019-11,2019,11,충북,charge_kwh_sum,130150.71,130150.71,0.0,1.0,0.0,0.688,,kepco_hybrid_moe_load_v1,estimated,source_truncated_excel_cap,2026-08-11T07:19:12.117877+00:00,1.0.0
2019-11,2019,11,충남,charge_kwh_sum,92360.66,92360.66,0.0,1.0,0.0,0.4585,,kepco_hybrid_moe_load_v1,estimated,source_truncated_excel_cap,2026-08-11T07:19:12.117877+00:00,1.0.0
2019-11,2019,11,전북,charge_kwh_sum,85610.84,85610.84,0.0,1.0,0.0,0.6028,,kepco_hybrid_moe_load_v1,estimated,source_truncated_excel_cap,2026-08-11T07:19:12.117877+00:00,1.0.0
2019-11,2019,11,전남,charge_kwh_sum,174885.27,174885.27,0.0,1.0,0.0,1.6269,,kepco_hybrid_moe_load_v1,estimated,source_truncated_excel_cap,2026-08-11T07:19:12.117877+00:00,1.0.0
2019-11,2019,11,경북,charge_kwh_sum,181015.52,181015.52,0.0,1.0,0.0,0.5455,,kepco_hybrid_moe_load_v1,estimated,source_truncated_excel_cap,2026-08-11T07:19:12.117877+00:00,1.0.0
2019-11,2019,11,경남,charge_kwh_sum,176571.25,176571.25,0.0,1.0,0.0,1.2273,,kepco_hybrid_moe_load_v1,estimated,source_truncated_excel_cap,2026-08-11T07:19:12.117877+00:00,1.0.0
2019-11,2019,11,제주,charge_kwh_sum,374352.98,374352.98,0.0,1.0,0.0,2.5602,,kepco_hybrid_moe_load_v1,estimated,source_truncated_excel_cap,2026-08-11T07:19:12.117877+00:00,1.0.0
2019-12,2019,12,서울,charge_kwh_sum,207150.1,207150.1,0.0,1.0,0.0,2.2049,,kepco_hybrid_moe_load_v1,estimated,source_truncated_excel_cap,2026-08-11T07:19:12.117877+00:00,1.0.0
2019-12,2019,12,부산,charge_kwh_sum,86342.54,86342.54,0.0,1.0,0.0,2.0446,,kepco_hybrid_moe_load_v1,estimated,source_truncated_excel_cap,2026-08-11T07:19:12.117877+00:00,1.0.0
2019-12,2019,12,대구,charge_kwh_sum,218631.78,218631.78,0.0,1.0,0.0,2.2181,,kepco_hybrid_moe_load_v1,estimated,source_truncated_excel_cap,2026-08-11T07:19:12.117877+00:00,1.0.0
2019-12,2019,12,인천,charge_kwh_sum,86164.77,86164.77,0.0,1.0,0.0,1.2018,,kepco_hybrid_moe_load_v1,estimated,source_truncated_excel_cap,2026-08-11T07:19:12.117877+00:00,1.0.0
2019-12,2019,12,광주,charge_kwh_sum,110187.63,110187.63,0.0,1.0,0.0,2.305,,kepco_hybrid_moe_load_v1,estimated,source_truncated_excel_cap,2026-08-11T07:19:12.117877+00:00,1.0.0
2019-12,2019,12,대전,charge_kwh_sum,129943.58,129943.58,0.0,1.0,0.0,1.7782,,kepco_hybrid_moe_load_v1,estimated,source_truncated_excel_cap,2026-08-11T07:19:12.117877+00:00,1.0.0
2019-12,2019,12,울산,charge_kwh_sum,38373.84,38373.84,0.0,1.0,0.0,0.5719,,kepco_hybrid_moe_load_v1,estimated,source_truncated_excel_cap,2026-08-11T07:19:12.117877+00:00,1.0.0
2019-12,2019,12,세종,charge_kwh_sum,49413.25,49413.25,0.0,1.0,0.0,2.8987,,kepco_hybrid_moe_load_v1,estimated,source_truncated_excel_cap,2026-08-11T07:19:12.117877+00:00,1.0.0
2019-12,2019,12,경기,charge_kwh_sum,331815.31,331815.31,0.0,1.0,0.0,1.1309,,kepco_hybrid_moe_load_v1,estimated,source_truncated_excel_cap,2026-08-11T07:19:12.117877+00:00,1.0.0
2019-12,2019,12,강원,charge_kwh_sum,169878.37,169878.37,0.0,1.0,0.0,1.1109,,kepco_hybrid_moe_load_v1,estimated,source_truncated_excel_cap,2026-08-11T07:19:12.117877+00:00,1.0.0
2019-12,2019,12,충북,charge_kwh_sum,133281.46,133281.46,0.0,1.0,0.0,0.688,,kepco_hybrid_moe_load_v1,estimated,source_truncated_excel_cap,2026-08-11T07:19:12.117877+00:00,1.0.0
2019-12,2019,12,충남,charge_kwh_sum,93331.05,93331.05,0.0,1.0,0.0,0.4585,,kepco_hybrid_moe_load_v1,estimated,source_truncated_excel_cap,2026-08-11T07:19:12.117877+00:00,1.0.0
2019-12,2019,12,전북,charge_kwh_sum,84833.44,84833.44,0.0,1.0,0.0,0.6028,,kepco_hybrid_moe_load_v1,estimated,source_truncated_excel_cap,2026-08-11T07:19:12.117877+00:00,1.0.0
2019-12,2019,12,전남,charge_kwh_sum,172560.68,172560.68,0.0,1.0,0.0,1.6269,,kepco_hybrid_moe_load_v1,estimated,source_truncated_excel_cap,2026-08-11T07:19:12.117877+00:00,1.0.0
2019-12,2019,12,경북,charge_kwh_sum,194219.94,194219.94,0.0,1.0,0.0,0.5455,,kepco_hybrid_moe_load_v1,estimated,source_truncated_excel_cap,2026-08-11T07:19:12.117877+00:00,1.0.0
2019-12,2019,12,경남,charge_kwh_sum,181308.16,181308.16,0.0,1.0,0.0,1.2273,,kepco_hybrid_moe_load_v1,estimated,source_truncated_excel_cap,2026-08-11T07:19:12.117877+00:00,1.0.0
2019-12,2019,12,제주,charge_kwh_sum,393932.06,393932.06,0.0,1.0,0.0,2.5602,,kepco_hybrid_moe_load_v1,estimated,source_truncated_excel_cap,2026-08-11T07:19:12.117877+00:00,1.0.0
2020-07,2020,7,서울,charge_kwh_sum,284009.95,284009.95,0.0,1.0,0.0,2.2049,1.0,kepco_hybrid_moe_load_v1,estimated,source_truncated_excel_cap,2026-08-11T07:19:12.117877+00:00,1.0.0
2020-07,2020,7,부산,charge_kwh_sum,101859.94,101859.94,0.0,1.0,0.0,2.0446,1.0,kepco_hybrid_moe_load_v1,estimated,source_truncated_excel_cap,2026-08-11T07:19:12.117877+00:00,1.0.0
2020-07,2020,7,대구,charge_kwh_sum,320721.7,320721.7,0.0,1.0,0.0,2.2181,1.0,kepco_hybrid_moe_load_v1,estimated,source_truncated_excel_cap,2026-08-11T07:19:12.117877+00:00,1.0.0
2020-07,2020,7,인천,charge_kwh_sum,108948.07,108948.07,0.0,1.0,0.0,1.2018,1.0,kepco_hybrid_moe_load_v1,estimated,source_truncated_excel_cap,2026-08-11T07:19:12.117877+00:00,1.0.0
2020-07,2020,7,광주,charge_kwh_sum,109346.71,109346.71,0.0,1.0,0.0,2.305,1.0,kepco_hybrid_moe_load_v1,estimated,source_truncated_excel_cap,2026-08-11T07:19:12.117877+00:00,1.0.0
2020-07,2020,7,대전,charge_kwh_sum,150092.81,150092.81,0.0,1.0,0.0,1.7782,1.0,kepco_hybrid_moe_load_v1,estimated,source_truncated_excel_cap,2026-08-11T07:19:12.117877+00:00,1.0.0
2020-07,2020,7,울산,charge_kwh_sum,34020.38,34020.38,0.0,1.0,0.0,0.5719,1.0,kepco_hybrid_moe_load_v1,estimated,source_truncated_excel_cap,2026-08-11T07:19:12.117877+00:00,1.0.0
2020-07,2020,7,세종,charge_kwh_sum,77474.78,77474.78,0.0,1.0,0.0,2.8987,1.0,kepco_hybrid_moe_load_v1,estimated,source_truncated_excel_cap,2026-08-11T07:19:12.117877+00:00,1.0.0
2020-07,2020,7,경기,charge_kwh_sum,423715.3,423715.3,0.0,1.0,0.0,1.1309,1.0,kepco_hybrid_moe_load_v1,estimated,source_truncated_excel_cap,2026-08-11T07:19:12.117877+00:00,1.0.0
2020-07,2020,7,강원,charge_kwh_sum,177830.23,177830.23,0.0,1.0,0.0,1.1109,1.0,kepco_hybrid_moe_load_v1,estimated,source_truncated_excel_cap,2026-08-11T07:19:12.117877+00:00,1.0.0
2020-07,2020,7,충북,charge_kwh_sum,133697.55,133697.55,0.0,1.0,0.0,0.688,1.0,kepco_hybrid_moe_load_v1,estimated,source_truncated_excel_cap,2026-08-11T07:19:12.117877+00:00,1.0.0
2020-07,2020,7,충남,charge_kwh_sum,101489.77,101489.77,0.0,1.0,0.0,0.4585,1.0,kepco_hybrid_moe_load_v1,estimated,source_truncated_excel_cap,2026-08-11T07:19:12.117877+00:00,1.0.0
2020-07,2020,7,전북,charge_kwh_sum,106175.45,106175.45,0.0,1.0,0.0,0.6028,1.0,kepco_hybrid_moe_load_v1,estimated,source_truncated_excel_cap,2026-08-11T07:19:12.117877+00:00,1.0.0
2020-07,2020,7,전남,charge_kwh_sum,217501.01,217501.01,0.0,1.0,0.0,1.6269,1.0,kepco_hybrid_moe_load_v1,estimated,source_truncated_excel_cap,2026-08-11T07:19:12.117877+00:00,1.0.0
2020-07,2020,7,경북,charge_kwh_sum,202169.07,202169.07,0.0,1.0,0.0,0.5455,1.0,kepco_hybrid_moe_load_v1,estimated,source_truncated_excel_cap,2026-08-11T07:19:12.117877+00:00,1.0.0
2020-07,2020,7,경남,charge_kwh_sum,225202.56,225202.56,0.0,1.0,0.0,1.2273,1.0,kepco_hybrid_moe_load_v1,estimated,source_truncated_excel_cap,2026-08-11T07:19:12.117877+00:00,1.0.0
2020-07,2020,7,제주,charge_kwh_sum,379664.28,379664.28,0.0,1.0,0.0,2.5602,1.0,kepco_hybrid_moe_load_v1,estimated,source_truncated_excel_cap,2026-08-11T07:19:12.117877+00:00,1.0.0
2020-08,2020,8,서울,charge_kwh_sum,350782.57,350782.57,0.0,1.0,0.0,2.2049,1.0,kepco_hybrid_moe_load_v1,estimated,source_truncated_excel_cap,2026-08-11T07:19:12.117877+00:00,1.0.0
2020-08,2020,8,부산,charge_kwh_sum,136944.23,136944.23,0.0,1.0,0.0,2.0446,1.0,kepco_hybrid_moe_load_v1,estimated,source_truncated_excel_cap,2026-08-11T07:19:12.117877+00:00,1.0.0
2020-08,2020,8,대구,charge_kwh_sum,394421.39,394421.39,0.0,1.0,0.0,2.2181,1.0,kepco_hybrid_moe_load_v1,estimated,source_truncated_excel_cap,2026-08-11T07:19:12.117877+00:00,1.0.0
2020-08,2020,8,인천,charge_kwh_sum,122502.39,122502.39,0.0,1.0,0.0,1.2018,1.0,kepco_hybrid_moe_load_v1,estimated,source_truncated_excel_cap,2026-08-11T07:19:12.117877+00:00,1.0.0
2020-08,2020,8,광주,charge_kwh_sum,185839.13,185839.13,0.0,1.0,0.0,2.305,1.0,kepco_hybrid_moe_load_v1,estimated,source_truncated_excel_cap,2026-08-11T07:19:12.117877+00:00,1.0.0
2020-08,2020,8,대전,charge_kwh_sum,182635.12,182635.12,0.0,1.0,0.0,1.7782,1.0,kepco_hybrid_moe_load_v1,estimated,source_truncated_excel_cap,2026-08-11T07:19:12.117877+00:00,1.0.0
2020-08,2020,8,울산,charge_kwh_sum,39321.38,39321.38,0.0,1.0,0.0,0.5719,1.0,kepco_hybrid_moe_load_v1,estimated,source_truncated_excel_cap,2026-08-11T07:19:12.117877+00:00,1.0.0
2020-08,2020,8,세종,charge_kwh_sum,95235.66,95235.66,0.0,1.0,0.0,2.8987,1.0,kepco_hybrid_moe_load_v1,estimated,source_truncated_excel_cap,2026-08-11T07:19:12.117877+00:00,1.0.0
2020-08,2020,8,경기,charge_kwh_sum,440730.47,440730.47,0.0,1.0,0.0,1.1309,1.0,kepco_hybrid_moe_load_v1,estimated,source_truncated_excel_cap,2026-08-11T07:19:12.117877+00:00,1.0.0
2020-08,2020,8,강원,charge_kwh_sum,191926.76,191926.76,0.0,1.0,0.0,1.1109,1.0,kepco_hybrid_moe_load_v1,estimated,source_truncated_excel_cap,2026-08-11T07:19:12.117877+00:00,1.0.0
2020-08,2020,8,충북,charge_kwh_sum,154881.22,154881.22,0.0,1.0,0.0,0.688,1.0,kepco_hybrid_moe_load_v1,estimated,source_truncated_excel_cap,2026-08-11T07:19:12.117877+00:00,1.0.0
2020-08,2020,8,충남,charge_kwh_sum,120995.15,120995.15,0.0,1.0,0.0,0.4585,1.0,kepco_hybrid_moe_load_v1,estimated,source_truncated_excel_cap,2026-08-11T07:19:12.117877+00:00,1.0.0
2020-08,2020,8,전북,charge_kwh_sum,125593.91,125593.91,0.0,1.0,0.0,0.6028,1.0,kepco_hybrid_moe_load_v1,estimated,source_truncated_excel_cap,2026-08-11T07:19:12.117877+00:00,1.0.0
2020-08,2020,8,전남,charge_kwh_sum,301184.14,301184.14,0.0,1.0,0.0,1.6269,1.0,kepco_hybrid_moe_load_v1,estimated,source_truncated_excel_cap,2026-08-11T07:19:12.117877+00:00,1.0.0
2020-08,2020,8,경북,charge_kwh_sum,249341.37,249341.37,0.0,1.0,0.0,0.5455,1.0,kepco_hybrid_moe_load_v1,estimated,source_truncated_excel_cap,2026-08-11T07:19:12.117877+00:00,1.0.0
2020-08,2020,8,경남,charge_kwh_sum,291134.97,291134.97,0.0,1.0,0.0,1.2273,1.0,kepco_hybrid_moe_load_v1,estimated,source_truncated_excel_cap,2026-08-11T07:19:12.117877+00:00,1.0.0
2020-08,2020,8,제주,charge_kwh_sum,487459.17,487459.17,0.0,1.0,0.0,2.5602,1.0,kepco_hybrid_moe_load_v1,estimated,source_truncated_excel_cap,2026-08-11T07:19:12.117877+00:00,1.0.0
2020-09,2020,9,서울,charge_kwh_sum,348704.33,348704.33,0.0,1.0,0.0,2.2049,1.0,kepco_hybrid_moe_load_v1,estimated,source_truncated_excel_cap,2026-08-11T07:19:12.117877+00:00,1.0.0
2020-09,2020,9,부산,charge_kwh_sum,102983.22,102983.22,0.0,1.0,0.0,2.0446,1.0,kepco_hybrid_moe_load_v1,estimated,source_truncated_excel_cap,2026-08-11T07:19:12.117877+00:00,1.0.0
2020-09,2020,9,대구,charge_kwh_sum,433456.54,433456.54,0.0,1.0,0.0,2.2181,1.0,kepco_hybrid_moe_load_v1,estimated,source_truncated_excel_cap,2026-08-11T07:19:12.117877+00:00,1.0.0
2020-09,2020,9,인천,charge_kwh_sum,126692.42,126692.42,0.0,1.0,0.0,1.2018,1.0,kepco_hybrid_moe_load_v1,estimated,source_truncated_excel_cap,2026-08-11T07:19:12.117877+00:00,1.0.0
2020-09,2020,9,광주,charge_kwh_sum,158135.04,158135.04,0.0,1.0,0.0,2.305,1.0,kepco_hybrid_moe_load_v1,estimated,source_truncated_excel_cap,2026-08-11T07:19:12.117877+00:00,1.0.0
2020-09,2020,9,대전,charge_kwh_sum,196327.62,196327.62,0.0,1.0,0.0,1.7782,1.0,kepco_hybrid_moe_load_v1,estimated,source_truncated_excel_cap,2026-08-11T07:19:12.117877+00:00,1.0.0
2020-09,2020,9,울산,charge_kwh_sum,36262.53,36262.53,0.0,1.0,0.0,0.5719,1.0,kepco_hybrid_moe_load_v1,estimated,source_truncated_excel_cap,2026-08-11T07:19:12.117877+00:00,1.0.0
2020-09,2020,9,세종,charge_kwh_sum,86538.75,86538.75,0.0,1.0,0.0,2.8987,1.0,kepco_hybrid_moe_load_v1,estimated,source_truncated_excel_cap,2026-08-11T07:19:12.117877+00:00,1.0.0
2020-09,2020,9,경기,charge_kwh_sum,437450.06,437450.06,0.0,1.0,0.0,1.1309,1.0,kepco_hybrid_moe_load_v1,estimated,source_truncated_excel_cap,2026-08-11T07:19:12.117877+00:00,1.0.0
2020-09,2020,9,강원,charge_kwh_sum,165680.43,165680.43,0.0,1.0,0.0,1.1109,1.0,kepco_hybrid_moe_load_v1,estimated,source_truncated_excel_cap,2026-08-11T07:19:12.117877+00:00,1.0.0
2020-09,2020,9,충북,charge_kwh_sum,138456.34,138456.34,0.0,1.0,0.0,0.688,1.0,kepco_hybrid_moe_load_v1,estimated,source_truncated_excel_cap,2026-08-11T07:19:12.117877+00:00,1.0.0
2020-09,2020,9,충남,charge_kwh_sum,120916.62,120916.62,0.0,1.0,0.0,0.4585,1.0,kepco_hybrid_moe_load_v1,estimated,source_truncated_excel_cap,2026-08-11T07:19:12.117877+00:00,1.0.0
2020-09,2020,9,전북,charge_kwh_sum,98716.46,98716.46,0.0,1.0,0.0,0.6028,1.0,kepco_hybrid_moe_load_v1,estimated,source_truncated_excel_cap,2026-08-11T07:19:12.117877+00:00,1.0.0
2020-09,2020,9,전남,charge_kwh_sum,234160.11,234160.11,0.0,1.0,0.0,1.6269,1.0,kepco_hybrid_moe_load_v1,estimated,source_truncated_excel_cap,2026-08-11T07:19:12.117877+00:00,1.0.0
2020-09,2020,9,경북,charge_kwh_sum,213766.73,213766.73,0.0,1.0,0.0,0.5455,1.0,kepco_hybrid_moe_load_v1,estimated,source_truncated_excel_cap,2026-08-11T07:19:12.117877+00:00,1.0.0
2020-09,2020,9,경남,charge_kwh_sum,258516.1,258516.1,0.0,1.0,0.0,1.2273,1.0,kepco_hybrid_moe_load_v1,estimated,source_truncated_excel_cap,2026-08-11T07:19:12.117877+00:00,1.0.0
2020-09,2020,9,제주,charge_kwh_sum,364419.4,364419.4,0.0,1.0,0.0,2.5602,1.0,kepco_hybrid_moe_load_v1,estimated,source_truncated_excel_cap,2026-08-11T07:19:12.117877+00:00,1.0.0
2020-10,2020,10,서울,charge_kwh_sum,462533.41,462533.41,0.0,1.0,0.0,2.2049,1.0,kepco_hybrid_moe_load_v1,estimated,source_truncated_excel_cap,2026-08-11T07:19:12.117877+00:00,1.0.0
2020-10,2020,10,부산,charge_kwh_sum,129469.64,129469.64,0.0,1.0,0.0,2.0446,1.0,kepco_hybrid_moe_load_v1,estimated,source_truncated_excel_cap,2026-08-11T07:19:12.117877+00:00,1.0.0
2020-10,2020,10,대구,charge_kwh_sum,500902.37,500902.37,0.0,1.0,0.0,2.2181,1.0,kepco_hybrid_moe_load_v1,estimated,source_truncated_excel_cap,2026-08-11T07:19:12.117877+00:00,1.0.0
2020-10,2020,10,인천,charge_kwh_sum,162881.9,162881.9,0.0,1.0,0.0,1.2018,1.0,kepco_hybrid_moe_load_v1,estimated,source_truncated_excel_cap,2026-08-11T07:19:12.117877+00:00,1.0.0
2020-10,2020,10,광주,charge_kwh_sum,179640.71,179640.71,0.0,1.0,0.0,2.305,1.0,kepco_hybrid_moe_load_v1,estimated,source_truncated_excel_cap,2026-08-11T07:19:12.117877+00:00,1.0.0
2020-10,2020,10,대전,charge_kwh_sum,263297.3,263297.3,0.0,1.0,0.0,1.7782,1.0,kepco_hybrid_moe_load_v1,estimated,source_truncated_excel_cap,2026-08-11T07:19:12.117877+00:00,1.0.0
2020-10,2020,10,울산,charge_kwh_sum,37821.42,37821.42,0.0,1.0,0.0,0.5719,1.0,kepco_hybrid_moe_load_v1,estimated,source_truncated_excel_cap,2026-08-11T07:19:12.117877+00:00,1.0.0
2020-10,2020,10,세종,charge_kwh_sum,103331.42,103331.42,0.0,1.0,0.0,2.8987,1.0,kepco_hybrid_moe_load_v1,estimated,source_truncated_excel_cap,2026-08-11T07:19:12.117877+00:00,1.0.0
2020-10,2020,10,경기,charge_kwh_sum,572445.97,572445.97,0.0,1.0,0.0,1.1309,1.0,kepco_hybrid_moe_load_v1,estimated,source_truncated_excel_cap,2026-08-11T07:19:12.117877+00:00,1.0.0
2020-10,2020,10,강원,charge_kwh_sum,245328.68,245328.68,0.0,1.0,0.0,1.1109,1.0,kepco_hybrid_moe_load_v1,estimated,source_truncated_excel_cap,2026-08-11T07:19:12.117877+00:00,1.0.0
2020-10,2020,10,충북,charge_kwh_sum,180407.27,180407.27,0.0,1.0,0.0,0.688,1.0,kepco_hybrid_moe_load_v1,estimated,source_truncated_excel_cap,2026-08-11T07:19:12.117877+00:00,1.0.0
2020-10,2020,10,충남,charge_kwh_sum,155539.09,155539.09,0.0,1.0,0.0,0.4585,1.0,kepco_hybrid_moe_load_v1,estimated,source_truncated_excel_cap,2026-08-11T07:19:12.117877+00:00,1.0.0
2020-10,2020,10,전북,charge_kwh_sum,126453.52,126453.52,0.0,1.0,0.0,0.6028,1.0,kepco_hybrid_moe_load_v1,estimated,source_truncated_excel_cap,2026-08-11T07:19:12.117877+00:00,1.0.0
2020-10,2020,10,전남,charge_kwh_sum,313085.46,313085.46,0.0,1.0,0.0,1.6269,1.0,kepco_hybrid_moe_load_v1,estimated,source_truncated_excel_cap,2026-08-11T07:19:12.117877+00:00,1.0.0
2020-10,2020,10,경북,charge_kwh_sum,288729.69,288729.69,0.0,1.0,0.0,0.5455,1.0,kepco_hybrid_moe_load_v1,estimated,source_truncated_excel_cap,2026-08-11T07:19:12.117877+00:00,1.0.0
2020-10,2020,10,경남,charge_kwh_sum,338911.29,338911.29,0.0,1.0,0.0,1.2273,1.0,kepco_hybrid_moe_load_v1,estimated,source_truncated_excel_cap,2026-08-11T07:19:12.117877+00:00,1.0.0
2020-10,2020,10,제주,charge_kwh_sum,448173.78,448173.78,0.0,1.0,0.0,2.5602,1.0,kepco_hybrid_moe_load_v1,estimated,source_truncated_excel_cap,2026-08-11T07:19:12.117877+00:00,1.0.0
2020-11,2020,11,서울,charge_kwh_sum,483197.24,483197.24,0.0,1.0,0.0,2.2049,1.0,kepco_hybrid_moe_load_v1,estimated,source_truncated_excel_cap,2026-08-11T07:19:12.117877+00:00,1.0.0
2020-11,2020,11,부산,charge_kwh_sum,137404.23,137404.23,0.0,1.0,0.0,2.0446,1.0,kepco_hybrid_moe_load_v1,estimated,source_truncated_excel_cap,2026-08-11T07:19:12.117877+00:00,1.0.0
2020-11,2020,11,대구,charge_kwh_sum,474648.38,474648.38,0.0,1.0,0.0,2.2181,1.0,kepco_hybrid_moe_load_v1,estimated,source_truncated_excel_cap,2026-08-11T07:19:12.117877+00:00,1.0.0
2020-11,2020,11,인천,charge_kwh_sum,167193.73,167193.73,0.0,1.0,0.0,1.2018,1.0,kepco_hybrid_moe_load_v1,estimated,source_truncated_excel_cap,2026-08-11T07:19:12.117877+00:00,1.0.0
2020-11,2020,11,광주,charge_kwh_sum,181740.72,181740.72,0.0,1.0,0.0,2.305,1.0,kepco_hybrid_moe_load_v1,estimated,source_truncated_excel_cap,2026-08-11T07:19:12.117877+00:00,1.0.0
2020-11,2020,11,대전,charge_kwh_sum,274177.45,274177.45,0.0,1.0,0.0,1.7782,1.0,kepco_hybrid_moe_load_v1,estimated,source_truncated_excel_cap,2026-08-11T07:19:12.117877+00:00,1.0.0
2020-11,2020,11,울산,charge_kwh_sum,34258.54,34258.54,0.0,1.0,0.0,0.5719,1.0,kepco_hybrid_moe_load_v1,estimated,source_truncated_excel_cap,2026-08-11T07:19:12.117877+00:00,1.0.0
2020-11,2020,11,세종,charge_kwh_sum,121644.98,121644.98,0.0,1.0,0.0,2.8987,1.0,kepco_hybrid_moe_load_v1,estimated,source_truncated_excel_cap,2026-08-11T07:19:12.117877+00:00,1.0.0
2020-11,2020,11,경기,charge_kwh_sum,594530.69,594530.69,0.0,1.0,0.0,1.1309,1.0,kepco_hybrid_moe_load_v1,estimated,source_truncated_excel_cap,2026-08-11T07:19:12.117877+00:00,1.0.0
2020-11,2020,11,강원,charge_kwh_sum,246059.62,246059.62,0.0,1.0,0.0,1.1109,1.0,kepco_hybrid_moe_load_v1,estimated,source_truncated_excel_cap,2026-08-11T07:19:12.117877+00:00,1.0.0
2020-11,2020,11,충북,charge_kwh_sum,194401.52,194401.52,0.0,1.0,0.0,0.688,1.0,kepco_hybrid_moe_load_v1,estimated,source_truncated_excel_cap,2026-08-11T07:19:12.117877+00:00,1.0.0
2020-11,2020,11,충남,charge_kwh_sum,154662.53,154662.53,0.0,1.0,0.0,0.4585,1.0,kepco_hybrid_moe_load_v1,estimated,source_truncated_excel_cap,2026-08-11T07:19:12.117877+00:00,1.0.0
2020-11,2020,11,전북,charge_kwh_sum,130039.3,130039.3,0.0,1.0,0.0,0.6028,1.0,kepco_hybrid_moe_load_v1,estimated,source_truncated_excel_cap,2026-08-11T07:19:12.117877+00:00,1.0.0
2020-11,2020,11,전남,charge_kwh_sum,299862.4,299862.4,0.0,1.0,0.0,1.6269,1.0,kepco_hybrid_moe_load_v1,estimated,source_truncated_excel_cap,2026-08-11T07:19:12.117877+00:00,1.0.0
2020-11,2020,11,경북,charge_kwh_sum,295462.63,295462.63,0.0,1.0,0.0,0.5455,1.0,kepco_hybrid_moe_load_v1,estimated,source_truncated_excel_cap,2026-08-11T07:19:12.117877+00:00,1.0.0
2020-11,2020,11,경남,charge_kwh_sum,350429.81,350429.81,0.0,1.0,0.0,1.2273,1.0,kepco_hybrid_moe_load_v1,estimated,source_truncated_excel_cap,2026-08-11T07:19:12.117877+00:00,1.0.0
2020-11,2020,11,제주,charge_kwh_sum,468701.75,468701.75,0.0,1.0,0.0,2.5602,1.0,kepco_hybrid_moe_load_v1,estimated,source_truncated_excel_cap,2026-08-11T07:19:12.117877+00:00,1.0.0
2020-12,2020,12,서울,charge_kwh_sum,471728.07,471728.07,0.0,1.0,0.0,2.2049,1.0,kepco_hybrid_moe_load_v1,estimated,source_truncated_excel_cap,2026-08-11T07:19:12.117877+00:00,1.0.0
2020-12,2020,12,부산,charge_kwh_sum,186985.43,186985.43,0.0,1.0,0.0,2.0446,1.0,kepco_hybrid_moe_load_v1,estimated,source_truncated_excel_cap,2026-08-11T07:19:12.117877+00:00,1.0.0
2020-12,2020,12,대구,charge_kwh_sum,476282.69,476282.69,0.0,1.0,0.0,2.2181,1.0,kepco_hybrid_moe_load_v1,estimated,source_truncated_excel_cap,2026-08-11T07:19:12.117877+00:00,1.0.0
2020-12,2020,12,인천,charge_kwh_sum,152597.81,152597.81,0.0,1.0,0.0,1.2018,1.0,kepco_hybrid_moe_load_v1,estimated,source_truncated_excel_cap,2026-08-11T07:19:12.117877+00:00,1.0.0
2020-12,2020,12,광주,charge_kwh_sum,189993.5,189993.5,0.0,1.0,0.0,2.305,1.0,kepco_hybrid_moe_load_v1,estimated,source_truncated_excel_cap,2026-08-11T07:19:12.117877+00:00,1.0.0
2020-12,2020,12,대전,charge_kwh_sum,276398.51,276398.51,0.0,1.0,0.0,1.7782,1.0,kepco_hybrid_moe_load_v1,estimated,source_truncated_excel_cap,2026-08-11T07:19:12.117877+00:00,1.0.0
2020-12,2020,12,울산,charge_kwh_sum,41296.4,41296.4,0.0,1.0,0.0,0.5719,1.0,kepco_hybrid_moe_load_v1,estimated,source_truncated_excel_cap,2026-08-11T07:19:12.117877+00:00,1.0.0
2020-12,2020,12,세종,charge_kwh_sum,168634.59,168634.59,0.0,1.0,0.0,2.8987,1.0,kepco_hybrid_moe_load_v1,estimated,source_truncated_excel_cap,2026-08-11T07:19:12.117877+00:00,1.0.0
2020-12,2020,12,경기,charge_kwh_sum,603493.48,603493.48,0.0,1.0,0.0,1.1309,1.0,kepco_hybrid_moe_load_v1,estimated,source_truncated_excel_cap,2026-08-11T07:19:12.117877+00:00,1.0.0
2020-12,2020,12,강원,charge_kwh_sum,297640.0,297640.0,0.0,1.0,0.0,1.1109,1.0,kepco_hybrid_moe_load_v1,estimated,source_truncated_excel_cap,2026-08-11T07:19:12.117877+00:00,1.0.0
2020-12,2020,12,충북,charge_kwh_sum,205396.17,205396.17,0.0,1.0,0.0,0.688,1.0,kepco_hybrid_moe_load_v1,estimated,source_truncated_excel_cap,2026-08-11T07:19:12.117877+00:00,1.0.0
2020-12,2020,12,충남,charge_kwh_sum,153042.67,153042.67,0.0,1.0,0.0,0.4585,1.0,kepco_hybrid_moe_load_v1,estimated,source_truncated_excel_cap,2026-08-11T07:19:12.117877+00:00,1.0.0
2020-12,2020,12,전북,charge_kwh_sum,121705.12,121705.12,0.0,1.0,0.0,0.6028,1.0,kepco_hybrid_moe_load_v1,estimated,source_truncated_excel_cap,2026-08-11T07:19:12.117877+00:00,1.0.0
2020-12,2020,12,전남,charge_kwh_sum,342223.63,342223.63,0.0,1.0,0.0,1.6269,1.0,kepco_hybrid_moe_load_v1,estimated,source_truncated_excel_cap,2026-08-11T07:19:12.117877+00:00,1.0.0
2020-12,2020,12,경북,charge_kwh_sum,326086.99,326086.99,0.0,1.0,0.0,0.5455,1.0,kepco_hybrid_moe_load_v1,estimated,source_truncated_excel_cap,2026-08-11T07:19:12.117877+00:00,1.0.0
2020-12,2020,12,경남,charge_kwh_sum,434982.36,434982.36,0.0,1.0,0.0,1.2273,1.0,kepco_hybrid_moe_load_v1,estimated,source_truncated_excel_cap,2026-08-11T07:19:12.117877+00:00,1.0.0
2020-12,2020,12,제주,charge_kwh_sum,412271.53,412271.53,0.0,1.0,0.0,2.5602,1.0,kepco_hybrid_moe_load_v1,estimated,source_truncated_excel_cap,2026-08-11T07:19:12.117877+00:00,1.0.0
2021-01,2021,1,서울,charge_kwh_sum,441623.02,441623.02,452404.17,1.0,0.0,2.2049,1.145,kepco_hybrid_moe_load_v1,estimated,source_truncated_excel_cap,2026-08-11T07:19:12.117877+00:00,1.0.0
2021-01,2021,1,부산,charge_kwh_sum,195367.35,195367.35,141157.12,1.0,0.0,2.0446,1.145,kepco_hybrid_moe_load_v1,estimated,source_truncated_excel_cap,2026-08-11T07:19:12.117877+00:00,1.0.0
2021-01,2021,1,대구,charge_kwh_sum,463773.53,463773.53,152554.9,1.0,0.0,2.2181,1.145,kepco_hybrid_moe_load_v1,estimated,source_truncated_excel_cap,2026-08-11T07:19:12.117877+00:00,1.0.0
2021-01,2021,1,인천,charge_kwh_sum,149101.37,149101.37,130636.09,1.0,0.0,1.2018,1.145,kepco_hybrid_moe_load_v1,estimated,source_truncated_excel_cap,2026-08-11T07:19:12.117877+00:00,1.0.0
2021-01,2021,1,광주,charge_kwh_sum,168981.71,168981.71,85044.97,1.0,0.0,2.305,1.145,kepco_hybrid_moe_load_v1,estimated,source_truncated_excel_cap,2026-08-11T07:19:12.117877+00:00,1.0.0
2021-01,2021,1,대전,charge_kwh_sum,248225.54,248225.54,99949.76,1.0,0.0,1.7782,1.145,kepco_hybrid_moe_load_v1,estimated,source_truncated_excel_cap,2026-08-11T07:19:12.117877+00:00,1.0.0
2021-01,2021,1,울산,charge_kwh_sum,41530.04,41530.04,39453.85,1.0,0.0,0.5719,1.145,kepco_hybrid_moe_load_v1,estimated,source_truncated_excel_cap,2026-08-11T07:19:12.117877+00:00,1.0.0
2021-01,2021,1,세종,charge_kwh_sum,167531.56,167531.56,58742.4,1.0,0.0,2.8987,1.145,kepco_hybrid_moe_load_v1,estimated,source_truncated_excel_cap,2026-08-11T07:19:12.117877+00:00,1.0.0
2021-01,2021,1,경기,charge_kwh_sum,562236.89,562236.89,595314.79,1.0,0.0,1.1309,1.145,kepco_hybrid_moe_load_v1,estimated,source_truncated_excel_cap,2026-08-11T07:19:12.117877+00:00,1.0.0
2021-01,2021,1,강원,charge_kwh_sum,270126.98,270126.98,167459.68,1.0,0.0,1.1109,1.145,kepco_hybrid_moe_load_v1,estimated,source_truncated_excel_cap,2026-08-11T07:19:12.117877+00:00,1.0.0
2021-01,2021,1,충북,charge_kwh_sum,190709.0,190709.0,156061.9,1.0,0.0,0.688,1.145,kepco_hybrid_moe_load_v1,estimated,source_truncated_excel_cap,2026-08-11T07:19:12.117877+00:00,1.0.0
2021-01,2021,1,충남,charge_kwh_sum,155325.07,155325.07,184117.98,1.0,0.0,0.4585,1.145,kepco_hybrid_moe_load_v1,estimated,source_truncated_excel_cap,2026-08-11T07:19:12.117877+00:00,1.0.0
2021-01,2021,1,전북,charge_kwh_sum,111623.92,111623.92,162199.17,1.0,0.0,0.6028,1.145,kepco_hybrid_moe_load_v1,estimated,source_truncated_excel_cap,2026-08-11T07:19:12.117877+00:00,1.0.0
2021-01,2021,1,전남,charge_kwh_sum,324228.41,324228.41,172720.2,1.0,0.0,1.6269,1.145,kepco_hybrid_moe_load_v1,estimated,source_truncated_excel_cap,2026-08-11T07:19:12.117877+00:00,1.0.0
2021-01,2021,1,경북,charge_kwh_sum,309366.59,309366.59,288451.5,1.0,0.0,0.5455,1.145,kepco_hybrid_moe_load_v1,estimated,source_truncated_excel_cap,2026-08-11T07:19:12.117877+00:00,1.0.0
2021-01,2021,1,경남,charge_kwh_sum,456252.74,456252.74,270039.7,1.0,0.0,1.2273,1.145,kepco_hybrid_moe_load_v1,estimated,source_truncated_excel_cap,2026-08-11T07:19:12.117877+00:00,1.0.0
2021-01,2021,1,제주,charge_kwh_sum,390509.1,390509.1,163952.67,1.0,0.0,2.5602,1.145,kepco_hybrid_moe_load_v1,estimated,source_truncated_excel_cap,2026-08-11T07:19:12.117877+00:00,1.0.0
2021-02,2021,2,서울,charge_kwh_sum,378026.42,378026.42,401334.02,1.0,0.0,2.2049,1.2043,kepco_hybrid_moe_load_v1,estimated,source_truncated_excel_cap,2026-08-11T07:19:12.117877+00:00,1.0.0
2021-02,2021,2,부산,charge_kwh_sum,170731.03,170731.03,125222.44,1.0,0.0,2.0446,1.2043,kepco_hybrid_moe_load_v1,estimated,source_truncated_excel_cap,2026-08-11T07:19:12.117877+00:00,1.0.0
2021-02,2021,2,대구,charge_kwh_sum,409430.68,409430.68,135333.56,1.0,0.0,2.2181,1.2043,kepco_hybrid_moe_load_v1,estimated,source_truncated_excel_cap,2026-08-11T07:19:12.117877+00:00,1.0.0
2021-02,2021,2,인천,charge_kwh_sum,125623.75,125623.75,115889.09,1.0,0.0,1.2018,1.2043,kepco_hybrid_moe_load_v1,estimated,source_truncated_excel_cap,2026-08-11T07:19:12.117877+00:00,1.0.0
2021-02,2021,2,광주,charge_kwh_sum,165790.77,165790.77,75444.57,1.0,0.0,2.305,1.2043,kepco_hybrid_moe_load_v1,estimated,source_truncated_excel_cap,2026-08-11T07:19:12.117877+00:00,1.0.0
2021-02,2021,2,대전,charge_kwh_sum,203467.99,203467.99,88666.82,1.0,0.0,1.7782,1.2043,kepco_hybrid_moe_load_v1,estimated,source_truncated_excel_cap,2026-08-11T07:19:12.117877+00:00,1.0.0
2021-02,2021,2,울산,charge_kwh_sum,38488.97,38488.97,35000.06,1.0,0.0,0.5719,1.2043,kepco_hybrid_moe_load_v1,estimated,source_truncated_excel_cap,2026-08-11T07:19:12.117877+00:00,1.0.0
2021-02,2021,2,세종,charge_kwh_sum,159957.3,159957.3,52111.2,1.0,0.0,2.8987,1.2043,kepco_hybrid_moe_load_v1,estimated,source_truncated_excel_cap,2026-08-11T07:19:12.117877+00:00,1.0.0
2021-02,2021,2,경기,charge_kwh_sum,493328.82,493328.82,528112.01,1.0,0.0,1.1309,1.2043,kepco_hybrid_moe_load_v1,estimated,source_truncated_excel_cap,2026-08-11T07:19:12.117877+00:00,1.0.0
2021-02,2021,2,강원,charge_kwh_sum,261035.87,261035.87,148555.81,1.0,0.0,1.1109,1.2043,kepco_hybrid_moe_load_v1,estimated,source_truncated_excel_cap,2026-08-11T07:19:12.117877+00:00,1.0.0
2021-02,2021,2,충북,charge_kwh_sum,191314.31,191314.31,138444.68,1.0,0.0,0.688,1.2043,kepco_hybrid_moe_load_v1,estimated,source_truncated_excel_cap,2026-08-11T07:19:12.117877+00:00,1.0.0
2021-02,2021,2,충남,charge_kwh_sum,155614.36,155614.36,163333.61,1.0,0.0,0.4585,1.2043,kepco_hybrid_moe_load_v1,estimated,source_truncated_excel_cap,2026-08-11T07:19:12.117877+00:00,1.0.0
2021-02,2021,2,전북,charge_kwh_sum,115939.4,115939.4,143889.14,1.0,0.0,0.6028,1.2043,kepco_hybrid_moe_load_v1,estimated,source_truncated_excel_cap,2026-08-11T07:19:12.117877+00:00,1.0.0
2021-02,2021,2,전남,charge_kwh_sum,332231.02,332231.02,153222.48,1.0,0.0,1.6269,1.2043,kepco_hybrid_moe_load_v1,estimated,source_truncated_excel_cap,2026-08-11T07:19:12.117877+00:00,1.0.0
2021-02,2021,2,경북,charge_kwh_sum,291235.83,291235.83,255889.33,1.0,0.0,0.5455,1.2043,kepco_hybrid_moe_load_v1,estimated,source_truncated_excel_cap,2026-08-11T07:19:12.117877+00:00,1.0.0
2021-02,2021,2,경남,charge_kwh_sum,445756.19,445756.19,239555.97,1.0,0.0,1.2273,1.2043,kepco_hybrid_moe_load_v1,estimated,source_truncated_excel_cap,2026-08-11T07:19:12.117877+00:00,1.0.0
2021-02,2021,2,제주,charge_kwh_sum,413623.81,413623.81,145444.69,1.0,0.0,2.5602,1.2043,kepco_hybrid_moe_load_v1,estimated,source_truncated_excel_cap,2026-08-11T07:19:12.117877+00:00,1.0.0
2021-03,2021,3,서울,charge_kwh_sum,393249.52,393249.52,422127.8,1.0,0.0,2.2049,1.3569,kepco_hybrid_moe_load_v1,estimated,source_truncated_excel_cap,2026-08-11T07:19:12.117877+00:00,1.0.0
2021-03,2021,3,부산,charge_kwh_sum,207651.46,207651.46,131710.42,1.0,0.0,2.0446,1.3569,kepco_hybrid_moe_load_v1,estimated,source_truncated_excel_cap,2026-08-11T07:19:12.117877+00:00,1.0.0
2021-03,2021,3,대구,charge_kwh_sum,441132.22,441132.22,142345.42,1.0,0.0,2.2181,1.3569,kepco_hybrid_moe_load_v1,estimated,source_truncated_excel_cap,2026-08-11T07:19:12.117877+00:00,1.0.0
2021-03,2021,3,인천,charge_kwh_sum,154936.39,154936.39,121893.49,1.0,0.0,1.2018,1.3569,kepco_hybrid_moe_load_v1,estimated,source_truncated_excel_cap,2026-08-11T07:19:12.117877+00:00,1.0.0
2021-03,2021,3,광주,charge_kwh_sum,202881.38,202881.38,79353.48,1.0,0.0,2.305,1.3569,kepco_hybrid_moe_load_v1,estimated,source_truncated_excel_cap,2026-08-11T07:19:12.117877+00:00,1.0.0
2021-03,2021,3,대전,charge_kwh_sum,225212.27,225212.27,93260.79,1.0,0.0,1.7782,1.3569,kepco_hybrid_moe_load_v1,estimated,source_truncated_excel_cap,2026-08-11T07:19:12.117877+00:00,1.0.0
2021-03,2021,3,울산,charge_kwh_sum,47017.44,47017.44,36813.47,1.0,0.0,0.5719,1.3569,kepco_hybrid_moe_load_v1,estimated,source_truncated_excel_cap,2026-08-11T07:19:12.117877+00:00,1.0.0
2021-03,2021,3,세종,charge_kwh_sum,177423.65,177423.65,54811.17,1.0,0.0,2.8987,1.3569,kepco_hybrid_moe_load_v1,estimated,source_truncated_excel_cap,2026-08-11T07:19:12.117877+00:00,1.0.0
2021-03,2021,3,경기,charge_kwh_sum,582640.75,582640.75,555474.37,1.0,0.0,1.1309,1.3569,kepco_hybrid_moe_load_v1,estimated,source_truncated_excel_cap,2026-08-11T07:19:12.117877+00:00,1.0.0
2021-03,2021,3,강원,charge_kwh_sum,271402.13,271402.13,156252.73,1.0,0.0,1.1109,1.3569,kepco_hybrid_moe_load_v1,estimated,source_truncated_excel_cap,2026-08-11T07:19:12.117877+00:00,1.0.0
2021-03,2021,3,충북,charge_kwh_sum,231677.51,231677.51,145617.73,1.0,0.0,0.688,1.3569,kepco_hybrid_moe_load_v1,estimated,source_truncated_excel_cap,2026-08-11T07:19:12.117877+00:00,1.0.0
2021-03,2021,3,충남,charge_kwh_sum,176830.71,176830.71,171796.2,1.0,0.0,0.4585,1.3569,kepco_hybrid_moe_load_v1,estimated,source_truncated_excel_cap,2026-08-11T07:19:12.117877+00:00,1.0.0
2021-03,2021,3,전북,charge_kwh_sum,133972.6,133972.6,151344.27,1.0,0.0,0.6028,1.3569,kepco_hybrid_moe_load_v1,estimated,source_truncated_excel_cap,2026-08-11T07:19:12.117877+00:00,1.0.0
2021-03,2021,3,전남,charge_kwh_sum,385196.95,385196.95,161161.19,1.0,0.0,1.6269,1.3569,kepco_hybrid_moe_load_v1,estimated,source_truncated_excel_cap,2026-08-11T07:19:12.117877+00:00,1.0.0
2021-03,2021,3,경북,charge_kwh_sum,329125.36,329125.36,269147.38,1.0,0.0,0.5455,1.3569,kepco_hybrid_moe_load_v1,estimated,source_truncated_excel_cap,2026-08-11T07:19:12.117877+00:00,1.0.0
2021-03,2021,3,경남,charge_kwh_sum,526820.04,526820.04,251967.76,1.0,0.0,1.2273,1.3569,kepco_hybrid_moe_load_v1,estimated,source_truncated_excel_cap,2026-08-11T07:19:12.117877+00:00,1.0.0
2021-03,2021,3,제주,charge_kwh_sum,495275.1,495275.1,152980.42,1.0,0.0,2.5602,1.3569,kepco_hybrid_moe_load_v1,estimated,source_truncated_excel_cap,2026-08-11T07:19:12.117877+00:00,1.0.0
2021-04,2021,4,서울,charge_kwh_sum,410678.05,410678.05,429110.63,1.0,0.0,2.2049,1.351,kepco_hybrid_moe_load_v1,estimated,source_truncated_excel_cap,2026-08-11T07:19:12.117877+00:00,1.0.0
2021-04,2021,4,부산,charge_kwh_sum,202940.02,202940.02,133889.17,1.0,0.0,2.0446,1.351,kepco_hybrid_moe_load_v1,estimated,source_truncated_excel_cap,2026-08-11T07:19:12.117877+00:00,1.0.0
2021-04,2021,4,대구,charge_kwh_sum,386490.58,386490.58,144700.1,1.0,0.0,2.2181,1.351,kepco_hybrid_moe_load_v1,estimated,source_truncated_excel_cap,2026-08-11T07:19:12.117877+00:00,1.0.0
2021-04,2021,4,인천,charge_kwh_sum,172883.83,172883.83,123909.85,1.0,0.0,1.2018,1.351,kepco_hybrid_moe_load_v1,estimated,source_truncated_excel_cap,2026-08-11T07:19:12.117877+00:00,1.0.0
2021-04,2021,4,광주,charge_kwh_sum,208602.41,208602.41,80666.15,1.0,0.0,2.305,1.351,kepco_hybrid_moe_load_v1,estimated,source_truncated_excel_cap,2026-08-11T07:19:12.117877+00:00,1.0.0
2021-04,2021,4,대전,charge_kwh_sum,219210.12,219210.12,94803.51,1.0,0.0,1.7782,1.351,kepco_hybrid_moe_load_v1,estimated,source_truncated_excel_cap,2026-08-11T07:19:12.117877+00:00,1.0.0
2021-04,2021,4,울산,charge_kwh_sum,45873.4,45873.4,37422.44,1.0,0.0,0.5719,1.351,kepco_hybrid_moe_load_v1,estimated,source_truncated_excel_cap,2026-08-11T07:19:12.117877+00:00,1.0.0
2021-04,2021,4,세종,charge_kwh_sum,177384.63,177384.63,55717.85,1.0,0.0,2.8987,1.351,kepco_hybrid_moe_load_v1,estimated,source_truncated_excel_cap,2026-08-11T07:19:12.117877+00:00,1.0.0
2021-04,2021,4,경기,charge_kwh_sum,598086.93,598086.93,564663.03,1.0,0.0,1.1309,1.351,kepco_hybrid_moe_load_v1,estimated,source_truncated_excel_cap,2026-08-11T07:19:12.117877+00:00,1.0.0
2021-04,2021,4,강원,charge_kwh_sum,280793.43,280793.43,158837.46,1.0,0.0,1.1109,1.351,kepco_hybrid_moe_load_v1,estimated,source_truncated_excel_cap,2026-08-11T07:19:12.117877+00:00,1.0.0
2021-04,2021,4,충북,charge_kwh_sum,220963.71,220963.71,148026.54,1.0,0.0,0.688,1.351,kepco_hybrid_moe_load_v1,estimated,source_truncated_excel_cap,2026-08-11T07:19:12.117877+00:00,1.0.0
2021-04,2021,4,충남,charge_kwh_sum,164873.67,164873.67,174638.05,1.0,0.0,0.4585,1.351,kepco_hybrid_moe_load_v1,estimated,source_truncated_excel_cap,2026-08-11T07:19:12.117877+00:00,1.0.0
2021-04,2021,4,전북,charge_kwh_sum,135132.26,135132.26,153847.81,1.0,0.0,0.6028,1.351,kepco_hybrid_moe_load_v1,estimated,source_truncated_excel_cap,2026-08-11T07:19:12.117877+00:00,1.0.0
2021-04,2021,4,전남,charge_kwh_sum,393876.03,393876.03,163827.12,1.0,0.0,1.6269,1.351,kepco_hybrid_moe_load_v1,estimated,source_truncated_excel_cap,2026-08-11T07:19:12.117877+00:00,1.0.0
2021-04,2021,4,경북,charge_kwh_sum,333868.54,333868.54,273599.61,1.0,0.0,0.5455,1.351,kepco_hybrid_moe_load_v1,estimated,source_truncated_excel_cap,2026-08-11T07:19:12.117877+00:00,1.0.0
2021-04,2021,4,경남,charge_kwh_sum,516721.57,516721.57,256135.81,1.0,0.0,1.2273,1.351,kepco_hybrid_moe_load_v1,estimated,source_truncated_excel_cap,2026-08-11T07:19:12.117877+00:00,1.0.0
2021-04,2021,4,제주,charge_kwh_sum,493327.13,493327.13,155511.02,1.0,0.0,2.5602,1.351,kepco_hybrid_moe_load_v1,estimated,source_truncated_excel_cap,2026-08-11T07:19:12.117877+00:00,1.0.0
2021-05,2021,5,서울,charge_kwh_sum,452322.68,452322.68,456092.02,1.0,0.0,2.2049,1.335,kepco_hybrid_moe_load_v1,estimated,source_truncated_excel_cap,2026-08-11T07:19:12.117877+00:00,1.0.0
2021-05,2021,5,부산,charge_kwh_sum,187081.38,187081.38,142307.78,1.0,0.0,2.0446,1.335,kepco_hybrid_moe_load_v1,estimated,source_truncated_excel_cap,2026-08-11T07:19:12.117877+00:00,1.0.0
2021-05,2021,5,대구,charge_kwh_sum,355393.06,355393.06,153798.47,1.0,0.0,2.2181,1.335,kepco_hybrid_moe_load_v1,estimated,source_truncated_excel_cap,2026-08-11T07:19:12.117877+00:00,1.0.0
2021-05,2021,5,인천,charge_kwh_sum,188638.96,188638.96,131700.99,1.0,0.0,1.2018,1.335,kepco_hybrid_moe_load_v1,estimated,source_truncated_excel_cap,2026-08-11T07:19:12.117877+00:00,1.0.0
2021-05,2021,5,광주,charge_kwh_sum,213899.99,213899.99,85738.23,1.0,0.0,2.305,1.335,kepco_hybrid_moe_load_v1,estimated,source_truncated_excel_cap,2026-08-11T07:19:12.117877+00:00,1.0.0
2021-05,2021,5,대전,charge_kwh_sum,255704.63,255704.63,100764.52,1.0,0.0,1.7782,1.335,kepco_hybrid_moe_load_v1,estimated,source_truncated_excel_cap,2026-08-11T07:19:12.117877+00:00,1.0.0
2021-05,2021,5,울산,charge_kwh_sum,43130.53,43130.53,39775.47,1.0,0.0,0.5719,1.335,kepco_hybrid_moe_load_v1,estimated,source_truncated_excel_cap,2026-08-11T07:19:12.117877+00:00,1.0.0
2021-05,2021,5,세종,charge_kwh_sum,98925.53,98925.53,59221.25,1.0,0.0,2.8987,1.335,kepco_hybrid_moe_load_v1,estimated,source_truncated_excel_cap,2026-08-11T07:19:12.117877+00:00,1.0.0
2021-05,2021,5,경기,charge_kwh_sum,636695.49,636695.49,600167.6,1.0,0.0,1.1309,1.335,kepco_hybrid_moe_load_v1,estimated,source_truncated_excel_cap,2026-08-11T07:19:12.117877+00:00,1.0.0
2021-05,2021,5,강원,charge_kwh_sum,319863.29,319863.29,168824.76,1.0,0.0,1.1109,1.335,kepco_hybrid_moe_load_v1,estimated,source_truncated_excel_cap,2026-08-11T07:19:12.117877+00:00,1.0.0
2021-05,2021,5,충북,charge_kwh_sum,222611.18,222611.18,157334.07,1.0,0.0,0.688,1.335,kepco_hybrid_moe_load_v1,estimated,source_truncated_excel_cap,2026-08-11T07:19:12.117877+00:00,1.0.0
2021-05,2021,5,충남,charge_kwh_sum,155131.41,155131.41,185618.84,1.0,0.0,0.4585,1.335,kepco_hybrid_moe_load_v1,estimated,source_truncated_excel_cap,2026-08-11T07:19:12.117877+00:00,1.0.0
2021-05,2021,5,전북,charge_kwh_sum,160512.16,160512.16,163521.36,1.0,0.0,0.6028,1.335,kepco_hybrid_moe_load_v1,estimated,source_truncated_excel_cap,2026-08-11T07:19:12.117877+00:00,1.0.0
2021-05,2021,5,전남,charge_kwh_sum,368737.97,368737.97,174128.15,1.0,0.0,1.6269,1.335,kepco_hybrid_moe_load_v1,estimated,source_truncated_excel_cap,2026-08-11T07:19:12.117877+00:00,1.0.0
2021-05,2021,5,경북,charge_kwh_sum,323271.18,323271.18,290802.86,1.0,0.0,0.5455,1.335,kepco_hybrid_moe_load_v1,estimated,source_truncated_excel_cap,2026-08-11T07:19:12.117877+00:00,1.0.0
2021-05,2021,5,경남,charge_kwh_sum,479942.16,479942.16,272240.97,1.0,0.0,1.2273,1.335,kepco_hybrid_moe_load_v1,estimated,source_truncated_excel_cap,2026-08-11T07:19:12.117877+00:00,1.0.0
2021-05,2021,5,제주,charge_kwh_sum,509359.11,509359.11,165289.16,1.0,0.0,2.5602,1.335,kepco_hybrid_moe_load_v1,estimated,source_truncated_excel_cap,2026-08-11T07:19:12.117877+00:00,1.0.0
2021-06,2021,6,서울,charge_kwh_sum,502184.6,502184.6,1006714.17,1.0,0.0,2.2049,1.3699,kepco_hybrid_moe_load_v1,estimated,source_truncated_excel_cap,2026-08-11T07:19:12.117877+00:00,1.0.0
2021-06,2021,6,부산,charge_kwh_sum,190391.7,190391.7,314110.43,1.0,0.0,2.0446,1.3699,kepco_hybrid_moe_load_v1,estimated,source_truncated_excel_cap,2026-08-11T07:19:12.117877+00:00,1.0.0
2021-06,2021,6,대구,charge_kwh_sum,350499.2,350499.2,339473.38,1.0,0.0,2.2181,1.3699,kepco_hybrid_moe_load_v1,estimated,source_truncated_excel_cap,2026-08-11T07:19:12.117877+00:00,1.0.0
2021-06,2021,6,인천,charge_kwh_sum,222144.44,222144.44,290698.47,1.0,0.0,1.2018,1.3699,kepco_hybrid_moe_load_v1,estimated,source_truncated_excel_cap,2026-08-11T07:19:12.117877+00:00,1.0.0
2021-06,2021,6,광주,charge_kwh_sum,224550.9,224550.9,189246.66,1.0,0.0,2.305,1.3699,kepco_hybrid_moe_load_v1,estimated,source_truncated_excel_cap,2026-08-11T07:19:12.117877+00:00,1.0.0
2021-06,2021,6,대전,charge_kwh_sum,270035.02,270035.02,222413.59,1.0,0.0,1.7782,1.3699,kepco_hybrid_moe_load_v1,estimated,source_truncated_excel_cap,2026-08-11T07:19:12.117877+00:00,1.0.0
2021-06,2021,6,울산,charge_kwh_sum,49508.81,49508.81,87794.84,1.0,0.0,0.5719,1.3699,kepco_hybrid_moe_load_v1,estimated,source_truncated_excel_cap,2026-08-11T07:19:12.117877+00:00,1.0.0
2021-06,2021,6,세종,charge_kwh_sum,83583.2,83583.2,130716.76,1.0,0.0,2.8987,1.3699,kepco_hybrid_moe_load_v1,estimated,source_truncated_excel_cap,2026-08-11T07:19:12.117877+00:00,1.0.0
2021-06,2021,6,경기,charge_kwh_sum,744731.58,744731.58,1324726.59,1.0,0.0,1.1309,1.3699,kepco_hybrid_moe_load_v1,estimated,source_truncated_excel_cap,2026-08-11T07:19:12.117877+00:00,1.0.0
2021-06,2021,6,강원,charge_kwh_sum,339859.18,339859.18,372640.32,1.0,0.0,1.1109,1.3699,kepco_hybrid_moe_load_v1,estimated,source_truncated_excel_cap,2026-08-11T07:19:12.117877+00:00,1.0.0
2021-06,2021,6,충북,charge_kwh_sum,224627.91,224627.91,347277.37,1.0,0.0,0.688,1.3699,kepco_hybrid_moe_load_v1,estimated,source_truncated_excel_cap,2026-08-11T07:19:12.117877+00:00,1.0.0
2021-06,2021,6,충남,charge_kwh_sum,162811.01,162811.01,409709.25,1.0,0.0,0.4585,1.3699,kepco_hybrid_moe_load_v1,estimated,source_truncated_excel_cap,2026-08-11T07:19:12.117877+00:00,1.0.0
2021-06,2021,6,전북,charge_kwh_sum,172101.8,172101.8,360934.34,1.0,0.0,0.6028,1.3699,kepco_hybrid_moe_load_v1,estimated,source_truncated_excel_cap,2026-08-11T07:19:12.117877+00:00,1.0.0
2021-06,2021,6,전남,charge_kwh_sum,389046.49,389046.49,384346.3,1.0,0.0,1.6269,1.3699,kepco_hybrid_moe_load_v1,estimated,source_truncated_excel_cap,2026-08-11T07:19:12.117877+00:00,1.0.0
2021-06,2021,6,경북,charge_kwh_sum,320070.81,320070.81,641877.83,1.0,0.0,0.5455,1.3699,kepco_hybrid_moe_load_v1,estimated,source_truncated_excel_cap,2026-08-11T07:19:12.117877+00:00,1.0.0
2021-06,2021,6,경남,charge_kwh_sum,452379.42,452379.42,600906.9,1.0,0.0,1.2273,1.3699,kepco_hybrid_moe_load_v1,estimated,source_truncated_excel_cap,2026-08-11T07:19:12.117877+00:00,1.0.0
2021-06,2021,6,제주,charge_kwh_sum,516146.31,516146.31,364836.34,1.0,0.0,2.5602,1.3699,kepco_hybrid_moe_load_v1,estimated,source_truncated_excel_cap,2026-08-11T07:19:12.117877+00:00,1.0.0
2021-07,2021,7,서울,charge_kwh_sum,675621.61,675621.61,0.0,1.0,0.0,2.2049,1.458,kepco_hybrid_moe_load_v1,estimated,source_truncated_excel_cap,2026-08-11T07:19:12.117877+00:00,1.0.0
2021-07,2021,7,부산,charge_kwh_sum,242087.07,242087.07,0.0,1.0,0.0,2.0446,1.458,kepco_hybrid_moe_load_v1,estimated,source_truncated_excel_cap,2026-08-11T07:19:12.117877+00:00,1.0.0
2021-07,2021,7,대구,charge_kwh_sum,396005.57,396005.57,0.0,1.0,0.0,2.2181,1.458,kepco_hybrid_moe_load_v1,estimated,source_truncated_excel_cap,2026-08-11T07:19:12.117877+00:00,1.0.0
2021-07,2021,7,인천,charge_kwh_sum,284287.75,284287.75,0.0,1.0,0.0,1.2018,1.458,kepco_hybrid_moe_load_v1,estimated,source_truncated_excel_cap,2026-08-11T07:19:12.117877+00:00,1.0.0
2021-07,2021,7,광주,charge_kwh_sum,263162.12,263162.12,0.0,1.0,0.0,2.305,1.458,kepco_hybrid_moe_load_v1,estimated,source_truncated_excel_cap,2026-08-11T07:19:12.117877+00:00,1.0.0
2021-07,2021,7,대전,charge_kwh_sum,334453.62,334453.62,0.0,1.0,0.0,1.7782,1.458,kepco_hybrid_moe_load_v1,estimated,source_truncated_excel_cap,2026-08-11T07:19:12.117877+00:00,1.0.0
2021-07,2021,7,울산,charge_kwh_sum,62251.67,62251.67,0.0,1.0,0.0,0.5719,1.458,kepco_hybrid_moe_load_v1,estimated,source_truncated_excel_cap,2026-08-11T07:19:12.117877+00:00,1.0.0
2021-07,2021,7,세종,charge_kwh_sum,85117.42,85117.42,0.0,1.0,0.0,2.8987,1.458,kepco_hybrid_moe_load_v1,estimated,source_truncated_excel_cap,2026-08-11T07:19:12.117877+00:00,1.0.0
2021-07,2021,7,경기,charge_kwh_sum,971718.6,971718.6,0.0,1.0,0.0,1.1309,1.458,kepco_hybrid_moe_load_v1,estimated,source_truncated_excel_cap,2026-08-11T07:19:12.117877+00:00,1.0.0
2021-07,2021,7,강원,charge_kwh_sum,438219.85,438219.85,0.0,1.0,0.0,1.1109,1.458,kepco_hybrid_moe_load_v1,estimated,source_truncated_excel_cap,2026-08-11T07:19:12.117877+00:00,1.0.0
2021-07,2021,7,충북,charge_kwh_sum,274475.23,274475.23,0.0,1.0,0.0,0.688,1.458,kepco_hybrid_moe_load_v1,estimated,source_truncated_excel_cap,2026-08-11T07:19:12.117877+00:00,1.0.0
2021-07,2021,7,충남,charge_kwh_sum,205286.36,205286.36,0.0,1.0,0.0,0.4585,1.458,kepco_hybrid_moe_load_v1,estimated,source_truncated_excel_cap,2026-08-11T07:19:12.117877+00:00,1.0.0
2021-07,2021,7,전북,charge_kwh_sum,225576.65,225576.65,0.0,1.0,0.0,0.6028,1.458,kepco_hybrid_moe_load_v1,estimated,source_truncated_excel_cap,2026-08-11T07:19:12.117877+00:00,1.0.0
2021-07,2021,7,전남,charge_kwh_sum,451530.26,451530.26,0.0,1.0,0.0,1.6269,1.458,kepco_hybrid_moe_load_v1,estimated,source_truncated_excel_cap,2026-08-11T07:19:12.117877+00:00,1.0.0
2021-07,2021,7,경북,charge_kwh_sum,382401.23,382401.23,0.0,1.0,0.0,0.5455,1.458,kepco_hybrid_moe_load_v1,estimated,source_truncated_excel_cap,2026-08-11T07:19:12.117877+00:00,1.0.0
2021-07,2021,7,경남,charge_kwh_sum,539530.52,539530.52,0.0,1.0,0.0,1.2273,1.458,kepco_hybrid_moe_load_v1,estimated,source_truncated_excel_cap,2026-08-11T07:19:12.117877+00:00,1.0.0
2021-07,2021,7,제주,charge_kwh_sum,585631.82,585631.82,0.0,1.0,0.0,2.5602,1.458,kepco_hybrid_moe_load_v1,estimated,source_truncated_excel_cap,2026-08-11T07:19:12.117877+00:00,1.0.0
2021-08,2021,8,서울,charge_kwh_sum,735076.13,735076.13,0.0,1.0,0.0,2.2049,1.3926,kepco_hybrid_moe_load_v1,estimated,source_truncated_excel_cap,2026-08-11T07:19:12.117877+00:00,1.0.0
2021-08,2021,8,부산,charge_kwh_sum,233790.34,233790.34,0.0,1.0,0.0,2.0446,1.3926,kepco_hybrid_moe_load_v1,estimated,source_truncated_excel_cap,2026-08-11T07:19:12.117877+00:00,1.0.0
2021-08,2021,8,대구,charge_kwh_sum,411650.33,411650.33,0.0,1.0,0.0,2.2181,1.3926,kepco_hybrid_moe_load_v1,estimated,source_truncated_excel_cap,2026-08-11T07:19:12.117877+00:00,1.0.0
2021-08,2021,8,인천,charge_kwh_sum,286000.36,286000.36,0.0,1.0,0.0,1.2018,1.3926,kepco_hybrid_moe_load_v1,estimated,source_truncated_excel_cap,2026-08-11T07:19:12.117877+00:00,1.0.0
2021-08,2021,8,광주,charge_kwh_sum,277107.85,277107.85,0.0,1.0,0.0,2.305,1.3926,kepco_hybrid_moe_load_v1,estimated,source_truncated_excel_cap,2026-08-11T07:19:12.117877+00:00,1.0.0
2021-08,2021,8,대전,charge_kwh_sum,318312.08,318312.08,0.0,1.0,0.0,1.7782,1.3926,kepco_hybrid_moe_load_v1,estimated,source_truncated_excel_cap,2026-08-11T07:19:12.117877+00:00,1.0.0
2021-08,2021,8,울산,charge_kwh_sum,61870.79,61870.79,0.0,1.0,0.0,0.5719,1.3926,kepco_hybrid_moe_load_v1,estimated,source_truncated_excel_cap,2026-08-11T07:19:12.117877+00:00,1.0.0
2021-08,2021,8,세종,charge_kwh_sum,95313.63,95313.63,0.0,1.0,0.0,2.8987,1.3926,kepco_hybrid_moe_load_v1,estimated,source_truncated_excel_cap,2026-08-11T07:19:12.117877+00:00,1.0.0
2021-08,2021,8,경기,charge_kwh_sum,998144.68,998144.68,0.0,1.0,0.0,1.1309,1.3926,kepco_hybrid_moe_load_v1,estimated,source_truncated_excel_cap,2026-08-11T07:19:12.117877+00:00,1.0.0
2021-08,2021,8,강원,charge_kwh_sum,463754.35,463754.35,0.0,1.0,0.0,1.1109,1.3926,kepco_hybrid_moe_load_v1,estimated,source_truncated_excel_cap,2026-08-11T07:19:12.117877+00:00,1.0.0
2021-08,2021,8,충북,charge_kwh_sum,273349.32,273349.32,0.0,1.0,0.0,0.688,1.3926,kepco_hybrid_moe_load_v1,estimated,source_truncated_excel_cap,2026-08-11T07:19:12.117877+00:00,1.0.0
2021-08,2021,8,충남,charge_kwh_sum,215711.34,215711.34,0.0,1.0,0.0,0.4585,1.3926,kepco_hybrid_moe_load_v1,estimated,source_truncated_excel_cap,2026-08-11T07:19:12.117877+00:00,1.0.0
2021-08,2021,8,전북,charge_kwh_sum,237040.22,237040.22,0.0,1.0,0.0,0.6028,1.3926,kepco_hybrid_moe_load_v1,estimated,source_truncated_excel_cap,2026-08-11T07:19:12.117877+00:00,1.0.0
2021-08,2021,8,전남,charge_kwh_sum,483017.94,483017.94,0.0,1.0,0.0,1.6269,1.3926,kepco_hybrid_moe_load_v1,estimated,source_truncated_excel_cap,2026-08-11T07:19:12.117877+00:00,1.0.0
2021-08,2021,8,경북,charge_kwh_sum,401928.37,401928.37,0.0,1.0,0.0,0.5455,1.3926,kepco_hybrid_moe_load_v1,estimated,source_truncated_excel_cap,2026-08-11T07:19:12.117877+00:00,1.0.0
2021-08,2021,8,경남,charge_kwh_sum,545975.19,545975.19,0.0,1.0,0.0,1.2273,1.3926,kepco_hybrid_moe_load_v1,estimated,source_truncated_excel_cap,2026-08-11T07:19:12.117877+00:00,1.0.0
2021-08,2021,8,제주,charge_kwh_sum,618717.15,618717.15,0.0,1.0,0.0,2.5602,1.3926,kepco_hybrid_moe_load_v1,estimated,source_truncated_excel_cap,2026-08-11T07:19:12.117877+00:00,1.0.0
2021-09,2021,9,서울,charge_kwh_sum,778262.36,778262.36,0.0,1.0,0.0,2.2049,1.5658,kepco_hybrid_moe_load_v1,estimated,source_truncated_excel_cap,2026-08-11T07:19:12.117877+00:00,1.0.0
2021-09,2021,9,부산,charge_kwh_sum,230544.56,230544.56,0.0,1.0,0.0,2.0446,1.5658,kepco_hybrid_moe_load_v1,estimated,source_truncated_excel_cap,2026-08-11T07:19:12.117877+00:00,1.0.0
2021-09,2021,9,대구,charge_kwh_sum,426461.19,426461.19,0.0,1.0,0.0,2.2181,1.5658,kepco_hybrid_moe_load_v1,estimated,source_truncated_excel_cap,2026-08-11T07:19:12.117877+00:00,1.0.0
2021-09,2021,9,인천,charge_kwh_sum,307039.62,307039.62,0.0,1.0,0.0,1.2018,1.5658,kepco_hybrid_moe_load_v1,estimated,source_truncated_excel_cap,2026-08-11T07:19:12.117877+00:00,1.0.0
2021-09,2021,9,광주,charge_kwh_sum,282602.01,282602.01,0.0,1.0,0.0,2.305,1.5658,kepco_hybrid_moe_load_v1,estimated,source_truncated_excel_cap,2026-08-11T07:19:12.117877+00:00,1.0.0
2021-09,2021,9,대전,charge_kwh_sum,332457.51,332457.51,0.0,1.0,0.0,1.7782,1.5658,kepco_hybrid_moe_load_v1,estimated,source_truncated_excel_cap,2026-08-11T07:19:12.117877+00:00,1.0.0
2021-09,2021,9,울산,charge_kwh_sum,61529.41,61529.41,0.0,1.0,0.0,0.5719,1.5658,kepco_hybrid_moe_load_v1,estimated,source_truncated_excel_cap,2026-08-11T07:19:12.117877+00:00,1.0.0
2021-09,2021,9,세종,charge_kwh_sum,92067.09,92067.09,0.0,1.0,0.0,2.8987,1.5658,kepco_hybrid_moe_load_v1,estimated,source_truncated_excel_cap,2026-08-11T07:19:12.117877+00:00,1.0.0
2021-09,2021,9,경기,charge_kwh_sum,1043842.59,1043842.59,0.0,1.0,0.0,1.1309,1.5658,kepco_hybrid_moe_load_v1,estimated,source_truncated_excel_cap,2026-08-11T07:19:12.117877+00:00,1.0.0
2021-09,2021,9,강원,charge_kwh_sum,468202.67,468202.67,0.0,1.0,0.0,1.1109,1.5658,kepco_hybrid_moe_load_v1,estimated,source_truncated_excel_cap,2026-08-11T07:19:12.117877+00:00,1.0.0
2021-09,2021,9,충북,charge_kwh_sum,295939.33,295939.33,0.0,1.0,0.0,0.688,1.5658,kepco_hybrid_moe_load_v1,estimated,source_truncated_excel_cap,2026-08-11T07:19:12.117877+00:00,1.0.0
2021-09,2021,9,충남,charge_kwh_sum,216127.41,216127.41,0.0,1.0,0.0,0.4585,1.5658,kepco_hybrid_moe_load_v1,estimated,source_truncated_excel_cap,2026-08-11T07:19:12.117877+00:00,1.0.0
2021-09,2021,9,전북,charge_kwh_sum,247167.24,247167.24,0.0,1.0,0.0,0.6028,1.5658,kepco_hybrid_moe_load_v1,estimated,source_truncated_excel_cap,2026-08-11T07:19:12.117877+00:00,1.0.0
2021-09,2021,9,전남,charge_kwh_sum,485049.33,485049.33,0.0,1.0,0.0,1.6269,1.5658,kepco_hybrid_moe_load_v1,estimated,source_truncated_excel_cap,2026-08-11T07:19:12.117877+00:00,1.0.0
2021-09,2021,9,경북,charge_kwh_sum,392097.11,392097.11,0.0,1.0,0.0,0.5455,1.5658,kepco_hybrid_moe_load_v1,estimated,source_truncated_excel_cap,2026-08-11T07:19:12.117877+00:00,1.0.0
2021-09,2021,9,경남,charge_kwh_sum,561417.6,561417.6,0.0,1.0,0.0,1.2273,1.5658,kepco_hybrid_moe_load_v1,estimated,source_truncated_excel_cap,2026-08-11T07:19:12.117877+00:00,1.0.0
2021-09,2021,9,제주,charge_kwh_sum,588124.47,588124.47,0.0,1.0,0.0,2.5602,1.5658,kepco_hybrid_moe_load_v1,estimated,source_truncated_excel_cap,2026-08-11T07:19:12.117877+00:00,1.0.0
2021-10,2021,10,서울,charge_kwh_sum,901790.36,901790.36,0.0,1.0,0.0,2.2049,1.6475,kepco_hybrid_moe_load_v1,estimated,source_truncated_excel_cap,2026-08-11T07:19:12.117877+00:00,1.0.0
2021-10,2021,10,부산,charge_kwh_sum,297599.12,297599.12,0.0,1.0,0.0,2.0446,1.6475,kepco_hybrid_moe_load_v1,estimated,source_truncated_excel_cap,2026-08-11T07:19:12.117877+00:00,1.0.0
2021-10,2021,10,대구,charge_kwh_sum,497845.18,497845.18,0.0,1.0,0.0,2.2181,1.6475,kepco_hybrid_moe_load_v1,estimated,source_truncated_excel_cap,2026-08-11T07:19:12.117877+00:00,1.0.0
2021-10,2021,10,인천,charge_kwh_sum,366079.92,366079.92,0.0,1.0,0.0,1.2018,1.6475,kepco_hybrid_moe_load_v1,estimated,source_truncated_excel_cap,2026-08-11T07:19:12.117877+00:00,1.0.0
2021-10,2021,10,광주,charge_kwh_sum,330665.85,330665.85,0.0,1.0,0.0,2.305,1.6475,kepco_hybrid_moe_load_v1,estimated,source_truncated_excel_cap,2026-08-11T07:19:12.117877+00:00,1.0.0
2021-10,2021,10,대전,charge_kwh_sum,382492.24,382492.24,0.0,1.0,0.0,1.7782,1.6475,kepco_hybrid_moe_load_v1,estimated,source_truncated_excel_cap,2026-08-11T07:19:12.117877+00:00,1.0.0
2021-10,2021,10,울산,charge_kwh_sum,77801.0,77801.0,0.0,1.0,0.0,0.5719,1.6475,kepco_hybrid_moe_load_v1,estimated,source_truncated_excel_cap,2026-08-11T07:19:12.117877+00:00,1.0.0
2021-10,2021,10,세종,charge_kwh_sum,106808.99,106808.99,0.0,1.0,0.0,2.8987,1.6475,kepco_hybrid_moe_load_v1,estimated,source_truncated_excel_cap,2026-08-11T07:19:12.117877+00:00,1.0.0
2021-10,2021,10,경기,charge_kwh_sum,1188500.85,1188500.85,0.0,1.0,0.0,1.1309,1.6475,kepco_hybrid_moe_load_v1,estimated,source_truncated_excel_cap,2026-08-11T07:19:12.117877+00:00,1.0.0
2021-10,2021,10,강원,charge_kwh_sum,567532.74,567532.74,0.0,1.0,0.0,1.1109,1.6475,kepco_hybrid_moe_load_v1,estimated,source_truncated_excel_cap,2026-08-11T07:19:12.117877+00:00,1.0.0
2021-10,2021,10,충북,charge_kwh_sum,348908.82,348908.82,0.0,1.0,0.0,0.688,1.6475,kepco_hybrid_moe_load_v1,estimated,source_truncated_excel_cap,2026-08-11T07:19:12.117877+00:00,1.0.0
2021-10,2021,10,충남,charge_kwh_sum,256867.01,256867.01,0.0,1.0,0.0,0.4585,1.6475,kepco_hybrid_moe_load_v1,estimated,source_truncated_excel_cap,2026-08-11T07:19:12.117877+00:00,1.0.0
2021-10,2021,10,전북,charge_kwh_sum,289245.06,289245.06,0.0,1.0,0.0,0.6028,1.6475,kepco_hybrid_moe_load_v1,estimated,source_truncated_excel_cap,2026-08-11T07:19:12.117877+00:00,1.0.0
2021-10,2021,10,전남,charge_kwh_sum,548657.35,548657.35,0.0,1.0,0.0,1.6269,1.6475,kepco_hybrid_moe_load_v1,estimated,source_truncated_excel_cap,2026-08-11T07:19:12.117877+00:00,1.0.0
2021-10,2021,10,경북,charge_kwh_sum,456573.46,456573.46,0.0,1.0,0.0,0.5455,1.6475,kepco_hybrid_moe_load_v1,estimated,source_truncated_excel_cap,2026-08-11T07:19:12.117877+00:00,1.0.0
2021-10,2021,10,경남,charge_kwh_sum,638455.34,638455.34,0.0,1.0,0.0,1.2273,1.6475,kepco_hybrid_moe_load_v1,estimated,source_truncated_excel_cap,2026-08-11T07:19:12.117877+00:00,1.0.0
2021-10,2021,10,제주,charge_kwh_sum,642311.61,642311.61,0.0,1.0,0.0,2.5602,1.6475,kepco_hybrid_moe_load_v1,estimated,source_truncated_excel_cap,2026-08-11T07:19:12.117877+00:00,1.0.0
2021-11,2021,11,서울,charge_kwh_sum,1064972.84,1064972.84,0.0,1.0,0.0,2.2049,1.6372,kepco_hybrid_moe_load_v1,estimated,source_truncated_excel_cap,2026-08-11T07:19:12.117877+00:00,1.0.0
2021-11,2021,11,부산,charge_kwh_sum,362168.19,362168.19,0.0,1.0,0.0,2.0446,1.6372,kepco_hybrid_moe_load_v1,estimated,source_truncated_excel_cap,2026-08-11T07:19:12.117877+00:00,1.0.0
2021-11,2021,11,대구,charge_kwh_sum,596097.05,596097.05,0.0,1.0,0.0,2.2181,1.6372,kepco_hybrid_moe_load_v1,estimated,source_truncated_excel_cap,2026-08-11T07:19:12.117877+00:00,1.0.0
2021-11,2021,11,인천,charge_kwh_sum,445725.88,445725.88,0.0,1.0,0.0,1.2018,1.6372,kepco_hybrid_moe_load_v1,estimated,source_truncated_excel_cap,2026-08-11T07:19:12.117877+00:00,1.0.0
2021-11,2021,11,광주,charge_kwh_sum,358517.34,358517.34,0.0,1.0,0.0,2.305,1.6372,kepco_hybrid_moe_load_v1,estimated,source_truncated_excel_cap,2026-08-11T07:19:12.117877+00:00,1.0.0
2021-11,2021,11,대전,charge_kwh_sum,434454.73,434454.73,0.0,1.0,0.0,1.7782,1.6372,kepco_hybrid_moe_load_v1,estimated,source_truncated_excel_cap,2026-08-11T07:19:12.117877+00:00,1.0.0
2021-11,2021,11,울산,charge_kwh_sum,81339.67,81339.67,0.0,1.0,0.0,0.5719,1.6372,kepco_hybrid_moe_load_v1,estimated,source_truncated_excel_cap,2026-08-11T07:19:12.117877+00:00,1.0.0
2021-11,2021,11,세종,charge_kwh_sum,119206.2,119206.2,0.0,1.0,0.0,2.8987,1.6372,kepco_hybrid_moe_load_v1,estimated,source_truncated_excel_cap,2026-08-11T07:19:12.117877+00:00,1.0.0
2021-11,2021,11,경기,charge_kwh_sum,1397631.71,1397631.71,0.0,1.0,0.0,1.1309,1.6372,kepco_hybrid_moe_load_v1,estimated,source_truncated_excel_cap,2026-08-11T07:19:12.117877+00:00,1.0.0
2021-11,2021,11,강원,charge_kwh_sum,635940.51,635940.51,0.0,1.0,0.0,1.1109,1.6372,kepco_hybrid_moe_load_v1,estimated,source_truncated_excel_cap,2026-08-11T07:19:12.117877+00:00,1.0.0
2021-11,2021,11,충북,charge_kwh_sum,397826.93,397826.93,0.0,1.0,0.0,0.688,1.6372,kepco_hybrid_moe_load_v1,estimated,source_truncated_excel_cap,2026-08-11T07:19:12.117877+00:00,1.0.0
2021-11,2021,11,충남,charge_kwh_sum,284433.19,284433.19,0.0,1.0,0.0,0.4585,1.6372,kepco_hybrid_moe_load_v1,estimated,source_truncated_excel_cap,2026-08-11T07:19:12.117877+00:00,1.0.0
2021-11,2021,11,전북,charge_kwh_sum,325896.91,325896.91,0.0,1.0,0.0,0.6028,1.6372,kepco_hybrid_moe_load_v1,estimated,source_truncated_excel_cap,2026-08-11T07:19:12.117877+00:00,1.0.0
2021-11,2021,11,전남,charge_kwh_sum,596488.63,596488.63,0.0,1.0,0.0,1.6269,1.6372,kepco_hybrid_moe_load_v1,estimated,source_truncated_excel_cap,2026-08-11T07:19:12.117877+00:00,1.0.0
2021-11,2021,11,경북,charge_kwh_sum,493475.18,493475.18,0.0,1.0,0.0,0.5455,1.6372,kepco_hybrid_moe_load_v1,estimated,source_truncated_excel_cap,2026-08-11T07:19:12.117877+00:00,1.0.0
2021-11,2021,11,경남,charge_kwh_sum,736361.17,736361.17,0.0,1.0,0.0,1.2273,1.6372,kepco_hybrid_moe_load_v1,estimated,source_truncated_excel_cap,2026-08-11T07:19:12.117877+00:00,1.0.0
2021-11,2021,11,제주,charge_kwh_sum,633686.64,633686.64,0.0,1.0,0.0,2.5602,1.6372,kepco_hybrid_moe_load_v1,estimated,source_truncated_excel_cap,2026-08-11T07:19:12.117877+00:00,1.0.0
2021-12,2021,12,서울,charge_kwh_sum,1269566.48,1269566.48,0.0,1.0,0.0,2.2049,1.6448,kepco_hybrid_moe_load_v1,estimated,source_truncated_excel_cap,2026-08-11T07:19:12.117877+00:00,1.0.0
2021-12,2021,12,부산,charge_kwh_sum,437164.49,437164.49,0.0,1.0,0.0,2.0446,1.6448,kepco_hybrid_moe_load_v1,estimated,source_truncated_excel_cap,2026-08-11T07:19:12.117877+00:00,1.0.0
2021-12,2021,12,대구,charge_kwh_sum,649776.42,649776.42,0.0,1.0,0.0,2.2181,1.6448,kepco_hybrid_moe_load_v1,estimated,source_truncated_excel_cap,2026-08-11T07:19:12.117877+00:00,1.0.0
2021-12,2021,12,인천,charge_kwh_sum,507875.13,507875.13,0.0,1.0,0.0,1.2018,1.6448,kepco_hybrid_moe_load_v1,estimated,source_truncated_excel_cap,2026-08-11T07:19:12.117877+00:00,1.0.0
2021-12,2021,12,광주,charge_kwh_sum,408742.27,408742.27,0.0,1.0,0.0,2.305,1.6448,kepco_hybrid_moe_load_v1,estimated,source_truncated_excel_cap,2026-08-11T07:19:12.117877+00:00,1.0.0
2021-12,2021,12,대전,charge_kwh_sum,479197.91,479197.91,0.0,1.0,0.0,1.7782,1.6448,kepco_hybrid_moe_load_v1,estimated,source_truncated_excel_cap,2026-08-11T07:19:12.117877+00:00,1.0.0
2021-12,2021,12,울산,charge_kwh_sum,90427.12,90427.12,0.0,1.0,0.0,0.5719,1.6448,kepco_hybrid_moe_load_v1,estimated,source_truncated_excel_cap,2026-08-11T07:19:12.117877+00:00,1.0.0
2021-12,2021,12,세종,charge_kwh_sum,144656.13,144656.13,0.0,1.0,0.0,2.8987,1.6448,kepco_hybrid_moe_load_v1,estimated,source_truncated_excel_cap,2026-08-11T07:19:12.117877+00:00,1.0.0
2021-12,2021,12,경기,charge_kwh_sum,1596824.08,1596824.08,0.0,1.0,0.0,1.1309,1.6448,kepco_hybrid_moe_load_v1,estimated,source_truncated_excel_cap,2026-08-11T07:19:12.117877+00:00,1.0.0
2021-12,2021,12,강원,charge_kwh_sum,707836.34,707836.34,0.0,1.0,0.0,1.1109,1.6448,kepco_hybrid_moe_load_v1,estimated,source_truncated_excel_cap,2026-08-11T07:19:12.117877+00:00,1.0.0
2021-12,2021,12,충북,charge_kwh_sum,448809.78,448809.78,0.0,1.0,0.0,0.688,1.6448,kepco_hybrid_moe_load_v1,estimated,source_truncated_excel_cap,2026-08-11T07:19:12.117877+00:00,1.0.0
2021-12,2021,12,충남,charge_kwh_sum,308991.71,308991.71,0.0,1.0,0.0,0.4585,1.6448,kepco_hybrid_moe_load_v1,estimated,source_truncated_excel_cap,2026-08-11T07:19:12.117877+00:00,1.0.0
2021-12,2021,12,전북,charge_kwh_sum,355660.75,355660.75,0.0,1.0,0.0,0.6028,1.6448,kepco_hybrid_moe_load_v1,estimated,source_truncated_excel_cap,2026-08-11T07:19:12.117877+00:00,1.0.0
2021-12,2021,12,전남,charge_kwh_sum,637978.08,637978.08,0.0,1.0,0.0,1.6269,1.6448,kepco_hybrid_moe_load_v1,estimated,source_truncated_excel_cap,2026-08-11T07:19:12.117877+00:00,1.0.0
2021-12,2021,12,경북,charge_kwh_sum,537814.26,537814.26,0.0,1.0,0.0,0.5455,1.6448,kepco_hybrid_moe_load_v1,estimated,source_truncated_excel_cap,2026-08-11T07:19:12.117877+00:00,1.0.0
2021-12,2021,12,경남,charge_kwh_sum,867096.27,867096.27,0.0,1.0,0.0,1.2273,1.6448,kepco_hybrid_moe_load_v1,estimated,source_truncated_excel_cap,2026-08-11T07:19:12.117877+00:00,1.0.0
2021-12,2021,12,제주,charge_kwh_sum,685435.62,685435.62,0.0,1.0,0.0,2.5602,1.6448,kepco_hybrid_moe_load_v1,estimated,source_truncated_excel_cap,2026-08-11T07:19:12.117877+00:00,1.0.0
2022-01,2022,1,서울,charge_kwh_sum,1246009.15,1246009.15,728984.27,1.0,0.0,2.2049,1.9463,kepco_hybrid_moe_load_v1,estimated,source_truncated_excel_cap,2026-08-11T07:19:12.117877+00:00,1.0.0
2022-01,2022,1,부산,charge_kwh_sum,424917.79,424917.79,246222.39,1.0,0.0,2.0446,1.9463,kepco_hybrid_moe_load_v1,estimated,source_truncated_excel_cap,2026-08-11T07:19:12.117877+00:00,1.0.0
2022-01,2022,1,대구,charge_kwh_sum,621844.95,621844.95,248988.93,1.0,0.0,2.2181,1.9463,kepco_hybrid_moe_load_v1,estimated,source_truncated_excel_cap,2026-08-11T07:19:12.117877+00:00,1.0.0
2022-01,2022,1,인천,charge_kwh_sum,466015.81,466015.81,232389.67,1.0,0.0,1.2018,1.9463,kepco_hybrid_moe_load_v1,estimated,source_truncated_excel_cap,2026-08-11T07:19:12.117877+00:00,1.0.0
2022-01,2022,1,광주,charge_kwh_sum,386362.02,386362.02,138327.19,1.0,0.0,2.305,1.9463,kepco_hybrid_moe_load_v1,estimated,source_truncated_excel_cap,2026-08-11T07:19:12.117877+00:00,1.0.0
2022-01,2022,1,대전,charge_kwh_sum,444966.51,444966.51,159076.26,1.0,0.0,1.7782,1.9463,kepco_hybrid_moe_load_v1,estimated,source_truncated_excel_cap,2026-08-11T07:19:12.117877+00:00,1.0.0
2022-01,2022,1,울산,charge_kwh_sum,101036.92,101036.92,65013.78,1.0,0.0,0.5719,1.9463,kepco_hybrid_moe_load_v1,estimated,source_truncated_excel_cap,2026-08-11T07:19:12.117877+00:00,1.0.0
2022-01,2022,1,세종,charge_kwh_sum,137369.41,137369.41,95445.76,1.0,0.0,2.8987,1.9463,kepco_hybrid_moe_load_v1,estimated,source_truncated_excel_cap,2026-08-11T07:19:12.117877+00:00,1.0.0
2022-01,2022,1,경기,charge_kwh_sum,1512076.81,1512076.81,1019471.36,1.0,0.0,1.1309,1.9463,kepco_hybrid_moe_load_v1,estimated,source_truncated_excel_cap,2026-08-11T07:19:12.117877+00:00,1.0.0
2022-01,2022,1,강원,charge_kwh_sum,735782.06,735782.06,340284.88,1.0,0.0,1.1109,1.9463,kepco_hybrid_moe_load_v1,estimated,source_truncated_excel_cap,2026-08-11T07:19:12.117877+00:00,1.0.0
2022-01,2022,1,충북,charge_kwh_sum,407391.68,407391.68,254522.02,1.0,0.0,0.688,1.9463,kepco_hybrid_moe_load_v1,estimated,source_truncated_excel_cap,2026-08-11T07:19:12.117877+00:00,1.0.0
2022-01,2022,1,충남,charge_kwh_sum,297951.96,297951.96,291870.36,1.0,0.0,0.4585,1.9463,kepco_hybrid_moe_load_v1,estimated,source_truncated_excel_cap,2026-08-11T07:19:12.117877+00:00,1.0.0
2022-01,2022,1,전북,charge_kwh_sum,342827.64,342827.64,265588.2,1.0,0.0,0.6028,1.9463,kepco_hybrid_moe_load_v1,estimated,source_truncated_excel_cap,2026-08-11T07:19:12.117877+00:00,1.0.0
2022-01,2022,1,전남,charge_kwh_sum,619721.76,619721.76,354117.6,1.0,0.0,1.6269,1.9463,kepco_hybrid_moe_load_v1,estimated,source_truncated_excel_cap,2026-08-11T07:19:12.117877+00:00,1.0.0
2022-01,2022,1,경북,charge_kwh_sum,533314.74,533314.74,484145.15,1.0,0.0,0.5455,1.9463,kepco_hybrid_moe_load_v1,estimated,source_truncated_excel_cap,2026-08-11T07:19:12.117877+00:00,1.0.0
2022-01,2022,1,경남,charge_kwh_sum,854368.98,854368.98,452329.9,1.0,0.0,1.2273,1.9463,kepco_hybrid_moe_load_v1,estimated,source_truncated_excel_cap,2026-08-11T07:19:12.117877+00:00,1.0.0
2022-01,2022,1,제주,charge_kwh_sum,701667.98,701667.98,266971.47,1.0,0.0,2.5602,1.9463,kepco_hybrid_moe_load_v1,estimated,source_truncated_excel_cap,2026-08-11T07:19:12.117877+00:00,1.0.0
2022-02,2022,2,서울,charge_kwh_sum,1022648.88,1022648.88,630666.11,1.0,0.0,2.2049,1.9964,kepco_hybrid_moe_load_v1,estimated,source_truncated_excel_cap,2026-08-11T07:19:12.117877+00:00,1.0.0
2022-02,2022,2,부산,charge_kwh_sum,352172.32,352172.32,213014.36,1.0,0.0,2.0446,1.9964,kepco_hybrid_moe_load_v1,estimated,source_truncated_excel_cap,2026-08-11T07:19:12.117877+00:00,1.0.0
2022-02,2022,2,대구,charge_kwh_sum,526328.69,526328.69,215407.78,1.0,0.0,2.2181,1.9964,kepco_hybrid_moe_load_v1,estimated,source_truncated_excel_cap,2026-08-11T07:19:12.117877+00:00,1.0.0
2022-02,2022,2,인천,charge_kwh_sum,373076.67,373076.67,201047.26,1.0,0.0,1.2018,1.9964,kepco_hybrid_moe_load_v1,estimated,source_truncated_excel_cap,2026-08-11T07:19:12.117877+00:00,1.0.0
2022-02,2022,2,광주,charge_kwh_sum,315505.03,315505.03,119670.99,1.0,0.0,2.305,1.9964,kepco_hybrid_moe_load_v1,estimated,source_truncated_excel_cap,2026-08-11T07:19:12.117877+00:00,1.0.0
2022-02,2022,2,대전,charge_kwh_sum,361386.57,361386.57,137621.64,1.0,0.0,1.7782,1.9964,kepco_hybrid_moe_load_v1,estimated,source_truncated_excel_cap,2026-08-11T07:19:12.117877+00:00,1.0.0
2022-02,2022,2,울산,charge_kwh_sum,86737.23,86737.23,56245.36,1.0,0.0,0.5719,1.9964,kepco_hybrid_moe_load_v1,estimated,source_truncated_excel_cap,2026-08-11T07:19:12.117877+00:00,1.0.0
2022-02,2022,2,세종,charge_kwh_sum,119786.6,119786.6,82572.98,1.0,0.0,2.8987,1.9964,kepco_hybrid_moe_load_v1,estimated,source_truncated_excel_cap,2026-08-11T07:19:12.117877+00:00,1.0.0
2022-02,2022,2,경기,charge_kwh_sum,1339006.79,1339006.79,881975.18,1.0,0.0,1.1309,1.9964,kepco_hybrid_moe_load_v1,estimated,source_truncated_excel_cap,2026-08-11T07:19:12.117877+00:00,1.0.0
2022-02,2022,2,강원,charge_kwh_sum,582340.96,582340.96,294390.63,1.0,0.0,1.1109,1.9964,kepco_hybrid_moe_load_v1,estimated,source_truncated_excel_cap,2026-08-11T07:19:12.117877+00:00,1.0.0
2022-02,2022,2,충북,charge_kwh_sum,347639.33,347639.33,220194.62,1.0,0.0,0.688,1.9964,kepco_hybrid_moe_load_v1,estimated,source_truncated_excel_cap,2026-08-11T07:19:12.117877+00:00,1.0.0
2022-02,2022,2,충남,charge_kwh_sum,259731.68,259731.68,252505.78,1.0,0.0,0.4585,1.9964,kepco_hybrid_moe_load_v1,estimated,source_truncated_excel_cap,2026-08-11T07:19:12.117877+00:00,1.0.0
2022-02,2022,2,전북,charge_kwh_sum,279739.07,279739.07,229768.3,1.0,0.0,0.6028,1.9964,kepco_hybrid_moe_load_v1,estimated,source_truncated_excel_cap,2026-08-11T07:19:12.117877+00:00,1.0.0
2022-02,2022,2,전남,charge_kwh_sum,538743.62,538743.62,306357.73,1.0,0.0,1.6269,1.9964,kepco_hybrid_moe_load_v1,estimated,source_truncated_excel_cap,2026-08-11T07:19:12.117877+00:00,1.0.0
2022-02,2022,2,경북,charge_kwh_sum,444720.33,444720.33,418848.46,1.0,0.0,0.5455,1.9964,kepco_hybrid_moe_load_v1,estimated,source_truncated_excel_cap,2026-08-11T07:19:12.117877+00:00,1.0.0
2022-02,2022,2,경남,charge_kwh_sum,754329.5,754329.5,391324.13,1.0,0.0,1.2273,1.9964,kepco_hybrid_moe_load_v1,estimated,source_truncated_excel_cap,2026-08-11T07:19:12.117877+00:00,1.0.0
2022-02,2022,2,제주,charge_kwh_sum,590449.6,590449.6,230965.01,1.0,0.0,2.5602,1.9964,kepco_hybrid_moe_load_v1,estimated,source_truncated_excel_cap,2026-08-11T07:19:12.117877+00:00,1.0.0
2022-03,2022,3,서울,charge_kwh_sum,1068250.17,1068250.17,649523.66,1.0,0.0,2.2049,2.2025,kepco_hybrid_moe_load_v1,estimated,source_truncated_excel_cap,2026-08-11T07:19:12.117877+00:00,1.0.0
2022-03,2022,3,부산,charge_kwh_sum,425632.64,425632.64,219383.7,1.0,0.0,2.0446,2.2025,kepco_hybrid_moe_load_v1,estimated,source_truncated_excel_cap,2026-08-11T07:19:12.117877+00:00,1.0.0
2022-03,2022,3,대구,charge_kwh_sum,600276.1,600276.1,221848.69,1.0,0.0,2.2181,2.2025,kepco_hybrid_moe_load_v1,estimated,source_truncated_excel_cap,2026-08-11T07:19:12.117877+00:00,1.0.0
2022-03,2022,3,인천,charge_kwh_sum,492057.7,492057.7,207058.78,1.0,0.0,1.2018,2.2025,kepco_hybrid_moe_load_v1,estimated,source_truncated_excel_cap,2026-08-11T07:19:12.117877+00:00,1.0.0
2022-03,2022,3,광주,charge_kwh_sum,421743.58,421743.58,123249.27,1.0,0.0,2.305,2.2025,kepco_hybrid_moe_load_v1,estimated,source_truncated_excel_cap,2026-08-11T07:19:12.117877+00:00,1.0.0
2022-03,2022,3,대전,charge_kwh_sum,416215.87,416215.87,141736.66,1.0,0.0,1.7782,2.2025,kepco_hybrid_moe_load_v1,estimated,source_truncated_excel_cap,2026-08-11T07:19:12.117877+00:00,1.0.0
2022-03,2022,3,울산,charge_kwh_sum,122838.33,122838.33,57927.16,1.0,0.0,0.5719,2.2025,kepco_hybrid_moe_load_v1,estimated,source_truncated_excel_cap,2026-08-11T07:19:12.117877+00:00,1.0.0
2022-03,2022,3,세종,charge_kwh_sum,133988.34,133988.34,85042.0,1.0,0.0,2.8987,2.2025,kepco_hybrid_moe_load_v1,estimated,source_truncated_excel_cap,2026-08-11T07:19:12.117877+00:00,1.0.0
2022-03,2022,3,경기,charge_kwh_sum,1614848.37,1614848.37,908347.13,1.0,0.0,1.1309,2.2025,kepco_hybrid_moe_load_v1,estimated,source_truncated_excel_cap,2026-08-11T07:19:12.117877+00:00,1.0.0
2022-03,2022,3,강원,charge_kwh_sum,617877.62,617877.62,303193.21,1.0,0.0,1.1109,2.2025,kepco_hybrid_moe_load_v1,estimated,source_truncated_excel_cap,2026-08-11T07:19:12.117877+00:00,1.0.0
2022-03,2022,3,충북,charge_kwh_sum,438119.41,438119.41,226778.66,1.0,0.0,0.688,2.2025,kepco_hybrid_moe_load_v1,estimated,source_truncated_excel_cap,2026-08-11T07:19:12.117877+00:00,1.0.0
2022-03,2022,3,충남,charge_kwh_sum,307156.43,307156.43,260055.96,1.0,0.0,0.4585,2.2025,kepco_hybrid_moe_load_v1,estimated,source_truncated_excel_cap,2026-08-11T07:19:12.117877+00:00,1.0.0
2022-03,2022,3,전북,charge_kwh_sum,355744.32,355744.32,236638.6,1.0,0.0,0.6028,2.2025,kepco_hybrid_moe_load_v1,estimated,source_truncated_excel_cap,2026-08-11T07:19:12.117877+00:00,1.0.0
2022-03,2022,3,전남,charge_kwh_sum,735972.55,735972.55,315518.14,1.0,0.0,1.6269,2.2025,kepco_hybrid_moe_load_v1,estimated,source_truncated_excel_cap,2026-08-11T07:19:12.117877+00:00,1.0.0
2022-03,2022,3,경북,charge_kwh_sum,536329.17,536329.17,431372.45,1.0,0.0,0.5455,2.2025,kepco_hybrid_moe_load_v1,estimated,source_truncated_excel_cap,2026-08-11T07:19:12.117877+00:00,1.0.0
2022-03,2022,3,경남,charge_kwh_sum,934594.26,934594.26,403025.12,1.0,0.0,1.2273,2.2025,kepco_hybrid_moe_load_v1,estimated,source_truncated_excel_cap,2026-08-11T07:19:12.117877+00:00,1.0.0
2022-03,2022,3,제주,charge_kwh_sum,674518.86,674518.86,237871.09,1.0,0.0,2.5602,2.2025,kepco_hybrid_moe_load_v1,estimated,source_truncated_excel_cap,2026-08-11T07:19:12.117877+00:00,1.0.0
2022-04,2022,4,서울,charge_kwh_sum,1208066.72,1208066.72,694087.62,1.0,0.0,2.2049,2.3053,kepco_hybrid_moe_load_v1,estimated,source_truncated_excel_cap,2026-08-11T07:19:12.117877+00:00,1.0.0
2022-04,2022,4,부산,charge_kwh_sum,441990.18,441990.18,234435.67,1.0,0.0,2.0446,2.3053,kepco_hybrid_moe_load_v1,estimated,source_truncated_excel_cap,2026-08-11T07:19:12.117877+00:00,1.0.0
2022-04,2022,4,대구,charge_kwh_sum,621114.23,621114.23,237069.77,1.0,0.0,2.2181,2.3053,kepco_hybrid_moe_load_v1,estimated,source_truncated_excel_cap,2026-08-11T07:19:12.117877+00:00,1.0.0
2022-04,2022,4,인천,charge_kwh_sum,542434.97,542434.97,221265.12,1.0,0.0,1.2018,2.3053,kepco_hybrid_moe_load_v1,estimated,source_truncated_excel_cap,2026-08-11T07:19:12.117877+00:00,1.0.0
2022-04,2022,4,광주,charge_kwh_sum,426699.51,426699.51,131705.43,1.0,0.0,2.305,2.3053,kepco_hybrid_moe_load_v1,estimated,source_truncated_excel_cap,2026-08-11T07:19:12.117877+00:00,1.0.0
2022-04,2022,4,대전,charge_kwh_sum,448809.18,448809.18,151461.24,1.0,0.0,1.7782,2.3053,kepco_hybrid_moe_load_v1,estimated,source_truncated_excel_cap,2026-08-11T07:19:12.117877+00:00,1.0.0
2022-04,2022,4,울산,charge_kwh_sum,143031.26,143031.26,61901.55,1.0,0.0,0.5719,2.3053,kepco_hybrid_moe_load_v1,estimated,source_truncated_excel_cap,2026-08-11T07:19:12.117877+00:00,1.0.0
2022-04,2022,4,세종,charge_kwh_sum,159022.57,159022.57,90876.75,1.0,0.0,2.8987,2.3053,kepco_hybrid_moe_load_v1,estimated,source_truncated_excel_cap,2026-08-11T07:19:12.117877+00:00,1.0.0
2022-04,2022,4,경기,charge_kwh_sum,1826401.07,1826401.07,970669.02,1.0,0.0,1.1309,2.3053,kepco_hybrid_moe_load_v1,estimated,source_truncated_excel_cap,2026-08-11T07:19:12.117877+00:00,1.0.0
2022-04,2022,4,강원,charge_kwh_sum,732814.75,732814.75,323995.36,1.0,0.0,1.1109,2.3053,kepco_hybrid_moe_load_v1,estimated,source_truncated_excel_cap,2026-08-11T07:19:12.117877+00:00,1.0.0
2022-04,2022,4,충북,charge_kwh_sum,487798.38,487798.38,242337.99,1.0,0.0,0.688,2.3053,kepco_hybrid_moe_load_v1,estimated,source_truncated_excel_cap,2026-08-11T07:19:12.117877+00:00,1.0.0
2022-04,2022,4,충남,charge_kwh_sum,348197.01,348197.01,277898.46,1.0,0.0,0.4585,2.3053,kepco_hybrid_moe_load_v1,estimated,source_truncated_excel_cap,2026-08-11T07:19:12.117877+00:00,1.0.0
2022-04,2022,4,전북,charge_kwh_sum,406189.78,406189.78,252874.43,1.0,0.0,0.6028,2.3053,kepco_hybrid_moe_load_v1,estimated,source_truncated_excel_cap,2026-08-11T07:19:12.117877+00:00,1.0.0
2022-04,2022,4,전남,charge_kwh_sum,848643.98,848643.98,337165.9,1.0,0.0,1.6269,2.3053,kepco_hybrid_moe_load_v1,estimated,source_truncated_excel_cap,2026-08-11T07:19:12.117877+00:00,1.0.0
2022-04,2022,4,경북,charge_kwh_sum,611532.13,611532.13,460969.01,1.0,0.0,0.5455,2.3053,kepco_hybrid_moe_load_v1,estimated,source_truncated_excel_cap,2026-08-11T07:19:12.117877+00:00,1.0.0
2022-04,2022,4,경남,charge_kwh_sum,1028319.75,1028319.75,430676.76,1.0,0.0,1.2273,2.3053,kepco_hybrid_moe_load_v1,estimated,source_truncated_excel_cap,2026-08-11T07:19:12.117877+00:00,1.0.0
2022-04,2022,4,제주,charge_kwh_sum,683775.26,683775.26,254191.48,1.0,0.0,2.5602,2.3053,kepco_hybrid_moe_load_v1,estimated,source_truncated_excel_cap,2026-08-11T07:19:12.117877+00:00,1.0.0
2022-05,2022,5,서울,charge_kwh_sum,1381638.32,1381638.32,745107.79,1.0,0.0,2.2049,2.3007,kepco_hybrid_moe_load_v1,estimated,source_truncated_excel_cap,2026-08-11T07:19:12.117877+00:00,1.0.0
2022-05,2022,5,부산,charge_kwh_sum,515161.2,515161.2,251668.29,1.0,0.0,2.0446,2.3007,kepco_hybrid_moe_load_v1,estimated,source_truncated_excel_cap,2026-08-11T07:19:12.117877+00:00,1.0.0
2022-05,2022,5,대구,charge_kwh_sum,702509.51,702509.51,254496.02,1.0,0.0,2.2181,2.3007,kepco_hybrid_moe_load_v1,estimated,source_truncated_excel_cap,2026-08-11T07:19:12.117877+00:00,1.0.0
2022-05,2022,5,인천,charge_kwh_sum,629895.22,629895.22,237529.62,1.0,0.0,1.2018,2.3007,kepco_hybrid_moe_load_v1,estimated,source_truncated_excel_cap,2026-08-11T07:19:12.117877+00:00,1.0.0
2022-05,2022,5,광주,charge_kwh_sum,498657.5,498657.5,141386.68,1.0,0.0,2.305,2.3007,kepco_hybrid_moe_load_v1,estimated,source_truncated_excel_cap,2026-08-11T07:19:12.117877+00:00,1.0.0
2022-05,2022,5,대전,charge_kwh_sum,531875.47,531875.47,162594.68,1.0,0.0,1.7782,2.3007,kepco_hybrid_moe_load_v1,estimated,source_truncated_excel_cap,2026-08-11T07:19:12.117877+00:00,1.0.0
2022-05,2022,5,울산,charge_kwh_sum,166545.9,166545.9,66451.74,1.0,0.0,0.5719,2.3007,kepco_hybrid_moe_load_v1,estimated,source_truncated_excel_cap,2026-08-11T07:19:12.117877+00:00,1.0.0
2022-05,2022,5,세종,charge_kwh_sum,194301.92,194301.92,97556.81,1.0,0.0,2.8987,2.3007,kepco_hybrid_moe_load_v1,estimated,source_truncated_excel_cap,2026-08-11T07:19:12.117877+00:00,1.0.0
2022-05,2022,5,경기,charge_kwh_sum,2035787.52,2035787.52,1042019.82,1.0,0.0,1.1309,2.3007,kepco_hybrid_moe_load_v1,estimated,source_truncated_excel_cap,2026-08-11T07:19:12.117877+00:00,1.0.0
2022-05,2022,5,강원,charge_kwh_sum,837179.17,837179.17,347811.23,1.0,0.0,1.1109,2.3007,kepco_hybrid_moe_load_v1,estimated,source_truncated_excel_cap,2026-08-11T07:19:12.117877+00:00,1.0.0
2022-05,2022,5,충북,charge_kwh_sum,536278.31,536278.31,260151.49,1.0,0.0,0.688,2.3007,kepco_hybrid_moe_load_v1,estimated,source_truncated_excel_cap,2026-08-11T07:19:12.117877+00:00,1.0.0
2022-05,2022,5,충남,charge_kwh_sum,387532.15,387532.15,298325.89,1.0,0.0,0.4585,2.3007,kepco_hybrid_moe_load_v1,estimated,source_truncated_excel_cap,2026-08-11T07:19:12.117877+00:00,1.0.0
2022-05,2022,5,전북,charge_kwh_sum,433743.87,433743.87,271462.42,1.0,0.0,0.6028,2.3007,kepco_hybrid_moe_load_v1,estimated,source_truncated_excel_cap,2026-08-11T07:19:12.117877+00:00,1.0.0
2022-05,2022,5,전남,charge_kwh_sum,948432.87,948432.87,361949.9,1.0,0.0,1.6269,2.3007,kepco_hybrid_moe_load_v1,estimated,source_truncated_excel_cap,2026-08-11T07:19:12.117877+00:00,1.0.0
2022-05,2022,5,경북,charge_kwh_sum,702767.59,702767.59,494853.37,1.0,0.0,0.5455,2.3007,kepco_hybrid_moe_load_v1,estimated,source_truncated_excel_cap,2026-08-11T07:19:12.117877+00:00,1.0.0
2022-05,2022,5,경남,charge_kwh_sum,1179310.27,1179310.27,462334.44,1.0,0.0,1.2273,2.3007,kepco_hybrid_moe_load_v1,estimated,source_truncated_excel_cap,2026-08-11T07:19:12.117877+00:00,1.0.0
2022-05,2022,5,제주,charge_kwh_sum,724189.65,724189.65,272876.29,1.0,0.0,2.5602,2.3007,kepco_hybrid_moe_load_v1,estimated,source_truncated_excel_cap,2026-08-11T07:19:12.117877+00:00,1.0.0
2022-06,2022,6,서울,charge_kwh_sum,1458595.25,1458595.25,1558005.99,1.0,0.0,2.2049,2.2365,kepco_hybrid_moe_load_v1,estimated,source_truncated_excel_cap,2026-08-11T07:19:12.117877+00:00,1.0.0
2022-06,2022,6,부산,charge_kwh_sum,531955.89,531955.89,526233.52,1.0,0.0,2.0446,2.2365,kepco_hybrid_moe_load_v1,estimated,source_truncated_excel_cap,2026-08-11T07:19:12.117877+00:00,1.0.0
2022-06,2022,6,대구,charge_kwh_sum,763529.84,763529.84,532146.26,1.0,0.0,2.2181,2.2365,kepco_hybrid_moe_load_v1,estimated,source_truncated_excel_cap,2026-08-11T07:19:12.117877+00:00,1.0.0
2022-06,2022,6,인천,charge_kwh_sum,634801.33,634801.33,496669.84,1.0,0.0,1.2018,2.2365,kepco_hybrid_moe_load_v1,estimated,source_truncated_excel_cap,2026-08-11T07:19:12.117877+00:00,1.0.0
2022-06,2022,6,광주,charge_kwh_sum,515357.27,515357.27,295636.81,1.0,0.0,2.305,2.2365,kepco_hybrid_moe_load_v1,estimated,source_truncated_excel_cap,2026-08-11T07:19:12.117877+00:00,1.0.0
2022-06,2022,6,대전,charge_kwh_sum,570995.09,570995.09,339982.33,1.0,0.0,1.7782,2.2365,kepco_hybrid_moe_load_v1,estimated,source_truncated_excel_cap,2026-08-11T07:19:12.117877+00:00,1.0.0
2022-06,2022,6,울산,charge_kwh_sum,178440.2,178440.2,138949.3,1.0,0.0,0.5719,2.2365,kepco_hybrid_moe_load_v1,estimated,source_truncated_excel_cap,2026-08-11T07:19:12.117877+00:00,1.0.0
2022-06,2022,6,세종,charge_kwh_sum,178662.65,178662.65,203989.4,1.0,0.0,2.8987,2.2365,kepco_hybrid_moe_load_v1,estimated,source_truncated_excel_cap,2026-08-11T07:19:12.117877+00:00,1.0.0
2022-06,2022,6,경기,charge_kwh_sum,2113566.61,2113566.61,2178843.29,1.0,0.0,1.1309,2.2365,kepco_hybrid_moe_load_v1,estimated,source_truncated_excel_cap,2026-08-11T07:19:12.117877+00:00,1.0.0
2022-06,2022,6,강원,charge_kwh_sum,874326.36,874326.36,727266.55,1.0,0.0,1.1109,2.2365,kepco_hybrid_moe_load_v1,estimated,source_truncated_excel_cap,2026-08-11T07:19:12.117877+00:00,1.0.0
2022-06,2022,6,충북,charge_kwh_sum,543938.84,543938.84,543971.73,1.0,0.0,0.688,2.2365,kepco_hybrid_moe_load_v1,estimated,source_truncated_excel_cap,2026-08-11T07:19:12.117877+00:00,1.0.0
2022-06,2022,6,충남,charge_kwh_sum,395584.46,395584.46,623793.67,1.0,0.0,0.4585,2.2365,kepco_hybrid_moe_load_v1,estimated,source_truncated_excel_cap,2026-08-11T07:19:12.117877+00:00,1.0.0
2022-06,2022,6,전북,charge_kwh_sum,455686.25,455686.25,567622.68,1.0,0.0,0.6028,2.2365,kepco_hybrid_moe_load_v1,estimated,source_truncated_excel_cap,2026-08-11T07:19:12.117877+00:00,1.0.0
2022-06,2022,6,전남,charge_kwh_sum,961150.94,961150.94,756830.23,1.0,0.0,1.6269,2.2365,kepco_hybrid_moe_load_v1,estimated,source_truncated_excel_cap,2026-08-11T07:19:12.117877+00:00,1.0.0
2022-06,2022,6,경북,charge_kwh_sum,724393.82,724393.82,1034728.83,1.0,0.0,0.5455,2.2365,kepco_hybrid_moe_load_v1,estimated,source_truncated_excel_cap,2026-08-11T07:19:12.117877+00:00,1.0.0
2022-06,2022,6,경남,charge_kwh_sum,1186282.75,1186282.75,966732.37,1.0,0.0,1.2273,2.2365,kepco_hybrid_moe_load_v1,estimated,source_truncated_excel_cap,2026-08-11T07:19:12.117877+00:00,1.0.0
2022-06,2022,6,제주,charge_kwh_sum,772792.09,772792.09,570579.04,1.0,0.0,2.5602,2.2365,kepco_hybrid_moe_load_v1,estimated,source_truncated_excel_cap,2026-08-11T07:19:12.117877+00:00,1.0.0
2022-07,2022,7,서울,charge_kwh_sum,1684603.2,1684603.2,0.0,1.0,0.0,2.2049,2.3531,kepco_hybrid_moe_load_v1,estimated,source_truncated_excel_cap,2026-08-11T07:19:12.117877+00:00,1.0.0
2022-07,2022,7,부산,charge_kwh_sum,625285.83,625285.83,0.0,1.0,0.0,2.0446,2.3531,kepco_hybrid_moe_load_v1,estimated,source_truncated_excel_cap,2026-08-11T07:19:12.117877+00:00,1.0.0
2022-07,2022,7,대구,charge_kwh_sum,897831.88,897831.88,0.0,1.0,0.0,2.2181,2.3531,kepco_hybrid_moe_load_v1,estimated,source_truncated_excel_cap,2026-08-11T07:19:12.117877+00:00,1.0.0
2022-07,2022,7,인천,charge_kwh_sum,785829.51,785829.51,0.0,1.0,0.0,1.2018,2.3531,kepco_hybrid_moe_load_v1,estimated,source_truncated_excel_cap,2026-08-11T07:19:12.117877+00:00,1.0.0
2022-07,2022,7,광주,charge_kwh_sum,586083.95,586083.95,0.0,1.0,0.0,2.305,2.3531,kepco_hybrid_moe_load_v1,estimated,source_truncated_excel_cap,2026-08-11T07:19:12.117877+00:00,1.0.0
2022-07,2022,7,대전,charge_kwh_sum,643985.5,643985.5,0.0,1.0,0.0,1.7782,2.3531,kepco_hybrid_moe_load_v1,estimated,source_truncated_excel_cap,2026-08-11T07:19:12.117877+00:00,1.0.0
2022-07,2022,7,울산,charge_kwh_sum,205287.46,205287.46,0.0,1.0,0.0,0.5719,2.3531,kepco_hybrid_moe_load_v1,estimated,source_truncated_excel_cap,2026-08-11T07:19:12.117877+00:00,1.0.0
2022-07,2022,7,세종,charge_kwh_sum,193150.83,193150.83,0.0,1.0,0.0,2.8987,2.3531,kepco_hybrid_moe_load_v1,estimated,source_truncated_excel_cap,2026-08-11T07:19:12.117877+00:00,1.0.0
2022-07,2022,7,경기,charge_kwh_sum,2445860.48,2445860.48,0.0,1.0,0.0,1.1309,2.3531,kepco_hybrid_moe_load_v1,estimated,source_truncated_excel_cap,2026-08-11T07:19:12.117877+00:00,1.0.0
2022-07,2022,7,강원,charge_kwh_sum,1046166.74,1046166.74,0.0,1.0,0.0,1.1109,2.3531,kepco_hybrid_moe_load_v1,estimated,source_truncated_excel_cap,2026-08-11T07:19:12.117877+00:00,1.0.0
2022-07,2022,7,충북,charge_kwh_sum,660148.99,660148.99,0.0,1.0,0.0,0.688,2.3531,kepco_hybrid_moe_load_v1,estimated,source_truncated_excel_cap,2026-08-11T07:19:12.117877+00:00,1.0.0
2022-07,2022,7,충남,charge_kwh_sum,448517.36,448517.36,0.0,1.0,0.0,0.4585,2.3531,kepco_hybrid_moe_load_v1,estimated,source_truncated_excel_cap,2026-08-11T07:19:12.117877+00:00,1.0.0
2022-07,2022,7,전북,charge_kwh_sum,519492.49,519492.49,0.0,1.0,0.0,0.6028,2.3531,kepco_hybrid_moe_load_v1,estimated,source_truncated_excel_cap,2026-08-11T07:19:12.117877+00:00,1.0.0
2022-07,2022,7,전남,charge_kwh_sum,1110373.22,1110373.22,0.0,1.0,0.0,1.6269,2.3531,kepco_hybrid_moe_load_v1,estimated,source_truncated_excel_cap,2026-08-11T07:19:12.117877+00:00,1.0.0
2022-07,2022,7,경북,charge_kwh_sum,826444.61,826444.61,0.0,1.0,0.0,0.5455,2.3531,kepco_hybrid_moe_load_v1,estimated,source_truncated_excel_cap,2026-08-11T07:19:12.117877+00:00,1.0.0
2022-07,2022,7,경남,charge_kwh_sum,1378988.88,1378988.88,0.0,1.0,0.0,1.2273,2.3531,kepco_hybrid_moe_load_v1,estimated,source_truncated_excel_cap,2026-08-11T07:19:12.117877+00:00,1.0.0
2022-07,2022,7,제주,charge_kwh_sum,901299.44,901299.44,0.0,1.0,0.0,2.5602,2.3531,kepco_hybrid_moe_load_v1,estimated,source_truncated_excel_cap,2026-08-11T07:19:12.117877+00:00,1.0.0
2022-08,2022,8,서울,charge_kwh_sum,1686094.7,1686094.7,0.0,1.0,0.0,2.2049,2.3848,kepco_hybrid_moe_load_v1,estimated,source_truncated_excel_cap,2026-08-11T07:19:12.117877+00:00,1.0.0
2022-08,2022,8,부산,charge_kwh_sum,668895.12,668895.12,0.0,1.0,0.0,2.0446,2.3848,kepco_hybrid_moe_load_v1,estimated,source_truncated_excel_cap,2026-08-11T07:19:12.117877+00:00,1.0.0
2022-08,2022,8,대구,charge_kwh_sum,916225.11,916225.11,0.0,1.0,0.0,2.2181,2.3848,kepco_hybrid_moe_load_v1,estimated,source_truncated_excel_cap,2026-08-11T07:19:12.117877+00:00,1.0.0
2022-08,2022,8,인천,charge_kwh_sum,795427.98,795427.98,0.0,1.0,0.0,1.2018,2.3848,kepco_hybrid_moe_load_v1,estimated,source_truncated_excel_cap,2026-08-11T07:19:12.117877+00:00,1.0.0
2022-08,2022,8,광주,charge_kwh_sum,605820.45,605820.45,0.0,1.0,0.0,2.305,2.3848,kepco_hybrid_moe_load_v1,estimated,source_truncated_excel_cap,2026-08-11T07:19:12.117877+00:00,1.0.0
2022-08,2022,8,대전,charge_kwh_sum,635393.95,635393.95,0.0,1.0,0.0,1.7782,2.3848,kepco_hybrid_moe_load_v1,estimated,source_truncated_excel_cap,2026-08-11T07:19:12.117877+00:00,1.0.0
2022-08,2022,8,울산,charge_kwh_sum,213014.99,213014.99,0.0,1.0,0.0,0.5719,2.3848,kepco_hybrid_moe_load_v1,estimated,source_truncated_excel_cap,2026-08-11T07:19:12.117877+00:00,1.0.0
2022-08,2022,8,세종,charge_kwh_sum,205210.24,205210.24,0.0,1.0,0.0,2.8987,2.3848,kepco_hybrid_moe_load_v1,estimated,source_truncated_excel_cap,2026-08-11T07:19:12.117877+00:00,1.0.0
2022-08,2022,8,경기,charge_kwh_sum,2408426.56,2408426.56,0.0,1.0,0.0,1.1309,2.3848,kepco_hybrid_moe_load_v1,estimated,source_truncated_excel_cap,2026-08-11T07:19:12.117877+00:00,1.0.0
2022-08,2022,8,강원,charge_kwh_sum,1146463.55,1146463.55,0.0,1.0,0.0,1.1109,2.3848,kepco_hybrid_moe_load_v1,estimated,source_truncated_excel_cap,2026-08-11T07:19:12.117877+00:00,1.0.0
2022-08,2022,8,충북,charge_kwh_sum,720569.86,720569.86,0.0,1.0,0.0,0.688,2.3848,kepco_hybrid_moe_load_v1,estimated,source_truncated_excel_cap,2026-08-11T07:19:12.117877+00:00,1.0.0
2022-08,2022,8,충남,charge_kwh_sum,467491.27,467491.27,0.0,1.0,0.0,0.4585,2.3848,kepco_hybrid_moe_load_v1,estimated,source_truncated_excel_cap,2026-08-11T07:19:12.117877+00:00,1.0.0
2022-08,2022,8,전북,charge_kwh_sum,570000.02,570000.02,0.0,1.0,0.0,0.6028,2.3848,kepco_hybrid_moe_load_v1,estimated,source_truncated_excel_cap,2026-08-11T07:19:12.117877+00:00,1.0.0
2022-08,2022,8,전남,charge_kwh_sum,1171878.32,1171878.32,0.0,1.0,0.0,1.6269,2.3848,kepco_hybrid_moe_load_v1,estimated,source_truncated_excel_cap,2026-08-11T07:19:12.117877+00:00,1.0.0
2022-08,2022,8,경북,charge_kwh_sum,868331.65,868331.65,0.0,1.0,0.0,0.5455,2.3848,kepco_hybrid_moe_load_v1,estimated,source_truncated_excel_cap,2026-08-11T07:19:12.117877+00:00,1.0.0
2022-08,2022,8,경남,charge_kwh_sum,1438164.63,1438164.63,0.0,1.0,0.0,1.2273,2.3848,kepco_hybrid_moe_load_v1,estimated,source_truncated_excel_cap,2026-08-11T07:19:12.117877+00:00,1.0.0
2022-08,2022,8,제주,charge_kwh_sum,1040519.92,1040519.92,0.0,1.0,0.0,2.5602,2.3848,kepco_hybrid_moe_load_v1,estimated,source_truncated_excel_cap,2026-08-11T07:19:12.117877+00:00,1.0.0
2022-09,2022,9,서울,charge_kwh_sum,1564299.66,1564299.66,0.0,1.0,0.0,2.2049,2.5917,kepco_hybrid_moe_load_v1,estimated,source_truncated_excel_cap,2026-08-11T07:19:12.117877+00:00,1.0.0
2022-09,2022,9,부산,charge_kwh_sum,631932.37,631932.37,0.0,1.0,0.0,2.0446,2.5917,kepco_hybrid_moe_load_v1,estimated,source_truncated_excel_cap,2026-08-11T07:19:12.117877+00:00,1.0.0
2022-09,2022,9,대구,charge_kwh_sum,871138.41,871138.41,0.0,1.0,0.0,2.2181,2.5917,kepco_hybrid_moe_load_v1,estimated,source_truncated_excel_cap,2026-08-11T07:19:12.117877+00:00,1.0.0
2022-09,2022,9,인천,charge_kwh_sum,736915.68,736915.68,0.0,1.0,0.0,1.2018,2.5917,kepco_hybrid_moe_load_v1,estimated,source_truncated_excel_cap,2026-08-11T07:19:12.117877+00:00,1.0.0
2022-09,2022,9,광주,charge_kwh_sum,579305.91,579305.91,0.0,1.0,0.0,2.305,2.5917,kepco_hybrid_moe_load_v1,estimated,source_truncated_excel_cap,2026-08-11T07:19:12.117877+00:00,1.0.0
2022-09,2022,9,대전,charge_kwh_sum,607495.58,607495.58,0.0,1.0,0.0,1.7782,2.5917,kepco_hybrid_moe_load_v1,estimated,source_truncated_excel_cap,2026-08-11T07:19:12.117877+00:00,1.0.0
2022-09,2022,9,울산,charge_kwh_sum,191917.57,191917.57,0.0,1.0,0.0,0.5719,2.5917,kepco_hybrid_moe_load_v1,estimated,source_truncated_excel_cap,2026-08-11T07:19:12.117877+00:00,1.0.0
2022-09,2022,9,세종,charge_kwh_sum,181121.25,181121.25,0.0,1.0,0.0,2.8987,2.5917,kepco_hybrid_moe_load_v1,estimated,source_truncated_excel_cap,2026-08-11T07:19:12.117877+00:00,1.0.0
2022-09,2022,9,경기,charge_kwh_sum,2291524.96,2291524.96,0.0,1.0,0.0,1.1309,2.5917,kepco_hybrid_moe_load_v1,estimated,source_truncated_excel_cap,2026-08-11T07:19:12.117877+00:00,1.0.0
2022-09,2022,9,강원,charge_kwh_sum,990284.48,990284.48,0.0,1.0,0.0,1.1109,2.5917,kepco_hybrid_moe_load_v1,estimated,source_truncated_excel_cap,2026-08-11T07:19:12.117877+00:00,1.0.0
2022-09,2022,9,충북,charge_kwh_sum,705278.05,705278.05,0.0,1.0,0.0,0.688,2.5917,kepco_hybrid_moe_load_v1,estimated,source_truncated_excel_cap,2026-08-11T07:19:12.117877+00:00,1.0.0
2022-09,2022,9,충남,charge_kwh_sum,466977.99,466977.99,0.0,1.0,0.0,0.4585,2.5917,kepco_hybrid_moe_load_v1,estimated,source_truncated_excel_cap,2026-08-11T07:19:12.117877+00:00,1.0.0
2022-09,2022,9,전북,charge_kwh_sum,589142.46,589142.46,0.0,1.0,0.0,0.6028,2.5917,kepco_hybrid_moe_load_v1,estimated,source_truncated_excel_cap,2026-08-11T07:19:12.117877+00:00,1.0.0
2022-09,2022,9,전남,charge_kwh_sum,1031718.32,1031718.32,0.0,1.0,0.0,1.6269,2.5917,kepco_hybrid_moe_load_v1,estimated,source_truncated_excel_cap,2026-08-11T07:19:12.117877+00:00,1.0.0
2022-09,2022,9,경북,charge_kwh_sum,835989.89,835989.89,0.0,1.0,0.0,0.5455,2.5917,kepco_hybrid_moe_load_v1,estimated,source_truncated_excel_cap,2026-08-11T07:19:12.117877+00:00,1.0.0
2022-09,2022,9,경남,charge_kwh_sum,1328223.24,1328223.24,0.0,1.0,0.0,1.2273,2.5917,kepco_hybrid_moe_load_v1,estimated,source_truncated_excel_cap,2026-08-11T07:19:12.117877+00:00,1.0.0
2022-09,2022,9,제주,charge_kwh_sum,777044.49,777044.49,0.0,1.0,0.0,2.5602,2.5917,kepco_hybrid_moe_load_v1,estimated,source_truncated_excel_cap,2026-08-11T07:19:12.117877+00:00,1.0.0
2022-10,2022,10,서울,charge_kwh_sum,1665965.75,1665965.75,0.0,1.0,0.0,2.2049,2.5856,kepco_hybrid_moe_load_v1,estimated,source_truncated_excel_cap,2026-08-11T07:19:12.117877+00:00,1.0.0
2022-10,2022,10,부산,charge_kwh_sum,680440.83,680440.83,0.0,1.0,0.0,2.0446,2.5856,kepco_hybrid_moe_load_v1,estimated,source_truncated_excel_cap,2026-08-11T07:19:12.117877+00:00,1.0.0
2022-10,2022,10,대구,charge_kwh_sum,934202.94,934202.94,0.0,1.0,0.0,2.2181,2.5856,kepco_hybrid_moe_load_v1,estimated,source_truncated_excel_cap,2026-08-11T07:19:12.117877+00:00,1.0.0
2022-10,2022,10,인천,charge_kwh_sum,829289.39,829289.39,0.0,1.0,0.0,1.2018,2.5856,kepco_hybrid_moe_load_v1,estimated,source_truncated_excel_cap,2026-08-11T07:19:12.117877+00:00,1.0.0
2022-10,2022,10,광주,charge_kwh_sum,618922.22,618922.22,0.0,1.0,0.0,2.305,2.5856,kepco_hybrid_moe_load_v1,estimated,source_truncated_excel_cap,2026-08-11T07:19:12.117877+00:00,1.0.0
2022-10,2022,10,대전,charge_kwh_sum,667827.91,667827.91,0.0,1.0,0.0,1.7782,2.5856,kepco_hybrid_moe_load_v1,estimated,source_truncated_excel_cap,2026-08-11T07:19:12.117877+00:00,1.0.0
2022-10,2022,10,울산,charge_kwh_sum,223773.13,223773.13,0.0,1.0,0.0,0.5719,2.5856,kepco_hybrid_moe_load_v1,estimated,source_truncated_excel_cap,2026-08-11T07:19:12.117877+00:00,1.0.0
2022-10,2022,10,세종,charge_kwh_sum,201638.03,201638.03,0.0,1.0,0.0,2.8987,2.5856,kepco_hybrid_moe_load_v1,estimated,source_truncated_excel_cap,2026-08-11T07:19:12.117877+00:00,1.0.0
2022-10,2022,10,경기,charge_kwh_sum,2566426.5,2566426.5,0.0,1.0,0.0,1.1309,2.5856,kepco_hybrid_moe_load_v1,estimated,source_truncated_excel_cap,2026-08-11T07:19:12.117877+00:00,1.0.0
2022-10,2022,10,강원,charge_kwh_sum,1184733.4,1184733.4,0.0,1.0,0.0,1.1109,2.5856,kepco_hybrid_moe_load_v1,estimated,source_truncated_excel_cap,2026-08-11T07:19:12.117877+00:00,1.0.0
2022-10,2022,10,충북,charge_kwh_sum,832093.96,832093.96,0.0,1.0,0.0,0.688,2.5856,kepco_hybrid_moe_load_v1,estimated,source_truncated_excel_cap,2026-08-11T07:19:12.117877+00:00,1.0.0
2022-10,2022,10,충남,charge_kwh_sum,540875.34,540875.34,0.0,1.0,0.0,0.4585,2.5856,kepco_hybrid_moe_load_v1,estimated,source_truncated_excel_cap,2026-08-11T07:19:12.117877+00:00,1.0.0
2022-10,2022,10,전북,charge_kwh_sum,647957.78,647957.78,0.0,1.0,0.0,0.6028,2.5856,kepco_hybrid_moe_load_v1,estimated,source_truncated_excel_cap,2026-08-11T07:19:12.117877+00:00,1.0.0
2022-10,2022,10,전남,charge_kwh_sum,1192846.54,1192846.54,0.0,1.0,0.0,1.6269,2.5856,kepco_hybrid_moe_load_v1,estimated,source_truncated_excel_cap,2026-08-11T07:19:12.117877+00:00,1.0.0
2022-10,2022,10,경북,charge_kwh_sum,994602.71,994602.71,0.0,1.0,0.0,0.5455,2.5856,kepco_hybrid_moe_load_v1,estimated,source_truncated_excel_cap,2026-08-11T07:19:12.117877+00:00,1.0.0
2022-10,2022,10,경남,charge_kwh_sum,1497547.37,1497547.37,0.0,1.0,0.0,1.2273,2.5856,kepco_hybrid_moe_load_v1,estimated,source_truncated_excel_cap,2026-08-11T07:19:12.117877+00:00,1.0.0
2022-10,2022,10,제주,charge_kwh_sum,939769.81,939769.81,0.0,1.0,0.0,2.5602,2.5856,kepco_hybrid_moe_load_v1,estimated,source_truncated_excel_cap,2026-08-11T07:19:12.117877+00:00,1.0.0
2022-11,2022,11,서울,charge_kwh_sum,1741773.36,1741773.36,0.0,1.0,0.0,2.2049,2.4244,kepco_hybrid_moe_load_v1,estimated,source_truncated_excel_cap,2026-08-11T07:19:12.117877+00:00,1.0.0
2022-11,2022,11,부산,charge_kwh_sum,697099.4,697099.4,0.0,1.0,0.0,2.0446,2.4244,kepco_hybrid_moe_load_v1,estimated,source_truncated_excel_cap,2026-08-11T07:19:12.117877+00:00,1.0.0
2022-11,2022,11,대구,charge_kwh_sum,961245.09,961245.09,0.0,1.0,0.0,2.2181,2.4244,kepco_hybrid_moe_load_v1,estimated,source_truncated_excel_cap,2026-08-11T07:19:12.117877+00:00,1.0.0
2022-11,2022,11,인천,charge_kwh_sum,844545.16,844545.16,0.0,1.0,0.0,1.2018,2.4244,kepco_hybrid_moe_load_v1,estimated,source_truncated_excel_cap,2026-08-11T07:19:12.117877+00:00,1.0.0
2022-11,2022,11,광주,charge_kwh_sum,612562.01,612562.01,0.0,1.0,0.0,2.305,2.4244,kepco_hybrid_moe_load_v1,estimated,source_truncated_excel_cap,2026-08-11T07:19:12.117877+00:00,1.0.0
2022-11,2022,11,대전,charge_kwh_sum,736178.76,736178.76,0.0,1.0,0.0,1.7782,2.4244,kepco_hybrid_moe_load_v1,estimated,source_truncated_excel_cap,2026-08-11T07:19:12.117877+00:00,1.0.0
2022-11,2022,11,울산,charge_kwh_sum,216404.49,216404.49,0.0,1.0,0.0,0.5719,2.4244,kepco_hybrid_moe_load_v1,estimated,source_truncated_excel_cap,2026-08-11T07:19:12.117877+00:00,1.0.0
2022-11,2022,11,세종,charge_kwh_sum,190737.82,190737.82,0.0,1.0,0.0,2.8987,2.4244,kepco_hybrid_moe_load_v1,estimated,source_truncated_excel_cap,2026-08-11T07:19:12.117877+00:00,1.0.0
2022-11,2022,11,경기,charge_kwh_sum,2669082.05,2669082.05,0.0,1.0,0.0,1.1309,2.4244,kepco_hybrid_moe_load_v1,estimated,source_truncated_excel_cap,2026-08-11T07:19:12.117877+00:00,1.0.0
2022-11,2022,11,강원,charge_kwh_sum,1115049.92,1115049.92,0.0,1.0,0.0,1.1109,2.4244,kepco_hybrid_moe_load_v1,estimated,source_truncated_excel_cap,2026-08-11T07:19:12.117877+00:00,1.0.0
2022-11,2022,11,충북,charge_kwh_sum,839279.65,839279.65,0.0,1.0,0.0,0.688,2.4244,kepco_hybrid_moe_load_v1,estimated,source_truncated_excel_cap,2026-08-11T07:19:12.117877+00:00,1.0.0
2022-11,2022,11,충남,charge_kwh_sum,553403.25,553403.25,0.0,1.0,0.0,0.4585,2.4244,kepco_hybrid_moe_load_v1,estimated,source_truncated_excel_cap,2026-08-11T07:19:12.117877+00:00,1.0.0
2022-11,2022,11,전북,charge_kwh_sum,625845.79,625845.79,0.0,1.0,0.0,0.6028,2.4244,kepco_hybrid_moe_load_v1,estimated,source_truncated_excel_cap,2026-08-11T07:19:12.117877+00:00,1.0.0
2022-11,2022,11,전남,charge_kwh_sum,1172027.6,1172027.6,0.0,1.0,0.0,1.6269,2.4244,kepco_hybrid_moe_load_v1,estimated,source_truncated_excel_cap,2026-08-11T07:19:12.117877+00:00,1.0.0
2022-11,2022,11,경북,charge_kwh_sum,1015962.73,1015962.73,0.0,1.0,0.0,0.5455,2.4244,kepco_hybrid_moe_load_v1,estimated,source_truncated_excel_cap,2026-08-11T07:19:12.117877+00:00,1.0.0
2022-11,2022,11,경남,charge_kwh_sum,1486752.09,1486752.09,0.0,1.0,0.0,1.2273,2.4244,kepco_hybrid_moe_load_v1,estimated,source_truncated_excel_cap,2026-08-11T07:19:12.117877+00:00,1.0.0
2022-11,2022,11,제주,charge_kwh_sum,1006723.35,1006723.35,0.0,1.0,0.0,2.5602,2.4244,kepco_hybrid_moe_load_v1,estimated,source_truncated_excel_cap,2026-08-11T07:19:12.117877+00:00,1.0.0
2022-12,2022,12,서울,charge_kwh_sum,2310837.76,2310837.76,0.0,1.0,0.0,2.2049,2.5883,kepco_hybrid_moe_load_v1,estimated,source_truncated_excel_cap,2026-08-11T07:19:12.117877+00:00,1.0.0
2022-12,2022,12,부산,charge_kwh_sum,820876.81,820876.81,0.0,1.0,0.0,2.0446,2.5883,kepco_hybrid_moe_load_v1,estimated,source_truncated_excel_cap,2026-08-11T07:19:12.117877+00:00,1.0.0
2022-12,2022,12,대구,charge_kwh_sum,1118884.42,1118884.42,0.0,1.0,0.0,2.2181,2.5883,kepco_hybrid_moe_load_v1,estimated,source_truncated_excel_cap,2026-08-11T07:19:12.117877+00:00,1.0.0
2022-12,2022,12,인천,charge_kwh_sum,1035482.05,1035482.05,0.0,1.0,0.0,1.2018,2.5883,kepco_hybrid_moe_load_v1,estimated,source_truncated_excel_cap,2026-08-11T07:19:12.117877+00:00,1.0.0
2022-12,2022,12,광주,charge_kwh_sum,685345.13,685345.13,0.0,1.0,0.0,2.305,2.5883,kepco_hybrid_moe_load_v1,estimated,source_truncated_excel_cap,2026-08-11T07:19:12.117877+00:00,1.0.0
2022-12,2022,12,대전,charge_kwh_sum,896001.63,896001.63,0.0,1.0,0.0,1.7782,2.5883,kepco_hybrid_moe_load_v1,estimated,source_truncated_excel_cap,2026-08-11T07:19:12.117877+00:00,1.0.0
2022-12,2022,12,울산,charge_kwh_sum,248430.66,248430.66,0.0,1.0,0.0,0.5719,2.5883,kepco_hybrid_moe_load_v1,estimated,source_truncated_excel_cap,2026-08-11T07:19:12.117877+00:00,1.0.0
2022-12,2022,12,세종,charge_kwh_sum,220315.34,220315.34,0.0,1.0,0.0,2.8987,2.5883,kepco_hybrid_moe_load_v1,estimated,source_truncated_excel_cap,2026-08-11T07:19:12.117877+00:00,1.0.0
2022-12,2022,12,경기,charge_kwh_sum,3161098.99,3161098.99,0.0,1.0,0.0,1.1309,2.5883,kepco_hybrid_moe_load_v1,estimated,source_truncated_excel_cap,2026-08-11T07:19:12.117877+00:00,1.0.0
2022-12,2022,12,강원,charge_kwh_sum,1252597.67,1252597.67,0.0,1.0,0.0,1.1109,2.5883,kepco_hybrid_moe_load_v1,estimated,source_truncated_excel_cap,2026-08-11T07:19:12.117877+00:00,1.0.0
2022-12,2022,12,충북,charge_kwh_sum,909288.57,909288.57,0.0,1.0,0.0,0.688,2.5883,kepco_hybrid_moe_load_v1,estimated,source_truncated_excel_cap,2026-08-11T07:19:12.117877+00:00,1.0.0
2022-12,2022,12,충남,charge_kwh_sum,595725.45,595725.45,0.0,1.0,0.0,0.4585,2.5883,kepco_hybrid_moe_load_v1,estimated,source_truncated_excel_cap,2026-08-11T07:19:12.117877+00:00,1.0.0
2022-12,2022,12,전북,charge_kwh_sum,634294.28,634294.28,0.0,1.0,0.0,0.6028,2.5883,kepco_hybrid_moe_load_v1,estimated,source_truncated_excel_cap,2026-08-11T07:19:12.117877+00:00,1.0.0
2022-12,2022,12,전남,charge_kwh_sum,1245717.5,1245717.5,0.0,1.0,0.0,1.6269,2.5883,kepco_hybrid_moe_load_v1,estimated,source_truncated_excel_cap,2026-08-11T07:19:12.117877+00:00,1.0.0
2022-12,2022,12,경북,charge_kwh_sum,1136668.57,1136668.57,0.0,1.0,0.0,0.5455,2.5883,kepco_hybrid_moe_load_v1,estimated,source_truncated_excel_cap,2026-08-11T07:19:12.117877+00:00,1.0.0
2022-12,2022,12,경남,charge_kwh_sum,1675906.81,1675906.81,0.0,1.0,0.0,1.2273,2.5883,kepco_hybrid_moe_load_v1,estimated,source_truncated_excel_cap,2026-08-11T07:19:12.117877+00:00,1.0.0
2022-12,2022,12,제주,charge_kwh_sum,1190826.18,1190826.18,0.0,1.0,0.0,2.5602,2.5883,kepco_hybrid_moe_load_v1,estimated,source_truncated_excel_cap,2026-08-11T07:19:12.117877+00:00,1.0.0
2023-01,2023,1,서울,charge_kwh_sum,2003663.5,2003663.5,1004668.97,1.0,0.0,2.2049,2.7346,kepco_hybrid_moe_load_v1,estimated,source_truncated_excel_cap,2026-08-11T07:19:12.117877+00:00,1.0.0
2023-01,2023,1,부산,charge_kwh_sum,716781.85,716781.85,343702.54,1.0,0.0,2.0446,2.7346,kepco_hybrid_moe_load_v1,estimated,source_truncated_excel_cap,2026-08-11T07:19:12.117877+00:00,1.0.0
2023-01,2023,1,대구,charge_kwh_sum,973874.67,973874.67,356921.87,1.0,0.0,2.2181,2.7346,kepco_hybrid_moe_load_v1,estimated,source_truncated_excel_cap,2026-08-11T07:19:12.117877+00:00,1.0.0
2023-01,2023,1,인천,charge_kwh_sum,905118.33,905118.33,324817.79,1.0,0.0,1.2018,2.7346,kepco_hybrid_moe_load_v1,estimated,source_truncated_excel_cap,2026-08-11T07:19:12.117877+00:00,1.0.0
2023-01,2023,1,광주,charge_kwh_sum,612369.22,612369.22,188847.55,1.0,0.0,2.305,2.7346,kepco_hybrid_moe_load_v1,estimated,source_truncated_excel_cap,2026-08-11T07:19:12.117877+00:00,1.0.0
2023-01,2023,1,대전,charge_kwh_sum,772025.95,772025.95,224728.59,1.0,0.0,1.7782,2.7346,kepco_hybrid_moe_load_v1,estimated,source_truncated_excel_cap,2026-08-11T07:19:12.117877+00:00,1.0.0
2023-01,2023,1,울산,charge_kwh_sum,221755.92,221755.92,94423.78,1.0,0.0,0.5719,2.7346,kepco_hybrid_moe_load_v1,estimated,source_truncated_excel_cap,2026-08-11T07:19:12.117877+00:00,1.0.0
2023-01,2023,1,세종,charge_kwh_sum,201450.86,201450.86,134081.76,1.0,0.0,2.8987,2.7346,kepco_hybrid_moe_load_v1,estimated,source_truncated_excel_cap,2026-08-11T07:19:12.117877+00:00,1.0.0
2023-01,2023,1,경기,charge_kwh_sum,2736961.13,2736961.13,1423910.53,1.0,0.0,1.1309,2.7346,kepco_hybrid_moe_load_v1,estimated,source_truncated_excel_cap,2026-08-11T07:19:12.117877+00:00,1.0.0
2023-01,2023,1,강원,charge_kwh_sum,1084361.84,1084361.84,479672.78,1.0,0.0,1.1109,2.7346,kepco_hybrid_moe_load_v1,estimated,source_truncated_excel_cap,2026-08-11T07:19:12.117877+00:00,1.0.0
2023-01,2023,1,충북,charge_kwh_sum,798650.18,798650.18,360698.82,1.0,0.0,0.688,2.7346,kepco_hybrid_moe_load_v1,estimated,source_truncated_excel_cap,2026-08-11T07:19:12.117877+00:00,1.0.0
2023-01,2023,1,충남,charge_kwh_sum,544031.15,544031.15,402245.28,1.0,0.0,0.4585,2.7346,kepco_hybrid_moe_load_v1,estimated,source_truncated_excel_cap,2026-08-11T07:19:12.117877+00:00,1.0.0
2023-01,2023,1,전북,charge_kwh_sum,596323.92,596323.92,373918.15,1.0,0.0,0.6028,2.7346,kepco_hybrid_moe_load_v1,estimated,source_truncated_excel_cap,2026-08-11T07:19:12.117877+00:00,1.0.0
2023-01,2023,1,전남,charge_kwh_sum,1179455.37,1179455.37,496669.06,1.0,0.0,1.6269,2.7346,kepco_hybrid_moe_load_v1,estimated,source_truncated_excel_cap,2026-08-11T07:19:12.117877+00:00,1.0.0
2023-01,2023,1,경북,charge_kwh_sum,1049082.29,1049082.29,696847.46,1.0,0.0,0.5455,2.7346,kepco_hybrid_moe_load_v1,estimated,source_truncated_excel_cap,2026-08-11T07:19:12.117877+00:00,1.0.0
2023-01,2023,1,경남,charge_kwh_sum,1511977.38,1511977.38,643970.15,1.0,0.0,1.2273,2.7346,kepco_hybrid_moe_load_v1,estimated,source_truncated_excel_cap,2026-08-11T07:19:12.117877+00:00,1.0.0
2023-01,2023,1,제주,charge_kwh_sum,1108936.56,1108936.56,379583.58,1.0,0.0,2.5602,2.7346,kepco_hybrid_moe_load_v1,estimated,source_truncated_excel_cap,2026-08-11T07:19:12.117877+00:00,1.0.0
2023-02,2023,2,서울,charge_kwh_sum,1612955.74,1612955.74,860434.47,1.0,0.0,2.2049,2.7768,kepco_hybrid_moe_load_v1,estimated,source_truncated_excel_cap,2026-08-11T07:19:12.117877+00:00,1.0.0
2023-02,2023,2,부산,charge_kwh_sum,586961.07,586961.07,294359.16,1.0,0.0,2.0446,2.7768,kepco_hybrid_moe_load_v1,estimated,source_truncated_excel_cap,2026-08-11T07:19:12.117877+00:00,1.0.0
2023-02,2023,2,대구,charge_kwh_sum,777663.8,777663.8,305680.67,1.0,0.0,2.2181,2.7768,kepco_hybrid_moe_load_v1,estimated,source_truncated_excel_cap,2026-08-11T07:19:12.117877+00:00,1.0.0
2023-02,2023,2,인천,charge_kwh_sum,728998.06,728998.06,278185.58,1.0,0.0,1.2018,2.7768,kepco_hybrid_moe_load_v1,estimated,source_truncated_excel_cap,2026-08-11T07:19:12.117877+00:00,1.0.0
2023-02,2023,2,광주,charge_kwh_sum,515892.29,515892.29,161735.8,1.0,0.0,2.305,2.7768,kepco_hybrid_moe_load_v1,estimated,source_truncated_excel_cap,2026-08-11T07:19:12.117877+00:00,1.0.0
2023-02,2023,2,대전,charge_kwh_sum,643365.3,643365.3,192465.61,1.0,0.0,1.7782,2.7768,kepco_hybrid_moe_load_v1,estimated,source_truncated_excel_cap,2026-08-11T07:19:12.117877+00:00,1.0.0
2023-02,2023,2,울산,charge_kwh_sum,179184.03,179184.03,80867.9,1.0,0.0,0.5719,2.7768,kepco_hybrid_moe_load_v1,estimated,source_truncated_excel_cap,2026-08-11T07:19:12.117877+00:00,1.0.0
2023-02,2023,2,세종,charge_kwh_sum,185645.12,185645.12,114832.42,1.0,0.0,2.8987,2.7768,kepco_hybrid_moe_load_v1,estimated,source_truncated_excel_cap,2026-08-11T07:19:12.117877+00:00,1.0.0
2023-02,2023,2,경기,charge_kwh_sum,2336495.44,2336495.44,1219487.96,1.0,0.0,1.1309,2.7768,kepco_hybrid_moe_load_v1,estimated,source_truncated_excel_cap,2026-08-11T07:19:12.117877+00:00,1.0.0
2023-02,2023,2,강원,charge_kwh_sum,893078.71,893078.71,410808.94,1.0,0.0,1.1109,2.7768,kepco_hybrid_moe_load_v1,estimated,source_truncated_excel_cap,2026-08-11T07:19:12.117877+00:00,1.0.0
2023-02,2023,2,충북,charge_kwh_sum,704388.3,704388.3,308915.38,1.0,0.0,0.688,2.7768,kepco_hybrid_moe_load_v1,estimated,source_truncated_excel_cap,2026-08-11T07:19:12.117877+00:00,1.0.0
2023-02,2023,2,충남,charge_kwh_sum,485507.76,485507.76,344497.26,1.0,0.0,0.4585,2.7768,kepco_hybrid_moe_load_v1,estimated,source_truncated_excel_cap,2026-08-11T07:19:12.117877+00:00,1.0.0
2023-02,2023,2,전북,charge_kwh_sum,513660.25,513660.25,320236.89,1.0,0.0,0.6028,2.7768,kepco_hybrid_moe_load_v1,estimated,source_truncated_excel_cap,2026-08-11T07:19:12.117877+00:00,1.0.0
2023-02,2023,2,전남,charge_kwh_sum,1024164.91,1024164.91,425365.16,1.0,0.0,1.6269,2.7768,kepco_hybrid_moe_load_v1,estimated,source_truncated_excel_cap,2026-08-11T07:19:12.117877+00:00,1.0.0
2023-02,2023,2,경북,charge_kwh_sum,897797.83,897797.83,596805.11,1.0,0.0,0.5455,2.7768,kepco_hybrid_moe_load_v1,estimated,source_truncated_excel_cap,2026-08-11T07:19:12.117877+00:00,1.0.0
2023-02,2023,2,경남,charge_kwh_sum,1262244.9,1262244.9,551519.09,1.0,0.0,1.2273,2.7768,kepco_hybrid_moe_load_v1,estimated,source_truncated_excel_cap,2026-08-11T07:19:12.117877+00:00,1.0.0
2023-02,2023,2,제주,charge_kwh_sum,1088643.94,1088643.94,325088.96,1.0,0.0,2.5602,2.7768,kepco_hybrid_moe_load_v1,estimated,source_truncated_excel_cap,2026-08-11T07:19:12.117877+00:00,1.0.0
2023-03,2023,3,서울,charge_kwh_sum,1439034.18,1439034.18,863688.11,1.0,0.0,2.2049,2.9858,kepco_hybrid_moe_load_v1,estimated,source_truncated_excel_cap,2026-08-11T07:19:12.117877+00:00,1.0.0
2023-03,2023,3,부산,charge_kwh_sum,618864.52,618864.52,295472.25,1.0,0.0,2.0446,2.9858,kepco_hybrid_moe_load_v1,estimated,source_truncated_excel_cap,2026-08-11T07:19:12.117877+00:00,1.0.0
2023-03,2023,3,대구,charge_kwh_sum,762687.78,762687.78,306836.57,1.0,0.0,2.2181,2.9858,kepco_hybrid_moe_load_v1,estimated,source_truncated_excel_cap,2026-08-11T07:19:12.117877+00:00,1.0.0
2023-03,2023,3,인천,charge_kwh_sum,696496.94,696496.94,279237.51,1.0,0.0,1.2018,2.9858,kepco_hybrid_moe_load_v1,estimated,source_truncated_excel_cap,2026-08-11T07:19:12.117877+00:00,1.0.0
2023-03,2023,3,광주,charge_kwh_sum,516579.7,516579.7,162347.39,1.0,0.0,2.305,2.9858,kepco_hybrid_moe_load_v1,estimated,source_truncated_excel_cap,2026-08-11T07:19:12.117877+00:00,1.0.0
2023-03,2023,3,대전,charge_kwh_sum,646179.16,646179.16,193193.39,1.0,0.0,1.7782,2.9858,kepco_hybrid_moe_load_v1,estimated,source_truncated_excel_cap,2026-08-11T07:19:12.117877+00:00,1.0.0
2023-03,2023,3,울산,charge_kwh_sum,185794.5,185794.5,81173.69,1.0,0.0,0.5719,2.9858,kepco_hybrid_moe_load_v1,estimated,source_truncated_excel_cap,2026-08-11T07:19:12.117877+00:00,1.0.0
2023-03,2023,3,세종,charge_kwh_sum,188914.71,188914.71,115266.65,1.0,0.0,2.8987,2.9858,kepco_hybrid_moe_load_v1,estimated,source_truncated_excel_cap,2026-08-11T07:19:12.117877+00:00,1.0.0
2023-03,2023,3,경기,charge_kwh_sum,2365107.42,2365107.42,1224099.32,1.0,0.0,1.1309,2.9858,kepco_hybrid_moe_load_v1,estimated,source_truncated_excel_cap,2026-08-11T07:19:12.117877+00:00,1.0.0
2023-03,2023,3,강원,charge_kwh_sum,892022.01,892022.01,412362.37,1.0,0.0,1.1109,2.9858,kepco_hybrid_moe_load_v1,estimated,source_truncated_excel_cap,2026-08-11T07:19:12.117877+00:00,1.0.0
2023-03,2023,3,충북,charge_kwh_sum,734607.9,734607.9,310083.51,1.0,0.0,0.688,2.9858,kepco_hybrid_moe_load_v1,estimated,source_truncated_excel_cap,2026-08-11T07:19:12.117877+00:00,1.0.0
2023-03,2023,3,충남,charge_kwh_sum,517992.48,517992.48,345799.94,1.0,0.0,0.4585,2.9858,kepco_hybrid_moe_load_v1,estimated,source_truncated_excel_cap,2026-08-11T07:19:12.117877+00:00,1.0.0
2023-03,2023,3,전북,charge_kwh_sum,578210.74,578210.74,321447.83,1.0,0.0,0.6028,2.9858,kepco_hybrid_moe_load_v1,estimated,source_truncated_excel_cap,2026-08-11T07:19:12.117877+00:00,1.0.0
2023-03,2023,3,전남,charge_kwh_sum,1205166.31,1205166.31,426973.63,1.0,0.0,1.6269,2.9858,kepco_hybrid_moe_load_v1,estimated,source_truncated_excel_cap,2026-08-11T07:19:12.117877+00:00,1.0.0
2023-03,2023,3,경북,charge_kwh_sum,936334.46,936334.46,599061.87,1.0,0.0,0.5455,2.9858,kepco_hybrid_moe_load_v1,estimated,source_truncated_excel_cap,2026-08-11T07:19:12.117877+00:00,1.0.0
2023-03,2023,3,경남,charge_kwh_sum,1406536.75,1406536.75,553604.6,1.0,0.0,1.2273,2.9858,kepco_hybrid_moe_load_v1,estimated,source_truncated_excel_cap,2026-08-11T07:19:12.117877+00:00,1.0.0
2023-03,2023,3,제주,charge_kwh_sum,1129523.95,1129523.95,326318.25,1.0,0.0,2.5602,2.9858,kepco_hybrid_moe_load_v1,estimated,source_truncated_excel_cap,2026-08-11T07:19:12.117877+00:00,1.0.0
2023-04,2023,4,서울,charge_kwh_sum,1323798.2,1323798.2,808129.17,1.0,0.0,2.2049,2.7363,kepco_hybrid_moe_load_v1,estimated,source_truncated_excel_cap,2026-08-11T07:19:12.117877+00:00,1.0.0
2023-04,2023,4,부산,charge_kwh_sum,581273.96,581273.96,276465.24,1.0,0.0,2.0446,2.7363,kepco_hybrid_moe_load_v1,estimated,source_truncated_excel_cap,2026-08-11T07:19:12.117877+00:00,1.0.0
2023-04,2023,4,대구,charge_kwh_sum,725133.48,725133.48,287098.52,1.0,0.0,2.2181,2.7363,kepco_hybrid_moe_load_v1,estimated,source_truncated_excel_cap,2026-08-11T07:19:12.117877+00:00,1.0.0
2023-04,2023,4,인천,charge_kwh_sum,628208.62,628208.62,261274.85,1.0,0.0,1.2018,2.7363,kepco_hybrid_moe_load_v1,estimated,source_truncated_excel_cap,2026-08-11T07:19:12.117877+00:00,1.0.0
2023-04,2023,4,광주,charge_kwh_sum,488230.57,488230.57,151903.98,1.0,0.0,2.305,2.7363,kepco_hybrid_moe_load_v1,estimated,source_truncated_excel_cap,2026-08-11T07:19:12.117877+00:00,1.0.0
2023-04,2023,4,대전,charge_kwh_sum,607829.66,607829.66,180765.74,1.0,0.0,1.7782,2.7363,kepco_hybrid_moe_load_v1,estimated,source_truncated_excel_cap,2026-08-11T07:19:12.117877+00:00,1.0.0
2023-04,2023,4,울산,charge_kwh_sum,169131.3,169131.3,75951.99,1.0,0.0,0.5719,2.7363,kepco_hybrid_moe_load_v1,estimated,source_truncated_excel_cap,2026-08-11T07:19:12.117877+00:00,1.0.0
2023-04,2023,4,세종,charge_kwh_sum,163805.96,163805.96,107851.83,1.0,0.0,2.8987,2.7363,kepco_hybrid_moe_load_v1,estimated,source_truncated_excel_cap,2026-08-11T07:19:12.117877+00:00,1.0.0
2023-04,2023,4,경기,charge_kwh_sum,2186460.76,2186460.76,1145356.01,1.0,0.0,1.1309,2.7363,kepco_hybrid_moe_load_v1,estimated,source_truncated_excel_cap,2026-08-11T07:19:12.117877+00:00,1.0.0
2023-04,2023,4,강원,charge_kwh_sum,903318.89,903318.89,385836.11,1.0,0.0,1.1109,2.7363,kepco_hybrid_moe_load_v1,estimated,source_truncated_excel_cap,2026-08-11T07:19:12.117877+00:00,1.0.0
2023-04,2023,4,충북,charge_kwh_sum,710529.72,710529.72,290136.6,1.0,0.0,0.688,2.7363,kepco_hybrid_moe_load_v1,estimated,source_truncated_excel_cap,2026-08-11T07:19:12.117877+00:00,1.0.0
2023-04,2023,4,충남,charge_kwh_sum,509567.85,509567.85,323555.48,1.0,0.0,0.4585,2.7363,kepco_hybrid_moe_load_v1,estimated,source_truncated_excel_cap,2026-08-11T07:19:12.117877+00:00,1.0.0
2023-04,2023,4,전북,charge_kwh_sum,574961.93,574961.93,300769.88,1.0,0.0,0.6028,2.7363,kepco_hybrid_moe_load_v1,estimated,source_truncated_excel_cap,2026-08-11T07:19:12.117877+00:00,1.0.0
2023-04,2023,4,전남,charge_kwh_sum,1226126.75,1226126.75,399507.47,1.0,0.0,1.6269,2.7363,kepco_hybrid_moe_load_v1,estimated,source_truncated_excel_cap,2026-08-11T07:19:12.117877+00:00,1.0.0
2023-04,2023,4,경북,charge_kwh_sum,918876.2,918876.2,560525.69,1.0,0.0,0.5455,2.7363,kepco_hybrid_moe_load_v1,estimated,source_truncated_excel_cap,2026-08-11T07:19:12.117877+00:00,1.0.0
2023-04,2023,4,경남,charge_kwh_sum,1360860.21,1360860.21,517992.57,1.0,0.0,1.2273,2.7363,kepco_hybrid_moe_load_v1,estimated,source_truncated_excel_cap,2026-08-11T07:19:12.117877+00:00,1.0.0
2023-04,2023,4,제주,charge_kwh_sum,1147775.26,1147775.26,305327.0,1.0,0.0,2.5602,2.7363,kepco_hybrid_moe_load_v1,estimated,source_truncated_excel_cap,2026-08-11T07:19:12.117877+00:00,1.0.0
2023-05,2023,5,서울,charge_kwh_sum,1320024.42,1320024.42,824180.4,1.0,0.0,2.2049,2.5944,kepco_hybrid_moe_load_v1,estimated,source_truncated_excel_cap,2026-08-11T07:19:12.117877+00:00,1.0.0
2023-05,2023,5,부산,charge_kwh_sum,597176.46,597176.46,281956.45,1.0,0.0,2.0446,2.5944,kepco_hybrid_moe_load_v1,estimated,source_truncated_excel_cap,2026-08-11T07:19:12.117877+00:00,1.0.0
2023-05,2023,5,대구,charge_kwh_sum,757257.24,757257.24,292800.93,1.0,0.0,2.2181,2.5944,kepco_hybrid_moe_load_v1,estimated,source_truncated_excel_cap,2026-08-11T07:19:12.117877+00:00,1.0.0
2023-05,2023,5,인천,charge_kwh_sum,651131.56,651131.56,266464.34,1.0,0.0,1.2018,2.5944,kepco_hybrid_moe_load_v1,estimated,source_truncated_excel_cap,2026-08-11T07:19:12.117877+00:00,1.0.0
2023-05,2023,5,광주,charge_kwh_sum,517009.98,517009.98,154921.13,1.0,0.0,2.305,2.5944,kepco_hybrid_moe_load_v1,estimated,source_truncated_excel_cap,2026-08-11T07:19:12.117877+00:00,1.0.0
2023-05,2023,5,대전,charge_kwh_sum,611362.18,611362.18,184356.14,1.0,0.0,1.7782,2.5944,kepco_hybrid_moe_load_v1,estimated,source_truncated_excel_cap,2026-08-11T07:19:12.117877+00:00,1.0.0
2023-05,2023,5,울산,charge_kwh_sum,175458.51,175458.51,77460.56,1.0,0.0,0.5719,2.5944,kepco_hybrid_moe_load_v1,estimated,source_truncated_excel_cap,2026-08-11T07:19:12.117877+00:00,1.0.0
2023-05,2023,5,세종,charge_kwh_sum,150594.31,150594.31,109994.0,1.0,0.0,2.8987,2.5944,kepco_hybrid_moe_load_v1,estimated,source_truncated_excel_cap,2026-08-11T07:19:12.117877+00:00,1.0.0
2023-05,2023,5,경기,charge_kwh_sum,2252820.65,2252820.65,1168105.31,1.0,0.0,1.1309,2.5944,kepco_hybrid_moe_load_v1,estimated,source_truncated_excel_cap,2026-08-11T07:19:12.117877+00:00,1.0.0
2023-05,2023,5,강원,charge_kwh_sum,950306.63,950306.63,393499.67,1.0,0.0,1.1109,2.5944,kepco_hybrid_moe_load_v1,estimated,source_truncated_excel_cap,2026-08-11T07:19:12.117877+00:00,1.0.0
2023-05,2023,5,충북,charge_kwh_sum,738449.28,738449.28,295899.35,1.0,0.0,0.688,2.5944,kepco_hybrid_moe_load_v1,estimated,source_truncated_excel_cap,2026-08-11T07:19:12.117877+00:00,1.0.0
2023-05,2023,5,충남,charge_kwh_sum,495496.16,495496.16,329982.0,1.0,0.0,0.4585,2.5944,kepco_hybrid_moe_load_v1,estimated,source_truncated_excel_cap,2026-08-11T07:19:12.117877+00:00,1.0.0
2023-05,2023,5,전북,charge_kwh_sum,571402.55,571402.55,306743.83,1.0,0.0,0.6028,2.5944,kepco_hybrid_moe_load_v1,estimated,source_truncated_excel_cap,2026-08-11T07:19:12.117877+00:00,1.0.0
2023-05,2023,5,전남,charge_kwh_sum,1238729.59,1238729.59,407442.57,1.0,0.0,1.6269,2.5944,kepco_hybrid_moe_load_v1,estimated,source_truncated_excel_cap,2026-08-11T07:19:12.117877+00:00,1.0.0
2023-05,2023,5,경북,charge_kwh_sum,955721.8,955721.8,571658.96,1.0,0.0,0.5455,2.5944,kepco_hybrid_moe_load_v1,estimated,source_truncated_excel_cap,2026-08-11T07:19:12.117877+00:00,1.0.0
2023-05,2023,5,경남,charge_kwh_sum,1414416.72,1414416.72,528281.05,1.0,0.0,1.2273,2.5944,kepco_hybrid_moe_load_v1,estimated,source_truncated_excel_cap,2026-08-11T07:19:12.117877+00:00,1.0.0
2023-05,2023,5,제주,charge_kwh_sum,1204535.64,1204535.64,311391.47,1.0,0.0,2.5602,2.5944,kepco_hybrid_moe_load_v1,estimated,source_truncated_excel_cap,2026-08-11T07:19:12.117877+00:00,1.0.0
2023-06,2023,6,서울,charge_kwh_sum,1319672.28,1319672.28,1689595.19,1.0,0.0,2.2049,2.4726,kepco_hybrid_moe_load_v1,estimated,source_truncated_excel_cap,2026-08-11T07:19:12.117877+00:00,1.0.0
2023-06,2023,6,부산,charge_kwh_sum,590639.81,590639.81,578019.41,1.0,0.0,2.0446,2.4726,kepco_hybrid_moe_load_v1,estimated,source_truncated_excel_cap,2026-08-11T07:19:12.117877+00:00,1.0.0
2023-06,2023,6,대구,charge_kwh_sum,765155.9,765155.9,600250.92,1.0,0.0,2.2181,2.4726,kepco_hybrid_moe_load_v1,estimated,source_truncated_excel_cap,2026-08-11T07:19:12.117877+00:00,1.0.0
2023-06,2023,6,인천,charge_kwh_sum,659181.72,659181.72,546260.1,1.0,0.0,1.2018,2.4726,kepco_hybrid_moe_load_v1,estimated,source_truncated_excel_cap,2026-08-11T07:19:12.117877+00:00,1.0.0
2023-06,2023,6,광주,charge_kwh_sum,515805.97,515805.97,317593.08,1.0,0.0,2.305,2.4726,kepco_hybrid_moe_load_v1,estimated,source_truncated_excel_cap,2026-08-11T07:19:12.117877+00:00,1.0.0
2023-06,2023,6,대전,charge_kwh_sum,649745.75,649745.75,377935.77,1.0,0.0,1.7782,2.4726,kepco_hybrid_moe_load_v1,estimated,source_truncated_excel_cap,2026-08-11T07:19:12.117877+00:00,1.0.0
2023-06,2023,6,울산,charge_kwh_sum,165517.36,165517.36,158796.54,1.0,0.0,0.5719,2.4726,kepco_hybrid_moe_load_v1,estimated,source_truncated_excel_cap,2026-08-11T07:19:12.117877+00:00,1.0.0
2023-06,2023,6,세종,charge_kwh_sum,168013.9,168013.9,225491.09,1.0,0.0,2.8987,2.4726,kepco_hybrid_moe_load_v1,estimated,source_truncated_excel_cap,2026-08-11T07:19:12.117877+00:00,1.0.0
2023-06,2023,6,경기,charge_kwh_sum,2226442.61,2226442.61,2394651.83,1.0,0.0,1.1309,2.4726,kepco_hybrid_moe_load_v1,estimated,source_truncated_excel_cap,2026-08-11T07:19:12.117877+00:00,1.0.0
2023-06,2023,6,강원,charge_kwh_sum,949932.23,949932.23,806686.43,1.0,0.0,1.1109,2.4726,kepco_hybrid_moe_load_v1,estimated,source_truncated_excel_cap,2026-08-11T07:19:12.117877+00:00,1.0.0
2023-06,2023,6,충북,charge_kwh_sum,747800.53,747800.53,606602.79,1.0,0.0,0.688,2.4726,kepco_hybrid_moe_load_v1,estimated,source_truncated_excel_cap,2026-08-11T07:19:12.117877+00:00,1.0.0
2023-06,2023,6,충남,charge_kwh_sum,495937.96,495937.96,676473.26,1.0,0.0,0.4585,2.4726,kepco_hybrid_moe_load_v1,estimated,source_truncated_excel_cap,2026-08-11T07:19:12.117877+00:00,1.0.0
2023-06,2023,6,전북,charge_kwh_sum,544696.03,544696.03,628834.3,1.0,0.0,0.6028,2.4726,kepco_hybrid_moe_load_v1,estimated,source_truncated_excel_cap,2026-08-11T07:19:12.117877+00:00,1.0.0
2023-06,2023,6,전남,charge_kwh_sum,1209814.68,1209814.68,835269.8,1.0,0.0,1.6269,2.4726,kepco_hybrid_moe_load_v1,estimated,source_truncated_excel_cap,2026-08-11T07:19:12.117877+00:00,1.0.0
2023-06,2023,6,경북,charge_kwh_sum,908968.65,908968.65,1171918.47,1.0,0.0,0.5455,2.4726,kepco_hybrid_moe_load_v1,estimated,source_truncated_excel_cap,2026-08-11T07:19:12.117877+00:00,1.0.0
2023-06,2023,6,경남,charge_kwh_sum,1402496.09,1402496.09,1082992.41,1.0,0.0,1.2273,2.4726,kepco_hybrid_moe_load_v1,estimated,source_truncated_excel_cap,2026-08-11T07:19:12.117877+00:00,1.0.0
2023-06,2023,6,제주,charge_kwh_sum,1276962.4,1276962.4,638362.09,1.0,0.0,2.5602,2.4726,kepco_hybrid_moe_load_v1,estimated,source_truncated_excel_cap,2026-08-11T07:19:12.117877+00:00,1.0.0
2023-07,2023,7,서울,charge_kwh_sum,1463672.02,1463672.02,0.0,1.0,0.0,2.2049,2.3302,kepco_hybrid_moe_load_v1,estimated,source_truncated_excel_cap,2026-08-11T07:19:12.117877+00:00,1.0.0
2023-07,2023,7,부산,charge_kwh_sum,635021.51,635021.51,0.0,1.0,0.0,2.0446,2.3302,kepco_hybrid_moe_load_v1,estimated,source_truncated_excel_cap,2026-08-11T07:19:12.117877+00:00,1.0.0
2023-07,2023,7,대구,charge_kwh_sum,793708.22,793708.22,0.0,1.0,0.0,2.2181,2.3302,kepco_hybrid_moe_load_v1,estimated,source_truncated_excel_cap,2026-08-11T07:19:12.117877+00:00,1.0.0
2023-07,2023,7,인천,charge_kwh_sum,714326.95,714326.95,0.0,1.0,0.0,1.2018,2.3302,kepco_hybrid_moe_load_v1,estimated,source_truncated_excel_cap,2026-08-11T07:19:12.117877+00:00,1.0.0
2023-07,2023,7,광주,charge_kwh_sum,512438.23,512438.23,0.0,1.0,0.0,2.305,2.3302,kepco_hybrid_moe_load_v1,estimated,source_truncated_excel_cap,2026-08-11T07:19:12.117877+00:00,1.0.0
2023-07,2023,7,대전,charge_kwh_sum,664014.0,664014.0,0.0,1.0,0.0,1.7782,2.3302,kepco_hybrid_moe_load_v1,estimated,source_truncated_excel_cap,2026-08-11T07:19:12.117877+00:00,1.0.0
2023-07,2023,7,울산,charge_kwh_sum,165666.98,165666.98,0.0,1.0,0.0,0.5719,2.3302,kepco_hybrid_moe_load_v1,estimated,source_truncated_excel_cap,2026-08-11T07:19:12.117877+00:00,1.0.0
2023-07,2023,7,세종,charge_kwh_sum,166782.81,166782.81,0.0,1.0,0.0,2.8987,2.3302,kepco_hybrid_moe_load_v1,estimated,source_truncated_excel_cap,2026-08-11T07:19:12.117877+00:00,1.0.0
2023-07,2023,7,경기,charge_kwh_sum,2366231.54,2366231.54,0.0,1.0,0.0,1.1309,2.3302,kepco_hybrid_moe_load_v1,estimated,source_truncated_excel_cap,2026-08-11T07:19:12.117877+00:00,1.0.0
2023-07,2023,7,강원,charge_kwh_sum,1050779.08,1050779.08,0.0,1.0,0.0,1.1109,2.3302,kepco_hybrid_moe_load_v1,estimated,source_truncated_excel_cap,2026-08-11T07:19:12.117877+00:00,1.0.0
2023-07,2023,7,충북,charge_kwh_sum,762913.62,762913.62,0.0,1.0,0.0,0.688,2.3302,kepco_hybrid_moe_load_v1,estimated,source_truncated_excel_cap,2026-08-11T07:19:12.117877+00:00,1.0.0
2023-07,2023,7,충남,charge_kwh_sum,502346.92,502346.92,0.0,1.0,0.0,0.4585,2.3302,kepco_hybrid_moe_load_v1,estimated,source_truncated_excel_cap,2026-08-11T07:19:12.117877+00:00,1.0.0
2023-07,2023,7,전북,charge_kwh_sum,565521.35,565521.35,0.0,1.0,0.0,0.6028,2.3302,kepco_hybrid_moe_load_v1,estimated,source_truncated_excel_cap,2026-08-11T07:19:12.117877+00:00,1.0.0
2023-07,2023,7,전남,charge_kwh_sum,1258270.72,1258270.72,0.0,1.0,0.0,1.6269,2.3302,kepco_hybrid_moe_load_v1,estimated,source_truncated_excel_cap,2026-08-11T07:19:12.117877+00:00,1.0.0
2023-07,2023,7,경북,charge_kwh_sum,958241.37,958241.37,0.0,1.0,0.0,0.5455,2.3302,kepco_hybrid_moe_load_v1,estimated,source_truncated_excel_cap,2026-08-11T07:19:12.117877+00:00,1.0.0
2023-07,2023,7,경남,charge_kwh_sum,1524697.6,1524697.6,0.0,1.0,0.0,1.2273,2.3302,kepco_hybrid_moe_load_v1,estimated,source_truncated_excel_cap,2026-08-11T07:19:12.117877+00:00,1.0.0
2023-07,2023,7,제주,charge_kwh_sum,1464000.17,1464000.17,0.0,1.0,0.0,2.5602,2.3302,kepco_hybrid_moe_load_v1,estimated,source_truncated_excel_cap,2026-08-11T07:19:12.117877+00:00,1.0.0
2023-08,2023,8,서울,charge_kwh_sum,1515628.47,1515628.47,0.0,1.0,0.0,2.2049,2.3646,kepco_hybrid_moe_load_v1,estimated,source_truncated_excel_cap,2026-08-11T07:19:12.117877+00:00,1.0.0
2023-08,2023,8,부산,charge_kwh_sum,715460.72,715460.72,0.0,1.0,0.0,2.0446,2.3646,kepco_hybrid_moe_load_v1,estimated,source_truncated_excel_cap,2026-08-11T07:19:12.117877+00:00,1.0.0
2023-08,2023,8,대구,charge_kwh_sum,804482.59,804482.59,0.0,1.0,0.0,2.2181,2.3646,kepco_hybrid_moe_load_v1,estimated,source_truncated_excel_cap,2026-08-11T07:19:12.117877+00:00,1.0.0
2023-08,2023,8,인천,charge_kwh_sum,727427.72,727427.72,0.0,1.0,0.0,1.2018,2.3646,kepco_hybrid_moe_load_v1,estimated,source_truncated_excel_cap,2026-08-11T07:19:12.117877+00:00,1.0.0
2023-08,2023,8,광주,charge_kwh_sum,554159.14,554159.14,0.0,1.0,0.0,2.305,2.3646,kepco_hybrid_moe_load_v1,estimated,source_truncated_excel_cap,2026-08-11T07:19:12.117877+00:00,1.0.0
2023-08,2023,8,대전,charge_kwh_sum,721449.93,721449.93,0.0,1.0,0.0,1.7782,2.3646,kepco_hybrid_moe_load_v1,estimated,source_truncated_excel_cap,2026-08-11T07:19:12.117877+00:00,1.0.0
2023-08,2023,8,울산,charge_kwh_sum,172305.94,172305.94,0.0,1.0,0.0,0.5719,2.3646,kepco_hybrid_moe_load_v1,estimated,source_truncated_excel_cap,2026-08-11T07:19:12.117877+00:00,1.0.0
2023-08,2023,8,세종,charge_kwh_sum,176375.99,176375.99,0.0,1.0,0.0,2.8987,2.3646,kepco_hybrid_moe_load_v1,estimated,source_truncated_excel_cap,2026-08-11T07:19:12.117877+00:00,1.0.0
2023-08,2023,8,경기,charge_kwh_sum,2490158.16,2490158.16,0.0,1.0,0.0,1.1309,2.3646,kepco_hybrid_moe_load_v1,estimated,source_truncated_excel_cap,2026-08-11T07:19:12.117877+00:00,1.0.0
2023-08,2023,8,강원,charge_kwh_sum,1187491.58,1187491.58,0.0,1.0,0.0,1.1109,2.3646,kepco_hybrid_moe_load_v1,estimated,source_truncated_excel_cap,2026-08-11T07:19:12.117877+00:00,1.0.0
2023-08,2023,8,충북,charge_kwh_sum,819265.43,819265.43,0.0,1.0,0.0,0.688,2.3646,kepco_hybrid_moe_load_v1,estimated,source_truncated_excel_cap,2026-08-11T07:19:12.117877+00:00,1.0.0
2023-08,2023,8,충남,charge_kwh_sum,553643.9,553643.9,0.0,1.0,0.0,0.4585,2.3646,kepco_hybrid_moe_load_v1,estimated,source_truncated_excel_cap,2026-08-11T07:19:12.117877+00:00,1.0.0
2023-08,2023,8,전북,charge_kwh_sum,600744.28,600744.28,0.0,1.0,0.0,0.6028,2.3646,kepco_hybrid_moe_load_v1,estimated,source_truncated_excel_cap,2026-08-11T07:19:12.117877+00:00,1.0.0
2023-08,2023,8,전남,charge_kwh_sum,1418329.46,1418329.46,0.0,1.0,0.0,1.6269,2.3646,kepco_hybrid_moe_load_v1,estimated,source_truncated_excel_cap,2026-08-11T07:19:12.117877+00:00,1.0.0
2023-08,2023,8,경북,charge_kwh_sum,1007026.37,1007026.37,0.0,1.0,0.0,0.5455,2.3646,kepco_hybrid_moe_load_v1,estimated,source_truncated_excel_cap,2026-08-11T07:19:12.117877+00:00,1.0.0
2023-08,2023,8,경남,charge_kwh_sum,1664693.5,1664693.5,0.0,1.0,0.0,1.2273,2.3646,kepco_hybrid_moe_load_v1,estimated,source_truncated_excel_cap,2026-08-11T07:19:12.117877+00:00,1.0.0
2023-08,2023,8,제주,charge_kwh_sum,1699798.34,1699798.34,0.0,1.0,0.0,2.5602,2.3646,kepco_hybrid_moe_load_v1,estimated,source_truncated_excel_cap,2026-08-11T07:19:12.117877+00:00,1.0.0
2023-09,2023,9,서울,charge_kwh_sum,1258405.47,1258405.47,0.0,1.0,0.0,2.2049,2.46,kepco_hybrid_moe_load_v1,estimated,source_truncated_excel_cap,2026-08-11T07:19:12.117877+00:00,1.0.0
2023-09,2023,9,부산,charge_kwh_sum,599675.53,599675.53,0.0,1.0,0.0,2.0446,2.46,kepco_hybrid_moe_load_v1,estimated,source_truncated_excel_cap,2026-08-11T07:19:12.117877+00:00,1.0.0
2023-09,2023,9,대구,charge_kwh_sum,676107.53,676107.53,0.0,1.0,0.0,2.2181,2.46,kepco_hybrid_moe_load_v1,estimated,source_truncated_excel_cap,2026-08-11T07:19:12.117877+00:00,1.0.0
2023-09,2023,9,인천,charge_kwh_sum,611200.7,611200.7,0.0,1.0,0.0,1.2018,2.46,kepco_hybrid_moe_load_v1,estimated,source_truncated_excel_cap,2026-08-11T07:19:12.117877+00:00,1.0.0
2023-09,2023,9,광주,charge_kwh_sum,479851.4,479851.4,0.0,1.0,0.0,2.305,2.46,kepco_hybrid_moe_load_v1,estimated,source_truncated_excel_cap,2026-08-11T07:19:12.117877+00:00,1.0.0
2023-09,2023,9,대전,charge_kwh_sum,591844.74,591844.74,0.0,1.0,0.0,1.7782,2.46,kepco_hybrid_moe_load_v1,estimated,source_truncated_excel_cap,2026-08-11T07:19:12.117877+00:00,1.0.0
2023-09,2023,9,울산,charge_kwh_sum,143959.11,143959.11,0.0,1.0,0.0,0.5719,2.46,kepco_hybrid_moe_load_v1,estimated,source_truncated_excel_cap,2026-08-11T07:19:12.117877+00:00,1.0.0
2023-09,2023,9,세종,charge_kwh_sum,147857.78,147857.78,0.0,1.0,0.0,2.8987,2.46,kepco_hybrid_moe_load_v1,estimated,source_truncated_excel_cap,2026-08-11T07:19:12.117877+00:00,1.0.0
2023-09,2023,9,경기,charge_kwh_sum,2170198.97,2170198.97,0.0,1.0,0.0,1.1309,2.46,kepco_hybrid_moe_load_v1,estimated,source_truncated_excel_cap,2026-08-11T07:19:12.117877+00:00,1.0.0
2023-09,2023,9,강원,charge_kwh_sum,946573.43,946573.43,0.0,1.0,0.0,1.1109,2.46,kepco_hybrid_moe_load_v1,estimated,source_truncated_excel_cap,2026-08-11T07:19:12.117877+00:00,1.0.0
2023-09,2023,9,충북,charge_kwh_sum,710855.07,710855.07,0.0,1.0,0.0,0.688,2.46,kepco_hybrid_moe_load_v1,estimated,source_truncated_excel_cap,2026-08-11T07:19:12.117877+00:00,1.0.0
2023-09,2023,9,충남,charge_kwh_sum,483709.46,483709.46,0.0,1.0,0.0,0.4585,2.46,kepco_hybrid_moe_load_v1,estimated,source_truncated_excel_cap,2026-08-11T07:19:12.117877+00:00,1.0.0
2023-09,2023,9,전북,charge_kwh_sum,511591.63,511591.63,0.0,1.0,0.0,0.6028,2.46,kepco_hybrid_moe_load_v1,estimated,source_truncated_excel_cap,2026-08-11T07:19:12.117877+00:00,1.0.0
2023-09,2023,9,전남,charge_kwh_sum,1247872.93,1247872.93,0.0,1.0,0.0,1.6269,2.46,kepco_hybrid_moe_load_v1,estimated,source_truncated_excel_cap,2026-08-11T07:19:12.117877+00:00,1.0.0
2023-09,2023,9,경북,charge_kwh_sum,872815.89,872815.89,0.0,1.0,0.0,0.5455,2.46,kepco_hybrid_moe_load_v1,estimated,source_truncated_excel_cap,2026-08-11T07:19:12.117877+00:00,1.0.0
2023-09,2023,9,경남,charge_kwh_sum,1376807.18,1376807.18,0.0,1.0,0.0,1.2273,2.46,kepco_hybrid_moe_load_v1,estimated,source_truncated_excel_cap,2026-08-11T07:19:12.117877+00:00,1.0.0
2023-09,2023,9,제주,charge_kwh_sum,1297756.56,1297756.56,0.0,1.0,0.0,2.5602,2.46,kepco_hybrid_moe_load_v1,estimated,source_truncated_excel_cap,2026-08-11T07:19:12.117877+00:00,1.0.0
2023-10,2023,10,서울,charge_kwh_sum,1352488.28,1352488.28,0.0,1.0,0.0,2.2049,2.227,kepco_hybrid_moe_load_v1,estimated,source_truncated_excel_cap,2026-08-11T07:19:12.117877+00:00,1.0.0
2023-10,2023,10,부산,charge_kwh_sum,599036.31,599036.31,0.0,1.0,0.0,2.0446,2.227,kepco_hybrid_moe_load_v1,estimated,source_truncated_excel_cap,2026-08-11T07:19:12.117877+00:00,1.0.0
2023-10,2023,10,대구,charge_kwh_sum,706310.11,706310.11,0.0,1.0,0.0,2.2181,2.227,kepco_hybrid_moe_load_v1,estimated,source_truncated_excel_cap,2026-08-11T07:19:12.117877+00:00,1.0.0
2023-10,2023,10,인천,charge_kwh_sum,645106.35,645106.35,0.0,1.0,0.0,1.2018,2.227,kepco_hybrid_moe_load_v1,estimated,source_truncated_excel_cap,2026-08-11T07:19:12.117877+00:00,1.0.0
2023-10,2023,10,광주,charge_kwh_sum,469748.79,469748.79,0.0,1.0,0.0,2.305,2.227,kepco_hybrid_moe_load_v1,estimated,source_truncated_excel_cap,2026-08-11T07:19:12.117877+00:00,1.0.0
2023-10,2023,10,대전,charge_kwh_sum,615295.55,615295.55,0.0,1.0,0.0,1.7782,2.227,kepco_hybrid_moe_load_v1,estimated,source_truncated_excel_cap,2026-08-11T07:19:12.117877+00:00,1.0.0
2023-10,2023,10,울산,charge_kwh_sum,143460.08,143460.08,0.0,1.0,0.0,0.5719,2.227,kepco_hybrid_moe_load_v1,estimated,source_truncated_excel_cap,2026-08-11T07:19:12.117877+00:00,1.0.0
2023-10,2023,10,세종,charge_kwh_sum,170381.37,170381.37,0.0,1.0,0.0,2.8987,2.227,kepco_hybrid_moe_load_v1,estimated,source_truncated_excel_cap,2026-08-11T07:19:12.117877+00:00,1.0.0
2023-10,2023,10,경기,charge_kwh_sum,2403659.83,2403659.83,0.0,1.0,0.0,1.1309,2.227,kepco_hybrid_moe_load_v1,estimated,source_truncated_excel_cap,2026-08-11T07:19:12.117877+00:00,1.0.0
2023-10,2023,10,강원,charge_kwh_sum,1093190.08,1093190.08,0.0,1.0,0.0,1.1109,2.227,kepco_hybrid_moe_load_v1,estimated,source_truncated_excel_cap,2026-08-11T07:19:12.117877+00:00,1.0.0
2023-10,2023,10,충북,charge_kwh_sum,804797.78,804797.78,0.0,1.0,0.0,0.688,2.227,kepco_hybrid_moe_load_v1,estimated,source_truncated_excel_cap,2026-08-11T07:19:12.117877+00:00,1.0.0
2023-10,2023,10,충남,charge_kwh_sum,535635.79,535635.79,0.0,1.0,0.0,0.4585,2.227,kepco_hybrid_moe_load_v1,estimated,source_truncated_excel_cap,2026-08-11T07:19:12.117877+00:00,1.0.0
2023-10,2023,10,전북,charge_kwh_sum,555346.18,555346.18,0.0,1.0,0.0,0.6028,2.227,kepco_hybrid_moe_load_v1,estimated,source_truncated_excel_cap,2026-08-11T07:19:12.117877+00:00,1.0.0
2023-10,2023,10,전남,charge_kwh_sum,1317251.21,1317251.21,0.0,1.0,0.0,1.6269,2.227,kepco_hybrid_moe_load_v1,estimated,source_truncated_excel_cap,2026-08-11T07:19:12.117877+00:00,1.0.0
2023-10,2023,10,경북,charge_kwh_sum,939196.09,939196.09,0.0,1.0,0.0,0.5455,2.227,kepco_hybrid_moe_load_v1,estimated,source_truncated_excel_cap,2026-08-11T07:19:12.117877+00:00,1.0.0
2023-10,2023,10,경남,charge_kwh_sum,1482347.83,1482347.83,0.0,1.0,0.0,1.2273,2.227,kepco_hybrid_moe_load_v1,estimated,source_truncated_excel_cap,2026-08-11T07:19:12.117877+00:00,1.0.0
2023-10,2023,10,제주,charge_kwh_sum,1286218.96,1286218.96,0.0,1.0,0.0,2.5602,2.227,kepco_hybrid_moe_load_v1,estimated,source_truncated_excel_cap,2026-08-11T07:19:12.117877+00:00,1.0.0
2023-11,2023,11,서울,charge_kwh_sum,1572144.82,1572144.82,0.0,1.0,0.0,2.2049,2.2184,kepco_hybrid_moe_load_v1,estimated,source_truncated_excel_cap,2026-08-11T07:19:12.117877+00:00,1.0.0
2023-11,2023,11,부산,charge_kwh_sum,621332.89,621332.89,0.0,1.0,0.0,2.0446,2.2184,kepco_hybrid_moe_load_v1,estimated,source_truncated_excel_cap,2026-08-11T07:19:12.117877+00:00,1.0.0
2023-11,2023,11,대구,charge_kwh_sum,811396.21,811396.21,0.0,1.0,0.0,2.2181,2.2184,kepco_hybrid_moe_load_v1,estimated,source_truncated_excel_cap,2026-08-11T07:19:12.117877+00:00,1.0.0
2023-11,2023,11,인천,charge_kwh_sum,760564.16,760564.16,0.0,1.0,0.0,1.2018,2.2184,kepco_hybrid_moe_load_v1,estimated,source_truncated_excel_cap,2026-08-11T07:19:12.117877+00:00,1.0.0
2023-11,2023,11,광주,charge_kwh_sum,519085.19,519085.19,0.0,1.0,0.0,2.305,2.2184,kepco_hybrid_moe_load_v1,estimated,source_truncated_excel_cap,2026-08-11T07:19:12.117877+00:00,1.0.0
2023-11,2023,11,대전,charge_kwh_sum,711977.16,711977.16,0.0,1.0,0.0,1.7782,2.2184,kepco_hybrid_moe_load_v1,estimated,source_truncated_excel_cap,2026-08-11T07:19:12.117877+00:00,1.0.0
2023-11,2023,11,울산,charge_kwh_sum,153454.89,153454.89,0.0,1.0,0.0,0.5719,2.2184,kepco_hybrid_moe_load_v1,estimated,source_truncated_excel_cap,2026-08-11T07:19:12.117877+00:00,1.0.0
2023-11,2023,11,세종,charge_kwh_sum,188486.87,188486.87,0.0,1.0,0.0,2.8987,2.2184,kepco_hybrid_moe_load_v1,estimated,source_truncated_excel_cap,2026-08-11T07:19:12.117877+00:00,1.0.0
2023-11,2023,11,경기,charge_kwh_sum,2730548.54,2730548.54,0.0,1.0,0.0,1.1309,2.2184,kepco_hybrid_moe_load_v1,estimated,source_truncated_excel_cap,2026-08-11T07:19:12.117877+00:00,1.0.0
2023-11,2023,11,강원,charge_kwh_sum,1067026.69,1067026.69,0.0,1.0,0.0,1.1109,2.2184,kepco_hybrid_moe_load_v1,estimated,source_truncated_excel_cap,2026-08-11T07:19:12.117877+00:00,1.0.0
2023-11,2023,11,충북,charge_kwh_sum,874802.69,874802.69,0.0,1.0,0.0,0.688,2.2184,kepco_hybrid_moe_load_v1,estimated,source_truncated_excel_cap,2026-08-11T07:19:12.117877+00:00,1.0.0
2023-11,2023,11,충남,charge_kwh_sum,583797.57,583797.57,0.0,1.0,0.0,0.4585,2.2184,kepco_hybrid_moe_load_v1,estimated,source_truncated_excel_cap,2026-08-11T07:19:12.117877+00:00,1.0.0
2023-11,2023,11,전북,charge_kwh_sum,613915.43,613915.43,0.0,1.0,0.0,0.6028,2.2184,kepco_hybrid_moe_load_v1,estimated,source_truncated_excel_cap,2026-08-11T07:19:12.117877+00:00,1.0.0
2023-11,2023,11,전남,charge_kwh_sum,1352622.52,1352622.52,0.0,1.0,0.0,1.6269,2.2184,kepco_hybrid_moe_load_v1,estimated,source_truncated_excel_cap,2026-08-11T07:19:12.117877+00:00,1.0.0
2023-11,2023,11,경북,charge_kwh_sum,982279.66,982279.66,0.0,1.0,0.0,0.5455,2.2184,kepco_hybrid_moe_load_v1,estimated,source_truncated_excel_cap,2026-08-11T07:19:12.117877+00:00,1.0.0
2023-11,2023,11,경남,charge_kwh_sum,1572073.82,1572073.82,0.0,1.0,0.0,1.2273,2.2184,kepco_hybrid_moe_load_v1,estimated,source_truncated_excel_cap,2026-08-11T07:19:12.117877+00:00,1.0.0
2023-11,2023,11,제주,charge_kwh_sum,1373630.22,1373630.22,0.0,1.0,0.0,2.5602,2.2184,kepco_hybrid_moe_load_v1,estimated,source_truncated_excel_cap,2026-08-11T07:19:12.117877+00:00,1.0.0
2023-12,2023,12,서울,charge_kwh_sum,1697611.75,1697611.75,0.0,1.0,0.0,2.2049,2.0583,kepco_hybrid_moe_load_v1,estimated,source_truncated_excel_cap,2026-08-11T07:19:12.117877+00:00,1.0.0
2023-12,2023,12,부산,charge_kwh_sum,698255.49,698255.49,0.0,1.0,0.0,2.0446,2.0583,kepco_hybrid_moe_load_v1,estimated,source_truncated_excel_cap,2026-08-11T07:19:12.117877+00:00,1.0.0
2023-12,2023,12,대구,charge_kwh_sum,895154.54,895154.54,0.0,1.0,0.0,2.2181,2.0583,kepco_hybrid_moe_load_v1,estimated,source_truncated_excel_cap,2026-08-11T07:19:12.117877+00:00,1.0.0
2023-12,2023,12,인천,charge_kwh_sum,820110.83,820110.83,0.0,1.0,0.0,1.2018,2.0583,kepco_hybrid_moe_load_v1,estimated,source_truncated_excel_cap,2026-08-11T07:19:12.117877+00:00,1.0.0
2023-12,2023,12,광주,charge_kwh_sum,566064.78,566064.78,0.0,1.0,0.0,2.305,2.0583,kepco_hybrid_moe_load_v1,estimated,source_truncated_excel_cap,2026-08-11T07:19:12.117877+00:00,1.0.0
2023-12,2023,12,대전,charge_kwh_sum,739416.52,739416.52,0.0,1.0,0.0,1.7782,2.0583,kepco_hybrid_moe_load_v1,estimated,source_truncated_excel_cap,2026-08-11T07:19:12.117877+00:00,1.0.0
2023-12,2023,12,울산,charge_kwh_sum,166526.22,166526.22,0.0,1.0,0.0,0.5719,2.0583,kepco_hybrid_moe_load_v1,estimated,source_truncated_excel_cap,2026-08-11T07:19:12.117877+00:00,1.0.0
2023-12,2023,12,세종,charge_kwh_sum,206970.62,206970.62,0.0,1.0,0.0,2.8987,2.0583,kepco_hybrid_moe_load_v1,estimated,source_truncated_excel_cap,2026-08-11T07:19:12.117877+00:00,1.0.0
2023-12,2023,12,경기,charge_kwh_sum,2803661.14,2803661.14,0.0,1.0,0.0,1.1309,2.0583,kepco_hybrid_moe_load_v1,estimated,source_truncated_excel_cap,2026-08-11T07:19:12.117877+00:00,1.0.0
2023-12,2023,12,강원,charge_kwh_sum,1106015.07,1106015.07,0.0,1.0,0.0,1.1109,2.0583,kepco_hybrid_moe_load_v1,estimated,source_truncated_excel_cap,2026-08-11T07:19:12.117877+00:00,1.0.0
2023-12,2023,12,충북,charge_kwh_sum,877378.03,877378.03,0.0,1.0,0.0,0.688,2.0583,kepco_hybrid_moe_load_v1,estimated,source_truncated_excel_cap,2026-08-11T07:19:12.117877+00:00,1.0.0
2023-12,2023,12,충남,charge_kwh_sum,585144.6,585144.6,0.0,1.0,0.0,0.4585,2.0583,kepco_hybrid_moe_load_v1,estimated,source_truncated_excel_cap,2026-08-11T07:19:12.117877+00:00,1.0.0
2023-12,2023,12,전북,charge_kwh_sum,629981.88,629981.88,0.0,1.0,0.0,0.6028,2.0583,kepco_hybrid_moe_load_v1,estimated,source_truncated_excel_cap,2026-08-11T07:19:12.117877+00:00,1.0.0
2023-12,2023,12,전남,charge_kwh_sum,1377406.75,1377406.75,0.0,1.0,0.0,1.6269,2.0583,kepco_hybrid_moe_load_v1,estimated,source_truncated_excel_cap,2026-08-11T07:19:12.117877+00:00,1.0.0
2023-12,2023,12,경북,charge_kwh_sum,1038289.75,1038289.75,0.0,1.0,0.0,0.5455,2.0583,kepco_hybrid_moe_load_v1,estimated,source_truncated_excel_cap,2026-08-11T07:19:12.117877+00:00,1.0.0
2023-12,2023,12,경남,charge_kwh_sum,1688401.64,1688401.64,0.0,1.0,0.0,1.2273,2.0583,kepco_hybrid_moe_load_v1,estimated,source_truncated_excel_cap,2026-08-11T07:19:12.117877+00:00,1.0.0
2023-12,2023,12,제주,charge_kwh_sum,1502150.65,1502150.65,0.0,1.0,0.0,2.5602,2.0583,kepco_hybrid_moe_load_v1,estimated,source_truncated_excel_cap,2026-08-11T07:19:12.117877+00:00,1.0.0
2024-01,2024,1,서울,charge_kwh_sum,1636626.2,1636626.2,841775.64,1.0,0.0,2.2049,2.3261,kepco_hybrid_moe_load_v1,estimated,source_truncated_excel_cap,2026-08-11T07:19:12.117877+00:00,1.0.0
2024-01,2024,1,부산,charge_kwh_sum,606416.88,606416.88,297374.94,1.0,0.0,2.0446,2.3261,kepco_hybrid_moe_load_v1,estimated,source_truncated_excel_cap,2026-08-11T07:19:12.117877+00:00,1.0.0
2024-01,2024,1,대구,charge_kwh_sum,819316.74,819316.74,302095.18,1.0,0.0,2.2181,2.3261,kepco_hybrid_moe_load_v1,estimated,source_truncated_excel_cap,2026-08-11T07:19:12.117877+00:00,1.0.0
2024-01,2024,1,인천,charge_kwh_sum,801508.11,801508.11,278494.0,1.0,0.0,1.2018,2.3261,kepco_hybrid_moe_load_v1,estimated,source_truncated_excel_cap,2026-08-11T07:19:12.117877+00:00,1.0.0
2024-01,2024,1,광주,charge_kwh_sum,520431.34,520431.34,184089.25,1.0,0.0,2.305,2.3261,kepco_hybrid_moe_load_v1,estimated,source_truncated_excel_cap,2026-08-11T07:19:12.117877+00:00,1.0.0
2024-01,2024,1,대전,charge_kwh_sum,727641.76,727641.76,190382.9,1.0,0.0,1.7782,2.3261,kepco_hybrid_moe_load_v1,estimated,source_truncated_excel_cap,2026-08-11T07:19:12.117877+00:00,1.0.0
2024-01,2024,1,울산,charge_kwh_sum,154584.66,154584.66,86537.68,1.0,0.0,0.5719,2.3261,kepco_hybrid_moe_load_v1,estimated,source_truncated_excel_cap,2026-08-11T07:19:12.117877+00:00,1.0.0
2024-01,2024,1,세종,charge_kwh_sum,210575.15,210575.15,111712.28,1.0,0.0,2.8987,2.3261,kepco_hybrid_moe_load_v1,estimated,source_truncated_excel_cap,2026-08-11T07:19:12.117877+00:00,1.0.0
2024-01,2024,1,경기,charge_kwh_sum,2572211.82,2572211.82,1194220.02,1.0,0.0,1.1309,2.3261,kepco_hybrid_moe_load_v1,estimated,source_truncated_excel_cap,2026-08-11T07:19:12.117877+00:00,1.0.0
2024-01,2024,1,강원,charge_kwh_sum,1012109.24,1012109.24,405940.4,1.0,0.0,1.1109,2.3261,kepco_hybrid_moe_load_v1,estimated,source_truncated_excel_cap,2026-08-11T07:19:12.117877+00:00,1.0.0
2024-01,2024,1,충북,charge_kwh_sum,802101.22,802101.22,306815.42,1.0,0.0,0.688,2.3261,kepco_hybrid_moe_load_v1,estimated,source_truncated_excel_cap,2026-08-11T07:19:12.117877+00:00,1.0.0
2024-01,2024,1,충남,charge_kwh_sum,557471.59,557471.59,339857.08,1.0,0.0,0.4585,2.3261,kepco_hybrid_moe_load_v1,estimated,source_truncated_excel_cap,2026-08-11T07:19:12.117877+00:00,1.0.0
2024-01,2024,1,전북,charge_kwh_sum,571506.01,571506.01,316255.89,1.0,0.0,0.6028,2.3261,kepco_hybrid_moe_load_v1,estimated,source_truncated_excel_cap,2026-08-11T07:19:12.117877+00:00,1.0.0
2024-01,2024,1,전남,charge_kwh_sum,1235589.16,1235589.16,421674.52,1.0,0.0,1.6269,2.3261,kepco_hybrid_moe_load_v1,estimated,source_truncated_excel_cap,2026-08-11T07:19:12.117877+00:00,1.0.0
2024-01,2024,1,경북,charge_kwh_sum,898641.06,898641.06,601043.54,1.0,0.0,0.5455,2.3261,kepco_hybrid_moe_load_v1,estimated,source_truncated_excel_cap,2026-08-11T07:19:12.117877+00:00,1.0.0
2024-01,2024,1,경남,charge_kwh_sum,1537593.73,1537593.73,550694.34,1.0,0.0,1.2273,2.3261,kepco_hybrid_moe_load_v1,estimated,source_truncated_excel_cap,2026-08-11T07:19:12.117877+00:00,1.0.0
2024-01,2024,1,제주,charge_kwh_sum,1502734.75,1502734.75,316255.89,1.0,0.0,2.5602,2.3261,kepco_hybrid_moe_load_v1,estimated,source_truncated_excel_cap,2026-08-11T07:19:12.117877+00:00,1.0.0
2024-02,2024,2,서울,charge_kwh_sum,1272363.78,1272363.78,724629.78,1.0,0.0,2.2049,2.3741,kepco_hybrid_moe_load_v1,estimated,source_truncated_excel_cap,2026-08-11T07:19:12.117877+00:00,1.0.0
2024-02,2024,2,부산,charge_kwh_sum,524085.63,524085.63,255990.71,1.0,0.0,2.0446,2.3741,kepco_hybrid_moe_load_v1,estimated,source_truncated_excel_cap,2026-08-11T07:19:12.117877+00:00,1.0.0
2024-02,2024,2,대구,charge_kwh_sum,675894.37,675894.37,260054.05,1.0,0.0,2.2181,2.3741,kepco_hybrid_moe_load_v1,estimated,source_truncated_excel_cap,2026-08-11T07:19:12.117877+00:00,1.0.0
2024-02,2024,2,인천,charge_kwh_sum,650206.49,650206.49,239737.33,1.0,0.0,1.2018,2.3741,kepco_hybrid_moe_load_v1,estimated,source_truncated_excel_cap,2026-08-11T07:19:12.117877+00:00,1.0.0
2024-02,2024,2,광주,charge_kwh_sum,448539.53,448539.53,158470.44,1.0,0.0,2.305,2.3741,kepco_hybrid_moe_load_v1,estimated,source_truncated_excel_cap,2026-08-11T07:19:12.117877+00:00,1.0.0
2024-02,2024,2,대전,charge_kwh_sum,589016.05,589016.05,163888.23,1.0,0.0,1.7782,2.3741,kepco_hybrid_moe_load_v1,estimated,source_truncated_excel_cap,2026-08-11T07:19:12.117877+00:00,1.0.0
2024-02,2024,2,울산,charge_kwh_sum,132856.46,132856.46,74494.65,1.0,0.0,0.5719,2.3741,kepco_hybrid_moe_load_v1,estimated,source_truncated_excel_cap,2026-08-11T07:19:12.117877+00:00,1.0.0
2024-02,2024,2,세종,charge_kwh_sum,172083.43,172083.43,96165.82,1.0,0.0,2.8987,2.3741,kepco_hybrid_moe_load_v1,estimated,source_truncated_excel_cap,2026-08-11T07:19:12.117877+00:00,1.0.0
2024-02,2024,2,경기,charge_kwh_sum,2068345.01,2068345.01,1028026.18,1.0,0.0,1.1309,2.3741,kepco_hybrid_moe_load_v1,estimated,source_truncated_excel_cap,2026-08-11T07:19:12.117877+00:00,1.0.0
2024-02,2024,2,강원,charge_kwh_sum,838352.58,838352.58,349447.63,1.0,0.0,1.1109,2.3741,kepco_hybrid_moe_load_v1,estimated,source_truncated_excel_cap,2026-08-11T07:19:12.117877+00:00,1.0.0
2024-02,2024,2,충북,charge_kwh_sum,704701.14,704701.14,264117.4,1.0,0.0,0.688,2.3741,kepco_hybrid_moe_load_v1,estimated,source_truncated_excel_cap,2026-08-11T07:19:12.117877+00:00,1.0.0
2024-02,2024,2,충남,charge_kwh_sum,510922.62,510922.62,292560.81,1.0,0.0,0.4585,2.3741,kepco_hybrid_moe_load_v1,estimated,source_truncated_excel_cap,2026-08-11T07:19:12.117877+00:00,1.0.0
2024-02,2024,2,전북,charge_kwh_sum,534533.31,534533.31,272244.09,1.0,0.0,0.6028,2.3741,kepco_hybrid_moe_load_v1,estimated,source_truncated_excel_cap,2026-08-11T07:19:12.117877+00:00,1.0.0
2024-02,2024,2,전남,charge_kwh_sum,1173606.44,1173606.44,362992.11,1.0,0.0,1.6269,2.3741,kepco_hybrid_moe_load_v1,estimated,source_truncated_excel_cap,2026-08-11T07:19:12.117877+00:00,1.0.0
2024-02,2024,2,경북,charge_kwh_sum,843057.12,843057.12,517399.21,1.0,0.0,0.5455,2.3741,kepco_hybrid_moe_load_v1,estimated,source_truncated_excel_cap,2026-08-11T07:19:12.117877+00:00,1.0.0
2024-02,2024,2,경남,charge_kwh_sum,1366884.68,1366884.68,474056.87,1.0,0.0,1.2273,2.3741,kepco_hybrid_moe_load_v1,estimated,source_truncated_excel_cap,2026-08-11T07:19:12.117877+00:00,1.0.0
2024-02,2024,2,제주,charge_kwh_sum,1364268.77,1364268.77,272244.09,1.0,0.0,2.5602,2.3741,kepco_hybrid_moe_load_v1,estimated,source_truncated_excel_cap,2026-08-11T07:19:12.117877+00:00,1.0.0
2024-03,2024,3,서울,charge_kwh_sum,1234398.49,1234398.49,712616.99,1.0,0.0,2.2049,2.5011,kepco_hybrid_moe_load_v1,estimated,source_truncated_excel_cap,2026-08-11T07:19:12.117877+00:00,1.0.0
2024-03,2024,3,부산,charge_kwh_sum,532297.59,532297.59,251746.94,1.0,0.0,2.0446,2.5011,kepco_hybrid_moe_load_v1,estimated,source_truncated_excel_cap,2026-08-11T07:19:12.117877+00:00,1.0.0
2024-03,2024,3,대구,charge_kwh_sum,653972.39,653972.39,255742.92,1.0,0.0,2.2181,2.5011,kepco_hybrid_moe_load_v1,estimated,source_truncated_excel_cap,2026-08-11T07:19:12.117877+00:00,1.0.0
2024-03,2024,3,인천,charge_kwh_sum,650360.38,650360.38,235763.0,1.0,0.0,1.2018,2.5011,kepco_hybrid_moe_load_v1,estimated,source_truncated_excel_cap,2026-08-11T07:19:12.117877+00:00,1.0.0
2024-03,2024,3,광주,charge_kwh_sum,438607.01,438607.01,155843.34,1.0,0.0,2.305,2.5011,kepco_hybrid_moe_load_v1,estimated,source_truncated_excel_cap,2026-08-11T07:19:12.117877+00:00,1.0.0
2024-03,2024,3,대전,charge_kwh_sum,592265.79,592265.79,161171.32,1.0,0.0,1.7782,2.5011,kepco_hybrid_moe_load_v1,estimated,source_truncated_excel_cap,2026-08-11T07:19:12.117877+00:00,1.0.0
2024-03,2024,3,울산,charge_kwh_sum,127482.45,127482.45,73259.69,1.0,0.0,0.5719,2.5011,kepco_hybrid_moe_load_v1,estimated,source_truncated_excel_cap,2026-08-11T07:19:12.117877+00:00,1.0.0
2024-03,2024,3,세종,charge_kwh_sum,179295.1,179295.1,94571.6,1.0,0.0,2.8987,2.5011,kepco_hybrid_moe_load_v1,estimated,source_truncated_excel_cap,2026-08-11T07:19:12.117877+00:00,1.0.0
2024-03,2024,3,경기,charge_kwh_sum,2082219.47,2082219.47,1010983.72,1.0,0.0,1.1309,2.5011,kepco_hybrid_moe_load_v1,estimated,source_truncated_excel_cap,2026-08-11T07:19:12.117877+00:00,1.0.0
2024-03,2024,3,강원,charge_kwh_sum,820395.0,820395.0,343654.55,1.0,0.0,1.1109,2.5011,kepco_hybrid_moe_load_v1,estimated,source_truncated_excel_cap,2026-08-11T07:19:12.117877+00:00,1.0.0
2024-03,2024,3,충북,charge_kwh_sum,702010.29,702010.29,259738.9,1.0,0.0,0.688,2.5011,kepco_hybrid_moe_load_v1,estimated,source_truncated_excel_cap,2026-08-11T07:19:12.117877+00:00,1.0.0
2024-03,2024,3,충남,charge_kwh_sum,538654.51,538654.51,287710.78,1.0,0.0,0.4585,2.5011,kepco_hybrid_moe_load_v1,estimated,source_truncated_excel_cap,2026-08-11T07:19:12.117877+00:00,1.0.0
2024-03,2024,3,전북,charge_kwh_sum,538465.02,538465.02,267730.87,1.0,0.0,0.6028,2.5011,kepco_hybrid_moe_load_v1,estimated,source_truncated_excel_cap,2026-08-11T07:19:12.117877+00:00,1.0.0
2024-03,2024,3,전남,charge_kwh_sum,1278453.96,1278453.96,356974.49,1.0,0.0,1.6269,2.5011,kepco_hybrid_moe_load_v1,estimated,source_truncated_excel_cap,2026-08-11T07:19:12.117877+00:00,1.0.0
2024-03,2024,3,경북,charge_kwh_sum,828317.0,828317.0,508821.85,1.0,0.0,0.5455,2.5011,kepco_hybrid_moe_load_v1,estimated,source_truncated_excel_cap,2026-08-11T07:19:12.117877+00:00,1.0.0
2024-03,2024,3,경남,charge_kwh_sum,1402778.94,1402778.94,466198.03,1.0,0.0,1.2273,2.5011,kepco_hybrid_moe_load_v1,estimated,source_truncated_excel_cap,2026-08-11T07:19:12.117877+00:00,1.0.0
2024-03,2024,3,제주,charge_kwh_sum,1425964.62,1425964.62,267730.87,1.0,0.0,2.5602,2.5011,kepco_hybrid_moe_load_v1,estimated,source_truncated_excel_cap,2026-08-11T07:19:12.117877+00:00,1.0.0
2024-04,2024,4,서울,charge_kwh_sum,1015337.65,1015337.65,630733.22,1.0,0.0,2.2049,2.1682,kepco_hybrid_moe_load_v1,estimated,source_truncated_excel_cap,2026-08-11T07:19:12.117877+00:00,1.0.0
2024-04,2024,4,부산,charge_kwh_sum,461738.77,461738.77,222819.77,1.0,0.0,2.0446,2.1682,kepco_hybrid_moe_load_v1,estimated,source_truncated_excel_cap,2026-08-11T07:19:12.117877+00:00,1.0.0
2024-04,2024,4,대구,charge_kwh_sum,618230.03,618230.03,226356.6,1.0,0.0,2.2181,2.1682,kepco_hybrid_moe_load_v1,estimated,source_truncated_excel_cap,2026-08-11T07:19:12.117877+00:00,1.0.0
2024-04,2024,4,인천,charge_kwh_sum,552304.34,552304.34,208672.49,1.0,0.0,1.2018,2.1682,kepco_hybrid_moe_load_v1,estimated,source_truncated_excel_cap,2026-08-11T07:19:12.117877+00:00,1.0.0
2024-04,2024,4,광주,charge_kwh_sum,403037.7,403037.7,137936.05,1.0,0.0,2.305,2.1682,kepco_hybrid_moe_load_v1,estimated,source_truncated_excel_cap,2026-08-11T07:19:12.117877+00:00,1.0.0
2024-04,2024,4,대전,charge_kwh_sum,511016.18,511016.18,142651.81,1.0,0.0,1.7782,2.1682,kepco_hybrid_moe_load_v1,estimated,source_truncated_excel_cap,2026-08-11T07:19:12.117877+00:00,1.0.0
2024-04,2024,4,울산,charge_kwh_sum,118933.84,118933.84,64841.73,1.0,0.0,0.5719,2.1682,kepco_hybrid_moe_load_v1,estimated,source_truncated_excel_cap,2026-08-11T07:19:12.117877+00:00,1.0.0
2024-04,2024,4,세종,charge_kwh_sum,169738.89,169738.89,83704.78,1.0,0.0,2.8987,2.1682,kepco_hybrid_moe_load_v1,estimated,source_truncated_excel_cap,2026-08-11T07:19:12.117877+00:00,1.0.0
2024-04,2024,4,경기,charge_kwh_sum,1867555.92,1867555.92,894815.92,1.0,0.0,1.1309,2.1682,kepco_hybrid_moe_load_v1,estimated,source_truncated_excel_cap,2026-08-11T07:19:12.117877+00:00,1.0.0
2024-04,2024,4,강원,charge_kwh_sum,745312.59,745312.59,304166.68,1.0,0.0,1.1109,2.1682,kepco_hybrid_moe_load_v1,estimated,source_truncated_excel_cap,2026-08-11T07:19:12.117877+00:00,1.0.0
2024-04,2024,4,충북,charge_kwh_sum,637355.85,637355.85,229893.42,1.0,0.0,0.688,2.1682,kepco_hybrid_moe_load_v1,estimated,source_truncated_excel_cap,2026-08-11T07:19:12.117877+00:00,1.0.0
2024-04,2024,4,충남,charge_kwh_sum,482544.62,482544.62,254651.17,1.0,0.0,0.4585,2.1682,kepco_hybrid_moe_load_v1,estimated,source_truncated_excel_cap,2026-08-11T07:19:12.117877+00:00,1.0.0
2024-04,2024,4,전북,charge_kwh_sum,474627.66,474627.66,236967.06,1.0,0.0,0.6028,2.1682,kepco_hybrid_moe_load_v1,estimated,source_truncated_excel_cap,2026-08-11T07:19:12.117877+00:00,1.0.0
2024-04,2024,4,전남,charge_kwh_sum,1107255.98,1107255.98,315956.08,1.0,0.0,1.6269,2.1682,kepco_hybrid_moe_load_v1,estimated,source_truncated_excel_cap,2026-08-11T07:19:12.117877+00:00,1.0.0
2024-04,2024,4,경북,charge_kwh_sum,747283.12,747283.12,450355.31,1.0,0.0,0.5455,2.1682,kepco_hybrid_moe_load_v1,estimated,source_truncated_excel_cap,2026-08-11T07:19:12.117877+00:00,1.0.0
2024-04,2024,4,경남,charge_kwh_sum,1221067.7,1221067.7,412629.21,1.0,0.0,1.2273,2.1682,kepco_hybrid_moe_load_v1,estimated,source_truncated_excel_cap,2026-08-11T07:19:12.117877+00:00,1.0.0
2024-04,2024,4,제주,charge_kwh_sum,1294288.18,1294288.18,236967.06,1.0,0.0,2.5602,2.1682,kepco_hybrid_moe_load_v1,estimated,source_truncated_excel_cap,2026-08-11T07:19:12.117877+00:00,1.0.0
2024-05,2024,5,서울,charge_kwh_sum,1048224.04,1048224.04,650429.43,1.0,0.0,2.2049,2.0787,kepco_hybrid_moe_load_v1,estimated,source_truncated_excel_cap,2026-08-11T07:19:12.117877+00:00,1.0.0
2024-05,2024,5,부산,charge_kwh_sum,468617.68,468617.68,229777.87,1.0,0.0,2.0446,2.0787,kepco_hybrid_moe_load_v1,estimated,source_truncated_excel_cap,2026-08-11T07:19:12.117877+00:00,1.0.0
2024-05,2024,5,대구,charge_kwh_sum,624329.87,624329.87,233425.14,1.0,0.0,2.2181,2.0787,kepco_hybrid_moe_load_v1,estimated,source_truncated_excel_cap,2026-08-11T07:19:12.117877+00:00,1.0.0
2024-05,2024,5,인천,charge_kwh_sum,550863.79,550863.79,215188.8,1.0,0.0,1.2018,2.0787,kepco_hybrid_moe_load_v1,estimated,source_truncated_excel_cap,2026-08-11T07:19:12.117877+00:00,1.0.0
2024-05,2024,5,광주,charge_kwh_sum,431335.82,431335.82,142243.45,1.0,0.0,2.305,2.0787,kepco_hybrid_moe_load_v1,estimated,source_truncated_excel_cap,2026-08-11T07:19:12.117877+00:00,1.0.0
2024-05,2024,5,대전,charge_kwh_sum,525329.38,525329.38,147106.47,1.0,0.0,1.7782,2.0787,kepco_hybrid_moe_load_v1,estimated,source_truncated_excel_cap,2026-08-11T07:19:12.117877+00:00,1.0.0
2024-05,2024,5,울산,charge_kwh_sum,121517.62,121517.62,66866.58,1.0,0.0,0.5719,2.0787,kepco_hybrid_moe_load_v1,estimated,source_truncated_excel_cap,2026-08-11T07:19:12.117877+00:00,1.0.0
2024-05,2024,5,세종,charge_kwh_sum,175468.54,175468.54,86318.67,1.0,0.0,2.8987,2.0787,kepco_hybrid_moe_load_v1,estimated,source_truncated_excel_cap,2026-08-11T07:19:12.117877+00:00,1.0.0
2024-05,2024,5,경기,charge_kwh_sum,1943108.23,1943108.23,922758.76,1.0,0.0,1.1309,2.0787,kepco_hybrid_moe_load_v1,estimated,source_truncated_excel_cap,2026-08-11T07:19:12.117877+00:00,1.0.0
2024-05,2024,5,강원,charge_kwh_sum,818522.82,818522.82,313665.03,1.0,0.0,1.1109,2.0787,kepco_hybrid_moe_load_v1,estimated,source_truncated_excel_cap,2026-08-11T07:19:12.117877+00:00,1.0.0
2024-05,2024,5,충북,charge_kwh_sum,660129.29,660129.29,237072.41,1.0,0.0,0.688,2.0787,kepco_hybrid_moe_load_v1,estimated,source_truncated_excel_cap,2026-08-11T07:19:12.117877+00:00,1.0.0
2024-05,2024,5,충남,charge_kwh_sum,497933.92,497933.92,262603.28,1.0,0.0,0.4585,2.0787,kepco_hybrid_moe_load_v1,estimated,source_truncated_excel_cap,2026-08-11T07:19:12.117877+00:00,1.0.0
2024-05,2024,5,전북,charge_kwh_sum,498094.54,498094.54,244366.94,1.0,0.0,0.6028,2.0787,kepco_hybrid_moe_load_v1,estimated,source_truncated_excel_cap,2026-08-11T07:19:12.117877+00:00,1.0.0
2024-05,2024,5,전남,charge_kwh_sum,1156195.11,1156195.11,325822.59,1.0,0.0,1.6269,2.0787,kepco_hybrid_moe_load_v1,estimated,source_truncated_excel_cap,2026-08-11T07:19:12.117877+00:00,1.0.0
2024-05,2024,5,경북,charge_kwh_sum,766056.12,766056.12,464418.77,1.0,0.0,0.5455,2.0787,kepco_hybrid_moe_load_v1,estimated,source_truncated_excel_cap,2026-08-11T07:19:12.117877+00:00,1.0.0
2024-05,2024,5,경남,charge_kwh_sum,1299157.47,1299157.47,425514.58,1.0,0.0,1.2273,2.0787,kepco_hybrid_moe_load_v1,estimated,source_truncated_excel_cap,2026-08-11T07:19:12.117877+00:00,1.0.0
2024-05,2024,5,제주,charge_kwh_sum,1370903.14,1370903.14,244366.94,1.0,0.0,2.5602,2.0787,kepco_hybrid_moe_load_v1,estimated,source_truncated_excel_cap,2026-08-11T07:19:12.117877+00:00,1.0.0
2024-06,2024,6,서울,charge_kwh_sum,1113517.2,1113517.2,1291685.28,1.0,0.0,2.2049,1.9191,kepco_hybrid_moe_load_v1,estimated,source_truncated_excel_cap,2026-08-11T07:19:12.117877+00:00,1.0.0
2024-06,2024,6,부산,charge_kwh_sum,471656.87,471656.87,456314.99,1.0,0.0,2.0446,1.9191,kepco_hybrid_moe_load_v1,estimated,source_truncated_excel_cap,2026-08-11T07:19:12.117877+00:00,1.0.0
2024-06,2024,6,대구,charge_kwh_sum,633993.69,633993.69,463558.08,1.0,0.0,2.2181,1.9191,kepco_hybrid_moe_load_v1,estimated,source_truncated_excel_cap,2026-08-11T07:19:12.117877+00:00,1.0.0
2024-06,2024,6,인천,charge_kwh_sum,561730.17,561730.17,427342.61,1.0,0.0,1.2018,1.9191,kepco_hybrid_moe_load_v1,estimated,source_truncated_excel_cap,2026-08-11T07:19:12.117877+00:00,1.0.0
2024-06,2024,6,광주,charge_kwh_sum,430729.92,430729.92,282480.71,1.0,0.0,2.305,1.9191,kepco_hybrid_moe_load_v1,estimated,source_truncated_excel_cap,2026-08-11T07:19:12.117877+00:00,1.0.0
2024-06,2024,6,대전,charge_kwh_sum,445811.05,445811.05,292138.17,1.0,0.0,1.7782,1.9191,kepco_hybrid_moe_load_v1,estimated,source_truncated_excel_cap,2026-08-11T07:19:12.117877+00:00,1.0.0
2024-06,2024,6,울산,charge_kwh_sum,120459.9,120459.9,132790.08,1.0,0.0,0.5719,1.9191,kepco_hybrid_moe_load_v1,estimated,source_truncated_excel_cap,2026-08-11T07:19:12.117877+00:00,1.0.0
2024-06,2024,6,세종,charge_kwh_sum,184458.73,184458.73,171419.92,1.0,0.0,2.8987,1.9191,kepco_hybrid_moe_load_v1,estimated,source_truncated_excel_cap,2026-08-11T07:19:12.117877+00:00,1.0.0
2024-06,2024,6,경기,charge_kwh_sum,1956152.07,1956152.07,1832503.04,1.0,0.0,1.1309,1.9191,kepco_hybrid_moe_load_v1,estimated,source_truncated_excel_cap,2026-08-11T07:19:12.117877+00:00,1.0.0
2024-06,2024,6,강원,charge_kwh_sum,831680.75,831680.75,622906.17,1.0,0.0,1.1109,1.9191,kepco_hybrid_moe_load_v1,estimated,source_truncated_excel_cap,2026-08-11T07:19:12.117877+00:00,1.0.0
2024-06,2024,6,충북,charge_kwh_sum,639258.06,639258.06,470801.18,1.0,0.0,0.688,1.9191,kepco_hybrid_moe_load_v1,estimated,source_truncated_excel_cap,2026-08-11T07:19:12.117877+00:00,1.0.0
2024-06,2024,6,충남,charge_kwh_sum,482669.25,482669.25,521502.84,1.0,0.0,0.4585,1.9191,kepco_hybrid_moe_load_v1,estimated,source_truncated_excel_cap,2026-08-11T07:19:12.117877+00:00,1.0.0
2024-06,2024,6,전북,charge_kwh_sum,465510.91,465510.91,485287.37,1.0,0.0,0.6028,1.9191,kepco_hybrid_moe_load_v1,estimated,source_truncated_excel_cap,2026-08-11T07:19:12.117877+00:00,1.0.0
2024-06,2024,6,전남,charge_kwh_sum,1100264.36,1100264.36,647049.82,1.0,0.0,1.6269,1.9191,kepco_hybrid_moe_load_v1,estimated,source_truncated_excel_cap,2026-08-11T07:19:12.117877+00:00,1.0.0
2024-06,2024,6,경북,charge_kwh_sum,734138.79,734138.79,922287.43,1.0,0.0,0.5455,1.9191,kepco_hybrid_moe_load_v1,estimated,source_truncated_excel_cap,2026-08-11T07:19:12.117877+00:00,1.0.0
2024-06,2024,6,경남,charge_kwh_sum,1251326.85,1251326.85,845027.75,1.0,0.0,1.2273,1.9191,kepco_hybrid_moe_load_v1,estimated,source_truncated_excel_cap,2026-08-11T07:19:12.117877+00:00,1.0.0
2024-06,2024,6,제주,charge_kwh_sum,1360790.73,1360790.73,485287.37,1.0,0.0,2.5602,1.9191,kepco_hybrid_moe_load_v1,estimated,source_truncated_excel_cap,2026-08-11T07:19:12.117877+00:00,1.0.0
2024-07,2024,7,서울,charge_kwh_sum,1176678.39,1176678.39,0.0,1.0,0.0,2.2049,1.878,kepco_hybrid_moe_load_v1,estimated,source_truncated_excel_cap,2026-08-11T07:19:12.117877+00:00,1.0.0
2024-07,2024,7,부산,charge_kwh_sum,499390.84,499390.84,0.0,1.0,0.0,2.0446,1.878,kepco_hybrid_moe_load_v1,estimated,source_truncated_excel_cap,2026-08-11T07:19:12.117877+00:00,1.0.0
2024-07,2024,7,대구,charge_kwh_sum,689735.6,689735.6,0.0,1.0,0.0,2.2181,1.878,kepco_hybrid_moe_load_v1,estimated,source_truncated_excel_cap,2026-08-11T07:19:12.117877+00:00,1.0.0
2024-07,2024,7,인천,charge_kwh_sum,577997.38,577997.38,0.0,1.0,0.0,1.2018,1.878,kepco_hybrid_moe_load_v1,estimated,source_truncated_excel_cap,2026-08-11T07:19:12.117877+00:00,1.0.0
2024-07,2024,7,광주,charge_kwh_sum,475817.21,475817.21,0.0,1.0,0.0,2.305,1.878,kepco_hybrid_moe_load_v1,estimated,source_truncated_excel_cap,2026-08-11T07:19:12.117877+00:00,1.0.0
2024-07,2024,7,대전,charge_kwh_sum,448532.45,448532.45,0.0,1.0,0.0,1.7782,1.878,kepco_hybrid_moe_load_v1,estimated,source_truncated_excel_cap,2026-08-11T07:19:12.117877+00:00,1.0.0
2024-07,2024,7,울산,charge_kwh_sum,128907.5,128907.5,0.0,1.0,0.0,0.5719,1.878,kepco_hybrid_moe_load_v1,estimated,source_truncated_excel_cap,2026-08-11T07:19:12.117877+00:00,1.0.0
2024-07,2024,7,세종,charge_kwh_sum,197499.97,197499.97,0.0,1.0,0.0,2.8987,1.878,kepco_hybrid_moe_load_v1,estimated,source_truncated_excel_cap,2026-08-11T07:19:12.117877+00:00,1.0.0
2024-07,2024,7,경기,charge_kwh_sum,2054525.23,2054525.23,0.0,1.0,0.0,1.1309,1.878,kepco_hybrid_moe_load_v1,estimated,source_truncated_excel_cap,2026-08-11T07:19:12.117877+00:00,1.0.0
2024-07,2024,7,강원,charge_kwh_sum,851907.93,851907.93,0.0,1.0,0.0,1.1109,1.878,kepco_hybrid_moe_load_v1,estimated,source_truncated_excel_cap,2026-08-11T07:19:12.117877+00:00,1.0.0
2024-07,2024,7,충북,charge_kwh_sum,645820.51,645820.51,0.0,1.0,0.0,0.688,1.878,kepco_hybrid_moe_load_v1,estimated,source_truncated_excel_cap,2026-08-11T07:19:12.117877+00:00,1.0.0
2024-07,2024,7,충남,charge_kwh_sum,486514.47,486514.47,0.0,1.0,0.0,0.4585,1.878,kepco_hybrid_moe_load_v1,estimated,source_truncated_excel_cap,2026-08-11T07:19:12.117877+00:00,1.0.0
2024-07,2024,7,전북,charge_kwh_sum,492441.98,492441.98,0.0,1.0,0.0,0.6028,1.878,kepco_hybrid_moe_load_v1,estimated,source_truncated_excel_cap,2026-08-11T07:19:12.117877+00:00,1.0.0
2024-07,2024,7,전남,charge_kwh_sum,1201253.14,1201253.14,0.0,1.0,0.0,1.6269,1.878,kepco_hybrid_moe_load_v1,estimated,source_truncated_excel_cap,2026-08-11T07:19:12.117877+00:00,1.0.0
2024-07,2024,7,경북,charge_kwh_sum,772305.79,772305.79,0.0,1.0,0.0,0.5455,1.878,kepco_hybrid_moe_load_v1,estimated,source_truncated_excel_cap,2026-08-11T07:19:12.117877+00:00,1.0.0
2024-07,2024,7,경남,charge_kwh_sum,1392544.59,1392544.59,0.0,1.0,0.0,1.2273,1.878,kepco_hybrid_moe_load_v1,estimated,source_truncated_excel_cap,2026-08-11T07:19:12.117877+00:00,1.0.0
2024-07,2024,7,제주,charge_kwh_sum,1715876.54,1715876.54,0.0,1.0,0.0,2.5602,1.878,kepco_hybrid_moe_load_v1,estimated,source_truncated_excel_cap,2026-08-11T07:19:12.117877+00:00,1.0.0
2024-08,2024,8,서울,charge_kwh_sum,1268163.24,1268163.24,0.0,1.0,0.0,2.2049,1.9707,kepco_hybrid_moe_load_v1,estimated,source_truncated_excel_cap,2026-08-11T07:19:12.117877+00:00,1.0.0
2024-08,2024,8,부산,charge_kwh_sum,536365.39,536365.39,0.0,1.0,0.0,2.0446,1.9707,kepco_hybrid_moe_load_v1,estimated,source_truncated_excel_cap,2026-08-11T07:19:12.117877+00:00,1.0.0
2024-08,2024,8,대구,charge_kwh_sum,714001.09,714001.09,0.0,1.0,0.0,2.2181,1.9707,kepco_hybrid_moe_load_v1,estimated,source_truncated_excel_cap,2026-08-11T07:19:12.117877+00:00,1.0.0
2024-08,2024,8,인천,charge_kwh_sum,644913.83,644913.83,0.0,1.0,0.0,1.2018,1.9707,kepco_hybrid_moe_load_v1,estimated,source_truncated_excel_cap,2026-08-11T07:19:12.117877+00:00,1.0.0
2024-08,2024,8,광주,charge_kwh_sum,517686.54,517686.54,0.0,1.0,0.0,2.305,1.9707,kepco_hybrid_moe_load_v1,estimated,source_truncated_excel_cap,2026-08-11T07:19:12.117877+00:00,1.0.0
2024-08,2024,8,대전,charge_kwh_sum,501299.23,501299.23,0.0,1.0,0.0,1.7782,1.9707,kepco_hybrid_moe_load_v1,estimated,source_truncated_excel_cap,2026-08-11T07:19:12.117877+00:00,1.0.0
2024-08,2024,8,울산,charge_kwh_sum,136928.38,136928.38,0.0,1.0,0.0,0.5719,1.9707,kepco_hybrid_moe_load_v1,estimated,source_truncated_excel_cap,2026-08-11T07:19:12.117877+00:00,1.0.0
2024-08,2024,8,세종,charge_kwh_sum,213388.55,213388.55,0.0,1.0,0.0,2.8987,1.9707,kepco_hybrid_moe_load_v1,estimated,source_truncated_excel_cap,2026-08-11T07:19:12.117877+00:00,1.0.0
2024-08,2024,8,경기,charge_kwh_sum,2356279.55,2356279.55,0.0,1.0,0.0,1.1309,1.9707,kepco_hybrid_moe_load_v1,estimated,source_truncated_excel_cap,2026-08-11T07:19:12.117877+00:00,1.0.0
2024-08,2024,8,강원,charge_kwh_sum,1081493.41,1081493.41,0.0,1.0,0.0,1.1109,1.9707,kepco_hybrid_moe_load_v1,estimated,source_truncated_excel_cap,2026-08-11T07:19:12.117877+00:00,1.0.0
2024-08,2024,8,충북,charge_kwh_sum,754332.78,754332.78,0.0,1.0,0.0,0.688,1.9707,kepco_hybrid_moe_load_v1,estimated,source_truncated_excel_cap,2026-08-11T07:19:12.117877+00:00,1.0.0
2024-08,2024,8,충남,charge_kwh_sum,573348.54,573348.54,0.0,1.0,0.0,0.4585,1.9707,kepco_hybrid_moe_load_v1,estimated,source_truncated_excel_cap,2026-08-11T07:19:12.117877+00:00,1.0.0
2024-08,2024,8,전북,charge_kwh_sum,570541.97,570541.97,0.0,1.0,0.0,0.6028,1.9707,kepco_hybrid_moe_load_v1,estimated,source_truncated_excel_cap,2026-08-11T07:19:12.117877+00:00,1.0.0
2024-08,2024,8,전남,charge_kwh_sum,1393995.41,1393995.41,0.0,1.0,0.0,1.6269,1.9707,kepco_hybrid_moe_load_v1,estimated,source_truncated_excel_cap,2026-08-11T07:19:12.117877+00:00,1.0.0
2024-08,2024,8,경북,charge_kwh_sum,853671.9,853671.9,0.0,1.0,0.0,0.5455,1.9707,kepco_hybrid_moe_load_v1,estimated,source_truncated_excel_cap,2026-08-11T07:19:12.117877+00:00,1.0.0
2024-08,2024,8,경남,charge_kwh_sum,1569952.74,1569952.74,0.0,1.0,0.0,1.2273,1.9707,kepco_hybrid_moe_load_v1,estimated,source_truncated_excel_cap,2026-08-11T07:19:12.117877+00:00,1.0.0
2024-08,2024,8,제주,charge_kwh_sum,1912723.59,1912723.59,0.0,1.0,0.0,2.5602,1.9707,kepco_hybrid_moe_load_v1,estimated,source_truncated_excel_cap,2026-08-11T07:19:12.117877+00:00,1.0.0
2024-09,2024,9,서울,charge_kwh_sum,1153825.54,1153825.54,0.0,1.0,0.0,2.2049,1.9928,kepco_hybrid_moe_load_v1,estimated,source_truncated_excel_cap,2026-08-11T07:19:12.117877+00:00,1.0.0
2024-09,2024,9,부산,charge_kwh_sum,486350.76,486350.76,0.0,1.0,0.0,2.0446,1.9928,kepco_hybrid_moe_load_v1,estimated,source_truncated_excel_cap,2026-08-11T07:19:12.117877+00:00,1.0.0
2024-09,2024,9,대구,charge_kwh_sum,671813.74,671813.74,0.0,1.0,0.0,2.2181,1.9928,kepco_hybrid_moe_load_v1,estimated,source_truncated_excel_cap,2026-08-11T07:19:12.117877+00:00,1.0.0
2024-09,2024,9,인천,charge_kwh_sum,581069.65,581069.65,0.0,1.0,0.0,1.2018,1.9928,kepco_hybrid_moe_load_v1,estimated,source_truncated_excel_cap,2026-08-11T07:19:12.117877+00:00,1.0.0
2024-09,2024,9,광주,charge_kwh_sum,489363.52,489363.52,0.0,1.0,0.0,2.305,1.9928,kepco_hybrid_moe_load_v1,estimated,source_truncated_excel_cap,2026-08-11T07:19:12.117877+00:00,1.0.0
2024-09,2024,9,대전,charge_kwh_sum,456367.66,456367.66,0.0,1.0,0.0,1.7782,1.9928,kepco_hybrid_moe_load_v1,estimated,source_truncated_excel_cap,2026-08-11T07:19:12.117877+00:00,1.0.0
2024-09,2024,9,울산,charge_kwh_sum,124374.35,124374.35,0.0,1.0,0.0,0.5719,1.9928,kepco_hybrid_moe_load_v1,estimated,source_truncated_excel_cap,2026-08-11T07:19:12.117877+00:00,1.0.0
2024-09,2024,9,세종,charge_kwh_sum,199622.77,199622.77,0.0,1.0,0.0,2.8987,1.9928,kepco_hybrid_moe_load_v1,estimated,source_truncated_excel_cap,2026-08-11T07:19:12.117877+00:00,1.0.0
2024-09,2024,9,경기,charge_kwh_sum,2135176.55,2135176.55,0.0,1.0,0.0,1.1309,1.9928,kepco_hybrid_moe_load_v1,estimated,source_truncated_excel_cap,2026-08-11T07:19:12.117877+00:00,1.0.0
2024-09,2024,9,강원,charge_kwh_sum,840348.53,840348.53,0.0,1.0,0.0,1.1109,1.9928,kepco_hybrid_moe_load_v1,estimated,source_truncated_excel_cap,2026-08-11T07:19:12.117877+00:00,1.0.0
2024-09,2024,9,충북,charge_kwh_sum,707394.28,707394.28,0.0,1.0,0.0,0.688,1.9928,kepco_hybrid_moe_load_v1,estimated,source_truncated_excel_cap,2026-08-11T07:19:12.117877+00:00,1.0.0
2024-09,2024,9,충남,charge_kwh_sum,563618.88,563618.88,0.0,1.0,0.0,0.4585,1.9928,kepco_hybrid_moe_load_v1,estimated,source_truncated_excel_cap,2026-08-11T07:19:12.117877+00:00,1.0.0
2024-09,2024,9,전북,charge_kwh_sum,549808.63,549808.63,0.0,1.0,0.0,0.6028,1.9928,kepco_hybrid_moe_load_v1,estimated,source_truncated_excel_cap,2026-08-11T07:19:12.117877+00:00,1.0.0
2024-09,2024,9,전남,charge_kwh_sum,1372021.95,1372021.95,0.0,1.0,0.0,1.6269,1.9928,kepco_hybrid_moe_load_v1,estimated,source_truncated_excel_cap,2026-08-11T07:19:12.117877+00:00,1.0.0
2024-09,2024,9,경북,charge_kwh_sum,796984.48,796984.48,0.0,1.0,0.0,0.5455,1.9928,kepco_hybrid_moe_load_v1,estimated,source_truncated_excel_cap,2026-08-11T07:19:12.117877+00:00,1.0.0
2024-09,2024,9,경남,charge_kwh_sum,1434213.09,1434213.09,0.0,1.0,0.0,1.2273,1.9928,kepco_hybrid_moe_load_v1,estimated,source_truncated_excel_cap,2026-08-11T07:19:12.117877+00:00,1.0.0
2024-09,2024,9,제주,charge_kwh_sum,1631234.52,1631234.52,0.0,1.0,0.0,2.5602,1.9928,kepco_hybrid_moe_load_v1,estimated,source_truncated_excel_cap,2026-08-11T07:19:12.117877+00:00,1.0.0
2024-10,2024,10,서울,charge_kwh_sum,1128968.86,1128968.86,0.0,1.0,0.0,2.2049,,kepco_hybrid_moe_load_v1,estimated,source_truncated_excel_cap,2026-08-11T07:19:12.117877+00:00,1.0.0
2024-10,2024,10,부산,charge_kwh_sum,457648.79,457648.79,0.0,1.0,0.0,2.0446,,kepco_hybrid_moe_load_v1,estimated,source_truncated_excel_cap,2026-08-11T07:19:12.117877+00:00,1.0.0
2024-10,2024,10,대구,charge_kwh_sum,654532.25,654532.25,0.0,1.0,0.0,2.2181,,kepco_hybrid_moe_load_v1,estimated,source_truncated_excel_cap,2026-08-11T07:19:12.117877+00:00,1.0.0
2024-10,2024,10,인천,charge_kwh_sum,577008.22,577008.22,0.0,1.0,0.0,1.2018,,kepco_hybrid_moe_load_v1,estimated,source_truncated_excel_cap,2026-08-11T07:19:12.117877+00:00,1.0.0
2024-10,2024,10,광주,charge_kwh_sum,434836.98,434836.98,0.0,1.0,0.0,2.305,,kepco_hybrid_moe_load_v1,estimated,source_truncated_excel_cap,2026-08-11T07:19:12.117877+00:00,1.0.0
2024-10,2024,10,대전,charge_kwh_sum,434395.85,434395.85,0.0,1.0,0.0,1.7782,,kepco_hybrid_moe_load_v1,estimated,source_truncated_excel_cap,2026-08-11T07:19:12.117877+00:00,1.0.0
2024-10,2024,10,울산,charge_kwh_sum,117822.21,117822.21,0.0,1.0,0.0,0.5719,,kepco_hybrid_moe_load_v1,estimated,source_truncated_excel_cap,2026-08-11T07:19:12.117877+00:00,1.0.0
2024-10,2024,10,세종,charge_kwh_sum,196466.25,196466.25,0.0,1.0,0.0,2.8987,,kepco_hybrid_moe_load_v1,estimated,source_truncated_excel_cap,2026-08-11T07:19:12.117877+00:00,1.0.0
2024-10,2024,10,경기,charge_kwh_sum,2146219.45,2146219.45,0.0,1.0,0.0,1.1309,,kepco_hybrid_moe_load_v1,estimated,source_truncated_excel_cap,2026-08-11T07:19:12.117877+00:00,1.0.0
2024-10,2024,10,강원,charge_kwh_sum,901800.21,901800.21,0.0,1.0,0.0,1.1109,,kepco_hybrid_moe_load_v1,estimated,source_truncated_excel_cap,2026-08-11T07:19:12.117877+00:00,1.0.0
2024-10,2024,10,충북,charge_kwh_sum,715467.97,715467.97,0.0,1.0,0.0,0.688,,kepco_hybrid_moe_load_v1,estimated,source_truncated_excel_cap,2026-08-11T07:19:12.117877+00:00,1.0.0
2024-10,2024,10,충남,charge_kwh_sum,553266.34,553266.34,0.0,1.0,0.0,0.4585,,kepco_hybrid_moe_load_v1,estimated,source_truncated_excel_cap,2026-08-11T07:19:12.117877+00:00,1.0.0
2024-10,2024,10,전북,charge_kwh_sum,519512.27,519512.27,0.0,1.0,0.0,0.6028,,kepco_hybrid_moe_load_v1,estimated,source_truncated_excel_cap,2026-08-11T07:19:12.117877+00:00,1.0.0
2024-10,2024,10,전남,charge_kwh_sum,1238843.55,1238843.55,0.0,1.0,0.0,1.6269,,kepco_hybrid_moe_load_v1,estimated,source_truncated_excel_cap,2026-08-11T07:19:12.117877+00:00,1.0.0
2024-10,2024,10,경북,charge_kwh_sum,770234.81,770234.81,0.0,1.0,0.0,0.5455,,kepco_hybrid_moe_load_v1,estimated,source_truncated_excel_cap,2026-08-11T07:19:12.117877+00:00,1.0.0
2024-10,2024,10,경남,charge_kwh_sum,1386344.21,1386344.21,0.0,1.0,0.0,1.2273,,kepco_hybrid_moe_load_v1,estimated,source_truncated_excel_cap,2026-08-11T07:19:12.117877+00:00,1.0.0
2024-10,2024,10,제주,charge_kwh_sum,1497760.57,1497760.57,0.0,1.0,0.0,2.5602,,kepco_hybrid_moe_load_v1,estimated,source_truncated_excel_cap,2026-08-11T07:19:12.117877+00:00,1.0.0
2024-11,2024,11,서울,charge_kwh_sum,1239961.04,1239961.04,0.0,1.0,0.0,2.2049,,kepco_hybrid_moe_load_v1,estimated,source_truncated_excel_cap,2026-08-11T07:19:12.117877+00:00,1.0.0
2024-11,2024,11,부산,charge_kwh_sum,469951.61,469951.61,0.0,1.0,0.0,2.0446,,kepco_hybrid_moe_load_v1,estimated,source_truncated_excel_cap,2026-08-11T07:19:12.117877+00:00,1.0.0
2024-11,2024,11,대구,charge_kwh_sum,690023.29,690023.29,0.0,1.0,0.0,2.2181,,kepco_hybrid_moe_load_v1,estimated,source_truncated_excel_cap,2026-08-11T07:19:12.117877+00:00,1.0.0
2024-11,2024,11,인천,charge_kwh_sum,640517.12,640517.12,0.0,1.0,0.0,1.2018,,kepco_hybrid_moe_load_v1,estimated,source_truncated_excel_cap,2026-08-11T07:19:12.117877+00:00,1.0.0
2024-11,2024,11,광주,charge_kwh_sum,481025.77,481025.77,0.0,1.0,0.0,2.305,,kepco_hybrid_moe_load_v1,estimated,source_truncated_excel_cap,2026-08-11T07:19:12.117877+00:00,1.0.0
2024-11,2024,11,대전,charge_kwh_sum,490615.12,490615.12,0.0,1.0,0.0,1.7782,,kepco_hybrid_moe_load_v1,estimated,source_truncated_excel_cap,2026-08-11T07:19:12.117877+00:00,1.0.0
2024-11,2024,11,울산,charge_kwh_sum,124290.49,124290.49,0.0,1.0,0.0,0.5719,,kepco_hybrid_moe_load_v1,estimated,source_truncated_excel_cap,2026-08-11T07:19:12.117877+00:00,1.0.0
2024-11,2024,11,세종,charge_kwh_sum,211934.85,211934.85,0.0,1.0,0.0,2.8987,,kepco_hybrid_moe_load_v1,estimated,source_truncated_excel_cap,2026-08-11T07:19:12.117877+00:00,1.0.0
2024-11,2024,11,경기,charge_kwh_sum,2304242.33,2304242.33,0.0,1.0,0.0,1.1309,,kepco_hybrid_moe_load_v1,estimated,source_truncated_excel_cap,2026-08-11T07:19:12.117877+00:00,1.0.0
2024-11,2024,11,강원,charge_kwh_sum,881898.09,881898.09,0.0,1.0,0.0,1.1109,,kepco_hybrid_moe_load_v1,estimated,source_truncated_excel_cap,2026-08-11T07:19:12.117877+00:00,1.0.0
2024-11,2024,11,충북,charge_kwh_sum,788670.21,788670.21,0.0,1.0,0.0,0.688,,kepco_hybrid_moe_load_v1,estimated,source_truncated_excel_cap,2026-08-11T07:19:12.117877+00:00,1.0.0
2024-11,2024,11,충남,charge_kwh_sum,581183.32,581183.32,0.0,1.0,0.0,0.4585,,kepco_hybrid_moe_load_v1,estimated,source_truncated_excel_cap,2026-08-11T07:19:12.117877+00:00,1.0.0
2024-11,2024,11,전북,charge_kwh_sum,559103.26,559103.26,0.0,1.0,0.0,0.6028,,kepco_hybrid_moe_load_v1,estimated,source_truncated_excel_cap,2026-08-11T07:19:12.117877+00:00,1.0.0
2024-11,2024,11,전남,charge_kwh_sum,1344348.14,1344348.14,0.0,1.0,0.0,1.6269,,kepco_hybrid_moe_load_v1,estimated,source_truncated_excel_cap,2026-08-11T07:19:12.117877+00:00,1.0.0
2024-11,2024,11,경북,charge_kwh_sum,826721.61,826721.61,0.0,1.0,0.0,0.5455,,kepco_hybrid_moe_load_v1,estimated,source_truncated_excel_cap,2026-08-11T07:19:12.117877+00:00,1.0.0
2024-11,2024,11,경남,charge_kwh_sum,1432765.69,1432765.69,0.0,1.0,0.0,1.2273,,kepco_hybrid_moe_load_v1,estimated,source_truncated_excel_cap,2026-08-11T07:19:12.117877+00:00,1.0.0
2024-11,2024,11,제주,charge_kwh_sum,1498455.91,1498455.91,0.0,1.0,0.0,2.5602,,kepco_hybrid_moe_load_v1,estimated,source_truncated_excel_cap,2026-08-11T07:19:12.117877+00:00,1.0.0
2024-12,2024,12,서울,charge_kwh_sum,1505505.66,1505505.66,0.0,1.0,0.0,2.2049,,kepco_hybrid_moe_load_v1,estimated,source_truncated_excel_cap,2026-08-11T07:19:12.117877+00:00,1.0.0
2024-12,2024,12,부산,charge_kwh_sum,520402.66,520402.66,0.0,1.0,0.0,2.0446,,kepco_hybrid_moe_load_v1,estimated,source_truncated_excel_cap,2026-08-11T07:19:12.117877+00:00,1.0.0
2024-12,2024,12,대구,charge_kwh_sum,797660.85,797660.85,0.0,1.0,0.0,2.2181,,kepco_hybrid_moe_load_v1,estimated,source_truncated_excel_cap,2026-08-11T07:19:12.117877+00:00,1.0.0
2024-12,2024,12,인천,charge_kwh_sum,754916.89,754916.89,0.0,1.0,0.0,1.2018,,kepco_hybrid_moe_load_v1,estimated,source_truncated_excel_cap,2026-08-11T07:19:12.117877+00:00,1.0.0
2024-12,2024,12,광주,charge_kwh_sum,544998.63,544998.63,0.0,1.0,0.0,2.305,,kepco_hybrid_moe_load_v1,estimated,source_truncated_excel_cap,2026-08-11T07:19:12.117877+00:00,1.0.0
2024-12,2024,12,대전,charge_kwh_sum,582928.81,582928.81,0.0,1.0,0.0,1.7782,,kepco_hybrid_moe_load_v1,estimated,source_truncated_excel_cap,2026-08-11T07:19:12.117877+00:00,1.0.0
2024-12,2024,12,울산,charge_kwh_sum,141434.1,141434.1,0.0,1.0,0.0,0.5719,,kepco_hybrid_moe_load_v1,estimated,source_truncated_excel_cap,2026-08-11T07:19:12.117877+00:00,1.0.0
2024-12,2024,12,세종,charge_kwh_sum,235920.32,235920.32,0.0,1.0,0.0,2.8987,,kepco_hybrid_moe_load_v1,estimated,source_truncated_excel_cap,2026-08-11T07:19:12.117877+00:00,1.0.0
2024-12,2024,12,경기,charge_kwh_sum,2692992.01,2692992.01,0.0,1.0,0.0,1.1309,,kepco_hybrid_moe_load_v1,estimated,source_truncated_excel_cap,2026-08-11T07:19:12.117877+00:00,1.0.0
2024-12,2024,12,강원,charge_kwh_sum,990541.72,990541.72,0.0,1.0,0.0,1.1109,,kepco_hybrid_moe_load_v1,estimated,source_truncated_excel_cap,2026-08-11T07:19:12.117877+00:00,1.0.0
2024-12,2024,12,충북,charge_kwh_sum,841513.85,841513.85,0.0,1.0,0.0,0.688,,kepco_hybrid_moe_load_v1,estimated,source_truncated_excel_cap,2026-08-11T07:19:12.117877+00:00,1.0.0
2024-12,2024,12,충남,charge_kwh_sum,624557.54,624557.54,0.0,1.0,0.0,0.4585,,kepco_hybrid_moe_load_v1,estimated,source_truncated_excel_cap,2026-08-11T07:19:12.117877+00:00,1.0.0
2024-12,2024,12,전북,charge_kwh_sum,585828.09,585828.09,0.0,1.0,0.0,0.6028,,kepco_hybrid_moe_load_v1,estimated,source_truncated_excel_cap,2026-08-11T07:19:12.117877+00:00,1.0.0
2024-12,2024,12,전남,charge_kwh_sum,1439351.8,1439351.8,0.0,1.0,0.0,1.6269,,kepco_hybrid_moe_load_v1,estimated,source_truncated_excel_cap,2026-08-11T07:19:12.117877+00:00,1.0.0
2024-12,2024,12,경북,charge_kwh_sum,904507.92,904507.92,0.0,1.0,0.0,0.5455,,kepco_hybrid_moe_load_v1,estimated,source_truncated_excel_cap,2026-08-11T07:19:12.117877+00:00,1.0.0
2024-12,2024,12,경남,charge_kwh_sum,1579897.68,1579897.68,0.0,1.0,0.0,1.2273,,kepco_hybrid_moe_load_v1,estimated,source_truncated_excel_cap,2026-08-11T07:19:12.117877+00:00,1.0.0
2024-12,2024,12,제주,charge_kwh_sum,1709433.8,1709433.8,0.0,1.0,0.0,2.5602,,kepco_hybrid_moe_load_v1,estimated,source_truncated_excel_cap,2026-08-11T07:19:12.117877+00:00,1.0.0
2025-01,2025,1,서울,charge_kwh_sum,1407274.93,1407274.93,2043525.47,1.0,0.0,2.2049,5.6692,kepco_hybrid_moe_load_v1,estimated,source_truncated_excel_cap,2026-08-11T07:19:12.117877+00:00,1.0.0
2025-01,2025,1,부산,charge_kwh_sum,498072.96,498072.96,725489.53,1.0,0.0,2.0446,5.6692,kepco_hybrid_moe_load_v1,estimated,source_truncated_excel_cap,2026-08-11T07:19:12.117877+00:00,1.0.0
2025-01,2025,1,대구,charge_kwh_sum,758148.17,758148.17,736884.65,1.0,0.0,2.2181,5.6692,kepco_hybrid_moe_load_v1,estimated,source_truncated_excel_cap,2026-08-11T07:19:12.117877+00:00,1.0.0
2025-01,2025,1,인천,charge_kwh_sum,711146.27,711146.27,672312.28,1.0,0.0,1.2018,5.6692,kepco_hybrid_moe_load_v1,estimated,source_truncated_excel_cap,2026-08-11T07:19:12.117877+00:00,1.0.0
2025-01,2025,1,광주,charge_kwh_sum,513764.92,513764.92,455804.94,1.0,0.0,2.305,5.6692,kepco_hybrid_moe_load_v1,estimated,source_truncated_excel_cap,2026-08-11T07:19:12.117877+00:00,1.0.0
2025-01,2025,1,대전,charge_kwh_sum,621530.16,621530.16,459603.31,1.0,0.0,1.7782,5.6692,kepco_hybrid_moe_load_v1,estimated,source_truncated_excel_cap,2026-08-11T07:19:12.117877+00:00,1.0.0
2025-01,2025,1,울산,charge_kwh_sum,137052.78,137052.78,212708.97,1.0,0.0,0.5719,5.6692,kepco_hybrid_moe_load_v1,estimated,source_truncated_excel_cap,2026-08-11T07:19:12.117877+00:00,1.0.0
2025-01,2025,1,세종,charge_kwh_sum,218874.51,218874.51,273482.96,1.0,0.0,2.8987,5.6692,kepco_hybrid_moe_load_v1,estimated,source_truncated_excel_cap,2026-08-11T07:19:12.117877+00:00,1.0.0
2025-01,2025,1,경기,charge_kwh_sum,2507712.29,2507712.29,2932345.1,1.0,0.0,1.1309,5.6692,kepco_hybrid_moe_load_v1,estimated,source_truncated_excel_cap,2026-08-11T07:19:12.117877+00:00,1.0.0
2025-01,2025,1,강원,charge_kwh_sum,1026027.72,1026027.72,979980.62,1.0,0.0,1.1109,5.6692,kepco_hybrid_moe_load_v1,estimated,source_truncated_excel_cap,2026-08-11T07:19:12.117877+00:00,1.0.0
2025-01,2025,1,충북,charge_kwh_sum,790950.33,790950.33,740683.02,1.0,0.0,0.688,5.6692,kepco_hybrid_moe_load_v1,estimated,source_truncated_excel_cap,2026-08-11T07:19:12.117877+00:00,1.0.0
2025-01,2025,1,충남,charge_kwh_sum,590689.0,590689.0,824247.26,1.0,0.0,0.4585,5.6692,kepco_hybrid_moe_load_v1,estimated,source_truncated_excel_cap,2026-08-11T07:19:12.117877+00:00,1.0.0
2025-01,2025,1,전북,charge_kwh_sum,589097.35,589097.35,778666.77,1.0,0.0,0.6028,5.6692,kepco_hybrid_moe_load_v1,estimated,source_truncated_excel_cap,2026-08-11T07:19:12.117877+00:00,1.0.0
2025-01,2025,1,전남,charge_kwh_sum,1445312.15,1445312.15,1036956.23,1.0,0.0,1.6269,5.6692,kepco_hybrid_moe_load_v1,estimated,source_truncated_excel_cap,2026-08-11T07:19:12.117877+00:00,1.0.0
2025-01,2025,1,경북,charge_kwh_sum,917049.39,917049.39,1458575.8,1.0,0.0,0.5455,5.6692,kepco_hybrid_moe_load_v1,estimated,source_truncated_excel_cap,2026-08-11T07:19:12.117877+00:00,1.0.0
2025-01,2025,1,경남,charge_kwh_sum,1563432.28,1563432.28,1340826.19,1.0,0.0,1.2273,5.6692,kepco_hybrid_moe_load_v1,estimated,source_truncated_excel_cap,2026-08-11T07:19:12.117877+00:00,1.0.0
2025-01,2025,1,제주,charge_kwh_sum,1661634.33,1661634.33,767271.64,1.0,0.0,2.5602,5.6692,kepco_hybrid_moe_load_v1,estimated,source_truncated_excel_cap,2026-08-11T07:19:12.117877+00:00,1.0.0
2025-02,2025,2,서울,charge_kwh_sum,1387319.58,1387319.58,5813836.1,1.0,0.0,2.2049,19.1232,kepco_hybrid_moe_load_v1,estimated,source_truncated_excel_cap,2026-08-11T07:19:12.117877+00:00,1.0.0
2025-02,2025,2,부산,charge_kwh_sum,472444.55,472444.55,2064019.88,1.0,0.0,2.0446,19.1232,kepco_hybrid_moe_load_v1,estimated,source_truncated_excel_cap,2026-08-11T07:19:12.117877+00:00,1.0.0
2025-02,2025,2,대구,charge_kwh_sum,681822.92,681822.92,2096439.04,1.0,0.0,2.2181,19.1232,kepco_hybrid_moe_load_v1,estimated,source_truncated_excel_cap,2026-08-11T07:19:12.117877+00:00,1.0.0
2025-02,2025,2,인천,charge_kwh_sum,652742.79,652742.79,1912730.47,1.0,0.0,1.2018,19.1232,kepco_hybrid_moe_load_v1,estimated,source_truncated_excel_cap,2026-08-11T07:19:12.117877+00:00,1.0.0
2025-02,2025,2,광주,charge_kwh_sum,478406.21,478406.21,1296766.42,1.0,0.0,2.305,19.1232,kepco_hybrid_moe_load_v1,estimated,source_truncated_excel_cap,2026-08-11T07:19:12.117877+00:00,1.0.0
2025-02,2025,2,대전,charge_kwh_sum,580952.71,580952.71,1307572.8,1.0,0.0,1.7782,19.1232,kepco_hybrid_moe_load_v1,estimated,source_truncated_excel_cap,2026-08-11T07:19:12.117877+00:00,1.0.0
2025-02,2025,2,울산,charge_kwh_sum,123779.33,123779.33,605157.66,1.0,0.0,0.5719,19.1232,kepco_hybrid_moe_load_v1,estimated,source_truncated_excel_cap,2026-08-11T07:19:12.117877+00:00,1.0.0
2025-02,2025,2,세종,charge_kwh_sum,222343.76,222343.76,778059.85,1.0,0.0,2.8987,19.1232,kepco_hybrid_moe_load_v1,estimated,source_truncated_excel_cap,2026-08-11T07:19:12.117877+00:00,1.0.0
2025-02,2025,2,경기,charge_kwh_sum,2359231.48,2359231.48,8342530.62,1.0,0.0,1.1309,19.1232,kepco_hybrid_moe_load_v1,estimated,source_truncated_excel_cap,2026-08-11T07:19:12.117877+00:00,1.0.0
2025-02,2025,2,강원,charge_kwh_sum,837043.0,837043.0,2788047.8,1.0,0.0,1.1109,19.1232,kepco_hybrid_moe_load_v1,estimated,source_truncated_excel_cap,2026-08-11T07:19:12.117877+00:00,1.0.0
2025-02,2025,2,충북,charge_kwh_sum,719068.93,719068.93,2107245.43,1.0,0.0,0.688,19.1232,kepco_hybrid_moe_load_v1,estimated,source_truncated_excel_cap,2026-08-11T07:19:12.117877+00:00,1.0.0
2025-02,2025,2,충남,charge_kwh_sum,547467.56,547467.56,2344985.94,1.0,0.0,0.4585,19.1232,kepco_hybrid_moe_load_v1,estimated,source_truncated_excel_cap,2026-08-11T07:19:12.117877+00:00,1.0.0
2025-02,2025,2,전북,charge_kwh_sum,492222.59,492222.59,2215309.3,1.0,0.0,0.6028,19.1232,kepco_hybrid_moe_load_v1,estimated,source_truncated_excel_cap,2026-08-11T07:19:12.117877+00:00,1.0.0
2025-02,2025,2,전남,charge_kwh_sum,1193946.45,1193946.45,2950143.6,1.0,0.0,1.6269,19.1232,kepco_hybrid_moe_load_v1,estimated,source_truncated_excel_cap,2026-08-11T07:19:12.117877+00:00,1.0.0
2025-02,2025,2,경북,charge_kwh_sum,781587.17,781587.17,4149652.53,1.0,0.0,0.5455,19.1232,kepco_hybrid_moe_load_v1,estimated,source_truncated_excel_cap,2026-08-11T07:19:12.117877+00:00,1.0.0
2025-02,2025,2,경남,charge_kwh_sum,1380824.55,1380824.55,3814654.54,1.0,0.0,1.2273,19.1232,kepco_hybrid_moe_load_v1,estimated,source_truncated_excel_cap,2026-08-11T07:19:12.117877+00:00,1.0.0
2025-02,2025,2,제주,charge_kwh_sum,1540841.62,1540841.62,2182890.14,1.0,0.0,2.5602,19.1232,kepco_hybrid_moe_load_v1,estimated,source_truncated_excel_cap,2026-08-11T07:19:12.117877+00:00,1.0.0
2025-03,2025,3,서울,charge_kwh_sum,1139461.94,1139461.94,3204809.55,1.0,0.0,2.2049,11.2923,kepco_hybrid_moe_load_v1,estimated,source_truncated_excel_cap,2026-08-11T07:19:12.117877+00:00,1.0.0
2025-03,2025,3,부산,charge_kwh_sum,415329.01,415329.01,1137766.96,1.0,0.0,2.0446,11.2923,kepco_hybrid_moe_load_v1,estimated,source_truncated_excel_cap,2026-08-11T07:19:12.117877+00:00,1.0.0
2025-03,2025,3,대구,charge_kwh_sum,632437.14,632437.14,1155637.65,1.0,0.0,2.2181,11.2923,kepco_hybrid_moe_load_v1,estimated,source_truncated_excel_cap,2026-08-11T07:19:12.117877+00:00,1.0.0
2025-03,2025,3,인천,charge_kwh_sum,580723.04,580723.04,1054370.43,1.0,0.0,1.2018,11.2923,kepco_hybrid_moe_load_v1,estimated,source_truncated_excel_cap,2026-08-11T07:19:12.117877+00:00,1.0.0
2025-03,2025,3,광주,charge_kwh_sum,433888.64,433888.64,714827.41,1.0,0.0,2.305,11.2923,kepco_hybrid_moe_load_v1,estimated,source_truncated_excel_cap,2026-08-11T07:19:12.117877+00:00,1.0.0
2025-03,2025,3,대전,charge_kwh_sum,514336.17,514336.17,720784.3,1.0,0.0,1.7782,11.2923,kepco_hybrid_moe_load_v1,estimated,source_truncated_excel_cap,2026-08-11T07:19:12.117877+00:00,1.0.0
2025-03,2025,3,울산,charge_kwh_sum,112467.17,112467.17,333586.12,1.0,0.0,0.5719,11.2923,kepco_hybrid_moe_load_v1,estimated,source_truncated_excel_cap,2026-08-11T07:19:12.117877+00:00,1.0.0
2025-03,2025,3,세종,charge_kwh_sum,204304.15,204304.15,428896.45,1.0,0.0,2.8987,11.2923,kepco_hybrid_moe_load_v1,estimated,source_truncated_excel_cap,2026-08-11T07:19:12.117877+00:00,1.0.0
2025-03,2025,3,경기,charge_kwh_sum,2101419.02,2101419.02,4598723.0,1.0,0.0,1.1309,11.2923,kepco_hybrid_moe_load_v1,estimated,source_truncated_excel_cap,2026-08-11T07:19:12.117877+00:00,1.0.0
2025-03,2025,3,강원,charge_kwh_sum,774772.55,774772.55,1536878.93,1.0,0.0,1.1109,11.2923,kepco_hybrid_moe_load_v1,estimated,source_truncated_excel_cap,2026-08-11T07:19:12.117877+00:00,1.0.0
2025-03,2025,3,충북,charge_kwh_sum,671916.17,671916.17,1161594.54,1.0,0.0,0.688,11.2923,kepco_hybrid_moe_load_v1,estimated,source_truncated_excel_cap,2026-08-11T07:19:12.117877+00:00,1.0.0
2025-03,2025,3,충남,charge_kwh_sum,525116.71,525116.71,1292646.23,1.0,0.0,0.4585,11.2923,kepco_hybrid_moe_load_v1,estimated,source_truncated_excel_cap,2026-08-11T07:19:12.117877+00:00,1.0.0
2025-03,2025,3,전북,charge_kwh_sum,479095.56,479095.56,1221163.49,1.0,0.0,0.6028,11.2923,kepco_hybrid_moe_load_v1,estimated,source_truncated_excel_cap,2026-08-11T07:19:12.117877+00:00,1.0.0
2025-03,2025,3,전남,charge_kwh_sum,1291317.92,1291317.92,1626232.36,1.0,0.0,1.6269,11.2923,kepco_hybrid_moe_load_v1,estimated,source_truncated_excel_cap,2026-08-11T07:19:12.117877+00:00,1.0.0
2025-03,2025,3,경북,charge_kwh_sum,747402.29,747402.29,2287447.71,1.0,0.0,0.5455,11.2923,kepco_hybrid_moe_load_v1,estimated,source_truncated_excel_cap,2026-08-11T07:19:12.117877+00:00,1.0.0
2025-03,2025,3,경남,charge_kwh_sum,1303391.81,1303391.81,2102783.96,1.0,0.0,1.2273,11.2923,kepco_hybrid_moe_load_v1,estimated,source_truncated_excel_cap,2026-08-11T07:19:12.117877+00:00,1.0.0
2025-03,2025,3,제주,charge_kwh_sum,1501961.5,1501961.5,1203292.81,1.0,0.0,2.5602,11.2923,kepco_hybrid_moe_load_v1,estimated,source_truncated_excel_cap,2026-08-11T07:19:12.117877+00:00,1.0.0
2025-04,2025,4,서울,charge_kwh_sum,1035158.73,1035158.73,1629297.21,1.0,0.0,2.2049,5.6229,kepco_hybrid_moe_load_v1,estimated,source_truncated_excel_cap,2026-08-11T07:19:12.117877+00:00,1.0.0
2025-04,2025,4,부산,charge_kwh_sum,389518.76,389518.76,578430.79,1.0,0.0,2.0446,5.6229,kepco_hybrid_moe_load_v1,estimated,source_truncated_excel_cap,2026-08-11T07:19:12.117877+00:00,1.0.0
2025-04,2025,4,대구,charge_kwh_sum,591466.14,591466.14,587516.09,1.0,0.0,2.2181,5.6229,kepco_hybrid_moe_load_v1,estimated,source_truncated_excel_cap,2026-08-11T07:19:12.117877+00:00,1.0.0
2025-04,2025,4,인천,charge_kwh_sum,557867.87,557867.87,536032.72,1.0,0.0,1.2018,5.6229,kepco_hybrid_moe_load_v1,estimated,source_truncated_excel_cap,2026-08-11T07:19:12.117877+00:00,1.0.0
2025-04,2025,4,광주,charge_kwh_sum,409191.73,409191.73,363412.02,1.0,0.0,2.305,5.6229,kepco_hybrid_moe_load_v1,estimated,source_truncated_excel_cap,2026-08-11T07:19:12.117877+00:00,1.0.0
2025-04,2025,4,대전,charge_kwh_sum,483471.07,483471.07,366440.45,1.0,0.0,1.7782,5.6229,kepco_hybrid_moe_load_v1,estimated,source_truncated_excel_cap,2026-08-11T07:19:12.117877+00:00,1.0.0
2025-04,2025,4,울산,charge_kwh_sum,107705.73,107705.73,169592.27,1.0,0.0,0.5719,5.6229,kepco_hybrid_moe_load_v1,estimated,source_truncated_excel_cap,2026-08-11T07:19:12.117877+00:00,1.0.0
2025-04,2025,4,세종,charge_kwh_sum,188618.15,188618.15,218047.21,1.0,0.0,2.8987,5.6229,kepco_hybrid_moe_load_v1,estimated,source_truncated_excel_cap,2026-08-11T07:19:12.117877+00:00,1.0.0
2025-04,2025,4,경기,charge_kwh_sum,2068803.07,2068803.07,2337950.64,1.0,0.0,1.1309,5.6229,kepco_hybrid_moe_load_v1,estimated,source_truncated_excel_cap,2026-08-11T07:19:12.117877+00:00,1.0.0
2025-04,2025,4,강원,charge_kwh_sum,739332.46,739332.46,781335.84,1.0,0.0,1.1109,5.6229,kepco_hybrid_moe_load_v1,estimated,source_truncated_excel_cap,2026-08-11T07:19:12.117877+00:00,1.0.0
2025-04,2025,4,충북,charge_kwh_sum,633965.46,633965.46,590544.53,1.0,0.0,0.688,5.6229,kepco_hybrid_moe_load_v1,estimated,source_truncated_excel_cap,2026-08-11T07:19:12.117877+00:00,1.0.0
2025-04,2025,4,충남,charge_kwh_sum,521991.73,521991.73,657170.06,1.0,0.0,0.4585,5.6229,kepco_hybrid_moe_load_v1,estimated,source_truncated_excel_cap,2026-08-11T07:19:12.117877+00:00,1.0.0
2025-04,2025,4,전북,charge_kwh_sum,484780.86,484780.86,620828.86,1.0,0.0,0.6028,5.6229,kepco_hybrid_moe_load_v1,estimated,source_truncated_excel_cap,2026-08-11T07:19:12.117877+00:00,1.0.0
2025-04,2025,4,전남,charge_kwh_sum,1287144.89,1287144.89,826762.34,1.0,0.0,1.6269,5.6229,kepco_hybrid_moe_load_v1,estimated,source_truncated_excel_cap,2026-08-11T07:19:12.117877+00:00,1.0.0
2025-04,2025,4,경북,charge_kwh_sum,732261.77,732261.77,1162918.45,1.0,0.0,0.5455,5.6229,kepco_hybrid_moe_load_v1,estimated,source_truncated_excel_cap,2026-08-11T07:19:12.117877+00:00,1.0.0
2025-04,2025,4,경남,charge_kwh_sum,1260581.53,1260581.53,1069037.02,1.0,0.0,1.2273,5.6229,kepco_hybrid_moe_load_v1,estimated,source_truncated_excel_cap,2026-08-11T07:19:12.117877+00:00,1.0.0
2025-04,2025,4,제주,charge_kwh_sum,1490789.67,1490789.67,611743.56,1.0,0.0,2.5602,5.6229,kepco_hybrid_moe_load_v1,estimated,source_truncated_excel_cap,2026-08-11T07:19:12.117877+00:00,1.0.0
2025-05,2025,5,서울,charge_kwh_sum,1019854.95,1019854.95,539917.75,1.0,0.0,2.2049,1.7323,kepco_hybrid_moe_load_v1,estimated,source_truncated_excel_cap,2026-08-11T07:19:12.117877+00:00,1.0.0
2025-05,2025,5,부산,charge_kwh_sum,411821.77,411821.77,191680.84,1.0,0.0,2.0446,1.7323,kepco_hybrid_moe_load_v1,estimated,source_truncated_excel_cap,2026-08-11T07:19:12.117877+00:00,1.0.0
2025-05,2025,5,대구,charge_kwh_sum,603534.01,603534.01,194691.53,1.0,0.0,2.2181,1.7323,kepco_hybrid_moe_load_v1,estimated,source_truncated_excel_cap,2026-08-11T07:19:12.117877+00:00,1.0.0
2025-05,2025,5,인천,charge_kwh_sum,561437.22,561437.22,177630.93,1.0,0.0,1.2018,1.7323,kepco_hybrid_moe_load_v1,estimated,source_truncated_excel_cap,2026-08-11T07:19:12.117877+00:00,1.0.0
2025-05,2025,5,광주,charge_kwh_sum,412497.69,412497.69,120427.75,1.0,0.0,2.305,1.7323,kepco_hybrid_moe_load_v1,estimated,source_truncated_excel_cap,2026-08-11T07:19:12.117877+00:00,1.0.0
2025-05,2025,5,대전,charge_kwh_sum,493819.7,493819.7,121431.32,1.0,0.0,1.7782,1.7323,kepco_hybrid_moe_load_v1,estimated,source_truncated_excel_cap,2026-08-11T07:19:12.117877+00:00,1.0.0
2025-05,2025,5,울산,charge_kwh_sum,117348.36,117348.36,56199.62,1.0,0.0,0.5719,1.7323,kepco_hybrid_moe_load_v1,estimated,source_truncated_excel_cap,2026-08-11T07:19:12.117877+00:00,1.0.0
2025-05,2025,5,세종,charge_kwh_sum,188409.1,188409.1,72256.65,1.0,0.0,2.8987,1.7323,kepco_hybrid_moe_load_v1,estimated,source_truncated_excel_cap,2026-08-11T07:19:12.117877+00:00,1.0.0
2025-05,2025,5,경기,charge_kwh_sum,2076579.98,2076579.98,774751.87,1.0,0.0,1.1309,1.7323,kepco_hybrid_moe_load_v1,estimated,source_truncated_excel_cap,2026-08-11T07:19:12.117877+00:00,1.0.0
2025-05,2025,5,강원,charge_kwh_sum,892564.87,892564.87,258919.67,1.0,0.0,1.1109,1.7323,kepco_hybrid_moe_load_v1,estimated,source_truncated_excel_cap,2026-08-11T07:19:12.117877+00:00,1.0.0
2025-05,2025,5,충북,charge_kwh_sum,675737.33,675737.33,195695.1,1.0,0.0,0.688,1.7323,kepco_hybrid_moe_load_v1,estimated,source_truncated_excel_cap,2026-08-11T07:19:12.117877+00:00,1.0.0
2025-05,2025,5,충남,charge_kwh_sum,543241.06,543241.06,217773.52,1.0,0.0,0.4585,1.7323,kepco_hybrid_moe_load_v1,estimated,source_truncated_excel_cap,2026-08-11T07:19:12.117877+00:00,1.0.0
2025-05,2025,5,전북,charge_kwh_sum,529541.22,529541.22,205730.74,1.0,0.0,0.6028,1.7323,kepco_hybrid_moe_load_v1,estimated,source_truncated_excel_cap,2026-08-11T07:19:12.117877+00:00,1.0.0
2025-05,2025,5,전남,charge_kwh_sum,1407073.17,1407073.17,273973.14,1.0,0.0,1.6269,1.7323,kepco_hybrid_moe_load_v1,estimated,source_truncated_excel_cap,2026-08-11T07:19:12.117877+00:00,1.0.0
2025-05,2025,5,경북,charge_kwh_sum,810280.32,810280.32,385368.81,1.0,0.0,0.5455,1.7323,kepco_hybrid_moe_load_v1,estimated,source_truncated_excel_cap,2026-08-11T07:19:12.117877+00:00,1.0.0
2025-05,2025,5,경남,charge_kwh_sum,1355878.31,1355878.31,354258.3,1.0,0.0,1.2273,1.7323,kepco_hybrid_moe_load_v1,estimated,source_truncated_excel_cap,2026-08-11T07:19:12.117877+00:00,1.0.0
2025-05,2025,5,제주,charge_kwh_sum,1558550.38,1558550.38,202720.05,1.0,0.0,2.5602,1.7323,kepco_hybrid_moe_load_v1,estimated,source_truncated_excel_cap,2026-08-11T07:19:12.117877+00:00,1.0.0
2025-06,2025,6,서울,charge_kwh_sum,1046033.35,1046033.35,757676.32,1.0,0.0,2.2049,1.1301,kepco_hybrid_moe_load_v1,estimated,source_truncated_excel_cap,2026-08-11T07:19:12.117877+00:00,1.0.0
2025-06,2025,6,부산,charge_kwh_sum,411309.77,411309.77,268989.18,1.0,0.0,2.0446,1.1301,kepco_hybrid_moe_load_v1,estimated,source_truncated_excel_cap,2026-08-11T07:19:12.117877+00:00,1.0.0
2025-06,2025,6,대구,charge_kwh_sum,621111.02,621111.02,273214.14,1.0,0.0,2.2181,1.1301,kepco_hybrid_moe_load_v1,estimated,source_truncated_excel_cap,2026-08-11T07:19:12.117877+00:00,1.0.0
2025-06,2025,6,인천,charge_kwh_sum,545267.76,545267.76,249272.69,1.0,0.0,1.2018,1.1301,kepco_hybrid_moe_load_v1,estimated,source_truncated_excel_cap,2026-08-11T07:19:12.117877+00:00,1.0.0
2025-06,2025,6,광주,charge_kwh_sum,443568.29,443568.29,168998.44,1.0,0.0,2.305,1.1301,kepco_hybrid_moe_load_v1,estimated,source_truncated_excel_cap,2026-08-11T07:19:12.117877+00:00,1.0.0
2025-06,2025,6,대전,charge_kwh_sum,497153.69,497153.69,170406.76,1.0,0.0,1.7782,1.1301,kepco_hybrid_moe_load_v1,estimated,source_truncated_excel_cap,2026-08-11T07:19:12.117877+00:00,1.0.0
2025-06,2025,6,울산,charge_kwh_sum,117406.15,117406.15,78865.94,1.0,0.0,0.5719,1.1301,kepco_hybrid_moe_load_v1,estimated,source_truncated_excel_cap,2026-08-11T07:19:12.117877+00:00,1.0.0
2025-06,2025,6,세종,charge_kwh_sum,185670.86,185670.86,101399.06,1.0,0.0,2.8987,1.1301,kepco_hybrid_moe_load_v1,estimated,source_truncated_excel_cap,2026-08-11T07:19:12.117877+00:00,1.0.0
2025-06,2025,6,경기,charge_kwh_sum,2089034.58,2089034.58,1087223.27,1.0,0.0,1.1309,1.1301,kepco_hybrid_moe_load_v1,estimated,source_truncated_excel_cap,2026-08-11T07:19:12.117877+00:00,1.0.0
2025-06,2025,6,강원,charge_kwh_sum,870486.94,870486.94,363346.64,1.0,0.0,1.1109,1.1301,kepco_hybrid_moe_load_v1,estimated,source_truncated_excel_cap,2026-08-11T07:19:12.117877+00:00,1.0.0
2025-06,2025,6,충북,charge_kwh_sum,638805.38,638805.38,274622.46,1.0,0.0,0.688,1.1301,kepco_hybrid_moe_load_v1,estimated,source_truncated_excel_cap,2026-08-11T07:19:12.117877+00:00,1.0.0
2025-06,2025,6,충남,charge_kwh_sum,510220.95,510220.95,305605.5,1.0,0.0,0.4585,1.1301,kepco_hybrid_moe_load_v1,estimated,source_truncated_excel_cap,2026-08-11T07:19:12.117877+00:00,1.0.0
2025-06,2025,6,전북,charge_kwh_sum,476163.42,476163.42,288705.66,1.0,0.0,0.6028,1.1301,kepco_hybrid_moe_load_v1,estimated,source_truncated_excel_cap,2026-08-11T07:19:12.117877+00:00,1.0.0
2025-06,2025,6,전남,charge_kwh_sum,1294913.59,1294913.59,384471.44,1.0,0.0,1.6269,1.1301,kepco_hybrid_moe_load_v1,estimated,source_truncated_excel_cap,2026-08-11T07:19:12.117877+00:00,1.0.0
2025-06,2025,6,경북,charge_kwh_sum,773278.5,773278.5,540794.99,1.0,0.0,0.5455,1.1301,kepco_hybrid_moe_load_v1,estimated,source_truncated_excel_cap,2026-08-11T07:19:12.117877+00:00,1.0.0
2025-06,2025,6,경남,charge_kwh_sum,1316176.92,1316176.92,497137.06,1.0,0.0,1.2273,1.1301,kepco_hybrid_moe_load_v1,estimated,source_truncated_excel_cap,2026-08-11T07:19:12.117877+00:00,1.0.0
2025-06,2025,6,제주,charge_kwh_sum,1626076.57,1626076.57,284480.7,1.0,0.0,2.5602,1.1301,kepco_hybrid_moe_load_v1,estimated,source_truncated_excel_cap,2026-08-11T07:19:12.117877+00:00,1.0.0
2025-07,2025,7,서울,charge_kwh_sum,1274342.65,1274342.65,0.0,1.0,0.0,2.2049,1.2802,kepco_hybrid_moe_load_v1,estimated,source_truncated_excel_cap,2026-08-11T07:19:12.117877+00:00,1.0.0
2025-07,2025,7,부산,charge_kwh_sum,508542.67,508542.67,0.0,1.0,0.0,2.0446,1.2802,kepco_hybrid_moe_load_v1,estimated,source_truncated_excel_cap,2026-08-11T07:19:12.117877+00:00,1.0.0
2025-07,2025,7,대구,charge_kwh_sum,751312.72,751312.72,0.0,1.0,0.0,2.2181,1.2802,kepco_hybrid_moe_load_v1,estimated,source_truncated_excel_cap,2026-08-11T07:19:12.117877+00:00,1.0.0
2025-07,2025,7,인천,charge_kwh_sum,663743.57,663743.57,0.0,1.0,0.0,1.2018,1.2802,kepco_hybrid_moe_load_v1,estimated,source_truncated_excel_cap,2026-08-11T07:19:12.117877+00:00,1.0.0
2025-07,2025,7,광주,charge_kwh_sum,534673.82,534673.82,0.0,1.0,0.0,2.305,1.2802,kepco_hybrid_moe_load_v1,estimated,source_truncated_excel_cap,2026-08-11T07:19:12.117877+00:00,1.0.0
2025-07,2025,7,대전,charge_kwh_sum,579393.86,579393.86,0.0,1.0,0.0,1.7782,1.2802,kepco_hybrid_moe_load_v1,estimated,source_truncated_excel_cap,2026-08-11T07:19:12.117877+00:00,1.0.0
2025-07,2025,7,울산,charge_kwh_sum,144339.8,144339.8,0.0,1.0,0.0,0.5719,1.2802,kepco_hybrid_moe_load_v1,estimated,source_truncated_excel_cap,2026-08-11T07:19:12.117877+00:00,1.0.0
2025-07,2025,7,세종,charge_kwh_sum,225847.45,225847.45,0.0,1.0,0.0,2.8987,1.2802,kepco_hybrid_moe_load_v1,estimated,source_truncated_excel_cap,2026-08-11T07:19:12.117877+00:00,1.0.0
2025-07,2025,7,경기,charge_kwh_sum,2451434.61,2451434.61,0.0,1.0,0.0,1.1309,1.2802,kepco_hybrid_moe_load_v1,estimated,source_truncated_excel_cap,2026-08-11T07:19:12.117877+00:00,1.0.0
2025-07,2025,7,강원,charge_kwh_sum,1058734.09,1058734.09,0.0,1.0,0.0,1.1109,1.2802,kepco_hybrid_moe_load_v1,estimated,source_truncated_excel_cap,2026-08-11T07:19:12.117877+00:00,1.0.0
2025-07,2025,7,충북,charge_kwh_sum,725450.19,725450.19,0.0,1.0,0.0,0.688,1.2802,kepco_hybrid_moe_load_v1,estimated,source_truncated_excel_cap,2026-08-11T07:19:12.117877+00:00,1.0.0
2025-07,2025,7,충남,charge_kwh_sum,585463.94,585463.94,0.0,1.0,0.0,0.4585,1.2802,kepco_hybrid_moe_load_v1,estimated,source_truncated_excel_cap,2026-08-11T07:19:12.117877+00:00,1.0.0
2025-07,2025,7,전북,charge_kwh_sum,535639.86,535639.86,0.0,1.0,0.0,0.6028,1.2802,kepco_hybrid_moe_load_v1,estimated,source_truncated_excel_cap,2026-08-11T07:19:12.117877+00:00,1.0.0
2025-07,2025,7,전남,charge_kwh_sum,1497382.87,1497382.87,0.0,1.0,0.0,1.6269,1.2802,kepco_hybrid_moe_load_v1,estimated,source_truncated_excel_cap,2026-08-11T07:19:12.117877+00:00,1.0.0
2025-07,2025,7,경북,charge_kwh_sum,905495.56,905495.56,0.0,1.0,0.0,0.5455,1.2802,kepco_hybrid_moe_load_v1,estimated,source_truncated_excel_cap,2026-08-11T07:19:12.117877+00:00,1.0.0
2025-07,2025,7,경남,charge_kwh_sum,1585124.42,1585124.42,0.0,1.0,0.0,1.2273,1.2802,kepco_hybrid_moe_load_v1,estimated,source_truncated_excel_cap,2026-08-11T07:19:12.117877+00:00,1.0.0
2025-07,2025,7,제주,charge_kwh_sum,2064530.82,2064530.82,0.0,1.0,0.0,2.5602,1.2802,kepco_hybrid_moe_load_v1,estimated,source_truncated_excel_cap,2026-08-11T07:19:12.117877+00:00,1.0.0
2025-08,2025,8,서울,charge_kwh_sum,1226502.18,1226502.18,0.0,1.0,0.0,2.2049,13.2559,kepco_hybrid_moe_load_v1,estimated,source_truncated_excel_cap,2026-08-11T07:19:12.117877+00:00,1.0.0
2025-08,2025,8,부산,charge_kwh_sum,530197.31,530197.31,0.0,1.0,0.0,2.0446,13.2559,kepco_hybrid_moe_load_v1,estimated,source_truncated_excel_cap,2026-08-11T07:19:12.117877+00:00,1.0.0
2025-08,2025,8,대구,charge_kwh_sum,787990.55,787990.55,0.0,1.0,0.0,2.2181,13.2559,kepco_hybrid_moe_load_v1,estimated,source_truncated_excel_cap,2026-08-11T07:19:12.117877+00:00,1.0.0
2025-08,2025,8,인천,charge_kwh_sum,655510.68,655510.68,0.0,1.0,0.0,1.2018,13.2559,kepco_hybrid_moe_load_v1,estimated,source_truncated_excel_cap,2026-08-11T07:19:12.117877+00:00,1.0.0
2025-08,2025,8,광주,charge_kwh_sum,489892.57,489892.57,0.0,1.0,0.0,2.305,13.2559,kepco_hybrid_moe_load_v1,estimated,source_truncated_excel_cap,2026-08-11T07:19:12.117877+00:00,1.0.0
2025-08,2025,8,대전,charge_kwh_sum,588273.95,588273.95,0.0,1.0,0.0,1.7782,13.2559,kepco_hybrid_moe_load_v1,estimated,source_truncated_excel_cap,2026-08-11T07:19:12.117877+00:00,1.0.0
2025-08,2025,8,울산,charge_kwh_sum,138674.54,138674.54,0.0,1.0,0.0,0.5719,13.2559,kepco_hybrid_moe_load_v1,estimated,source_truncated_excel_cap,2026-08-11T07:19:12.117877+00:00,1.0.0
2025-08,2025,8,세종,charge_kwh_sum,224885.56,224885.56,0.0,1.0,0.0,2.8987,13.2559,kepco_hybrid_moe_load_v1,estimated,source_truncated_excel_cap,2026-08-11T07:19:12.117877+00:00,1.0.0
2025-08,2025,8,경기,charge_kwh_sum,2411972.23,2411972.23,0.0,1.0,0.0,1.1309,13.2559,kepco_hybrid_moe_load_v1,estimated,source_truncated_excel_cap,2026-08-11T07:19:12.117877+00:00,1.0.0
2025-08,2025,8,강원,charge_kwh_sum,1186146.92,1186146.92,0.0,1.0,0.0,1.1109,13.2559,kepco_hybrid_moe_load_v1,estimated,source_truncated_excel_cap,2026-08-11T07:19:12.117877+00:00,1.0.0
2025-08,2025,8,충북,charge_kwh_sum,762729.58,762729.58,0.0,1.0,0.0,0.688,13.2559,kepco_hybrid_moe_load_v1,estimated,source_truncated_excel_cap,2026-08-11T07:19:12.117877+00:00,1.0.0
2025-08,2025,8,충남,charge_kwh_sum,616334.71,616334.71,0.0,1.0,0.0,0.4585,13.2559,kepco_hybrid_moe_load_v1,estimated,source_truncated_excel_cap,2026-08-11T07:19:12.117877+00:00,1.0.0
2025-08,2025,8,전북,charge_kwh_sum,569455.33,569455.33,0.0,1.0,0.0,0.6028,13.2559,kepco_hybrid_moe_load_v1,estimated,source_truncated_excel_cap,2026-08-11T07:19:12.117877+00:00,1.0.0
2025-08,2025,8,전남,charge_kwh_sum,1546842.29,1546842.29,0.0,1.0,0.0,1.6269,13.2559,kepco_hybrid_moe_load_v1,estimated,source_truncated_excel_cap,2026-08-11T07:19:12.117877+00:00,1.0.0
2025-08,2025,8,경북,charge_kwh_sum,975242.66,975242.66,0.0,1.0,0.0,0.5455,13.2559,kepco_hybrid_moe_load_v1,estimated,source_truncated_excel_cap,2026-08-11T07:19:12.117877+00:00,1.0.0
2025-08,2025,8,경남,charge_kwh_sum,1562531.56,1562531.56,0.0,1.0,0.0,1.2273,13.2559,kepco_hybrid_moe_load_v1,estimated,source_truncated_excel_cap,2026-08-11T07:19:12.117877+00:00,1.0.0
2025-08,2025,8,제주,charge_kwh_sum,2132680.21,2132680.21,0.0,1.0,0.0,2.5602,13.2559,kepco_hybrid_moe_load_v1,estimated,source_truncated_excel_cap,2026-08-11T07:19:12.117877+00:00,1.0.0
2025-09,2025,9,서울,charge_kwh_sum,0.0,0.0,0.0,0.0,1.0,2.2049,1.2598,kepco_hybrid_moe_load_v1,estimated,source_truncated_excel_cap,2026-08-11T07:19:12.117877+00:00,1.0.0
2025-09,2025,9,부산,charge_kwh_sum,0.0,0.0,0.0,0.0,1.0,2.0446,1.2598,kepco_hybrid_moe_load_v1,estimated,source_truncated_excel_cap,2026-08-11T07:19:12.117877+00:00,1.0.0
2025-09,2025,9,대구,charge_kwh_sum,0.0,0.0,0.0,0.0,1.0,2.2181,1.2598,kepco_hybrid_moe_load_v1,estimated,source_truncated_excel_cap,2026-08-11T07:19:12.117877+00:00,1.0.0
2025-09,2025,9,인천,charge_kwh_sum,0.0,0.0,0.0,0.0,1.0,1.2018,1.2598,kepco_hybrid_moe_load_v1,estimated,source_truncated_excel_cap,2026-08-11T07:19:12.117877+00:00,1.0.0
2025-09,2025,9,광주,charge_kwh_sum,0.0,0.0,0.0,0.0,1.0,2.305,1.2598,kepco_hybrid_moe_load_v1,estimated,source_truncated_excel_cap,2026-08-11T07:19:12.117877+00:00,1.0.0
2025-09,2025,9,대전,charge_kwh_sum,0.0,0.0,0.0,0.0,1.0,1.7782,1.2598,kepco_hybrid_moe_load_v1,estimated,source_truncated_excel_cap,2026-08-11T07:19:12.117877+00:00,1.0.0
2025-09,2025,9,울산,charge_kwh_sum,0.0,0.0,0.0,0.0,1.0,0.5719,1.2598,kepco_hybrid_moe_load_v1,estimated,source_truncated_excel_cap,2026-08-11T07:19:12.117877+00:00,1.0.0
2025-09,2025,9,세종,charge_kwh_sum,0.0,0.0,0.0,0.0,1.0,2.8987,1.2598,kepco_hybrid_moe_load_v1,estimated,source_truncated_excel_cap,2026-08-11T07:19:12.117877+00:00,1.0.0
2025-09,2025,9,경기,charge_kwh_sum,0.0,0.0,0.0,0.0,1.0,1.1309,1.2598,kepco_hybrid_moe_load_v1,estimated,source_truncated_excel_cap,2026-08-11T07:19:12.117877+00:00,1.0.0
2025-09,2025,9,강원,charge_kwh_sum,0.0,0.0,0.0,0.0,1.0,1.1109,1.2598,kepco_hybrid_moe_load_v1,estimated,source_truncated_excel_cap,2026-08-11T07:19:12.117877+00:00,1.0.0
2025-09,2025,9,충북,charge_kwh_sum,0.0,0.0,0.0,0.0,1.0,0.688,1.2598,kepco_hybrid_moe_load_v1,estimated,source_truncated_excel_cap,2026-08-11T07:19:12.117877+00:00,1.0.0
2025-09,2025,9,충남,charge_kwh_sum,0.0,0.0,0.0,0.0,1.0,0.4585,1.2598,kepco_hybrid_moe_load_v1,estimated,source_truncated_excel_cap,2026-08-11T07:19:12.117877+00:00,1.0.0
2025-09,2025,9,전북,charge_kwh_sum,0.0,0.0,0.0,0.0,1.0,0.6028,1.2598,kepco_hybrid_moe_load_v1,estimated,source_truncated_excel_cap,2026-08-11T07:19:12.117877+00:00,1.0.0
2025-09,2025,9,전남,charge_kwh_sum,0.0,0.0,0.0,0.0,1.0,1.6269,1.2598,kepco_hybrid_moe_load_v1,estimated,source_truncated_excel_cap,2026-08-11T07:19:12.117877+00:00,1.0.0
2025-09,2025,9,경북,charge_kwh_sum,0.0,0.0,0.0,0.0,1.0,0.5455,1.2598,kepco_hybrid_moe_load_v1,estimated,source_truncated_excel_cap,2026-08-11T07:19:12.117877+00:00,1.0.0
2025-09,2025,9,경남,charge_kwh_sum,0.0,0.0,0.0,0.0,1.0,1.2273,1.2598,kepco_hybrid_moe_load_v1,estimated,source_truncated_excel_cap,2026-08-11T07:19:12.117877+00:00,1.0.0
2025-09,2025,9,제주,charge_kwh_sum,0.0,0.0,0.0,0.0,1.0,2.5602,1.2598,kepco_hybrid_moe_load_v1,estimated,source_truncated_excel_cap,2026-08-11T07:19:12.117877+00:00,1.0.0
2025-10,2025,10,서울,charge_kwh_sum,0.0,0.0,0.0,0.0,1.0,2.2049,2.615,kepco_hybrid_moe_load_v1,estimated,source_truncated_excel_cap,2026-08-11T07:19:12.117877+00:00,1.0.0
2025-10,2025,10,부산,charge_kwh_sum,0.0,0.0,0.0,0.0,1.0,2.0446,2.615,kepco_hybrid_moe_load_v1,estimated,source_truncated_excel_cap,2026-08-11T07:19:12.117877+00:00,1.0.0
2025-10,2025,10,대구,charge_kwh_sum,0.0,0.0,0.0,0.0,1.0,2.2181,2.615,kepco_hybrid_moe_load_v1,estimated,source_truncated_excel_cap,2026-08-11T07:19:12.117877+00:00,1.0.0
2025-10,2025,10,인천,charge_kwh_sum,0.0,0.0,0.0,0.0,1.0,1.2018,2.615,kepco_hybrid_moe_load_v1,estimated,source_truncated_excel_cap,2026-08-11T07:19:12.117877+00:00,1.0.0
2025-10,2025,10,광주,charge_kwh_sum,0.0,0.0,0.0,0.0,1.0,2.305,2.615,kepco_hybrid_moe_load_v1,estimated,source_truncated_excel_cap,2026-08-11T07:19:12.117877+00:00,1.0.0
2025-10,2025,10,대전,charge_kwh_sum,0.0,0.0,0.0,0.0,1.0,1.7782,2.615,kepco_hybrid_moe_load_v1,estimated,source_truncated_excel_cap,2026-08-11T07:19:12.117877+00:00,1.0.0
2025-10,2025,10,울산,charge_kwh_sum,0.0,0.0,0.0,0.0,1.0,0.5719,2.615,kepco_hybrid_moe_load_v1,estimated,source_truncated_excel_cap,2026-08-11T07:19:12.117877+00:00,1.0.0
2025-10,2025,10,세종,charge_kwh_sum,0.0,0.0,0.0,0.0,1.0,2.8987,2.615,kepco_hybrid_moe_load_v1,estimated,source_truncated_excel_cap,2026-08-11T07:19:12.117877+00:00,1.0.0
2025-10,2025,10,경기,charge_kwh_sum,0.0,0.0,0.0,0.0,1.0,1.1309,2.615,kepco_hybrid_moe_load_v1,estimated,source_truncated_excel_cap,2026-08-11T07:19:12.117877+00:00,1.0.0
2025-10,2025,10,강원,charge_kwh_sum,0.0,0.0,0.0,0.0,1.0,1.1109,2.615,kepco_hybrid_moe_load_v1,estimated,source_truncated_excel_cap,2026-08-11T07:19:12.117877+00:00,1.0.0
2025-10,2025,10,충북,charge_kwh_sum,0.0,0.0,0.0,0.0,1.0,0.688,2.615,kepco_hybrid_moe_load_v1,estimated,source_truncated_excel_cap,2026-08-11T07:19:12.117877+00:00,1.0.0
2025-10,2025,10,충남,charge_kwh_sum,0.0,0.0,0.0,0.0,1.0,0.4585,2.615,kepco_hybrid_moe_load_v1,estimated,source_truncated_excel_cap,2026-08-11T07:19:12.117877+00:00,1.0.0
2025-10,2025,10,전북,charge_kwh_sum,0.0,0.0,0.0,0.0,1.0,0.6028,2.615,kepco_hybrid_moe_load_v1,estimated,source_truncated_excel_cap,2026-08-11T07:19:12.117877+00:00,1.0.0
2025-10,2025,10,전남,charge_kwh_sum,0.0,0.0,0.0,0.0,1.0,1.6269,2.615,kepco_hybrid_moe_load_v1,estimated,source_truncated_excel_cap,2026-08-11T07:19:12.117877+00:00,1.0.0
2025-10,2025,10,경북,charge_kwh_sum,0.0,0.0,0.0,0.0,1.0,0.5455,2.615,kepco_hybrid_moe_load_v1,estimated,source_truncated_excel_cap,2026-08-11T07:19:12.117877+00:00,1.0.0
2025-10,2025,10,경남,charge_kwh_sum,0.0,0.0,0.0,0.0,1.0,1.2273,2.615,kepco_hybrid_moe_load_v1,estimated,source_truncated_excel_cap,2026-08-11T07:19:12.117877+00:00,1.0.0
2025-10,2025,10,제주,charge_kwh_sum,0.0,0.0,0.0,0.0,1.0,2.5602,2.615,kepco_hybrid_moe_load_v1,estimated,source_truncated_excel_cap,2026-08-11T07:19:12.117877+00:00,1.0.0
2025-11,2025,11,서울,charge_kwh_sum,0.0,0.0,0.0,0.0,1.0,2.2049,1.2322,kepco_hybrid_moe_load_v1,estimated,source_truncated_excel_cap,2026-08-11T07:19:12.117877+00:00,1.0.0
2025-11,2025,11,부산,charge_kwh_sum,0.0,0.0,0.0,0.0,1.0,2.0446,1.2322,kepco_hybrid_moe_load_v1,estimated,source_truncated_excel_cap,2026-08-11T07:19:12.117877+00:00,1.0.0
2025-11,2025,11,대구,charge_kwh_sum,0.0,0.0,0.0,0.0,1.0,2.2181,1.2322,kepco_hybrid_moe_load_v1,estimated,source_truncated_excel_cap,2026-08-11T07:19:12.117877+00:00,1.0.0
2025-11,2025,11,인천,charge_kwh_sum,0.0,0.0,0.0,0.0,1.0,1.2018,1.2322,kepco_hybrid_moe_load_v1,estimated,source_truncated_excel_cap,2026-08-11T07:19:12.117877+00:00,1.0.0
2025-11,2025,11,광주,charge_kwh_sum,0.0,0.0,0.0,0.0,1.0,2.305,1.2322,kepco_hybrid_moe_load_v1,estimated,source_truncated_excel_cap,2026-08-11T07:19:12.117877+00:00,1.0.0
2025-11,2025,11,대전,charge_kwh_sum,0.0,0.0,0.0,0.0,1.0,1.7782,1.2322,kepco_hybrid_moe_load_v1,estimated,source_truncated_excel_cap,2026-08-11T07:19:12.117877+00:00,1.0.0
2025-11,2025,11,울산,charge_kwh_sum,0.0,0.0,0.0,0.0,1.0,0.5719,1.2322,kepco_hybrid_moe_load_v1,estimated,source_truncated_excel_cap,2026-08-11T07:19:12.117877+00:00,1.0.0
2025-11,2025,11,세종,charge_kwh_sum,0.0,0.0,0.0,0.0,1.0,2.8987,1.2322,kepco_hybrid_moe_load_v1,estimated,source_truncated_excel_cap,2026-08-11T07:19:12.117877+00:00,1.0.0
2025-11,2025,11,경기,charge_kwh_sum,0.0,0.0,0.0,0.0,1.0,1.1309,1.2322,kepco_hybrid_moe_load_v1,estimated,source_truncated_excel_cap,2026-08-11T07:19:12.117877+00:00,1.0.0
2025-11,2025,11,강원,charge_kwh_sum,0.0,0.0,0.0,0.0,1.0,1.1109,1.2322,kepco_hybrid_moe_load_v1,estimated,source_truncated_excel_cap,2026-08-11T07:19:12.117877+00:00,1.0.0
2025-11,2025,11,충북,charge_kwh_sum,0.0,0.0,0.0,0.0,1.0,0.688,1.2322,kepco_hybrid_moe_load_v1,estimated,source_truncated_excel_cap,2026-08-11T07:19:12.117877+00:00,1.0.0
2025-11,2025,11,충남,charge_kwh_sum,0.0,0.0,0.0,0.0,1.0,0.4585,1.2322,kepco_hybrid_moe_load_v1,estimated,source_truncated_excel_cap,2026-08-11T07:19:12.117877+00:00,1.0.0
2025-11,2025,11,전북,charge_kwh_sum,0.0,0.0,0.0,0.0,1.0,0.6028,1.2322,kepco_hybrid_moe_load_v1,estimated,source_truncated_excel_cap,2026-08-11T07:19:12.117877+00:00,1.0.0
2025-11,2025,11,전남,charge_kwh_sum,0.0,0.0,0.0,0.0,1.0,1.6269,1.2322,kepco_hybrid_moe_load_v1,estimated,source_truncated_excel_cap,2026-08-11T07:19:12.117877+00:00,1.0.0
2025-11,2025,11,경북,charge_kwh_sum,0.0,0.0,0.0,0.0,1.0,0.5455,1.2322,kepco_hybrid_moe_load_v1,estimated,source_truncated_excel_cap,2026-08-11T07:19:12.117877+00:00,1.0.0
2025-11,2025,11,경남,charge_kwh_sum,0.0,0.0,0.0,0.0,1.0,1.2273,1.2322,kepco_hybrid_moe_load_v1,estimated,source_truncated_excel_cap,2026-08-11T07:19:12.117877+00:00,1.0.0
2025-11,2025,11,제주,charge_kwh_sum,0.0,0.0,0.0,0.0,1.0,2.5602,1.2322,kepco_hybrid_moe_load_v1,estimated,source_truncated_excel_cap,2026-08-11T07:19:12.117877+00:00,1.0.0
2025-12,2025,12,서울,charge_kwh_sum,0.0,0.0,0.0,0.0,1.0,2.2049,5.8546,kepco_hybrid_moe_load_v1,estimated,source_truncated_excel_cap,2026-08-11T07:19:12.117877+00:00,1.0.0
2025-12,2025,12,부산,charge_kwh_sum,0.0,0.0,0.0,0.0,1.0,2.0446,5.8546,kepco_hybrid_moe_load_v1,estimated,source_truncated_excel_cap,2026-08-11T07:19:12.117877+00:00,1.0.0
2025-12,2025,12,대구,charge_kwh_sum,0.0,0.0,0.0,0.0,1.0,2.2181,5.8546,kepco_hybrid_moe_load_v1,estimated,source_truncated_excel_cap,2026-08-11T07:19:12.117877+00:00,1.0.0
2025-12,2025,12,인천,charge_kwh_sum,0.0,0.0,0.0,0.0,1.0,1.2018,5.8546,kepco_hybrid_moe_load_v1,estimated,source_truncated_excel_cap,2026-08-11T07:19:12.117877+00:00,1.0.0
2025-12,2025,12,광주,charge_kwh_sum,0.0,0.0,0.0,0.0,1.0,2.305,5.8546,kepco_hybrid_moe_load_v1,estimated,source_truncated_excel_cap,2026-08-11T07:19:12.117877+00:00,1.0.0
2025-12,2025,12,대전,charge_kwh_sum,0.0,0.0,0.0,0.0,1.0,1.7782,5.8546,kepco_hybrid_moe_load_v1,estimated,source_truncated_excel_cap,2026-08-11T07:19:12.117877+00:00,1.0.0
2025-12,2025,12,울산,charge_kwh_sum,0.0,0.0,0.0,0.0,1.0,0.5719,5.8546,kepco_hybrid_moe_load_v1,estimated,source_truncated_excel_cap,2026-08-11T07:19:12.117877+00:00,1.0.0
2025-12,2025,12,세종,charge_kwh_sum,0.0,0.0,0.0,0.0,1.0,2.8987,5.8546,kepco_hybrid_moe_load_v1,estimated,source_truncated_excel_cap,2026-08-11T07:19:12.117877+00:00,1.0.0
2025-12,2025,12,경기,charge_kwh_sum,0.0,0.0,0.0,0.0,1.0,1.1309,5.8546,kepco_hybrid_moe_load_v1,estimated,source_truncated_excel_cap,2026-08-11T07:19:12.117877+00:00,1.0.0
2025-12,2025,12,강원,charge_kwh_sum,0.0,0.0,0.0,0.0,1.0,1.1109,5.8546,kepco_hybrid_moe_load_v1,estimated,source_truncated_excel_cap,2026-08-11T07:19:12.117877+00:00,1.0.0
2025-12,2025,12,충북,charge_kwh_sum,0.0,0.0,0.0,0.0,1.0,0.688,5.8546,kepco_hybrid_moe_load_v1,estimated,source_truncated_excel_cap,2026-08-11T07:19:12.117877+00:00,1.0.0
2025-12,2025,12,충남,charge_kwh_sum,0.0,0.0,0.0,0.0,1.0,0.4585,5.8546,kepco_hybrid_moe_load_v1,estimated,source_truncated_excel_cap,2026-08-11T07:19:12.117877+00:00,1.0.0
2025-12,2025,12,전북,charge_kwh_sum,0.0,0.0,0.0,0.0,1.0,0.6028,5.8546,kepco_hybrid_moe_load_v1,estimated,source_truncated_excel_cap,2026-08-11T07:19:12.117877+00:00,1.0.0
2025-12,2025,12,전남,charge_kwh_sum,0.0,0.0,0.0,0.0,1.0,1.6269,5.8546,kepco_hybrid_moe_load_v1,estimated,source_truncated_excel_cap,2026-08-11T07:19:12.117877+00:00,1.0.0
2025-12,2025,12,경북,charge_kwh_sum,0.0,0.0,0.0,0.0,1.0,0.5455,5.8546,kepco_hybrid_moe_load_v1,estimated,source_truncated_excel_cap,2026-08-11T07:19:12.117877+00:00,1.0.0
2025-12,2025,12,경남,charge_kwh_sum,0.0,0.0,0.0,0.0,1.0,1.2273,5.8546,kepco_hybrid_moe_load_v1,estimated,source_truncated_excel_cap,2026-08-11T07:19:12.117877+00:00,1.0.0
2025-12,2025,12,제주,charge_kwh_sum,0.0,0.0,0.0,0.0,1.0,2.5602,5.8546,kepco_hybrid_moe_load_v1,estimated,source_truncated_excel_cap,2026-08-11T07:19:12.117877+00:00,1.0.0
