기준월,연도,월,시도,충전량_kWh,value_status,관측값,estimated_value,하한_80,상한_80,모형ID,출처ID
2019-01,2019,1,강원,50783.18,observed,50783.18,,,,,moe_public_fast_monthly
2019-01,2019,1,경기,107145.62,observed,107145.62,,,,,moe_public_fast_monthly
2019-01,2019,1,경남,64584.06,observed,64584.06,,,,,moe_public_fast_monthly
2019-01,2019,1,경북,117641.72,observed,117641.72,,,,,moe_public_fast_monthly
2019-01,2019,1,광주,8664.94,observed,8664.94,,,,,moe_public_fast_monthly
2019-01,2019,1,대구,45238.36,observed,45238.36,,,,,moe_public_fast_monthly
2019-01,2019,1,대전,9634.7,observed,9634.7,,,,,moe_public_fast_monthly
2019-01,2019,1,부산,12068.45,observed,12068.45,,,,,moe_public_fast_monthly
2019-01,2019,1,서울,29171.75,observed,29171.75,,,,,moe_public_fast_monthly
2019-01,2019,1,세종,6229.91,observed,6229.91,,,,,moe_public_fast_monthly
2019-01,2019,1,울산,12689.06,observed,12689.06,,,,,moe_public_fast_monthly
2019-01,2019,1,인천,14013.79,observed,14013.79,,,,,moe_public_fast_monthly
2019-01,2019,1,전남,34377.41,observed,34377.41,,,,,moe_public_fast_monthly
2019-01,2019,1,전북,43272.45,observed,43272.45,,,,,moe_public_fast_monthly
2019-01,2019,1,제주,69318.09,observed,69318.09,,,,,moe_public_fast_monthly
2019-01,2019,1,충남,61539.37,observed,61539.37,,,,,moe_public_fast_monthly
2019-01,2019,1,충북,85638.11,observed,85638.11,,,,,moe_public_fast_monthly
2019-02,2019,2,강원,42633.33,observed,42633.33,,,,,moe_public_fast_monthly
2019-02,2019,2,경기,101085.29,observed,101085.29,,,,,moe_public_fast_monthly
2019-02,2019,2,경남,64856.92,observed,64856.92,,,,,moe_public_fast_monthly
2019-02,2019,2,경북,125591.82,observed,125591.82,,,,,moe_public_fast_monthly
2019-02,2019,2,광주,8342.7,observed,8342.7,,,,,moe_public_fast_monthly
2019-02,2019,2,대구,45309.74,observed,45309.74,,,,,moe_public_fast_monthly
2019-02,2019,2,대전,10588.7,observed,10588.7,,,,,moe_public_fast_monthly
2019-02,2019,2,부산,11548.22,observed,11548.22,,,,,moe_public_fast_monthly
2019-02,2019,2,서울,25329.78,observed,25329.78,,,,,moe_public_fast_monthly
2019-02,2019,2,세종,6492.36,observed,6492.36,,,,,moe_public_fast_monthly
2019-02,2019,2,울산,13378.56,observed,13378.56,,,,,moe_public_fast_monthly
2019-02,2019,2,인천,12002.1,observed,12002.1,,,,,moe_public_fast_monthly
2019-02,2019,2,전남,37062.03,observed,37062.03,,,,,moe_public_fast_monthly
2019-02,2019,2,전북,45640.11,observed,45640.11,,,,,moe_public_fast_monthly
2019-02,2019,2,제주,59184.28,observed,59184.28,,,,,moe_public_fast_monthly
2019-02,2019,2,충남,56444.43,observed,56444.43,,,,,moe_public_fast_monthly
2019-02,2019,2,충북,84552.9,observed,84552.9,,,,,moe_public_fast_monthly
2019-03,2019,3,강원,53561.12,observed,53561.12,,,,,moe_public_fast_monthly
2019-03,2019,3,경기,123525.66,observed,123525.66,,,,,moe_public_fast_monthly
2019-03,2019,3,경남,83186.23,observed,83186.23,,,,,moe_public_fast_monthly
2019-03,2019,3,경북,145378.58,observed,145378.58,,,,,moe_public_fast_monthly
2019-03,2019,3,광주,11609.07,observed,11609.07,,,,,moe_public_fast_monthly
2019-03,2019,3,대구,50641.13,observed,50641.13,,,,,moe_public_fast_monthly
2019-03,2019,3,대전,15598.77,observed,15598.77,,,,,moe_public_fast_monthly
2019-03,2019,3,부산,13285.81,observed,13285.81,,,,,moe_public_fast_monthly
2019-03,2019,3,서울,31699.74,observed,31699.74,,,,,moe_public_fast_monthly
2019-03,2019,3,세종,9538.32,observed,9538.32,,,,,moe_public_fast_monthly
2019-03,2019,3,울산,19063.43,observed,19063.43,,,,,moe_public_fast_monthly
2019-03,2019,3,인천,18248.5,observed,18248.5,,,,,moe_public_fast_monthly
2019-03,2019,3,전남,53826.44,observed,53826.44,,,,,moe_public_fast_monthly
2019-03,2019,3,전북,57396.42,observed,57396.42,,,,,moe_public_fast_monthly
2019-03,2019,3,제주,61267.56,observed,61267.56,,,,,moe_public_fast_monthly
2019-03,2019,3,충남,82571.34,observed,82571.34,,,,,moe_public_fast_monthly
2019-03,2019,3,충북,87700.5,observed,87700.5,,,,,moe_public_fast_monthly
2019-04,2019,4,강원,65165.26,observed,65165.26,,,,,moe_public_fast_monthly
2019-04,2019,4,경기,146900.91,observed,146900.91,,,,,moe_public_fast_monthly
2019-04,2019,4,경남,95497.6,observed,95497.6,,,,,moe_public_fast_monthly
2019-04,2019,4,경북,181828.33,observed,181828.33,,,,,moe_public_fast_monthly
2019-04,2019,4,광주,13943.73,observed,13943.73,,,,,moe_public_fast_monthly
2019-04,2019,4,대구,60214.4,observed,60214.4,,,,,moe_public_fast_monthly
2019-04,2019,4,대전,21302.83,observed,21302.83,,,,,moe_public_fast_monthly
2019-04,2019,4,부산,18514.36,observed,18514.36,,,,,moe_public_fast_monthly
2019-04,2019,4,서울,37345.66,observed,37345.66,,,,,moe_public_fast_monthly
2019-04,2019,4,세종,19599.07,observed,19599.07,,,,,moe_public_fast_monthly
2019-04,2019,4,울산,21885.49,observed,21885.49,,,,,moe_public_fast_monthly
2019-04,2019,4,인천,23037.39,observed,23037.39,,,,,moe_public_fast_monthly
2019-04,2019,4,전남,65083.38,observed,65083.38,,,,,moe_public_fast_monthly
2019-04,2019,4,전북,84442.9,observed,84442.9,,,,,moe_public_fast_monthly
2019-04,2019,4,제주,70827.2,observed,70827.2,,,,,moe_public_fast_monthly
2019-04,2019,4,충남,118456.75,observed,118456.75,,,,,moe_public_fast_monthly
2019-04,2019,4,충북,104120.4,observed,104120.4,,,,,moe_public_fast_monthly
2019-05,2019,5,강원,87186.58,observed,87186.58,,,,,moe_public_fast_monthly
2019-05,2019,5,경기,180182.54,observed,180182.54,,,,,moe_public_fast_monthly
2019-05,2019,5,경남,109150.06,observed,109150.06,,,,,moe_public_fast_monthly
2019-05,2019,5,경북,224131.02,observed,224131.02,,,,,moe_public_fast_monthly
2019-05,2019,5,광주,18812.37,observed,18812.37,,,,,moe_public_fast_monthly
2019-05,2019,5,대구,68680.67,observed,68680.67,,,,,moe_public_fast_monthly
2019-05,2019,5,대전,37419.56,observed,37419.56,,,,,moe_public_fast_monthly
2019-05,2019,5,부산,24656.17,observed,24656.17,,,,,moe_public_fast_monthly
2019-05,2019,5,서울,49020.08,observed,49020.08,,,,,moe_public_fast_monthly
2019-05,2019,5,세종,15532.7,observed,15532.7,,,,,moe_public_fast_monthly
2019-05,2019,5,울산,27254.16,observed,27254.16,,,,,moe_public_fast_monthly
2019-05,2019,5,인천,30544.45,observed,30544.45,,,,,moe_public_fast_monthly
2019-05,2019,5,전남,71204.36,observed,71204.36,,,,,moe_public_fast_monthly
2019-05,2019,5,전북,99995.37,observed,99995.37,,,,,moe_public_fast_monthly
2019-05,2019,5,제주,100159.71,observed,100159.71,,,,,moe_public_fast_monthly
2019-05,2019,5,충남,148587.63,observed,148587.63,,,,,moe_public_fast_monthly
2019-05,2019,5,충북,124930.94,observed,124930.94,,,,,moe_public_fast_monthly
2019-06,2019,6,강원,114904.23,observed,114904.23,,,,,moe_public_fast_monthly
2019-06,2019,6,경기,190679.26,observed,190679.26,,,,,moe_public_fast_monthly
2019-06,2019,6,경남,117930.55,observed,117930.55,,,,,moe_public_fast_monthly
2019-06,2019,6,경북,243918.81,observed,243918.81,,,,,moe_public_fast_monthly
2019-06,2019,6,광주,17768.59,observed,17768.59,,,,,moe_public_fast_monthly
2019-06,2019,6,대구,71416.66,observed,71416.66,,,,,moe_public_fast_monthly
2019-06,2019,6,대전,40059.0,observed,40059.0,,,,,moe_public_fast_monthly
2019-06,2019,6,부산,26265.97,observed,26265.97,,,,,moe_public_fast_monthly
2019-06,2019,6,서울,50341.53,observed,50341.53,,,,,moe_public_fast_monthly
2019-06,2019,6,세종,18199.24,observed,18199.24,,,,,moe_public_fast_monthly
2019-06,2019,6,울산,30624.36,observed,30624.36,,,,,moe_public_fast_monthly
2019-06,2019,6,인천,50592.82,observed,50592.82,,,,,moe_public_fast_monthly
2019-06,2019,6,전남,84787.62,observed,84787.62,,,,,moe_public_fast_monthly
2019-06,2019,6,전북,101786.53,observed,101786.53,,,,,moe_public_fast_monthly
2019-06,2019,6,제주,139825.85,observed,139825.85,,,,,moe_public_fast_monthly
2019-06,2019,6,충남,152390.3,observed,152390.3,,,,,moe_public_fast_monthly
2019-06,2019,6,충북,133451.44,observed,133451.44,,,,,moe_public_fast_monthly
2019-07,2019,7,강원,128872.61,observed,128872.61,,,,,moe_public_fast_monthly
2019-07,2019,7,경기,217783.92,observed,217783.92,,,,,moe_public_fast_monthly
2019-07,2019,7,경남,134463.44,observed,134463.44,,,,,moe_public_fast_monthly
2019-07,2019,7,경북,275625.38,observed,275625.38,,,,,moe_public_fast_monthly
2019-07,2019,7,광주,33783.73,observed,33783.73,,,,,moe_public_fast_monthly
2019-07,2019,7,대구,73887.07,observed,73887.07,,,,,moe_public_fast_monthly
2019-07,2019,7,대전,44864.27,observed,44864.27,,,,,moe_public_fast_monthly
2019-07,2019,7,부산,27653.67,observed,27653.67,,,,,moe_public_fast_monthly
2019-07,2019,7,서울,71461.68,observed,71461.68,,,,,moe_public_fast_monthly
2019-07,2019,7,세종,16717.95,observed,16717.95,,,,,moe_public_fast_monthly
2019-07,2019,7,울산,39607.81,observed,39607.81,,,,,moe_public_fast_monthly
2019-07,2019,7,인천,51219.02,observed,51219.02,,,,,moe_public_fast_monthly
2019-07,2019,7,전남,100774.62,observed,100774.62,,,,,moe_public_fast_monthly
2019-07,2019,7,전북,112036.54,observed,112036.54,,,,,moe_public_fast_monthly
2019-07,2019,7,제주,156568.39,observed,156568.39,,,,,moe_public_fast_monthly
2019-07,2019,7,충남,161755.66,observed,161755.66,,,,,moe_public_fast_monthly
2019-07,2019,7,충북,149043.91,observed,149043.91,,,,,moe_public_fast_monthly
2019-08,2019,8,강원,162794.54,observed,162794.54,,,,,moe_public_fast_monthly
2019-08,2019,8,경기,252434.33,observed,252434.33,,,,,moe_public_fast_monthly
2019-08,2019,8,경남,161105.7,observed,161105.7,,,,,moe_public_fast_monthly
2019-08,2019,8,경북,327647.47,observed,327647.47,,,,,moe_public_fast_monthly
2019-08,2019,8,광주,39746.89,observed,39746.89,,,,,moe_public_fast_monthly
2019-08,2019,8,대구,81759.1,observed,81759.1,,,,,moe_public_fast_monthly
2019-08,2019,8,대전,58751.66,observed,58751.66,,,,,moe_public_fast_monthly
2019-08,2019,8,부산,34846.21,observed,34846.21,,,,,moe_public_fast_monthly
2019-08,2019,8,서울,80141.83,observed,80141.83,,,,,moe_public_fast_monthly
2019-08,2019,8,세종,17731.9,observed,17731.9,,,,,moe_public_fast_monthly
2019-08,2019,8,울산,51279.05,observed,51279.05,,,,,moe_public_fast_monthly
2019-08,2019,8,인천,54661.12,observed,54661.12,,,,,moe_public_fast_monthly
2019-08,2019,8,전남,120824.72,observed,120824.72,,,,,moe_public_fast_monthly
2019-08,2019,8,전북,137346.51,observed,137346.51,,,,,moe_public_fast_monthly
2019-08,2019,8,제주,181736.61,observed,181736.61,,,,,moe_public_fast_monthly
2019-08,2019,8,충남,187515.99,observed,187515.99,,,,,moe_public_fast_monthly
2019-08,2019,8,충북,177952.74,observed,177952.74,,,,,moe_public_fast_monthly
2019-09,2019,9,강원,127784.87,observed,127784.87,,,,,moe_public_fast_monthly
2019-09,2019,9,경기,234308.06,observed,234308.06,,,,,moe_public_fast_monthly
2019-09,2019,9,경남,132275.32,observed,132275.32,,,,,moe_public_fast_monthly
2019-09,2019,9,경북,295545.14,observed,295545.14,,,,,moe_public_fast_monthly
2019-09,2019,9,광주,33177.69,observed,33177.69,,,,,moe_public_fast_monthly
2019-09,2019,9,대구,78284.93,observed,78284.93,,,,,moe_public_fast_monthly
2019-09,2019,9,대전,56696.55,observed,56696.55,,,,,moe_public_fast_monthly
2019-09,2019,9,부산,30397.42,observed,30397.42,,,,,moe_public_fast_monthly
2019-09,2019,9,서울,70492.33,observed,70492.33,,,,,moe_public_fast_monthly
2019-09,2019,9,세종,16299.04,observed,16299.04,,,,,moe_public_fast_monthly
2019-09,2019,9,울산,53020.32,observed,53020.32,,,,,moe_public_fast_monthly
2019-09,2019,9,인천,50428.26,observed,50428.26,,,,,moe_public_fast_monthly
2019-09,2019,9,전남,102682.23,observed,102682.23,,,,,moe_public_fast_monthly
2019-09,2019,9,전북,121911.3,observed,121911.3,,,,,moe_public_fast_monthly
2019-09,2019,9,제주,143606.72,observed,143606.72,,,,,moe_public_fast_monthly
2019-09,2019,9,충남,166191.62,observed,166191.62,,,,,moe_public_fast_monthly
2019-09,2019,9,충북,156545.23,observed,156545.23,,,,,moe_public_fast_monthly
2019-10,2019,10,강원,138912.49,observed,138912.49,,,,,moe_public_fast_monthly
2019-10,2019,10,경기,258159.61,observed,258159.61,,,,,moe_public_fast_monthly
2019-10,2019,10,경남,143185.11,observed,143185.11,,,,,moe_public_fast_monthly
2019-10,2019,10,경북,322849.12,observed,322849.12,,,,,moe_public_fast_monthly
2019-10,2019,10,광주,35655.41,observed,35655.41,,,,,moe_public_fast_monthly
2019-10,2019,10,대구,79295.77,observed,79295.77,,,,,moe_public_fast_monthly
2019-10,2019,10,대전,59272.25,observed,59272.25,,,,,moe_public_fast_monthly
2019-10,2019,10,부산,31064.78,observed,31064.78,,,,,moe_public_fast_monthly
2019-10,2019,10,서울,68347.78,observed,68347.78,,,,,moe_public_fast_monthly
2019-10,2019,10,세종,14412.49,observed,14412.49,,,,,moe_public_fast_monthly
2019-10,2019,10,울산,52324.78,observed,52324.78,,,,,moe_public_fast_monthly
2019-10,2019,10,인천,51203.77,observed,51203.77,,,,,moe_public_fast_monthly
2019-10,2019,10,전남,103450.54,observed,103450.54,,,,,moe_public_fast_monthly
2019-10,2019,10,전북,129031.6,observed,129031.6,,,,,moe_public_fast_monthly
2019-10,2019,10,제주,148889.52,observed,148889.52,,,,,moe_public_fast_monthly
2019-10,2019,10,충남,191594.48,observed,191594.48,,,,,moe_public_fast_monthly
2019-10,2019,10,충북,167776.58,observed,167776.58,,,,,moe_public_fast_monthly
2019-11,2019,11,강원,143812.94,observed,143812.94,,,,,moe_public_fast_monthly
2019-11,2019,11,경기,279273.02,observed,279273.02,,,,,moe_public_fast_monthly
2019-11,2019,11,경남,143868.72,observed,143868.72,,,,,moe_public_fast_monthly
2019-11,2019,11,경북,331842.85,observed,331842.85,,,,,moe_public_fast_monthly
2019-11,2019,11,광주,42971.34,observed,42971.34,,,,,moe_public_fast_monthly
2019-11,2019,11,대구,89720.14,observed,89720.14,,,,,moe_public_fast_monthly
2019-11,2019,11,대전,62768.51,observed,62768.51,,,,,moe_public_fast_monthly
2019-11,2019,11,부산,36740.43,observed,36740.43,,,,,moe_public_fast_monthly
2019-11,2019,11,서울,82426.99,observed,82426.99,,,,,moe_public_fast_monthly
2019-11,2019,11,세종,15355.04,observed,15355.04,,,,,moe_public_fast_monthly
2019-11,2019,11,울산,62934.84,observed,62934.84,,,,,moe_public_fast_monthly
2019-11,2019,11,인천,60450.93,observed,60450.93,,,,,moe_public_fast_monthly
2019-11,2019,11,전남,107496.21,observed,107496.21,,,,,moe_public_fast_monthly
2019-11,2019,11,전북,142026.4,observed,142026.4,,,,,moe_public_fast_monthly
2019-11,2019,11,제주,146222.71,observed,146222.71,,,,,moe_public_fast_monthly
2019-11,2019,11,충남,201440.42,observed,201440.42,,,,,moe_public_fast_monthly
2019-11,2019,11,충북,189175.68,observed,189175.68,,,,,moe_public_fast_monthly
2019-12,2019,12,강원,152921.54,observed,152921.54,,,,,moe_public_fast_monthly
2019-12,2019,12,경기,293410.96,observed,293410.96,,,,,moe_public_fast_monthly
2019-12,2019,12,경남,147728.31,observed,147728.31,,,,,moe_public_fast_monthly
2019-12,2019,12,경북,356049.56,observed,356049.56,,,,,moe_public_fast_monthly
2019-12,2019,12,광주,47802.88,observed,47802.88,,,,,moe_public_fast_monthly
2019-12,2019,12,대구,98566.21,observed,98566.21,,,,,moe_public_fast_monthly
2019-12,2019,12,대전,73077.69,observed,73077.69,,,,,moe_public_fast_monthly
2019-12,2019,12,부산,42229.85,observed,42229.85,,,,,moe_public_fast_monthly
2019-12,2019,12,서울,93950.22,observed,93950.22,,,,,moe_public_fast_monthly
2019-12,2019,12,세종,17046.98,observed,17046.98,,,,,moe_public_fast_monthly
2019-12,2019,12,울산,67104.12,observed,67104.12,,,,,moe_public_fast_monthly
2019-12,2019,12,인천,71695.98,observed,71695.98,,,,,moe_public_fast_monthly
2019-12,2019,12,전남,106067.36,observed,106067.36,,,,,moe_public_fast_monthly
2019-12,2019,12,전북,140736.7,observed,140736.7,,,,,moe_public_fast_monthly
2019-12,2019,12,제주,153870.32,observed,153870.32,,,,,moe_public_fast_monthly
2019-12,2019,12,충남,203556.87,observed,203556.87,,,,,moe_public_fast_monthly
2019-12,2019,12,충북,193726.27,observed,193726.27,,,,,moe_public_fast_monthly
2020-01,2020,1,강원,150486.07,observed,150486.07,,,,,moe_public_fast_monthly
2020-01,2020,1,경기,267356.68,observed,267356.68,,,,,moe_public_fast_monthly
2020-01,2020,1,경남,143576.87,observed,143576.87,,,,,moe_public_fast_monthly
2020-01,2020,1,경북,346742.86,observed,346742.86,,,,,moe_public_fast_monthly
2020-01,2020,1,광주,42484.52,observed,42484.52,,,,,moe_public_fast_monthly
2020-01,2020,1,대구,112619.38,observed,112619.38,,,,,moe_public_fast_monthly
2020-01,2020,1,대전,68054.21,observed,68054.21,,,,,moe_public_fast_monthly
2020-01,2020,1,부산,40030.42,observed,40030.42,,,,,moe_public_fast_monthly
2020-01,2020,1,서울,85502.23,observed,85502.23,,,,,moe_public_fast_monthly
2020-01,2020,1,세종,17517.15,observed,17517.15,,,,,moe_public_fast_monthly
2020-01,2020,1,울산,56265.48,observed,56265.48,,,,,moe_public_fast_monthly
2020-01,2020,1,인천,67363.11,observed,67363.11,,,,,moe_public_fast_monthly
2020-01,2020,1,전남,99064.11,observed,99064.11,,,,,moe_public_fast_monthly
2020-01,2020,1,전북,132956.34,observed,132956.34,,,,,moe_public_fast_monthly
2020-01,2020,1,제주,142058.87,observed,142058.87,,,,,moe_public_fast_monthly
2020-01,2020,1,충남,191219.7,observed,191219.7,,,,,moe_public_fast_monthly
2020-01,2020,1,충북,183905.16,observed,183905.16,,,,,moe_public_fast_monthly
2020-02,2020,2,강원,121679.43,observed,121679.43,,,,,moe_public_fast_monthly
2020-02,2020,2,경기,226490.16,observed,226490.16,,,,,moe_public_fast_monthly
2020-02,2020,2,경남,107012.48,observed,107012.48,,,,,moe_public_fast_monthly
2020-02,2020,2,경북,253678.14,observed,253678.14,,,,,moe_public_fast_monthly
2020-02,2020,2,광주,31760.44,observed,31760.44,,,,,moe_public_fast_monthly
2020-02,2020,2,대구,88823.42,observed,88823.42,,,,,moe_public_fast_monthly
2020-02,2020,2,대전,51466.79,observed,51466.79,,,,,moe_public_fast_monthly
2020-02,2020,2,부산,33338.77,observed,33338.77,,,,,moe_public_fast_monthly
2020-02,2020,2,서울,73389.44,observed,73389.44,,,,,moe_public_fast_monthly
2020-02,2020,2,세종,14542.53,observed,14542.53,,,,,moe_public_fast_monthly
2020-02,2020,2,울산,45033.18,observed,45033.18,,,,,moe_public_fast_monthly
2020-02,2020,2,인천,58852.42,observed,58852.42,,,,,moe_public_fast_monthly
2020-02,2020,2,전남,77030.19,observed,77030.19,,,,,moe_public_fast_monthly
2020-02,2020,2,전북,100459.97,observed,100459.97,,,,,moe_public_fast_monthly
2020-02,2020,2,제주,111087.49,observed,111087.49,,,,,moe_public_fast_monthly
2020-02,2020,2,충남,145257.93,observed,145257.93,,,,,moe_public_fast_monthly
2020-02,2020,2,충북,144554.69,observed,144554.69,,,,,moe_public_fast_monthly
2020-03,2020,3,강원,113021.85,observed,113021.85,,,,,moe_public_fast_monthly
2020-03,2020,3,경기,238753.37,observed,238753.37,,,,,moe_public_fast_monthly
2020-03,2020,3,경남,111956.58,observed,111956.58,,,,,moe_public_fast_monthly
2020-03,2020,3,경북,222417.29,observed,222417.29,,,,,moe_public_fast_monthly
2020-03,2020,3,광주,32093.51,observed,32093.51,,,,,moe_public_fast_monthly
2020-03,2020,3,대구,80763.96,observed,80763.96,,,,,moe_public_fast_monthly
2020-03,2020,3,대전,50737.67,observed,50737.67,,,,,moe_public_fast_monthly
2020-03,2020,3,부산,30301.78,observed,30301.78,,,,,moe_public_fast_monthly
2020-03,2020,3,서울,78846.65,observed,78846.65,,,,,moe_public_fast_monthly
2020-03,2020,3,세종,14373.8,observed,14373.8,,,,,moe_public_fast_monthly
2020-03,2020,3,울산,42945.13,observed,42945.13,,,,,moe_public_fast_monthly
2020-03,2020,3,인천,65394.99,observed,65394.99,,,,,moe_public_fast_monthly
2020-03,2020,3,전남,95842.24,observed,95842.24,,,,,moe_public_fast_monthly
2020-03,2020,3,전북,114277.23,observed,114277.23,,,,,moe_public_fast_monthly
2020-03,2020,3,제주,115014.1,observed,115014.1,,,,,moe_public_fast_monthly
2020-03,2020,3,충남,150636.25,observed,150636.25,,,,,moe_public_fast_monthly
2020-03,2020,3,충북,132918.35,observed,132918.35,,,,,moe_public_fast_monthly
2020-04,2020,4,강원,112586.72,observed,112586.72,,,,,moe_public_fast_monthly
2020-04,2020,4,경기,241086.51,observed,241086.51,,,,,moe_public_fast_monthly
2020-04,2020,4,경남,125539.6,observed,125539.6,,,,,moe_public_fast_monthly
2020-04,2020,4,경북,272582.96,observed,272582.96,,,,,moe_public_fast_monthly
2020-04,2020,4,광주,37191.46,observed,37191.46,,,,,moe_public_fast_monthly
2020-04,2020,4,대구,92406.65,observed,92406.65,,,,,moe_public_fast_monthly
2020-04,2020,4,대전,55239.53,observed,55239.53,,,,,moe_public_fast_monthly
2020-04,2020,4,부산,32087.9,observed,32087.9,,,,,moe_public_fast_monthly
2020-04,2020,4,서울,77784.84,observed,77784.84,,,,,moe_public_fast_monthly
2020-04,2020,4,세종,15519.85,observed,15519.85,,,,,moe_public_fast_monthly
2020-04,2020,4,울산,48023.12,observed,48023.12,,,,,moe_public_fast_monthly
2020-04,2020,4,인천,62203.64,observed,62203.64,,,,,moe_public_fast_monthly
2020-04,2020,4,전남,112093.81,observed,112093.81,,,,,moe_public_fast_monthly
2020-04,2020,4,전북,136895.79,observed,136895.79,,,,,moe_public_fast_monthly
2020-04,2020,4,제주,105934.37,observed,105934.37,,,,,moe_public_fast_monthly
2020-04,2020,4,충남,176966.25,observed,176966.25,,,,,moe_public_fast_monthly
2020-04,2020,4,충북,161860.67,observed,161860.67,,,,,moe_public_fast_monthly
2020-05,2020,5,강원,134109.17,observed,134109.17,,,,,moe_public_fast_monthly
2020-05,2020,5,경기,258121.79,observed,258121.79,,,,,moe_public_fast_monthly
2020-05,2020,5,경남,155092.57,observed,155092.57,,,,,moe_public_fast_monthly
2020-05,2020,5,경북,317048.75,observed,317048.75,,,,,moe_public_fast_monthly
2020-05,2020,5,광주,37072.53,observed,37072.53,,,,,moe_public_fast_monthly
2020-05,2020,5,대구,109955.34,observed,109955.34,,,,,moe_public_fast_monthly
2020-05,2020,5,대전,63268.48,observed,63268.48,,,,,moe_public_fast_monthly
2020-05,2020,5,부산,37535.71,observed,37535.71,,,,,moe_public_fast_monthly
2020-05,2020,5,서울,89093.5,observed,89093.5,,,,,moe_public_fast_monthly
2020-05,2020,5,세종,16645.17,observed,16645.17,,,,,moe_public_fast_monthly
2020-05,2020,5,울산,51148.5,observed,51148.5,,,,,moe_public_fast_monthly
2020-05,2020,5,인천,65919.4,observed,65919.4,,,,,moe_public_fast_monthly
2020-05,2020,5,전남,119722.34,observed,119722.34,,,,,moe_public_fast_monthly
2020-05,2020,5,전북,159333.72,observed,159333.72,,,,,moe_public_fast_monthly
2020-05,2020,5,제주,121872.91,observed,121872.91,,,,,moe_public_fast_monthly
2020-05,2020,5,충남,192814.85,observed,192814.85,,,,,moe_public_fast_monthly
2020-05,2020,5,충북,178326.04,observed,178326.04,,,,,moe_public_fast_monthly
2020-06,2020,6,강원,142380.82,observed,142380.82,,,,,moe_public_fast_monthly
2020-06,2020,6,경기,292210.42,observed,292210.42,,,,,moe_public_fast_monthly
2020-06,2020,6,경남,165401.59,observed,165401.59,,,,,moe_public_fast_monthly
2020-06,2020,6,경북,339434.78,observed,339434.78,,,,,moe_public_fast_monthly
2020-06,2020,6,광주,41368.41,observed,41368.41,,,,,moe_public_fast_monthly
2020-06,2020,6,대구,127736.14,observed,127736.14,,,,,moe_public_fast_monthly
2020-06,2020,6,대전,71753.51,observed,71753.51,,,,,moe_public_fast_monthly
2020-06,2020,6,부산,46962.63,observed,46962.63,,,,,moe_public_fast_monthly
2020-06,2020,6,서울,118662.68,observed,118662.68,,,,,moe_public_fast_monthly
2020-06,2020,6,세종,21808.47,observed,21808.47,,,,,moe_public_fast_monthly
2020-06,2020,6,울산,54084.23,observed,54084.23,,,,,moe_public_fast_monthly
2020-06,2020,6,인천,79852.91,observed,79852.91,,,,,moe_public_fast_monthly
2020-06,2020,6,전남,121600.66,observed,121600.66,,,,,moe_public_fast_monthly
2020-06,2020,6,전북,166634.29,observed,166634.29,,,,,moe_public_fast_monthly
2020-06,2020,6,제주,139515.31,observed,139515.31,,,,,moe_public_fast_monthly
2020-06,2020,6,충남,199296.91,observed,199296.91,,,,,moe_public_fast_monthly
2020-06,2020,6,충북,181150.25,observed,181150.25,,,,,moe_public_fast_monthly
2020-07,2020,7,강원,160079.66,observed,160079.66,,,,,moe_public_fast_monthly
2020-07,2020,7,경기,374674.43,observed,374674.43,,,,,moe_public_fast_monthly
2020-07,2020,7,경남,183493.09,observed,183493.09,,,,,moe_public_fast_monthly
2020-07,2020,7,경북,370622.14,observed,370622.14,,,,,moe_public_fast_monthly
2020-07,2020,7,광주,47438.06,observed,47438.06,,,,,moe_public_fast_monthly
2020-07,2020,7,대구,144591.62,observed,144591.62,,,,,moe_public_fast_monthly
2020-07,2020,7,대전,84409.22,observed,84409.22,,,,,moe_public_fast_monthly
2020-07,2020,7,부산,49819.36,observed,49819.36,,,,,moe_public_fast_monthly
2020-07,2020,7,서울,128809.0,observed,128809.0,,,,,moe_public_fast_monthly
2020-07,2020,7,세종,26727.87,observed,26727.87,,,,,moe_public_fast_monthly
2020-07,2020,7,울산,59491.25,observed,59491.25,,,,,moe_public_fast_monthly
2020-07,2020,7,인천,90653.51,observed,90653.51,,,,,moe_public_fast_monthly
2020-07,2020,7,전남,133690.7,observed,133690.7,,,,,moe_public_fast_monthly
2020-07,2020,7,전북,176142.6,observed,176142.6,,,,,moe_public_fast_monthly
2020-07,2020,7,제주,148297.31,observed,148297.31,,,,,moe_public_fast_monthly
2020-07,2020,7,충남,221351.2,observed,221351.2,,,,,moe_public_fast_monthly
2020-07,2020,7,충북,194331.05,observed,194331.05,,,,,moe_public_fast_monthly
2020-08,2020,8,강원,172769.11,observed,172769.11,,,,,moe_public_fast_monthly
2020-08,2020,8,경기,389720.26,observed,389720.26,,,,,moe_public_fast_monthly
2020-08,2020,8,경남,237214.24,observed,237214.24,,,,,moe_public_fast_monthly
2020-08,2020,8,경북,457099.75,observed,457099.75,,,,,moe_public_fast_monthly
2020-08,2020,8,광주,80622.89,observed,80622.89,,,,,moe_public_fast_monthly
2020-08,2020,8,대구,177817.8,observed,177817.8,,,,,moe_public_fast_monthly
2020-08,2020,8,대전,102710.37,observed,102710.37,,,,,moe_public_fast_monthly
2020-08,2020,8,부산,66978.97,observed,66978.97,,,,,moe_public_fast_monthly
2020-08,2020,8,서울,159092.85,observed,159092.85,,,,,moe_public_fast_monthly
2020-08,2020,8,세종,32855.16,observed,32855.16,,,,,moe_public_fast_monthly
2020-08,2020,8,울산,68761.08,observed,68761.08,,,,,moe_public_fast_monthly
2020-08,2020,8,인천,101931.79,observed,101931.79,,,,,moe_public_fast_monthly
2020-08,2020,8,전남,185127.96,observed,185127.96,,,,,moe_public_fast_monthly
2020-08,2020,8,전북,208357.37,observed,208357.37,,,,,moe_public_fast_monthly
2020-08,2020,8,제주,190402.12,observed,190402.12,,,,,moe_public_fast_monthly
2020-08,2020,8,충남,263892.82,observed,263892.82,,,,,moe_public_fast_monthly
2020-08,2020,8,충북,225121.78,observed,225121.78,,,,,moe_public_fast_monthly
2020-09,2020,9,강원,149142.62,observed,149142.62,,,,,moe_public_fast_monthly
2020-09,2020,9,경기,386819.53,observed,386819.53,,,,,moe_public_fast_monthly
2020-09,2020,9,경남,210636.67,observed,210636.67,,,,,moe_public_fast_monthly
2020-09,2020,9,경북,391883.3,observed,391883.3,,,,,moe_public_fast_monthly
2020-09,2020,9,광주,68603.98,observed,68603.98,,,,,moe_public_fast_monthly
2020-09,2020,9,대구,195416.1,observed,195416.1,,,,,moe_public_fast_monthly
2020-09,2020,9,대전,110410.76,observed,110410.76,,,,,moe_public_fast_monthly
2020-09,2020,9,부산,50368.75,observed,50368.75,,,,,moe_public_fast_monthly
2020-09,2020,9,서울,158150.29,observed,158150.29,,,,,moe_public_fast_monthly
2020-09,2020,9,세종,29854.83,observed,29854.83,,,,,moe_public_fast_monthly
2020-09,2020,9,울산,63412.08,observed,63412.08,,,,,moe_public_fast_monthly
2020-09,2020,9,인천,105418.23,observed,105418.23,,,,,moe_public_fast_monthly
2020-09,2020,9,전남,143930.5,observed,143930.5,,,,,moe_public_fast_monthly
2020-09,2020,9,전북,163768.31,observed,163768.31,,,,,moe_public_fast_monthly
2020-09,2020,9,제주,142342.64,observed,142342.64,,,,,moe_public_fast_monthly
2020-09,2020,9,충남,263721.55,observed,263721.55,,,,,moe_public_fast_monthly
2020-09,2020,9,충북,201248.01,observed,201248.01,,,,,moe_public_fast_monthly
2020-10,2020,10,강원,220840.58,observed,220840.58,,,,,moe_public_fast_monthly
2020-10,2020,10,경기,506190.99,observed,506190.99,,,,,moe_public_fast_monthly
2020-10,2020,10,경남,276141.97,observed,276141.97,,,,,moe_public_fast_monthly
2020-10,2020,10,경북,529307.55,observed,529307.55,,,,,moe_public_fast_monthly
2020-10,2020,10,광주,77933.82,observed,77933.82,,,,,moe_public_fast_monthly
2020-10,2020,10,대구,225822.84,observed,225822.84,,,,,moe_public_fast_monthly
2020-10,2020,10,대전,148073.18,observed,148073.18,,,,,moe_public_fast_monthly
2020-10,2020,10,부산,63323.17,observed,63323.17,,,,,moe_public_fast_monthly
2020-10,2020,10,서울,209775.98,observed,209775.98,,,,,moe_public_fast_monthly
2020-10,2020,10,세종,35648.1,observed,35648.1,,,,,moe_public_fast_monthly
2020-10,2020,10,울산,66138.1,observed,66138.1,,,,,moe_public_fast_monthly
2020-10,2020,10,인천,135530.77,observed,135530.77,,,,,moe_public_fast_monthly
2020-10,2020,10,전남,192443.31,observed,192443.31,,,,,moe_public_fast_monthly
2020-10,2020,10,전북,209783.45,observed,209783.45,,,,,moe_public_fast_monthly
2020-10,2020,10,제주,175057.2,observed,175057.2,,,,,moe_public_fast_monthly
2020-10,2020,10,충남,339233.84,observed,339233.84,,,,,moe_public_fast_monthly
2020-10,2020,10,충북,262224.21,observed,262224.21,,,,,moe_public_fast_monthly
2020-11,2020,11,강원,221498.56,observed,221498.56,,,,,moe_public_fast_monthly
2020-11,2020,11,경기,525719.62,observed,525719.62,,,,,moe_public_fast_monthly
2020-11,2020,11,경남,285527.16,observed,285527.16,,,,,moe_public_fast_monthly
2020-11,2020,11,경북,541650.56,observed,541650.56,,,,,moe_public_fast_monthly
2020-11,2020,11,광주,78844.87,observed,78844.87,,,,,moe_public_fast_monthly
2020-11,2020,11,대구,213986.7,observed,213986.7,,,,,moe_public_fast_monthly
2020-11,2020,11,대전,154191.96,observed,154191.96,,,,,moe_public_fast_monthly
2020-11,2020,11,부산,67203.95,observed,67203.95,,,,,moe_public_fast_monthly
2020-11,2020,11,서울,219147.79,observed,219147.79,,,,,moe_public_fast_monthly
2020-11,2020,11,세종,41966.06,observed,41966.06,,,,,moe_public_fast_monthly
2020-11,2020,11,울산,59907.71,observed,59907.71,,,,,moe_public_fast_monthly
2020-11,2020,11,인천,139118.56,observed,139118.56,,,,,moe_public_fast_monthly
2020-11,2020,11,전남,184315.53,observed,184315.53,,,,,moe_public_fast_monthly
2020-11,2020,11,전북,215732.18,observed,215732.18,,,,,moe_public_fast_monthly
2020-11,2020,11,제주,183075.45,observed,183075.45,,,,,moe_public_fast_monthly
2020-11,2020,11,충남,337322.03,observed,337322.03,,,,,moe_public_fast_monthly
2020-11,2020,11,충북,282565.04,observed,282565.04,,,,,moe_public_fast_monthly
2020-12,2020,12,강원,267930.32,observed,267930.32,,,,,moe_public_fast_monthly
2020-12,2020,12,경기,533645.06,observed,533645.06,,,,,moe_public_fast_monthly
2020-12,2020,12,경남,354419.85,observed,354419.85,,,,,moe_public_fast_monthly
2020-12,2020,12,경북,597792.01,observed,597792.01,,,,,moe_public_fast_monthly
2020-12,2020,12,광주,82425.19,observed,82425.19,,,,,moe_public_fast_monthly
2020-12,2020,12,대구,214723.5,observed,214723.5,,,,,moe_public_fast_monthly
2020-12,2020,12,대전,155441.04,observed,155441.04,,,,,moe_public_fast_monthly
2020-12,2020,12,부산,91453.95,observed,91453.95,,,,,moe_public_fast_monthly
2020-12,2020,12,서울,213946.1,observed,213946.1,,,,,moe_public_fast_monthly
2020-12,2020,12,세종,58176.91,observed,58176.91,,,,,moe_public_fast_monthly
2020-12,2020,12,울산,72214.78,observed,72214.78,,,,,moe_public_fast_monthly
2020-12,2020,12,인천,126973.59,observed,126973.59,,,,,moe_public_fast_monthly
2020-12,2020,12,전남,210353.58,observed,210353.58,,,,,moe_public_fast_monthly
2020-12,2020,12,전북,201905.97,observed,201905.97,,,,,moe_public_fast_monthly
2020-12,2020,12,제주,161033.74,observed,161033.74,,,,,moe_public_fast_monthly
2020-12,2020,12,충남,333789.09,observed,333789.09,,,,,moe_public_fast_monthly
2020-12,2020,12,충북,298545.89,observed,298545.89,,,,,moe_public_fast_monthly
2021-01,2021,1,강원,243163.58,observed,243163.58,,,,,moe_public_fast_monthly
2021-01,2021,1,경기,497163.51,observed,497163.51,,,,,moe_public_fast_monthly
2021-01,2021,1,경남,371750.77,observed,371750.77,,,,,moe_public_fast_monthly
2021-01,2021,1,경북,567139.71,observed,567139.71,,,,,moe_public_fast_monthly
2021-01,2021,1,광주,73309.61,observed,73309.61,,,,,moe_public_fast_monthly
2021-01,2021,1,대구,209083.97,observed,209083.97,,,,,moe_public_fast_monthly
2021-01,2021,1,대전,139597.12,observed,139597.12,,,,,moe_public_fast_monthly
2021-01,2021,1,부산,95553.52,observed,95553.52,,,,,moe_public_fast_monthly
2021-01,2021,1,서울,200292.35,observed,200292.35,,,,,moe_public_fast_monthly
2021-01,2021,1,세종,57796.38,observed,57796.38,,,,,moe_public_fast_monthly
2021-01,2021,1,울산,72623.35,observed,72623.35,,,,,moe_public_fast_monthly
2021-01,2021,1,인천,124064.27,observed,124064.27,,,,,moe_public_fast_monthly
2021-01,2021,1,전남,199292.51,observed,199292.51,,,,,moe_public_fast_monthly
2021-01,2021,1,전북,185181.49,observed,185181.49,,,,,moe_public_fast_monthly
2021-01,2021,1,제주,152533.31,observed,152533.31,,,,,moe_public_fast_monthly
2021-01,2021,1,충남,338767.06,observed,338767.06,,,,,moe_public_fast_monthly
2021-01,2021,1,충북,277197.91,observed,277197.91,,,,,moe_public_fast_monthly
2021-02,2021,2,강원,234979.92,observed,234979.92,,,,,moe_public_fast_monthly
2021-02,2021,2,경기,436230.87,observed,436230.87,,,,,moe_public_fast_monthly
2021-02,2021,2,경남,363198.27,observed,363198.27,,,,,moe_public_fast_monthly
2021-02,2021,2,경북,533901.88,observed,533901.88,,,,,moe_public_fast_monthly
2021-02,2021,2,광주,71925.28,observed,71925.28,,,,,moe_public_fast_monthly
2021-02,2021,2,대구,184584.47,observed,184584.47,,,,,moe_public_fast_monthly
2021-02,2021,2,대전,114426.36,observed,114426.36,,,,,moe_public_fast_monthly
2021-02,2021,2,부산,83503.98,observed,83503.98,,,,,moe_public_fast_monthly
2021-02,2021,2,서울,171448.94,observed,171448.94,,,,,moe_public_fast_monthly
2021-02,2021,2,세종,55183.35,observed,55183.35,,,,,moe_public_fast_monthly
2021-02,2021,2,울산,67305.44,observed,67305.44,,,,,moe_public_fast_monthly
2021-02,2021,2,인천,104529.01,observed,104529.01,,,,,moe_public_fast_monthly
2021-02,2021,2,전남,204211.45,observed,204211.45,,,,,moe_public_fast_monthly
2021-02,2021,2,전북,192340.77,observed,192340.77,,,,,moe_public_fast_monthly
2021-02,2021,2,제주,161561.94,observed,161561.94,,,,,moe_public_fast_monthly
2021-02,2021,2,충남,339398.01,observed,339398.01,,,,,moe_public_fast_monthly
2021-02,2021,2,충북,278077.73,observed,278077.73,,,,,moe_public_fast_monthly
2021-03,2021,3,강원,244311.45,observed,244311.45,,,,,moe_public_fast_monthly
2021-03,2021,3,경기,515205.83,observed,515205.83,,,,,moe_public_fast_monthly
2021-03,2021,3,경남,429248.39,observed,429248.39,,,,,moe_public_fast_monthly
2021-03,2021,3,경북,603362.04,observed,603362.04,,,,,moe_public_fast_monthly
2021-03,2021,3,광주,88016.36,observed,88016.36,,,,,moe_public_fast_monthly
2021-03,2021,3,대구,198876.54,observed,198876.54,,,,,moe_public_fast_monthly
2021-03,2021,3,대전,126654.91,observed,126654.91,,,,,moe_public_fast_monthly
2021-03,2021,3,부산,101561.64,observed,101561.64,,,,,moe_public_fast_monthly
2021-03,2021,3,서울,178353.18,observed,178353.18,,,,,moe_public_fast_monthly
2021-03,2021,3,세종,61209.03,observed,61209.03,,,,,moe_public_fast_monthly
2021-03,2021,3,울산,82219.13,observed,82219.13,,,,,moe_public_fast_monthly
2021-03,2021,3,인천,128919.47,observed,128919.47,,,,,moe_public_fast_monthly
2021-03,2021,3,전남,236767.86,observed,236767.86,,,,,moe_public_fast_monthly
2021-03,2021,3,전북,222257.43,observed,222257.43,,,,,moe_public_fast_monthly
2021-03,2021,3,제주,193455.03,observed,193455.03,,,,,moe_public_fast_monthly
2021-03,2021,3,충남,385671.29,observed,385671.29,,,,,moe_public_fast_monthly
2021-03,2021,3,충북,336746.15,observed,336746.15,,,,,moe_public_fast_monthly
2021-04,2021,4,강원,252765.33,observed,252765.33,,,,,moe_public_fast_monthly
2021-04,2021,4,경기,528864.26,observed,528864.26,,,,,moe_public_fast_monthly
2021-04,2021,4,경남,421020.24,observed,421020.24,,,,,moe_public_fast_monthly
2021-04,2021,4,경북,612057.38,observed,612057.38,,,,,moe_public_fast_monthly
2021-04,2021,4,광주,90498.32,observed,90498.32,,,,,moe_public_fast_monthly
2021-04,2021,4,대구,174242.34,observed,174242.34,,,,,moe_public_fast_monthly
2021-04,2021,4,대전,123279.42,observed,123279.42,,,,,moe_public_fast_monthly
2021-04,2021,4,부산,99257.29,observed,99257.29,,,,,moe_public_fast_monthly
2021-04,2021,4,서울,186257.66,observed,186257.66,,,,,moe_public_fast_monthly
2021-04,2021,4,세종,61195.57,observed,61195.57,,,,,moe_public_fast_monthly
2021-04,2021,4,울산,80218.56,observed,80218.56,,,,,moe_public_fast_monthly
2021-04,2021,4,인천,143853.18,observed,143853.18,,,,,moe_public_fast_monthly
2021-04,2021,4,전남,242102.61,observed,242102.61,,,,,moe_public_fast_monthly
2021-04,2021,4,전북,224181.28,observed,224181.28,,,,,moe_public_fast_monthly
2021-04,2021,4,제주,192694.15,observed,192694.15,,,,,moe_public_fast_monthly
2021-04,2021,4,충남,359592.73,observed,359592.73,,,,,moe_public_fast_monthly
2021-04,2021,4,충북,321173.51,observed,321173.51,,,,,moe_public_fast_monthly
2021-05,2021,5,강원,287935.34,observed,287935.34,,,,,moe_public_fast_monthly
2021-05,2021,5,경기,563004.26,observed,563004.26,,,,,moe_public_fast_monthly
2021-05,2021,5,경남,391052.7,observed,391052.7,,,,,moe_public_fast_monthly
2021-05,2021,5,경북,592629.99,observed,592629.99,,,,,moe_public_fast_monthly
2021-05,2021,5,광주,92796.58,observed,92796.58,,,,,moe_public_fast_monthly
2021-05,2021,5,대구,160222.58,observed,160222.58,,,,,moe_public_fast_monthly
2021-05,2021,5,대전,143803.21,observed,143803.21,,,,,moe_public_fast_monthly
2021-05,2021,5,부산,91500.88,observed,91500.88,,,,,moe_public_fast_monthly
2021-05,2021,5,서울,205145.04,observed,205145.04,,,,,moe_public_fast_monthly
2021-05,2021,5,세종,34128.12,observed,34128.12,,,,,moe_public_fast_monthly
2021-05,2021,5,울산,75422.11,observed,75422.11,,,,,moe_public_fast_monthly
2021-05,2021,5,인천,156962.71,observed,156962.71,,,,,moe_public_fast_monthly
2021-05,2021,5,전남,226651.07,observed,226651.07,,,,,moe_public_fast_monthly
2021-05,2021,5,전북,266285.94,observed,266285.94,,,,,moe_public_fast_monthly
2021-05,2021,5,제주,198956.26,observed,198956.26,,,,,moe_public_fast_monthly
2021-05,2021,5,충남,338344.67,observed,338344.67,,,,,moe_public_fast_monthly
2021-05,2021,5,충북,323568.12,observed,323568.12,,,,,moe_public_fast_monthly
2021-06,2021,6,강원,305935.29,observed,305935.29,,,,,moe_public_fast_monthly
2021-06,2021,6,경기,658536.24,observed,658536.24,,,,,moe_public_fast_monthly
2021-06,2021,6,경남,368594.82,observed,368594.82,,,,,moe_public_fast_monthly
2021-06,2021,6,경북,586762.98,observed,586762.98,,,,,moe_public_fast_monthly
2021-06,2021,6,광주,97417.28,observed,97417.28,,,,,moe_public_fast_monthly
2021-06,2021,6,대구,158016.27,observed,158016.27,,,,,moe_public_fast_monthly
2021-06,2021,6,대전,151862.34,observed,151862.34,,,,,moe_public_fast_monthly
2021-06,2021,6,부산,93119.95,observed,93119.95,,,,,moe_public_fast_monthly
2021-06,2021,6,서울,227759.26,observed,227759.26,,,,,moe_public_fast_monthly
2021-06,2021,6,세종,28835.2,observed,28835.2,,,,,moe_public_fast_monthly
2021-06,2021,6,울산,86575.77,observed,86575.77,,,,,moe_public_fast_monthly
2021-06,2021,6,인천,184841.95,observed,184841.95,,,,,moe_public_fast_monthly
2021-06,2021,6,전남,239134.05,observed,239134.05,,,,,moe_public_fast_monthly
2021-06,2021,6,전북,285512.89,observed,285512.89,,,,,moe_public_fast_monthly
2021-06,2021,6,제주,201607.35,observed,201607.35,,,,,moe_public_fast_monthly
2021-06,2021,6,충남,355094.04,observed,355094.04,,,,,moe_public_fast_monthly
2021-06,2021,6,충북,326499.47,observed,326499.47,,,,,moe_public_fast_monthly
2021-07,2021,7,강원,394477.84,observed,394477.84,,,,,moe_public_fast_monthly
2021-07,2021,7,경기,859251.75,observed,859251.75,,,,,moe_public_fast_monthly
2021-07,2021,7,경남,439604.78,observed,439604.78,,,,,moe_public_fast_monthly
2021-07,2021,7,경북,701028.89,observed,701028.89,,,,,moe_public_fast_monthly
2021-07,2021,7,광주,114168.05,observed,114168.05,,,,,moe_public_fast_monthly
2021-07,2021,7,대구,178532.0,observed,178532.0,,,,,moe_public_fast_monthly
2021-07,2021,7,대전,188090.08,observed,188090.08,,,,,moe_public_fast_monthly
2021-07,2021,7,부산,118403.98,observed,118403.98,,,,,moe_public_fast_monthly
2021-07,2021,7,서울,306419.35,observed,306419.35,,,,,moe_public_fast_monthly
2021-07,2021,7,세종,29364.49,observed,29364.49,,,,,moe_public_fast_monthly
2021-07,2021,7,울산,108859.14,observed,108859.14,,,,,moe_public_fast_monthly
2021-07,2021,7,인천,236550.15,observed,236550.15,,,,,moe_public_fast_monthly
2021-07,2021,7,전남,277540.76,observed,277540.76,,,,,moe_public_fast_monthly
2021-07,2021,7,전북,374226.42,observed,374226.42,,,,,moe_public_fast_monthly
2021-07,2021,7,제주,228748.47,observed,228748.47,,,,,moe_public_fast_monthly
2021-07,2021,7,충남,447733.61,observed,447733.61,,,,,moe_public_fast_monthly
2021-07,2021,7,충북,398953.17,observed,398953.17,,,,,moe_public_fast_monthly
2021-08,2021,8,강원,417463.55,observed,417463.55,,,,,moe_public_fast_monthly
2021-08,2021,8,경기,882619.27,observed,882619.27,,,,,moe_public_fast_monthly
2021-08,2021,8,경남,444855.84,observed,444855.84,,,,,moe_public_fast_monthly
2021-08,2021,8,경북,736826.61,observed,736826.61,,,,,moe_public_fast_monthly
2021-08,2021,8,광주,120218.15,observed,120218.15,,,,,moe_public_fast_monthly
2021-08,2021,8,대구,185585.16,observed,185585.16,,,,,moe_public_fast_monthly
2021-08,2021,8,대전,179012.4,observed,179012.4,,,,,moe_public_fast_monthly
2021-08,2021,8,부산,114346.08,observed,114346.08,,,,,moe_public_fast_monthly
2021-08,2021,8,서울,333384.17,observed,333384.17,,,,,moe_public_fast_monthly
2021-08,2021,8,세종,32882.06,observed,32882.06,,,,,moe_public_fast_monthly
2021-08,2021,8,울산,108193.11,observed,108193.11,,,,,moe_public_fast_monthly
2021-08,2021,8,인천,237975.18,observed,237975.18,,,,,moe_public_fast_monthly
2021-08,2021,8,전남,296895.2,observed,296895.2,,,,,moe_public_fast_monthly
2021-08,2021,8,전북,393244.22,observed,393244.22,,,,,moe_public_fast_monthly
2021-08,2021,8,제주,241671.64,observed,241671.64,,,,,moe_public_fast_monthly
2021-08,2021,8,충남,470470.71,observed,470470.71,,,,,moe_public_fast_monthly
2021-08,2021,8,충북,397316.64,observed,397316.64,,,,,moe_public_fast_monthly
2021-09,2021,9,강원,421467.85,observed,421467.85,,,,,moe_public_fast_monthly
2021-09,2021,9,경기,923028.1,observed,923028.1,,,,,moe_public_fast_monthly
2021-09,2021,9,경남,457438.18,observed,457438.18,,,,,moe_public_fast_monthly
2021-09,2021,9,경북,718803.67,observed,718803.67,,,,,moe_public_fast_monthly
2021-09,2021,9,광주,122601.69,observed,122601.69,,,,,moe_public_fast_monthly
2021-09,2021,9,대구,192262.37,observed,192262.37,,,,,moe_public_fast_monthly
2021-09,2021,9,대전,186967.51,observed,186967.51,,,,,moe_public_fast_monthly
2021-09,2021,9,부산,112758.58,observed,112758.58,,,,,moe_public_fast_monthly
2021-09,2021,9,서울,352970.72,observed,352970.72,,,,,moe_public_fast_monthly
2021-09,2021,9,세종,31762.04,observed,31762.04,,,,,moe_public_fast_monthly
2021-09,2021,9,울산,107596.14,observed,107596.14,,,,,moe_public_fast_monthly
2021-09,2021,9,인천,255481.53,observed,255481.53,,,,,moe_public_fast_monthly
2021-09,2021,9,전남,298143.83,observed,298143.83,,,,,moe_public_fast_monthly
2021-09,2021,9,전북,410044.7,observed,410044.7,,,,,moe_public_fast_monthly
2021-09,2021,9,제주,229722.1,observed,229722.1,,,,,moe_public_fast_monthly
2021-09,2021,9,충남,471378.17,observed,471378.17,,,,,moe_public_fast_monthly
2021-09,2021,9,충북,430151.51,observed,430151.51,,,,,moe_public_fast_monthly
2021-10,2021,10,강원,510883.04,observed,510883.04,,,,,moe_public_fast_monthly
2021-10,2021,10,경기,1050943.59,observed,1050943.59,,,,,moe_public_fast_monthly
2021-10,2021,10,경남,520207.86,observed,520207.86,,,,,moe_public_fast_monthly
2021-10,2021,10,경북,837003.56,observed,837003.56,,,,,moe_public_fast_monthly
2021-10,2021,10,광주,143453.3,observed,143453.3,,,,,moe_public_fast_monthly
2021-10,2021,10,대구,224444.56,observed,224444.56,,,,,moe_public_fast_monthly
2021-10,2021,10,대전,215106.05,observed,215106.05,,,,,moe_public_fast_monthly
2021-10,2021,10,부산,145554.74,observed,145554.74,,,,,moe_public_fast_monthly
2021-10,2021,10,서울,408995.23,observed,408995.23,,,,,moe_public_fast_monthly
2021-10,2021,10,세종,36847.82,observed,36847.82,,,,,moe_public_fast_monthly
2021-10,2021,10,울산,136050.17,observed,136050.17,,,,,moe_public_fast_monthly
2021-10,2021,10,인천,304607.78,observed,304607.78,,,,,moe_public_fast_monthly
2021-10,2021,10,전남,337241.58,observed,337241.58,,,,,moe_public_fast_monthly
2021-10,2021,10,전북,479850.83,observed,479850.83,,,,,moe_public_fast_monthly
2021-10,2021,10,제주,250887.66,observed,250887.66,,,,,moe_public_fast_monthly
2021-10,2021,10,충남,560232.04,observed,560232.04,,,,,moe_public_fast_monthly
2021-10,2021,10,충북,507143.32,observed,507143.32,,,,,moe_public_fast_monthly
2021-11,2021,11,강원,572462.52,observed,572462.52,,,,,moe_public_fast_monthly
2021-11,2021,11,경기,1235869.62,observed,1235869.62,,,,,moe_public_fast_monthly
2021-11,2021,11,경남,599980.68,observed,599980.68,,,,,moe_public_fast_monthly
2021-11,2021,11,경북,904652.84,observed,904652.84,,,,,moe_public_fast_monthly
2021-11,2021,11,광주,155536.16,observed,155536.16,,,,,moe_public_fast_monthly
2021-11,2021,11,대구,268739.65,observed,268739.65,,,,,moe_public_fast_monthly
2021-11,2021,11,대전,244328.72,observed,244328.72,,,,,moe_public_fast_monthly
2021-11,2021,11,부산,177135.26,observed,177135.26,,,,,moe_public_fast_monthly
2021-11,2021,11,서울,483004.51,observed,483004.51,,,,,moe_public_fast_monthly
2021-11,2021,11,세종,41124.71,observed,41124.71,,,,,moe_public_fast_monthly
2021-11,2021,11,울산,142238.22,observed,142238.22,,,,,moe_public_fast_monthly
2021-11,2021,11,인천,370879.59,observed,370879.59,,,,,moe_public_fast_monthly
2021-11,2021,11,전남,366641.89,observed,366641.89,,,,,moe_public_fast_monthly
2021-11,2021,11,전북,540655.4,observed,540655.4,,,,,moe_public_fast_monthly
2021-11,2021,11,제주,247518.74,observed,247518.74,,,,,moe_public_fast_monthly
2021-11,2021,11,충남,620354.42,observed,620354.42,,,,,moe_public_fast_monthly
2021-11,2021,11,충북,578246.4,observed,578246.4,,,,,moe_public_fast_monthly
2021-12,2021,12,강원,637181.89,observed,637181.89,,,,,moe_public_fast_monthly
2021-12,2021,12,경기,1412007.43,observed,1412007.43,,,,,moe_public_fast_monthly
2021-12,2021,12,경남,706502.5,observed,706502.5,,,,,moe_public_fast_monthly
2021-12,2021,12,경북,985936.52,observed,985936.52,,,,,moe_public_fast_monthly
2021-12,2021,12,광주,177325.32,observed,177325.32,,,,,moe_public_fast_monthly
2021-12,2021,12,대구,292940.03,observed,292940.03,,,,,moe_public_fast_monthly
2021-12,2021,12,대전,269491.4,observed,269491.4,,,,,moe_public_fast_monthly
2021-12,2021,12,부산,213815.7,observed,213815.7,,,,,moe_public_fast_monthly
2021-12,2021,12,서울,575795.28,observed,575795.28,,,,,moe_public_fast_monthly
2021-12,2021,12,세종,49904.63,observed,49904.63,,,,,moe_public_fast_monthly
2021-12,2021,12,울산,158129.4,observed,158129.4,,,,,moe_public_fast_monthly
2021-12,2021,12,인천,422592.74,observed,422592.74,,,,,moe_public_fast_monthly
2021-12,2021,12,전남,392144.09,observed,392144.09,,,,,moe_public_fast_monthly
2021-12,2021,12,전북,590032.92,observed,590032.92,,,,,moe_public_fast_monthly
2021-12,2021,12,제주,267731.95,observed,267731.95,,,,,moe_public_fast_monthly
2021-12,2021,12,충남,673917.03,observed,673917.03,,,,,moe_public_fast_monthly
2021-12,2021,12,충북,652350.61,observed,652350.61,,,,,moe_public_fast_monthly
2022-01,2022,1,강원,662338.13,observed,662338.13,,,,,moe_public_fast_monthly
2022-01,2022,1,경기,1337068.82,observed,1337068.82,,,,,moe_public_fast_monthly
2022-01,2022,1,경남,696132.42,observed,696132.42,,,,,moe_public_fast_monthly
2022-01,2022,1,경북,977687.87,observed,977687.87,,,,,moe_public_fast_monthly
2022-01,2022,1,광주,167616.06,observed,167616.06,,,,,moe_public_fast_monthly
2022-01,2022,1,대구,280347.63,observed,280347.63,,,,,moe_public_fast_monthly
2022-01,2022,1,대전,250240.34,observed,250240.34,,,,,moe_public_fast_monthly
2022-01,2022,1,부산,207825.88,observed,207825.88,,,,,moe_public_fast_monthly
2022-01,2022,1,서울,565111.16,observed,565111.16,,,,,moe_public_fast_monthly
2022-01,2022,1,세종,47390.8,observed,47390.8,,,,,moe_public_fast_monthly
2022-01,2022,1,울산,176682.7,observed,176682.7,,,,,moe_public_fast_monthly
2022-01,2022,1,인천,387762.44,observed,387762.44,,,,,moe_public_fast_monthly
2022-01,2022,1,전남,380922.53,observed,380922.53,,,,,moe_public_fast_monthly
2022-01,2022,1,전북,568743.08,observed,568743.08,,,,,moe_public_fast_monthly
2022-01,2022,1,제주,274072.33,observed,274072.33,,,,,moe_public_fast_monthly
2022-01,2022,1,충남,649839.12,observed,649839.12,,,,,moe_public_fast_monthly
2022-01,2022,1,충북,592148.89,observed,592148.89,,,,,moe_public_fast_monthly
2022-02,2022,2,강원,524213.14,observed,524213.14,,,,,moe_public_fast_monthly
2022-02,2022,2,경기,1184029.95,observed,1184029.95,,,,,moe_public_fast_monthly
2022-02,2022,2,경남,614621.12,observed,614621.12,,,,,moe_public_fast_monthly
2022-02,2022,2,경북,815274.06,observed,815274.06,,,,,moe_public_fast_monthly
2022-02,2022,2,광주,136876.06,observed,136876.06,,,,,moe_public_fast_monthly
2022-02,2022,2,대구,237285.84,observed,237285.84,,,,,moe_public_fast_monthly
2022-02,2022,2,대전,203236.64,observed,203236.64,,,,,moe_public_fast_monthly
2022-02,2022,2,부산,172246.31,observed,172246.31,,,,,moe_public_fast_monthly
2022-02,2022,2,서울,463809.03,observed,463809.03,,,,,moe_public_fast_monthly
2022-02,2022,2,세종,41324.94,observed,41324.94,,,,,moe_public_fast_monthly
2022-02,2022,2,울산,151676.9,observed,151676.9,,,,,moe_public_fast_monthly
2022-02,2022,2,인천,310429.64,observed,310429.64,,,,,moe_public_fast_monthly
2022-02,2022,2,전남,331147.94,observed,331147.94,,,,,moe_public_fast_monthly
2022-02,2022,2,전북,464080.61,observed,464080.61,,,,,moe_public_fast_monthly
2022-02,2022,2,제주,230630.3,observed,230630.3,,,,,moe_public_fast_monthly
2022-02,2022,2,충남,566479.93,observed,566479.93,,,,,moe_public_fast_monthly
2022-02,2022,2,충북,505298.1,observed,505298.1,,,,,moe_public_fast_monthly
2022-03,2022,3,강원,556202.62,observed,556202.62,,,,,moe_public_fast_monthly
2022-03,2022,3,경기,1427945.59,observed,1427945.59,,,,,moe_public_fast_monthly
2022-03,2022,3,경남,761499.28,observed,761499.28,,,,,moe_public_fast_monthly
2022-03,2022,3,경북,983214.02,observed,983214.02,,,,,moe_public_fast_monthly
2022-03,2022,3,광주,182965.7,observed,182965.7,,,,,moe_public_fast_monthly
2022-03,2022,3,대구,270623.7,observed,270623.7,,,,,moe_public_fast_monthly
2022-03,2022,3,대전,234071.55,observed,234071.55,,,,,moe_public_fast_monthly
2022-03,2022,3,부산,208175.51,observed,208175.51,,,,,moe_public_fast_monthly
2022-03,2022,3,서울,484490.9,observed,484490.9,,,,,moe_public_fast_monthly
2022-03,2022,3,세종,46224.37,observed,46224.37,,,,,moe_public_fast_monthly
2022-03,2022,3,울산,214806.7,observed,214806.7,,,,,moe_public_fast_monthly
2022-03,2022,3,인천,409431.37,observed,409431.37,,,,,moe_public_fast_monthly
2022-03,2022,3,전남,452378.06,observed,452378.06,,,,,moe_public_fast_monthly
2022-03,2022,3,전북,590171.55,observed,590171.55,,,,,moe_public_fast_monthly
2022-03,2022,3,제주,263467.85,observed,263467.85,,,,,moe_public_fast_monthly
2022-03,2022,3,충남,669914.26,observed,669914.26,,,,,moe_public_fast_monthly
2022-03,2022,3,충북,636812.03,observed,636812.03,,,,,moe_public_fast_monthly
2022-04,2022,4,강원,659667.01,observed,659667.01,,,,,moe_public_fast_monthly
2022-04,2022,4,경기,1615013.15,observed,1615013.15,,,,,moe_public_fast_monthly
2022-04,2022,4,경남,837865.99,observed,837865.99,,,,,moe_public_fast_monthly
2022-04,2022,4,경북,1121078.23,observed,1121078.23,,,,,moe_public_fast_monthly
2022-04,2022,4,광주,185115.74,observed,185115.74,,,,,moe_public_fast_monthly
2022-04,2022,4,대구,280018.2,observed,280018.2,,,,,moe_public_fast_monthly
2022-04,2022,4,대전,252401.38,observed,252401.38,,,,,moe_public_fast_monthly
2022-04,2022,4,부산,216175.93,observed,216175.93,,,,,moe_public_fast_monthly
2022-04,2022,4,서울,547902.87,observed,547902.87,,,,,moe_public_fast_monthly
2022-04,2022,4,세종,54860.88,observed,54860.88,,,,,moe_public_fast_monthly
2022-04,2022,4,울산,250117.95,observed,250117.95,,,,,moe_public_fast_monthly
2022-04,2022,4,인천,451349.29,observed,451349.29,,,,,moe_public_fast_monthly
2022-04,2022,4,전남,521633.47,observed,521633.47,,,,,moe_public_fast_monthly
2022-04,2022,4,전북,673859.4,observed,673859.4,,,,,moe_public_fast_monthly
2022-04,2022,4,제주,267083.41,observed,267083.41,,,,,moe_public_fast_monthly
2022-04,2022,4,충남,759424.57,observed,759424.57,,,,,moe_public_fast_monthly
2022-04,2022,4,충북,709021.02,observed,709021.02,,,,,moe_public_fast_monthly
2022-05,2022,5,강원,753614.04,observed,753614.04,,,,,moe_public_fast_monthly
2022-05,2022,5,경기,1800165.18,observed,1800165.18,,,,,moe_public_fast_monthly
2022-05,2022,5,경남,960891.76,observed,960891.76,,,,,moe_public_fast_monthly
2022-05,2022,5,경북,1288333.69,observed,1288333.69,,,,,moe_public_fast_monthly
2022-05,2022,5,광주,216333.39,observed,216333.39,,,,,moe_public_fast_monthly
2022-05,2022,5,대구,316713.8,observed,316713.8,,,,,moe_public_fast_monthly
2022-05,2022,5,대전,299116.21,observed,299116.21,,,,,moe_public_fast_monthly
2022-05,2022,5,부산,251963.63,observed,251963.63,,,,,moe_public_fast_monthly
2022-05,2022,5,서울,626624.0,observed,626624.0,,,,,moe_public_fast_monthly
2022-05,2022,5,세종,67031.83,observed,67031.83,,,,,moe_public_fast_monthly
2022-05,2022,5,울산,291237.88,observed,291237.88,,,,,moe_public_fast_monthly
2022-05,2022,5,인천,524123.22,observed,524123.22,,,,,moe_public_fast_monthly
2022-05,2022,5,전남,582970.41,observed,582970.41,,,,,moe_public_fast_monthly
2022-05,2022,5,전북,719570.99,observed,719570.99,,,,,moe_public_fast_monthly
2022-05,2022,5,제주,282869.32,observed,282869.32,,,,,moe_public_fast_monthly
2022-05,2022,5,충남,845215.29,observed,845215.29,,,,,moe_public_fast_monthly
2022-05,2022,5,충북,779487.21,observed,779487.21,,,,,moe_public_fast_monthly
2022-06,2022,6,강원,787053.29,observed,787053.29,,,,,moe_public_fast_monthly
2022-06,2022,6,경기,1868942.11,observed,1868942.11,,,,,moe_public_fast_monthly
2022-06,2022,6,경남,966572.87,observed,966572.87,,,,,moe_public_fast_monthly
2022-06,2022,6,경북,1327979.52,observed,1327979.52,,,,,moe_public_fast_monthly
2022-06,2022,6,광주,223578.28,observed,223578.28,,,,,moe_public_fast_monthly
2022-06,2022,6,대구,344223.72,observed,344223.72,,,,,moe_public_fast_monthly
2022-06,2022,6,대전,321116.31,observed,321116.31,,,,,moe_public_fast_monthly
2022-06,2022,6,부산,260177.86,observed,260177.86,,,,,moe_public_fast_monthly
2022-06,2022,6,서울,661526.81,observed,661526.81,,,,,moe_public_fast_monthly
2022-06,2022,6,세종,61636.47,observed,61636.47,,,,,moe_public_fast_monthly
2022-06,2022,6,울산,312037.37,observed,312037.37,,,,,moe_public_fast_monthly
2022-06,2022,6,인천,528205.49,observed,528205.49,,,,,moe_public_fast_monthly
2022-06,2022,6,전남,590787.79,observed,590787.79,,,,,moe_public_fast_monthly
2022-06,2022,6,전북,755972.89,observed,755972.89,,,,,moe_public_fast_monthly
2022-06,2022,6,제주,301853.49,observed,301853.49,,,,,moe_public_fast_monthly
2022-06,2022,6,충남,862777.54,observed,862777.54,,,,,moe_public_fast_monthly
2022-06,2022,6,충북,790621.88,observed,790621.88,,,,,moe_public_fast_monthly
2022-07,2022,7,강원,941740.99,observed,941740.99,,,,,moe_public_fast_monthly
2022-07,2022,7,경기,2162776.24,observed,2162776.24,,,,,moe_public_fast_monthly
2022-07,2022,7,경남,1123588.15,observed,1123588.15,,,,,moe_public_fast_monthly
2022-07,2022,7,경북,1515061.95,observed,1515061.95,,,,,moe_public_fast_monthly
2022-07,2022,7,광주,254261.75,observed,254261.75,,,,,moe_public_fast_monthly
2022-07,2022,7,대구,404771.38,observed,404771.38,,,,,moe_public_fast_monthly
2022-07,2022,7,대전,362164.67,observed,362164.67,,,,,moe_public_fast_monthly
2022-07,2022,7,부산,305825.22,observed,305825.22,,,,,moe_public_fast_monthly
2022-07,2022,7,서울,764029.76,observed,764029.76,,,,,moe_public_fast_monthly
2022-07,2022,7,세종,66634.72,observed,66634.72,,,,,moe_public_fast_monthly
2022-07,2022,7,울산,358985.02,observed,358985.02,,,,,moe_public_fast_monthly
2022-07,2022,7,인천,653873.02,observed,653873.02,,,,,moe_public_fast_monthly
2022-07,2022,7,전남,682509.8,observed,682509.8,,,,,moe_public_fast_monthly
2022-07,2022,7,전북,861825.96,observed,861825.96,,,,,moe_public_fast_monthly
2022-07,2022,7,제주,352048.61,observed,352048.61,,,,,moe_public_fast_monthly
2022-07,2022,7,충남,978225.24,observed,978225.24,,,,,moe_public_fast_monthly
2022-07,2022,7,충북,959534.79,observed,959534.79,,,,,moe_public_fast_monthly
2022-08,2022,8,강원,1032026.42,observed,1032026.42,,,,,moe_public_fast_monthly
2022-08,2022,8,경기,2129674.93,observed,2129674.93,,,,,moe_public_fast_monthly
2022-08,2022,8,경남,1171804.04,observed,1171804.04,,,,,moe_public_fast_monthly
2022-08,2022,8,경북,1591850.48,observed,1591850.48,,,,,moe_public_fast_monthly
2022-08,2022,8,광주,262824.07,observed,262824.07,,,,,moe_public_fast_monthly
2022-08,2022,8,대구,413063.64,observed,413063.64,,,,,moe_public_fast_monthly
2022-08,2022,8,대전,357332.95,observed,357332.95,,,,,moe_public_fast_monthly
2022-08,2022,8,부산,327154.38,observed,327154.38,,,,,moe_public_fast_monthly
2022-08,2022,8,서울,764706.21,observed,764706.21,,,,,moe_public_fast_monthly
2022-08,2022,8,세종,70795.07,observed,70795.07,,,,,moe_public_fast_monthly
2022-08,2022,8,울산,372498.12,observed,372498.12,,,,,moe_public_fast_monthly
2022-08,2022,8,인천,661859.72,observed,661859.72,,,,,moe_public_fast_monthly
2022-08,2022,8,전남,720314.96,observed,720314.96,,,,,moe_public_fast_monthly
2022-08,2022,8,전북,945616.78,observed,945616.78,,,,,moe_public_fast_monthly
2022-08,2022,8,제주,406428.29,observed,406428.29,,,,,moe_public_fast_monthly
2022-08,2022,8,충남,1019607.71,observed,1019607.71,,,,,moe_public_fast_monthly
2022-08,2022,8,충북,1047357.27,observed,1047357.27,,,,,moe_public_fast_monthly
2022-09,2022,9,강원,891436.76,observed,891436.76,,,,,moe_public_fast_monthly
2022-09,2022,9,경기,2026303.53,observed,2026303.53,,,,,moe_public_fast_monthly
2022-09,2022,9,경남,1082224.75,observed,1082224.75,,,,,moe_public_fast_monthly
2022-09,2022,9,경북,1532560.64,observed,1532560.64,,,,,moe_public_fast_monthly
2022-09,2022,9,광주,251321.22,observed,251321.22,,,,,moe_public_fast_monthly
2022-09,2022,9,대구,392737.11,observed,392737.11,,,,,moe_public_fast_monthly
2022-09,2022,9,대전,341643.46,observed,341643.46,,,,,moe_public_fast_monthly
2022-09,2022,9,부산,309076.02,observed,309076.02,,,,,moe_public_fast_monthly
2022-09,2022,9,서울,709467.66,observed,709467.66,,,,,moe_public_fast_monthly
2022-09,2022,9,세종,62484.66,observed,62484.66,,,,,moe_public_fast_monthly
2022-09,2022,9,울산,335605.17,observed,335605.17,,,,,moe_public_fast_monthly
2022-09,2022,9,인천,613172.8,observed,613172.8,,,,,moe_public_fast_monthly
2022-09,2022,9,전남,634163.23,observed,634163.23,,,,,moe_public_fast_monthly
2022-09,2022,9,전북,977373.64,observed,977373.64,,,,,moe_public_fast_monthly
2022-09,2022,9,제주,303514.48,observed,303514.48,,,,,moe_public_fast_monthly
2022-09,2022,9,충남,1018488.25,observed,1018488.25,,,,,moe_public_fast_monthly
2022-09,2022,9,충북,1025130.44,observed,1025130.44,,,,,moe_public_fast_monthly
2022-10,2022,10,강원,1066476.27,observed,1066476.27,,,,,moe_public_fast_monthly
2022-10,2022,10,경기,2269387.93,observed,2269387.93,,,,,moe_public_fast_monthly
2022-10,2022,10,경남,1220188.58,observed,1220188.58,,,,,moe_public_fast_monthly
2022-10,2022,10,경북,1823334.21,observed,1823334.21,,,,,moe_public_fast_monthly
2022-10,2022,10,광주,268508.03,observed,268508.03,,,,,moe_public_fast_monthly
2022-10,2022,10,대구,421168.62,observed,421168.62,,,,,moe_public_fast_monthly
2022-10,2022,10,대전,375573.17,observed,375573.17,,,,,moe_public_fast_monthly
2022-10,2022,10,부산,332801.35,observed,332801.35,,,,,moe_public_fast_monthly
2022-10,2022,10,서울,755576.99,observed,755576.99,,,,,moe_public_fast_monthly
2022-10,2022,10,세종,69562.7,observed,69562.7,,,,,moe_public_fast_monthly
2022-10,2022,10,울산,391310.82,observed,391310.82,,,,,moe_public_fast_monthly
2022-10,2022,10,인천,690035.12,observed,690035.12,,,,,moe_public_fast_monthly
2022-10,2022,10,전남,733203.43,observed,733203.43,,,,,moe_public_fast_monthly
2022-10,2022,10,전북,1074946.9,observed,1074946.9,,,,,moe_public_fast_monthly
2022-10,2022,10,제주,367075.18,observed,367075.18,,,,,moe_public_fast_monthly
2022-10,2022,10,충남,1179659.83,observed,1179659.83,,,,,moe_public_fast_monthly
2022-10,2022,10,충북,1209458.95,observed,1209458.95,,,,,moe_public_fast_monthly
2022-11,2022,11,강원,1003748.42,observed,1003748.42,,,,,moe_public_fast_monthly
2022-11,2022,11,경기,2360162.11,observed,2360162.11,,,,,moe_public_fast_monthly
2022-11,2022,11,경남,1211392.68,observed,1211392.68,,,,,moe_public_fast_monthly
2022-11,2022,11,경북,1862492.01,observed,1862492.01,,,,,moe_public_fast_monthly
2022-11,2022,11,광주,265748.77,observed,265748.77,,,,,moe_public_fast_monthly
2022-11,2022,11,대구,433360.09,observed,433360.09,,,,,moe_public_fast_monthly
2022-11,2022,11,대전,414012.33,observed,414012.33,,,,,moe_public_fast_monthly
2022-11,2022,11,부산,340949.0,observed,340949.0,,,,,moe_public_fast_monthly
2022-11,2022,11,서울,789958.54,observed,789958.54,,,,,moe_public_fast_monthly
2022-11,2022,11,세종,65802.26,observed,65802.26,,,,,moe_public_fast_monthly
2022-11,2022,11,울산,378425.32,observed,378425.32,,,,,moe_public_fast_monthly
2022-11,2022,11,인천,702729.14,observed,702729.14,,,,,moe_public_fast_monthly
2022-11,2022,11,전남,720406.72,observed,720406.72,,,,,moe_public_fast_monthly
2022-11,2022,11,전북,1038263.62,observed,1038263.62,,,,,moe_public_fast_monthly
2022-11,2022,11,제주,393227.31,observed,393227.31,,,,,moe_public_fast_monthly
2022-11,2022,11,충남,1206983.44,observed,1206983.44,,,,,moe_public_fast_monthly
2022-11,2022,11,충북,1219903.44,observed,1219903.44,,,,,moe_public_fast_monthly
2022-12,2022,12,강원,1127566.5,observed,1127566.5,,,,,moe_public_fast_monthly
2022-12,2022,12,경기,2795232.94,observed,2795232.94,,,,,moe_public_fast_monthly
2022-12,2022,12,경남,1365514.3,observed,1365514.3,,,,,moe_public_fast_monthly
2022-12,2022,12,경북,2083773.42,observed,2083773.42,,,,,moe_public_fast_monthly
2022-12,2022,12,광주,297324.39,observed,297324.39,,,,,moe_public_fast_monthly
2022-12,2022,12,대구,504428.95,observed,504428.95,,,,,moe_public_fast_monthly
2022-12,2022,12,대전,503893.54,observed,503893.54,,,,,moe_public_fast_monthly
2022-12,2022,12,부산,401488.12,observed,401488.12,,,,,moe_public_fast_monthly
2022-12,2022,12,서울,1048050.26,observed,1048050.26,,,,,moe_public_fast_monthly
2022-12,2022,12,세종,76006.15,observed,76006.15,,,,,moe_public_fast_monthly
2022-12,2022,12,울산,434429.3,observed,434429.3,,,,,moe_public_fast_monthly
2022-12,2022,12,인천,861603.91,observed,861603.91,,,,,moe_public_fast_monthly
2022-12,2022,12,전남,765701.47,observed,765701.47,,,,,moe_public_fast_monthly
2022-12,2022,12,전북,1052279.47,observed,1052279.47,,,,,moe_public_fast_monthly
2022-12,2022,12,제주,465138.09,observed,465138.09,,,,,moe_public_fast_monthly
2022-12,2022,12,충남,1299289.01,observed,1299289.01,,,,,moe_public_fast_monthly
2022-12,2022,12,충북,1321662.28,observed,1321662.28,,,,,moe_public_fast_monthly
2023-01,2023,1,강원,976123.55,observed,976123.55,,,,,moe_public_fast_monthly
2023-01,2023,1,경기,2420184.86,observed,2420184.86,,,,,moe_public_fast_monthly
2023-01,2023,1,경남,1231946.03,observed,1231946.03,,,,,moe_public_fast_monthly
2023-01,2023,1,경북,1923207.73,observed,1923207.73,,,,,moe_public_fast_monthly
2023-01,2023,1,광주,265665.13,observed,265665.13,,,,,moe_public_fast_monthly
2023-01,2023,1,대구,439053.91,observed,439053.91,,,,,moe_public_fast_monthly
2023-01,2023,1,대전,434172.08,observed,434172.08,,,,,moe_public_fast_monthly
2023-01,2023,1,부산,350575.62,observed,350575.62,,,,,moe_public_fast_monthly
2023-01,2023,1,서울,908735.39,observed,908735.39,,,,,moe_public_fast_monthly
2023-01,2023,1,세종,69498.13,observed,69498.13,,,,,moe_public_fast_monthly
2023-01,2023,1,울산,387783.32,observed,387783.32,,,,,moe_public_fast_monthly
2023-01,2023,1,인천,753130.86,observed,753130.86,,,,,moe_public_fast_monthly
2023-01,2023,1,전남,724972.32,observed,724972.32,,,,,moe_public_fast_monthly
2023-01,2023,1,전북,989287.52,observed,989287.52,,,,,moe_public_fast_monthly
2023-01,2023,1,제주,433151.91,observed,433151.91,,,,,moe_public_fast_monthly
2023-01,2023,1,충남,1186542.7,observed,1186542.7,,,,,moe_public_fast_monthly
2023-01,2023,1,충북,1160847.99,observed,1160847.99,,,,,moe_public_fast_monthly
2023-02,2023,2,강원,803933.83,observed,803933.83,,,,,moe_public_fast_monthly
2023-02,2023,2,경기,2066069.12,observed,2066069.12,,,,,moe_public_fast_monthly
2023-02,2023,2,경남,1028466.17,observed,1028466.17,,,,,moe_public_fast_monthly
2023-02,2023,2,경북,1645868.73,observed,1645868.73,,,,,moe_public_fast_monthly
2023-02,2023,2,광주,223810.39,observed,223810.39,,,,,moe_public_fast_monthly
2023-02,2023,2,대구,350595.76,observed,350595.76,,,,,moe_public_fast_monthly
2023-02,2023,2,대전,361815.88,observed,361815.88,,,,,moe_public_fast_monthly
2023-02,2023,2,부산,287080.71,observed,287080.71,,,,,moe_public_fast_monthly
2023-02,2023,2,서울,731534.99,observed,731534.99,,,,,moe_public_fast_monthly
2023-02,2023,2,세종,64045.34,observed,64045.34,,,,,moe_public_fast_monthly
2023-02,2023,2,울산,313338.1,observed,313338.1,,,,,moe_public_fast_monthly
2023-02,2023,2,인천,606584.71,observed,606584.71,,,,,moe_public_fast_monthly
2023-02,2023,2,전남,629520.4,observed,629520.4,,,,,moe_public_fast_monthly
2023-02,2023,2,전북,852150.41,observed,852150.41,,,,,moe_public_fast_monthly
2023-02,2023,2,제주,425225.59,observed,425225.59,,,,,moe_public_fast_monthly
2023-02,2023,2,충남,1058902.03,observed,1058902.03,,,,,moe_public_fast_monthly
2023-02,2023,2,충북,1023837.17,observed,1023837.17,,,,,moe_public_fast_monthly
2023-03,2023,3,강원,802982.6,observed,802982.6,,,,,moe_public_fast_monthly
2023-03,2023,3,경기,2091369.55,observed,2091369.55,,,,,moe_public_fast_monthly
2023-03,2023,3,경남,1146033.92,observed,1146033.92,,,,,moe_public_fast_monthly
2023-03,2023,3,경북,1716515.18,observed,1716515.18,,,,,moe_public_fast_monthly
2023-03,2023,3,광주,224108.61,observed,224108.61,,,,,moe_public_fast_monthly
2023-03,2023,3,대구,343844.09,observed,343844.09,,,,,moe_public_fast_monthly
2023-03,2023,3,대전,363398.34,observed,363398.34,,,,,moe_public_fast_monthly
2023-03,2023,3,부산,302684.58,observed,302684.58,,,,,moe_public_fast_monthly
2023-03,2023,3,서울,652655.14,observed,652655.14,,,,,moe_public_fast_monthly
2023-03,2023,3,세종,65173.31,observed,65173.31,,,,,moe_public_fast_monthly
2023-03,2023,3,울산,324897.8,observed,324897.8,,,,,moe_public_fast_monthly
2023-03,2023,3,인천,579541.18,observed,579541.18,,,,,moe_public_fast_monthly
2023-03,2023,3,전남,740775.99,observed,740775.99,,,,,moe_public_fast_monthly
2023-03,2023,3,전북,959238.18,observed,959238.18,,,,,moe_public_fast_monthly
2023-03,2023,3,제주,441193.37,observed,441193.37,,,,,moe_public_fast_monthly
2023-03,2023,3,충남,1129751.85,observed,1129751.85,,,,,moe_public_fast_monthly
2023-03,2023,3,충북,1067761.74,observed,1067761.74,,,,,moe_public_fast_monthly
2023-04,2023,4,강원,813151.86,observed,813151.86,,,,,moe_public_fast_monthly
2023-04,2023,4,경기,1933399.48,observed,1933399.48,,,,,moe_public_fast_monthly
2023-04,2023,4,경남,1108817.07,observed,1108817.07,,,,,moe_public_fast_monthly
2023-04,2023,4,경북,1684510.2,observed,1684510.2,,,,,moe_public_fast_monthly
2023-04,2023,4,광주,211809.86,observed,211809.86,,,,,moe_public_fast_monthly
2023-04,2023,4,대구,326913.41,observed,326913.41,,,,,moe_public_fast_monthly
2023-04,2023,4,대전,341831.34,observed,341831.34,,,,,moe_public_fast_monthly
2023-04,2023,4,부산,284299.16,observed,284299.16,,,,,moe_public_fast_monthly
2023-04,2023,4,서울,600391.37,observed,600391.37,,,,,moe_public_fast_monthly
2023-04,2023,4,세종,56511.09,observed,56511.09,,,,,moe_public_fast_monthly
2023-04,2023,4,울산,295758.96,observed,295758.96,,,,,moe_public_fast_monthly
2023-04,2023,4,인천,522719.83,observed,522719.83,,,,,moe_public_fast_monthly
2023-04,2023,4,전남,753659.68,observed,753659.68,,,,,moe_public_fast_monthly
2023-04,2023,4,전북,953848.47,observed,953848.47,,,,,moe_public_fast_monthly
2023-04,2023,4,제주,448322.35,observed,448322.35,,,,,moe_public_fast_monthly
2023-04,2023,4,충남,1111377.58,observed,1111377.58,,,,,moe_public_fast_monthly
2023-04,2023,4,충북,1032763.8,observed,1032763.8,,,,,moe_public_fast_monthly
2023-05,2023,5,강원,855449.4,observed,855449.4,,,,,moe_public_fast_monthly
2023-05,2023,5,경기,1992078.87,observed,1992078.87,,,,,moe_public_fast_monthly
2023-05,2023,5,경남,1152454.45,observed,1152454.45,,,,,moe_public_fast_monthly
2023-05,2023,5,경북,1752056.61,observed,1752056.61,,,,,moe_public_fast_monthly
2023-05,2023,5,광주,224295.28,observed,224295.28,,,,,moe_public_fast_monthly
2023-05,2023,5,대구,341395.83,observed,341395.83,,,,,moe_public_fast_monthly
2023-05,2023,5,대전,343817.96,observed,343817.96,,,,,moe_public_fast_monthly
2023-05,2023,5,부산,292077.02,observed,292077.02,,,,,moe_public_fast_monthly
2023-05,2023,5,서울,598679.82,observed,598679.82,,,,,moe_public_fast_monthly
2023-05,2023,5,세종,51953.23,observed,51953.23,,,,,moe_public_fast_monthly
2023-05,2023,5,울산,306823.31,observed,306823.31,,,,,moe_public_fast_monthly
2023-05,2023,5,인천,541793.55,observed,541793.55,,,,,moe_public_fast_monthly
2023-05,2023,5,전남,761406.23,observed,761406.23,,,,,moe_public_fast_monthly
2023-05,2023,5,전북,947943.54,observed,947943.54,,,,,moe_public_fast_monthly
2023-05,2023,5,제주,470493.02,observed,470493.02,,,,,moe_public_fast_monthly
2023-05,2023,5,충남,1080686.93,observed,1080686.93,,,,,moe_public_fast_monthly
2023-05,2023,5,충북,1073345.24,observed,1073345.24,,,,,moe_public_fast_monthly
2023-06,2023,6,강원,855112.37,observed,855112.37,,,,,moe_public_fast_monthly
2023-06,2023,6,경기,1968753.82,observed,1968753.82,,,,,moe_public_fast_monthly
2023-06,2023,6,경남,1142741.62,observed,1142741.62,,,,,moe_public_fast_monthly
2023-06,2023,6,경북,1666347.39,observed,1666347.39,,,,,moe_public_fast_monthly
2023-06,2023,6,광주,223772.94,observed,223772.94,,,,,moe_public_fast_monthly
2023-06,2023,6,대구,344956.8,observed,344956.8,,,,,moe_public_fast_monthly
2023-06,2023,6,대전,365404.12,observed,365404.12,,,,,moe_public_fast_monthly
2023-06,2023,6,부산,288879.97,observed,288879.97,,,,,moe_public_fast_monthly
2023-06,2023,6,서울,598520.11,observed,598520.11,,,,,moe_public_fast_monthly
2023-06,2023,6,세종,57962.78,observed,57962.78,,,,,moe_public_fast_monthly
2023-06,2023,6,울산,289439.28,observed,289439.28,,,,,moe_public_fast_monthly
2023-06,2023,6,인천,548491.93,observed,548491.93,,,,,moe_public_fast_monthly
2023-06,2023,6,전남,743633.19,observed,743633.19,,,,,moe_public_fast_monthly
2023-06,2023,6,전북,903638.05,observed,903638.05,,,,,moe_public_fast_monthly
2023-06,2023,6,제주,498783.0,observed,498783.0,,,,,moe_public_fast_monthly
2023-06,2023,6,충남,1081650.51,observed,1081650.51,,,,,moe_public_fast_monthly
2023-06,2023,6,충북,1086937.4,observed,1086937.4,,,,,moe_public_fast_monthly
2023-07,2023,7,강원,945892.94,observed,945892.94,,,,,moe_public_fast_monthly
2023-07,2023,7,경기,2092363.56,observed,2092363.56,,,,,moe_public_fast_monthly
2023-07,2023,7,경남,1242310.35,observed,1242310.35,,,,,moe_public_fast_monthly
2023-07,2023,7,경북,1756675.56,observed,1756675.56,,,,,moe_public_fast_monthly
2023-07,2023,7,광주,222311.91,observed,222311.91,,,,,moe_public_fast_monthly
2023-07,2023,7,대구,357829.1,observed,357829.1,,,,,moe_public_fast_monthly
2023-07,2023,7,대전,373428.3,observed,373428.3,,,,,moe_public_fast_monthly
2023-07,2023,7,부산,310586.91,observed,310586.91,,,,,moe_public_fast_monthly
2023-07,2023,7,서울,663829.31,observed,663829.31,,,,,moe_public_fast_monthly
2023-07,2023,7,세종,57538.07,observed,57538.07,,,,,moe_public_fast_monthly
2023-07,2023,7,울산,289700.92,observed,289700.92,,,,,moe_public_fast_monthly
2023-07,2023,7,인천,594377.17,observed,594377.17,,,,,moe_public_fast_monthly
2023-07,2023,7,전남,773417.52,observed,773417.52,,,,,moe_public_fast_monthly
2023-07,2023,7,전북,938186.78,observed,938186.78,,,,,moe_public_fast_monthly
2023-07,2023,7,제주,571840.17,observed,571840.17,,,,,moe_public_fast_monthly
2023-07,2023,7,충남,1095628.59,observed,1095628.59,,,,,moe_public_fast_monthly
2023-07,2023,7,충북,1108904.46,observed,1108904.46,,,,,moe_public_fast_monthly
2023-08,2023,8,강원,1068959.14,observed,1068959.14,,,,,moe_public_fast_monthly
2023-08,2023,8,경기,2201946.9,observed,2201946.9,,,,,moe_public_fast_monthly
2023-08,2023,8,경남,1356377.79,observed,1356377.79,,,,,moe_public_fast_monthly
2023-08,2023,8,경북,1846109.61,observed,1846109.61,,,,,moe_public_fast_monthly
2023-08,2023,8,광주,240411.76,observed,240411.76,,,,,moe_public_fast_monthly
2023-08,2023,8,대구,362686.53,observed,362686.53,,,,,moe_public_fast_monthly
2023-08,2023,8,대전,405729.13,observed,405729.13,,,,,moe_public_fast_monthly
2023-08,2023,8,부산,349929.46,observed,349929.46,,,,,moe_public_fast_monthly
2023-08,2023,8,서울,687393.48,observed,687393.48,,,,,moe_public_fast_monthly
2023-08,2023,8,세종,60847.6,observed,60847.6,,,,,moe_public_fast_monthly
2023-08,2023,8,울산,301310.43,observed,301310.43,,,,,moe_public_fast_monthly
2023-08,2023,8,인천,605278.06,observed,605278.06,,,,,moe_public_fast_monthly
2023-08,2023,8,전남,871800.35,observed,871800.35,,,,,moe_public_fast_monthly
2023-08,2023,8,전북,996620.8,observed,996620.8,,,,,moe_public_fast_monthly
2023-08,2023,8,제주,663943.21,observed,663943.21,,,,,moe_public_fast_monthly
2023-08,2023,8,충남,1207508.31,observed,1207508.31,,,,,moe_public_fast_monthly
2023-08,2023,8,충북,1190812.52,observed,1190812.52,,,,,moe_public_fast_monthly
2023-09,2023,9,강원,852088.84,observed,852088.84,,,,,moe_public_fast_monthly
2023-09,2023,9,경기,1919019.83,observed,1919019.83,,,,,moe_public_fast_monthly
2023-09,2023,9,경남,1121810.52,observed,1121810.52,,,,,moe_public_fast_monthly
2023-09,2023,9,경북,1600071.11,observed,1600071.11,,,,,moe_public_fast_monthly
2023-09,2023,9,광주,208174.71,observed,208174.71,,,,,moe_public_fast_monthly
2023-09,2023,9,대구,304810.94,observed,304810.94,,,,,moe_public_fast_monthly
2023-09,2023,9,대전,332841.74,observed,332841.74,,,,,moe_public_fast_monthly
2023-09,2023,9,부산,293299.31,observed,293299.31,,,,,moe_public_fast_monthly
2023-09,2023,9,서울,570733.35,observed,570733.35,,,,,moe_public_fast_monthly
2023-09,2023,9,세종,51009.16,observed,51009.16,,,,,moe_public_fast_monthly
2023-09,2023,9,울산,251740.48,observed,251740.48,,,,,moe_public_fast_monthly
2023-09,2023,9,인천,508567.88,observed,508567.88,,,,,moe_public_fast_monthly
2023-09,2023,9,전남,767026.34,observed,767026.34,,,,,moe_public_fast_monthly
2023-09,2023,9,전북,848718.63,observed,848718.63,,,,,moe_public_fast_monthly
2023-09,2023,9,제주,506905.22,observed,506905.22,,,,,moe_public_fast_monthly
2023-09,2023,9,충남,1054979.92,observed,1054979.92,,,,,moe_public_fast_monthly
2023-09,2023,9,충북,1033236.71,observed,1033236.71,,,,,moe_public_fast_monthly
2023-10,2023,10,강원,984070.58,observed,984070.58,,,,,moe_public_fast_monthly
2023-10,2023,10,경기,2125459.9,observed,2125459.9,,,,,moe_public_fast_monthly
2023-10,2023,10,경남,1207804.13,observed,1207804.13,,,,,moe_public_fast_monthly
2023-10,2023,10,경북,1721761.2,observed,1721761.2,,,,,moe_public_fast_monthly
2023-10,2023,10,광주,203791.88,observed,203791.88,,,,,moe_public_fast_monthly
2023-10,2023,10,대구,318427.23,observed,318427.23,,,,,moe_public_fast_monthly
2023-10,2023,10,대전,346030.01,observed,346030.01,,,,,moe_public_fast_monthly
2023-10,2023,10,부산,292986.67,observed,292986.67,,,,,moe_public_fast_monthly
2023-10,2023,10,서울,613403.38,observed,613403.38,,,,,moe_public_fast_monthly
2023-10,2023,10,세종,58779.53,observed,58779.53,,,,,moe_public_fast_monthly
2023-10,2023,10,울산,250867.83,observed,250867.83,,,,,moe_public_fast_monthly
2023-10,2023,10,인천,536780.09,observed,536780.09,,,,,moe_public_fast_monthly
2023-10,2023,10,전남,809670.88,observed,809670.88,,,,,moe_public_fast_monthly
2023-10,2023,10,전북,921306.41,observed,921306.41,,,,,moe_public_fast_monthly
2023-10,2023,10,제주,502398.62,observed,502398.62,,,,,moe_public_fast_monthly
2023-10,2023,10,충남,1168232.27,observed,1168232.27,,,,,moe_public_fast_monthly
2023-10,2023,10,충북,1169783.6,observed,1169783.6,,,,,moe_public_fast_monthly
2023-11,2023,11,강원,960518.75,observed,960518.75,,,,,moe_public_fast_monthly
2023-11,2023,11,경기,2414514.46,observed,2414514.46,,,,,moe_public_fast_monthly
2023-11,2023,11,경남,1280912.08,observed,1280912.08,,,,,moe_public_fast_monthly
2023-11,2023,11,경북,1800743.24,observed,1800743.24,,,,,moe_public_fast_monthly
2023-11,2023,11,광주,225195.57,observed,225195.57,,,,,moe_public_fast_monthly
2023-11,2023,11,대구,365803.41,observed,365803.41,,,,,moe_public_fast_monthly
2023-11,2023,11,대전,400401.83,observed,400401.83,,,,,moe_public_fast_monthly
2023-11,2023,11,부산,303891.85,observed,303891.85,,,,,moe_public_fast_monthly
2023-11,2023,11,서울,713025.73,observed,713025.73,,,,,moe_public_fast_monthly
2023-11,2023,11,세종,65025.71,observed,65025.71,,,,,moe_public_fast_monthly
2023-11,2023,11,울산,268345.7,observed,268345.7,,,,,moe_public_fast_monthly
2023-11,2023,11,인천,632850.23,observed,632850.23,,,,,moe_public_fast_monthly
2023-11,2023,11,전남,831412.46,observed,831412.46,,,,,moe_public_fast_monthly
2023-11,2023,11,전북,1018471.43,observed,1018471.43,,,,,moe_public_fast_monthly
2023-11,2023,11,제주,536541.56,observed,536541.56,,,,,moe_public_fast_monthly
2023-11,2023,11,충남,1273274.07,observed,1273274.07,,,,,moe_public_fast_monthly
2023-11,2023,11,충북,1271536.62,observed,1271536.62,,,,,moe_public_fast_monthly
2023-12,2023,12,강원,995615.41,observed,995615.41,,,,,moe_public_fast_monthly
2023-12,2023,12,경기,2479165.0,observed,2479165.0,,,,,moe_public_fast_monthly
2023-12,2023,12,경남,1375694.98,observed,1375694.98,,,,,moe_public_fast_monthly
2023-12,2023,12,경북,1903422.53,observed,1903422.53,,,,,moe_public_fast_monthly
2023-12,2023,12,광주,245576.8,observed,245576.8,,,,,moe_public_fast_monthly
2023-12,2023,12,대구,403564.35,observed,403564.35,,,,,moe_public_fast_monthly
2023-12,2023,12,대전,415833.18,observed,415833.18,,,,,moe_public_fast_monthly
2023-12,2023,12,부산,341514.44,observed,341514.44,,,,,moe_public_fast_monthly
2023-12,2023,12,서울,769929.62,observed,769929.62,,,,,moe_public_fast_monthly
2023-12,2023,12,세종,71402.38,observed,71402.38,,,,,moe_public_fast_monthly
2023-12,2023,12,울산,291203.47,observed,291203.47,,,,,moe_public_fast_monthly
2023-12,2023,12,인천,682397.82,observed,682397.82,,,,,moe_public_fast_monthly
2023-12,2023,12,전남,846646.51,observed,846646.51,,,,,moe_public_fast_monthly
2023-12,2023,12,전북,1045125.3,observed,1045125.3,,,,,moe_public_fast_monthly
2023-12,2023,12,제주,586741.79,observed,586741.79,,,,,moe_public_fast_monthly
2023-12,2023,12,충남,1276211.96,observed,1276211.96,,,,,moe_public_fast_monthly
2023-12,2023,12,충북,1275279.9,observed,1275279.9,,,,,moe_public_fast_monthly
2024-01,2024,1,강원,911083.03,observed,911083.03,,,,,moe_public_fast_monthly
2024-01,2024,1,경기,2274503.66,observed,2274503.66,,,,,moe_public_fast_monthly
2024-01,2024,1,경남,1252818.01,observed,1252818.01,,,,,moe_public_fast_monthly
2024-01,2024,1,경북,1647414.55,observed,1647414.55,,,,,moe_public_fast_monthly
2024-01,2024,1,광주,225779.57,observed,225779.57,,,,,moe_public_fast_monthly
2024-01,2024,1,대구,369374.24,observed,369374.24,,,,,moe_public_fast_monthly
2024-01,2024,1,대전,409211.29,observed,409211.29,,,,,moe_public_fast_monthly
2024-01,2024,1,부산,296596.48,observed,296596.48,,,,,moe_public_fast_monthly
2024-01,2024,1,서울,742270.42,observed,742270.42,,,,,moe_public_fast_monthly
2024-01,2024,1,세종,72645.9,observed,72645.9,,,,,moe_public_fast_monthly
2024-01,2024,1,울산,270321.32,observed,270321.32,,,,,moe_public_fast_monthly
2024-01,2024,1,인천,666918.87,observed,666918.87,,,,,moe_public_fast_monthly
2024-01,2024,1,전남,759475.91,observed,759475.91,,,,,moe_public_fast_monthly
2024-01,2024,1,전북,948115.19,observed,948115.19,,,,,moe_public_fast_monthly
2024-01,2024,1,제주,586969.94,observed,586969.94,,,,,moe_public_fast_monthly
2024-01,2024,1,충남,1215856.58,observed,1215856.58,,,,,moe_public_fast_monthly
2024-01,2024,1,충북,1165864.12,observed,1165864.12,,,,,moe_public_fast_monthly
2024-02,2024,2,강원,754670.32,observed,754670.32,,,,,moe_public_fast_monthly
2024-02,2024,2,경기,1828954.46,observed,1828954.46,,,,,moe_public_fast_monthly
2024-02,2024,2,경남,1113725.76,observed,1113725.76,,,,,moe_public_fast_monthly
2024-02,2024,2,경북,1545516.48,observed,1545516.48,,,,,moe_public_fast_monthly
2024-02,2024,2,광주,194590.63,observed,194590.63,,,,,moe_public_fast_monthly
2024-02,2024,2,대구,304714.84,observed,304714.84,,,,,moe_public_fast_monthly
2024-02,2024,2,대전,331250.94,observed,331250.94,,,,,moe_public_fast_monthly
2024-02,2024,2,부산,256328.54,observed,256328.54,,,,,moe_public_fast_monthly
2024-02,2024,2,서울,577063.96,observed,577063.96,,,,,moe_public_fast_monthly
2024-02,2024,2,세종,59366.72,observed,59366.72,,,,,moe_public_fast_monthly
2024-02,2024,2,울산,232325.35,observed,232325.35,,,,,moe_public_fast_monthly
2024-02,2024,2,인천,541023.82,observed,541023.82,,,,,moe_public_fast_monthly
2024-02,2024,2,전남,721377.18,observed,721377.18,,,,,moe_public_fast_monthly
2024-02,2024,2,전북,886778.34,observed,886778.34,,,,,moe_public_fast_monthly
2024-02,2024,2,제주,532884.97,observed,532884.97,,,,,moe_public_fast_monthly
2024-02,2024,2,충남,1114332.35,observed,1114332.35,,,,,moe_public_fast_monthly
2024-02,2024,2,충북,1024291.89,observed,1024291.89,,,,,moe_public_fast_monthly
2024-03,2024,3,강원,738505.22,observed,738505.22,,,,,moe_public_fast_monthly
2024-03,2024,3,경기,1841223.09,observed,1841223.09,,,,,moe_public_fast_monthly
2024-03,2024,3,경남,1142972.09,observed,1142972.09,,,,,moe_public_fast_monthly
2024-03,2024,3,경북,1518494.48,observed,1518494.48,,,,,moe_public_fast_monthly
2024-03,2024,3,광주,190281.59,observed,190281.59,,,,,moe_public_fast_monthly
2024-03,2024,3,대구,294831.71,observed,294831.71,,,,,moe_public_fast_monthly
2024-03,2024,3,대전,333078.53,observed,333078.53,,,,,moe_public_fast_monthly
2024-03,2024,3,부산,260344.98,observed,260344.98,,,,,moe_public_fast_monthly
2024-03,2024,3,서울,559845.3,observed,559845.3,,,,,moe_public_fast_monthly
2024-03,2024,3,세종,61854.66,observed,61854.66,,,,,moe_public_fast_monthly
2024-03,2024,3,울산,222927.84,observed,222927.84,,,,,moe_public_fast_monthly
2024-03,2024,3,인천,541151.87,observed,541151.87,,,,,moe_public_fast_monthly
2024-03,2024,3,전남,785823.49,observed,785823.49,,,,,moe_public_fast_monthly
2024-03,2024,3,전북,893300.95,observed,893300.95,,,,,moe_public_fast_monthly
2024-03,2024,3,제주,556983.44,observed,556983.44,,,,,moe_public_fast_monthly
2024-03,2024,3,충남,1174816.16,observed,1174816.16,,,,,moe_public_fast_monthly
2024-03,2024,3,충북,1020380.71,observed,1020380.71,,,,,moe_public_fast_monthly
2024-04,2024,4,강원,670917.35,observed,670917.35,,,,,moe_public_fast_monthly
2024-04,2024,4,경기,1651404.73,observed,1651404.73,,,,,moe_public_fast_monthly
2024-04,2024,4,경남,994915.35,observed,994915.35,,,,,moe_public_fast_monthly
2024-04,2024,4,경북,1369940.84,observed,1369940.84,,,,,moe_public_fast_monthly
2024-04,2024,4,광주,174850.5,observed,174850.5,,,,,moe_public_fast_monthly
2024-04,2024,4,대구,278717.91,observed,278717.91,,,,,moe_public_fast_monthly
2024-04,2024,4,대전,287385.36,observed,287385.36,,,,,moe_public_fast_monthly
2024-04,2024,4,부산,225834.9,observed,225834.9,,,,,moe_public_fast_monthly
2024-04,2024,4,서울,460493.12,observed,460493.12,,,,,moe_public_fast_monthly
2024-04,2024,4,세종,58557.88,observed,58557.88,,,,,moe_public_fast_monthly
2024-04,2024,4,울산,207978.94,observed,207978.94,,,,,moe_public_fast_monthly
2024-04,2024,4,인천,459561.4,observed,459561.4,,,,,moe_public_fast_monthly
2024-04,2024,4,전남,680593.74,observed,680593.74,,,,,moe_public_fast_monthly
2024-04,2024,4,전북,787396.26,observed,787396.26,,,,,moe_public_fast_monthly
2024-04,2024,4,제주,505550.47,observed,505550.47,,,,,moe_public_fast_monthly
2024-04,2024,4,충남,1052439.38,observed,1052439.38,,,,,moe_public_fast_monthly
2024-04,2024,4,충북,926404.67,observed,926404.67,,,,,moe_public_fast_monthly
2024-05,2024,5,강원,736819.92,observed,736819.92,,,,,moe_public_fast_monthly
2024-05,2024,5,경기,1718212.61,observed,1718212.61,,,,,moe_public_fast_monthly
2024-05,2024,5,경남,1058542.21,observed,1058542.21,,,,,moe_public_fast_monthly
2024-05,2024,5,경북,1404356.04,observed,1404356.04,,,,,moe_public_fast_monthly
2024-05,2024,5,광주,187127.12,observed,187127.12,,,,,moe_public_fast_monthly
2024-05,2024,5,대구,281467.91,observed,281467.91,,,,,moe_public_fast_monthly
2024-05,2024,5,대전,295434.82,observed,295434.82,,,,,moe_public_fast_monthly
2024-05,2024,5,부산,229199.35,observed,229199.35,,,,,moe_public_fast_monthly
2024-05,2024,5,서울,475408.31,observed,475408.31,,,,,moe_public_fast_monthly
2024-05,2024,5,세종,60534.54,observed,60534.54,,,,,moe_public_fast_monthly
2024-05,2024,5,울산,212497.17,observed,212497.17,,,,,moe_public_fast_monthly
2024-05,2024,5,인천,458362.74,observed,458362.74,,,,,moe_public_fast_monthly
2024-05,2024,5,전남,710675.01,observed,710675.01,,,,,moe_public_fast_monthly
2024-05,2024,5,전북,826327.26,observed,826327.26,,,,,moe_public_fast_monthly
2024-05,2024,5,제주,535476.36,observed,535476.36,,,,,moe_public_fast_monthly
2024-05,2024,5,충남,1086003.74,observed,1086003.74,,,,,moe_public_fast_monthly
2024-05,2024,5,충북,959506.16,observed,959506.16,,,,,moe_public_fast_monthly
2024-06,2024,6,강원,748664.46,observed,748664.46,,,,,moe_public_fast_monthly
2024-06,2024,6,경기,1729746.75,observed,1729746.75,,,,,moe_public_fast_monthly
2024-06,2024,6,경남,1019570.24,observed,1019570.24,,,,,moe_public_fast_monthly
2024-06,2024,6,경북,1345844.28,observed,1345844.28,,,,,moe_public_fast_monthly
2024-06,2024,6,광주,186864.26,observed,186864.26,,,,,moe_public_fast_monthly
2024-06,2024,6,대구,285824.67,observed,285824.67,,,,,moe_public_fast_monthly
2024-06,2024,6,대전,250715.29,observed,250715.29,,,,,moe_public_fast_monthly
2024-06,2024,6,부산,230685.81,observed,230685.81,,,,,moe_public_fast_monthly
2024-06,2024,6,서울,505021.17,observed,505021.17,,,,,moe_public_fast_monthly
2024-06,2024,6,세종,63636.05,observed,63636.05,,,,,moe_public_fast_monthly
2024-06,2024,6,울산,210647.54,observed,210647.54,,,,,moe_public_fast_monthly
2024-06,2024,6,인천,467404.44,observed,467404.44,,,,,moe_public_fast_monthly
2024-06,2024,6,전남,676296.22,observed,676296.22,,,,,moe_public_fast_monthly
2024-06,2024,6,전북,772271.78,observed,772271.78,,,,,moe_public_fast_monthly
2024-06,2024,6,제주,531526.44,observed,531526.44,,,,,moe_public_fast_monthly
2024-06,2024,6,충남,1052711.2,observed,1052711.2,,,,,moe_public_fast_monthly
2024-06,2024,6,충북,929169.56,observed,929169.56,,,,,moe_public_fast_monthly
2024-07,2024,7,강원,766872.61,observed,766872.61,,,,,moe_public_fast_monthly
2024-07,2024,7,경기,1816734.19,observed,1816734.19,,,,,moe_public_fast_monthly
2024-07,2024,7,경남,1134633.23,observed,1134633.23,,,,,moe_public_fast_monthly
2024-07,2024,7,경북,1415813.11,observed,1415813.11,,,,,moe_public_fast_monthly
2024-07,2024,7,광주,206424.55,observed,206424.55,,,,,moe_public_fast_monthly
2024-07,2024,7,대구,310954.91,observed,310954.91,,,,,moe_public_fast_monthly
2024-07,2024,7,대전,252245.75,observed,252245.75,,,,,moe_public_fast_monthly
2024-07,2024,7,부산,244250.4,observed,244250.4,,,,,moe_public_fast_monthly
2024-07,2024,7,서울,533667.1,observed,533667.1,,,,,moe_public_fast_monthly
2024-07,2024,7,세종,68135.12,observed,68135.12,,,,,moe_public_fast_monthly
2024-07,2024,7,울산,225419.82,observed,225419.82,,,,,moe_public_fast_monthly
2024-07,2024,7,인천,480940.06,observed,480940.06,,,,,moe_public_fast_monthly
2024-07,2024,7,전남,738370.69,observed,738370.69,,,,,moe_public_fast_monthly
2024-07,2024,7,전북,816949.8,observed,816949.8,,,,,moe_public_fast_monthly
2024-07,2024,7,제주,670223.37,observed,670223.37,,,,,moe_public_fast_monthly
2024-07,2024,7,충남,1061097.69,observed,1061097.69,,,,,moe_public_fast_monthly
2024-07,2024,7,충북,938708.17,observed,938708.17,,,,,moe_public_fast_monthly
2024-08,2024,8,강원,973541.44,observed,973541.44,,,,,moe_public_fast_monthly
2024-08,2024,8,경기,2083563.42,observed,2083563.42,,,,,moe_public_fast_monthly
2024-08,2024,8,경남,1279183.85,observed,1279183.85,,,,,moe_public_fast_monthly
2024-08,2024,8,경북,1564975.8,observed,1564975.8,,,,,moe_public_fast_monthly
2024-08,2024,8,광주,224588.79,observed,224588.79,,,,,moe_public_fast_monthly
2024-08,2024,8,대구,321894.57,observed,321894.57,,,,,moe_public_fast_monthly
2024-08,2024,8,대전,281920.74,observed,281920.74,,,,,moe_public_fast_monthly
2024-08,2024,8,부산,262334.53,observed,262334.53,,,,,moe_public_fast_monthly
2024-08,2024,8,서울,575158.86,observed,575158.86,,,,,moe_public_fast_monthly
2024-08,2024,8,세종,73616.49,observed,73616.49,,,,,moe_public_fast_monthly
2024-08,2024,8,울산,239445.88,observed,239445.88,,,,,moe_public_fast_monthly
2024-08,2024,8,인천,536619.9,observed,536619.9,,,,,moe_public_fast_monthly
2024-08,2024,8,전남,856843.01,observed,856843.01,,,,,moe_public_fast_monthly
2024-08,2024,8,전북,946515.86,observed,946515.86,,,,,moe_public_fast_monthly
2024-08,2024,8,제주,747112.06,observed,747112.06,,,,,moe_public_fast_monthly
2024-08,2024,8,충남,1250484.51,observed,1250484.51,,,,,moe_public_fast_monthly
2024-08,2024,8,충북,1096432.1,observed,1096432.1,,,,,moe_public_fast_monthly
2024-09,2024,9,강원,756467.04,observed,756467.04,,,,,moe_public_fast_monthly
2024-09,2024,9,경기,1888050.91,observed,1888050.91,,,,,moe_public_fast_monthly
2024-09,2024,9,경남,1168584.36,observed,1168584.36,,,,,moe_public_fast_monthly
2024-09,2024,9,경북,1461054.79,observed,1461054.79,,,,,moe_public_fast_monthly
2024-09,2024,9,광주,212301.37,observed,212301.37,,,,,moe_public_fast_monthly
2024-09,2024,9,대구,302875.16,observed,302875.16,,,,,moe_public_fast_monthly
2024-09,2024,9,대전,256652.12,observed,256652.12,,,,,moe_public_fast_monthly
2024-09,2024,9,부산,237872.54,observed,237872.54,,,,,moe_public_fast_monthly
2024-09,2024,9,서울,523302.49,observed,523302.49,,,,,moe_public_fast_monthly
2024-09,2024,9,세종,68867.46,observed,68867.46,,,,,moe_public_fast_monthly
2024-09,2024,9,울산,217492.73,observed,217492.73,,,,,moe_public_fast_monthly
2024-09,2024,9,인천,483496.44,observed,483496.44,,,,,moe_public_fast_monthly
2024-09,2024,9,전남,843336.65,observed,843336.65,,,,,moe_public_fast_monthly
2024-09,2024,9,전북,912119.74,observed,912119.74,,,,,moe_public_fast_monthly
2024-09,2024,9,제주,637162.1,observed,637162.1,,,,,moe_public_fast_monthly
2024-09,2024,9,충남,1229263.93,observed,1229263.93,,,,,moe_public_fast_monthly
2024-09,2024,9,충북,1028206.41,observed,1028206.41,,,,,moe_public_fast_monthly
2024-10,2024,10,강원,811784.77,observed,811784.77,,,,,moe_public_fast_monthly
2024-10,2024,10,경기,1897815.7,observed,1897815.7,,,,,moe_public_fast_monthly
2024-10,2024,10,경남,1129581.21,observed,1129581.21,,,,,moe_public_fast_monthly
2024-10,2024,10,경북,1412016.54,observed,1412016.54,,,,,moe_public_fast_monthly
2024-10,2024,10,광주,188646.03,observed,188646.03,,,,,moe_public_fast_monthly
2024-10,2024,10,대구,295084.11,observed,295084.11,,,,,moe_public_fast_monthly
2024-10,2024,10,대전,244295.61,observed,244295.61,,,,,moe_public_fast_monthly
2024-10,2024,10,부산,223834.5,observed,223834.5,,,,,moe_public_fast_monthly
2024-10,2024,10,서울,512029.07,observed,512029.07,,,,,moe_public_fast_monthly
2024-10,2024,10,세종,67778.5,observed,67778.5,,,,,moe_public_fast_monthly
2024-10,2024,10,울산,206035.04,observed,206035.04,,,,,moe_public_fast_monthly
2024-10,2024,10,인천,480117.0,observed,480117.0,,,,,moe_public_fast_monthly
2024-10,2024,10,전남,761476.28,observed,761476.28,,,,,moe_public_fast_monthly
2024-10,2024,10,전북,861858.78,observed,861858.78,,,,,moe_public_fast_monthly
2024-10,2024,10,제주,585027.02,observed,585027.02,,,,,moe_public_fast_monthly
2024-10,2024,10,충남,1206684.85,observed,1206684.85,,,,,moe_public_fast_monthly
2024-10,2024,10,충북,1039941.61,observed,1039941.61,,,,,moe_public_fast_monthly
2024-11,2024,11,강원,793869.23,observed,793869.23,,,,,moe_public_fast_monthly
2024-11,2024,11,경기,2037548.99,observed,2037548.99,,,,,moe_public_fast_monthly
2024-11,2024,11,경남,1167405.03,observed,1167405.03,,,,,moe_public_fast_monthly
2024-11,2024,11,경북,1515569.75,observed,1515569.75,,,,,moe_public_fast_monthly
2024-11,2024,11,광주,208684.19,observed,208684.19,,,,,moe_public_fast_monthly
2024-11,2024,11,대구,311084.61,observed,311084.61,,,,,moe_public_fast_monthly
2024-11,2024,11,대전,275912.21,observed,275912.21,,,,,moe_public_fast_monthly
2024-11,2024,11,부산,229851.77,observed,229851.77,,,,,moe_public_fast_monthly
2024-11,2024,11,서울,562368.12,observed,562368.12,,,,,moe_public_fast_monthly
2024-11,2024,11,세종,73114.98,observed,73114.98,,,,,moe_public_fast_monthly
2024-11,2024,11,울산,217346.08,observed,217346.08,,,,,moe_public_fast_monthly
2024-11,2024,11,인천,532961.49,observed,532961.49,,,,,moe_public_fast_monthly
2024-11,2024,11,전남,826326.47,observed,826326.47,,,,,moe_public_fast_monthly
2024-11,2024,11,전북,927539.32,observed,927539.32,,,,,moe_public_fast_monthly
2024-11,2024,11,제주,585298.62,observed,585298.62,,,,,moe_public_fast_monthly
2024-11,2024,11,충남,1267572.33,observed,1267572.33,,,,,moe_public_fast_monthly
2024-11,2024,11,충북,1146341.98,observed,1146341.98,,,,,moe_public_fast_monthly
2024-12,2024,12,강원,891668.32,observed,891668.32,,,,,moe_public_fast_monthly
2024-12,2024,12,경기,2381304.73,observed,2381304.73,,,,,moe_public_fast_monthly
2024-12,2024,12,경남,1287286.9,observed,1287286.9,,,,,moe_public_fast_monthly
2024-12,2024,12,경북,1658169.85,observed,1658169.85,,,,,moe_public_fast_monthly
2024-12,2024,12,광주,236437.64,observed,236437.64,,,,,moe_public_fast_monthly
2024-12,2024,12,대구,359611.07,observed,359611.07,,,,,moe_public_fast_monthly
2024-12,2024,12,대전,327827.6,observed,327827.6,,,,,moe_public_fast_monthly
2024-12,2024,12,부산,254527.21,observed,254527.21,,,,,moe_public_fast_monthly
2024-12,2024,12,서울,682802.41,observed,682802.41,,,,,moe_public_fast_monthly
2024-12,2024,12,세종,81389.68,observed,81389.68,,,,,moe_public_fast_monthly
2024-12,2024,12,울산,247325.02,observed,247325.02,,,,,moe_public_fast_monthly
2024-12,2024,12,인천,628151.25,observed,628151.25,,,,,moe_public_fast_monthly
2024-12,2024,12,전남,884722.09,observed,884722.09,,,,,moe_public_fast_monthly
2024-12,2024,12,전북,971875.19,observed,971875.19,,,,,moe_public_fast_monthly
2024-12,2024,12,제주,667706.83,observed,667706.83,,,,,moe_public_fast_monthly
2024-12,2024,12,충남,1362172.37,observed,1362172.37,,,,,moe_public_fast_monthly
2024-12,2024,12,충북,1223150.87,observed,1223150.87,,,,,moe_public_fast_monthly
2025-01,2025,1,강원,923612.2,observed,923612.2,,,,,moe_public_fast_monthly
2025-01,2025,1,경기,2217469.31,observed,2217469.31,,,,,moe_public_fast_monthly
2025-01,2025,1,경남,1273871.03,observed,1273871.03,,,,,moe_public_fast_monthly
2025-01,2025,1,경북,1681161.23,observed,1681161.23,,,,,moe_public_fast_monthly
2025-01,2025,1,광주,222887.47,observed,222887.47,,,,,moe_public_fast_monthly
2025-01,2025,1,대구,341797.49,observed,341797.49,,,,,moe_public_fast_monthly
2025-01,2025,1,대전,349536.23,observed,349536.23,,,,,moe_public_fast_monthly
2025-01,2025,1,부산,243605.83,observed,243605.83,,,,,moe_public_fast_monthly
2025-01,2025,1,서울,638251.15,observed,638251.15,,,,,moe_public_fast_monthly
2025-01,2025,1,세종,75509.08,observed,75509.08,,,,,moe_public_fast_monthly
2025-01,2025,1,울산,239663.42,observed,239663.42,,,,,moe_public_fast_monthly
2025-01,2025,1,인천,591730.59,observed,591730.59,,,,,moe_public_fast_monthly
2025-01,2025,1,전남,888385.72,observed,888385.72,,,,,moe_public_fast_monthly
2025-01,2025,1,전북,977298.81,observed,977298.81,,,,,moe_public_fast_monthly
2025-01,2025,1,제주,649036.3,observed,649036.3,,,,,moe_public_fast_monthly
2025-01,2025,1,충남,1288304.4,observed,1288304.4,,,,,moe_public_fast_monthly
2025-01,2025,1,충북,1149656.17,observed,1149656.17,,,,,moe_public_fast_monthly
2025-02,2025,2,강원,753491.46,observed,753491.46,,,,,moe_public_fast_monthly
2025-02,2025,2,경기,2086173.69,observed,2086173.69,,,,,moe_public_fast_monthly
2025-02,2025,2,경남,1125083.84,observed,1125083.84,,,,,moe_public_fast_monthly
2025-02,2025,2,경북,1432828.01,observed,1432828.01,,,,,moe_public_fast_monthly
2025-02,2025,2,광주,207547.74,observed,207547.74,,,,,moe_public_fast_monthly
2025-02,2025,2,대구,307387.62,observed,307387.62,,,,,moe_public_fast_monthly
2025-02,2025,2,대전,326716.28,observed,326716.28,,,,,moe_public_fast_monthly
2025-02,2025,2,부산,231071.06,observed,231071.06,,,,,moe_public_fast_monthly
2025-02,2025,2,서울,629200.66,observed,629200.66,,,,,moe_public_fast_monthly
2025-02,2025,2,세종,76705.93,observed,76705.93,,,,,moe_public_fast_monthly
2025-02,2025,2,울산,216452.22,observed,216452.22,,,,,moe_public_fast_monthly
2025-02,2025,2,인천,543134.22,observed,543134.22,,,,,moe_public_fast_monthly
2025-02,2025,2,전남,733879.51,observed,733879.51,,,,,moe_public_fast_monthly
2025-02,2025,2,전북,816585.84,observed,816585.84,,,,,moe_public_fast_monthly
2025-02,2025,2,제주,601854.53,observed,601854.53,,,,,moe_public_fast_monthly
2025-02,2025,2,충남,1194037.59,observed,1194037.59,,,,,moe_public_fast_monthly
2025-02,2025,2,충북,1045175.66,observed,1045175.66,,,,,moe_public_fast_monthly
2025-03,2025,3,강원,697436.69,observed,697436.69,,,,,moe_public_fast_monthly
2025-03,2025,3,경기,1858200.48,observed,1858200.48,,,,,moe_public_fast_monthly
2025-03,2025,3,경남,1061992.32,observed,1061992.32,,,,,moe_public_fast_monthly
2025-03,2025,3,경북,1370159.3,observed,1370159.3,,,,,moe_public_fast_monthly
2025-03,2025,3,광주,188234.61,observed,188234.61,,,,,moe_public_fast_monthly
2025-03,2025,3,대구,285122.93,observed,285122.93,,,,,moe_public_fast_monthly
2025-03,2025,3,대전,289252.46,observed,289252.46,,,,,moe_public_fast_monthly
2025-03,2025,3,부산,203136.04,observed,203136.04,,,,,moe_public_fast_monthly
2025-03,2025,3,서울,516788.07,observed,516788.07,,,,,moe_public_fast_monthly
2025-03,2025,3,세종,70482.48,observed,70482.48,,,,,moe_public_fast_monthly
2025-03,2025,3,울산,196670.71,observed,196670.71,,,,,moe_public_fast_monthly
2025-03,2025,3,인천,483208.03,observed,483208.03,,,,,moe_public_fast_monthly
2025-03,2025,3,전남,793730.54,observed,793730.54,,,,,moe_public_fast_monthly
2025-03,2025,3,전북,794808.39,observed,794808.39,,,,,moe_public_fast_monthly
2025-03,2025,3,제주,586667.91,observed,586667.91,,,,,moe_public_fast_monthly
2025-03,2025,3,충남,1145289.94,observed,1145289.94,,,,,moe_public_fast_monthly
2025-03,2025,3,충북,976638.53,observed,976638.53,,,,,moe_public_fast_monthly
2025-04,2025,4,강원,665534.14,observed,665534.14,,,,,moe_public_fast_monthly
2025-04,2025,4,경기,1829359.51,observed,1829359.51,,,,,moe_public_fast_monthly
2025-04,2025,4,경남,1027110.87,observed,1027110.87,,,,,moe_public_fast_monthly
2025-04,2025,4,경북,1342403.28,observed,1342403.28,,,,,moe_public_fast_monthly
2025-04,2025,4,광주,177520.31,observed,177520.31,,,,,moe_public_fast_monthly
2025-04,2025,4,대구,266651.89,observed,266651.89,,,,,moe_public_fast_monthly
2025-04,2025,4,대전,271894.54,observed,271894.54,,,,,moe_public_fast_monthly
2025-04,2025,4,부산,190512.33,observed,190512.33,,,,,moe_public_fast_monthly
2025-04,2025,4,서울,469482.71,observed,469482.71,,,,,moe_public_fast_monthly
2025-04,2025,4,세종,65071.0,observed,65071.0,,,,,moe_public_fast_monthly
2025-04,2025,4,울산,188344.41,observed,188344.41,,,,,moe_public_fast_monthly
2025-04,2025,4,인천,464190.7,observed,464190.7,,,,,moe_public_fast_monthly
2025-04,2025,4,전남,791165.52,observed,791165.52,,,,,moe_public_fast_monthly
2025-04,2025,4,전북,804240.17,observed,804240.17,,,,,moe_public_fast_monthly
2025-04,2025,4,제주,582304.18,observed,582304.18,,,,,moe_public_fast_monthly
2025-04,2025,4,충남,1138474.29,observed,1138474.29,,,,,moe_public_fast_monthly
2025-04,2025,4,충북,921476.7,observed,921476.7,,,,,moe_public_fast_monthly
2025-05,2025,5,강원,803471.28,observed,803471.28,,,,,moe_public_fast_monthly
2025-05,2025,5,경기,1836236.32,observed,1836236.32,,,,,moe_public_fast_monthly
2025-05,2025,5,경남,1104757.86,observed,1104757.86,,,,,moe_public_fast_monthly
2025-05,2025,5,경북,1485429.11,observed,1485429.11,,,,,moe_public_fast_monthly
2025-05,2025,5,광주,178954.54,observed,178954.54,,,,,moe_public_fast_monthly
2025-05,2025,5,대구,272092.47,observed,272092.47,,,,,moe_public_fast_monthly
2025-05,2025,5,대전,277714.4,observed,277714.4,,,,,moe_public_fast_monthly
2025-05,2025,5,부산,201420.66,observed,201420.66,,,,,moe_public_fast_monthly
2025-05,2025,5,서울,462541.88,observed,462541.88,,,,,moe_public_fast_monthly
2025-05,2025,5,세종,64998.88,observed,64998.88,,,,,moe_public_fast_monthly
2025-05,2025,5,울산,205206.42,observed,205206.42,,,,,moe_public_fast_monthly
2025-05,2025,5,인천,467160.68,observed,467160.68,,,,,moe_public_fast_monthly
2025-05,2025,5,전남,864881.48,observed,864881.48,,,,,moe_public_fast_monthly
2025-05,2025,5,전북,878496.58,observed,878496.58,,,,,moe_public_fast_monthly
2025-05,2025,5,제주,608771.59,observed,608771.59,,,,,moe_public_fast_monthly
2025-05,2025,5,충남,1184819.51,observed,1184819.51,,,,,moe_public_fast_monthly
2025-05,2025,5,충북,982192.64,observed,982192.64,,,,,moe_public_fast_monthly
2025-06,2025,6,강원,783597.11,observed,783597.11,,,,,moe_public_fast_monthly
2025-06,2025,6,경기,1847249.42,observed,1847249.42,,,,,moe_public_fast_monthly
2025-06,2025,6,경남,1072409.51,observed,1072409.51,,,,,moe_public_fast_monthly
2025-06,2025,6,경북,1417596.32,observed,1417596.32,,,,,moe_public_fast_monthly
2025-06,2025,6,광주,192433.95,observed,192433.95,,,,,moe_public_fast_monthly
2025-06,2025,6,대구,280016.75,observed,280016.75,,,,,moe_public_fast_monthly
2025-06,2025,6,대전,279589.37,observed,279589.37,,,,,moe_public_fast_monthly
2025-06,2025,6,부산,201170.24,observed,201170.24,,,,,moe_public_fast_monthly
2025-06,2025,6,서울,474414.75,observed,474414.75,,,,,moe_public_fast_monthly
2025-06,2025,6,세종,64054.22,observed,64054.22,,,,,moe_public_fast_monthly
2025-06,2025,6,울산,205307.48,observed,205307.48,,,,,moe_public_fast_monthly
2025-06,2025,6,인천,453706.4,observed,453706.4,,,,,moe_public_fast_monthly
2025-06,2025,6,전남,795940.68,observed,795940.68,,,,,moe_public_fast_monthly
2025-06,2025,6,전북,789944.05,observed,789944.05,,,,,moe_public_fast_monthly
2025-06,2025,6,제주,635147.4,observed,635147.4,,,,,moe_public_fast_monthly
2025-06,2025,6,충남,1112802.0,observed,1112802.0,,,,,moe_public_fast_monthly
2025-06,2025,6,충북,928511.58,observed,928511.58,,,,,moe_public_fast_monthly
2025-07,2025,7,강원,953053.9,observed,953053.9,,,,,moe_public_fast_monthly
2025-07,2025,7,경기,2167705.22,observed,2167705.22,,,,,moe_public_fast_monthly
2025-07,2025,7,경남,1291545.6,observed,1291545.6,,,,,moe_public_fast_monthly
2025-07,2025,7,경북,1659980.42,observed,1659980.42,,,,,moe_public_fast_monthly
2025-07,2025,7,광주,231958.41,observed,231958.41,,,,,moe_public_fast_monthly
2025-07,2025,7,대구,338715.85,observed,338715.85,,,,,moe_public_fast_monthly
2025-07,2025,7,대전,325839.61,observed,325839.61,,,,,moe_public_fast_monthly
2025-07,2025,7,부산,248726.53,observed,248726.53,,,,,moe_public_fast_monthly
2025-07,2025,7,서울,577961.45,observed,577961.45,,,,,moe_public_fast_monthly
2025-07,2025,7,세종,77914.66,observed,77914.66,,,,,moe_public_fast_monthly
2025-07,2025,7,울산,252406.2,observed,252406.2,,,,,moe_public_fast_monthly
2025-07,2025,7,인천,552287.75,observed,552287.75,,,,,moe_public_fast_monthly
2025-07,2025,7,전남,920391.87,observed,920391.87,,,,,moe_public_fast_monthly
2025-07,2025,7,전북,888614.08,observed,888614.08,,,,,moe_public_fast_monthly
2025-07,2025,7,제주,806408.14,observed,806408.14,,,,,moe_public_fast_monthly
2025-07,2025,7,충남,1276908.45,observed,1276908.45,,,,,moe_public_fast_monthly
2025-07,2025,7,충북,1054450.89,observed,1054450.89,,,,,moe_public_fast_monthly
2025-08,2025,8,강원,1067748.7,observed,1067748.7,,,,,moe_public_fast_monthly
2025-08,2025,8,경기,2132810.22,observed,2132810.22,,,,,moe_public_fast_monthly
2025-08,2025,8,경남,1273137.13,observed,1273137.13,,,,,moe_public_fast_monthly
2025-08,2025,8,경북,1787842.8,observed,1787842.8,,,,,moe_public_fast_monthly
2025-08,2025,8,광주,212530.89,observed,212530.89,,,,,moe_public_fast_monthly
2025-08,2025,8,대구,355251.39,observed,355251.39,,,,,moe_public_fast_monthly
2025-08,2025,8,대전,330833.6,observed,330833.6,,,,,moe_public_fast_monthly
2025-08,2025,8,부산,259317.74,observed,259317.74,,,,,moe_public_fast_monthly
2025-08,2025,8,서울,556264.03,observed,556264.03,,,,,moe_public_fast_monthly
2025-08,2025,8,세종,77582.82,observed,77582.82,,,,,moe_public_fast_monthly
2025-08,2025,8,울산,242499.38,observed,242499.38,,,,,moe_public_fast_monthly
2025-08,2025,8,인천,545437.33,observed,545437.33,,,,,moe_public_fast_monthly
2025-08,2025,8,전남,950792.95,observed,950792.95,,,,,moe_public_fast_monthly
2025-08,2025,8,전북,944713.16,observed,944713.16,,,,,moe_public_fast_monthly
2025-08,2025,8,제주,833027.37,observed,833027.37,,,,,moe_public_fast_monthly
2025-08,2025,8,충남,1344238.2,observed,1344238.2,,,,,moe_public_fast_monthly
2025-08,2025,8,충북,1108636.96,observed,1108636.96,,,,,moe_public_fast_monthly
2025-09,2025,9,강원,756467.04,estimated,,756467.04,678475.29,973573.08,seasonal_naive,charge_forecast_v1
2025-09,2025,9,경기,1888050.91,estimated,,1888050.91,1693392.86,2429921.52,seasonal_naive,charge_forecast_v1
2025-09,2025,9,경남,1168584.36,estimated,,1168584.36,1048103.31,1503968.07,seasonal_naive,charge_forecast_v1
2025-09,2025,9,경북,1461054.79,estimated,,1461054.79,1310420.04,1880377.51,seasonal_naive,charge_forecast_v1
2025-09,2025,9,광주,212301.37,estimated,,212301.37,190413.1,273231.86,seasonal_naive,charge_forecast_v1
2025-09,2025,9,대구,302875.16,estimated,,302875.16,271648.73,389800.33,seasonal_naive,charge_forecast_v1
2025-09,2025,9,대전,256652.12,estimated,,256652.12,230191.29,330311.28,seasonal_naive,charge_forecast_v1
2025-09,2025,9,부산,237872.54,estimated,,237872.54,213347.88,306141.96,seasonal_naive,charge_forecast_v1
2025-09,2025,9,서울,523302.49,estimated,,523302.49,469350.0,673490.3,seasonal_naive,charge_forecast_v1
2025-09,2025,9,세종,68867.46,estimated,,68867.46,61767.22,88632.42,seasonal_naive,charge_forecast_v1
2025-09,2025,9,울산,217492.73,estimated,,217492.73,195069.23,279913.14,seasonal_naive,charge_forecast_v1
2025-09,2025,9,인천,483496.44,estimated,,483496.44,433647.96,622259.92,seasonal_naive,charge_forecast_v1
2025-09,2025,9,전남,843336.65,estimated,,843336.65,756388.64,1085374.27,seasonal_naive,charge_forecast_v1
2025-09,2025,9,전북,912119.74,estimated,,912119.74,818080.19,1173898.11,seasonal_naive,charge_forecast_v1
2025-09,2025,9,제주,637162.1,estimated,,637162.1,571470.69,820027.62,seasonal_naive,charge_forecast_v1
2025-09,2025,9,충남,1229263.93,estimated,,1229263.93,1102526.82,1582062.68,seasonal_naive,charge_forecast_v1
2025-09,2025,9,충북,1028206.41,estimated,,1028206.41,922198.33,1323301.65,seasonal_naive,charge_forecast_v1
2025-10,2025,10,강원,811784.77,estimated,,811784.77,728089.76,1044767.0,seasonal_naive,charge_forecast_v1
2025-10,2025,10,경기,1897815.7,estimated,,1897815.7,1702150.9,2442488.81,seasonal_naive,charge_forecast_v1
2025-10,2025,10,경남,1129581.21,estimated,,1129581.21,1013121.39,1453771.02,seasonal_naive,charge_forecast_v1
2025-10,2025,10,경북,1412016.54,estimated,,1412016.54,1266437.63,1817265.29,seasonal_naive,charge_forecast_v1
2025-10,2025,10,광주,188646.03,estimated,,188646.03,169196.62,242787.44,seasonal_naive,charge_forecast_v1
2025-10,2025,10,대구,295084.11,estimated,,295084.11,264660.94,379773.25,seasonal_naive,charge_forecast_v1
2025-10,2025,10,대전,244295.61,estimated,,244295.61,219108.73,314408.45,seasonal_naive,charge_forecast_v1
2025-10,2025,10,부산,223834.5,estimated,,223834.5,200757.16,288075.0,seasonal_naive,charge_forecast_v1
2025-10,2025,10,서울,512029.07,estimated,,512029.07,459238.87,658981.41,seasonal_naive,charge_forecast_v1
2025-10,2025,10,세종,67778.5,estimated,,67778.5,60790.54,87230.93,seasonal_naive,charge_forecast_v1
2025-10,2025,10,울산,206035.04,estimated,,206035.04,184792.83,265167.1,seasonal_naive,charge_forecast_v1
2025-10,2025,10,인천,480117.0,estimated,,480117.0,430616.94,617910.58,seasonal_naive,charge_forecast_v1
2025-10,2025,10,전남,761476.28,estimated,,761476.28,682968.08,980019.97,seasonal_naive,charge_forecast_v1
2025-10,2025,10,전북,861858.78,estimated,,861858.78,773001.14,1109212.25,seasonal_naive,charge_forecast_v1
2025-10,2025,10,제주,585027.02,estimated,,585027.02,524710.73,752929.77,seasonal_naive,charge_forecast_v1
2025-10,2025,10,충남,1206684.85,estimated,,1206684.85,1082275.64,1553003.4,seasonal_naive,charge_forecast_v1
2025-10,2025,10,충북,1039941.61,estimated,,1039941.61,932723.63,1338404.85,seasonal_naive,charge_forecast_v1
2025-11,2025,11,강원,793869.23,estimated,,793869.23,712021.31,1021709.7,seasonal_naive,charge_forecast_v1
2025-11,2025,11,경기,2037548.99,estimated,,2037548.99,1827477.69,2622325.55,seasonal_naive,charge_forecast_v1
2025-11,2025,11,경남,1167405.03,estimated,,1167405.03,1047045.57,1502450.27,seasonal_naive,charge_forecast_v1
2025-11,2025,11,경북,1515569.75,estimated,,1515569.75,1359314.51,1950538.27,seasonal_naive,charge_forecast_v1
2025-11,2025,11,광주,208684.19,estimated,,208684.19,187168.85,268576.55,seasonal_naive,charge_forecast_v1
2025-11,2025,11,대구,311084.61,estimated,,311084.61,279011.79,400365.89,seasonal_naive,charge_forecast_v1
2025-11,2025,11,대전,275912.21,estimated,,275912.21,247465.66,355099.01,seasonal_naive,charge_forecast_v1
2025-11,2025,11,부산,229851.77,estimated,,229851.77,206154.05,295819.23,seasonal_naive,charge_forecast_v1
2025-11,2025,11,서울,562368.12,estimated,,562368.12,504387.97,723767.77,seasonal_naive,charge_forecast_v1
2025-11,2025,11,세종,73114.98,estimated,,73114.98,65576.83,94098.98,seasonal_naive,charge_forecast_v1
2025-11,2025,11,울산,217346.08,estimated,,217346.08,194937.7,279724.4,seasonal_naive,charge_forecast_v1
2025-11,2025,11,인천,532961.49,estimated,,532961.49,478013.16,685921.44,seasonal_naive,charge_forecast_v1
2025-11,2025,11,전남,826326.47,estimated,,826326.47,741132.21,1063482.17,seasonal_naive,charge_forecast_v1
2025-11,2025,11,전북,927539.32,estimated,,927539.32,831910.02,1193743.1,seasonal_naive,charge_forecast_v1
2025-11,2025,11,제주,585298.62,estimated,,585298.62,524954.33,753279.32,seasonal_naive,charge_forecast_v1
2025-11,2025,11,충남,1267572.33,estimated,,1267572.33,1136885.62,1631365.59,seasonal_naive,charge_forecast_v1
2025-11,2025,11,충북,1146341.98,estimated,,1146341.98,1028154.12,1475342.13,seasonal_naive,charge_forecast_v1
2025-12,2025,12,강원,891668.32,estimated,,891668.32,799737.32,1147577.13,seasonal_naive,charge_forecast_v1
2025-12,2025,12,경기,2381304.73,estimated,,2381304.73,2135792.21,3064739.19,seasonal_naive,charge_forecast_v1
2025-12,2025,12,경남,1287286.9,estimated,,1287286.9,1154567.62,1656738.24,seasonal_naive,charge_forecast_v1
2025-12,2025,12,경북,1658169.85,estimated,,1658169.85,1487212.54,2134064.6,seasonal_naive,charge_forecast_v1
2025-12,2025,12,광주,236437.64,estimated,,236437.64,212060.92,304295.24,seasonal_naive,charge_forecast_v1
2025-12,2025,12,대구,359611.07,estimated,,359611.07,322535.17,462819.45,seasonal_naive,charge_forecast_v1
2025-12,2025,12,대전,327827.6,estimated,,327827.6,294028.57,421914.12,seasonal_naive,charge_forecast_v1
2025-12,2025,12,부산,254527.21,estimated,,254527.21,228285.45,327576.52,seasonal_naive,charge_forecast_v1
2025-12,2025,12,서울,682802.41,estimated,,682802.41,612405.48,878766.7,seasonal_naive,charge_forecast_v1
2025-12,2025,12,세종,81389.68,estimated,,81389.68,72998.4,104748.52,seasonal_naive,charge_forecast_v1
2025-12,2025,12,울산,247325.02,estimated,,247325.02,221825.81,318307.3,seasonal_naive,charge_forecast_v1
2025-12,2025,12,인천,628151.25,estimated,,628151.25,563388.86,808430.66,seasonal_naive,charge_forecast_v1
2025-12,2025,12,전남,884722.09,estimated,,884722.09,793507.24,1138637.33,seasonal_naive,charge_forecast_v1
2025-12,2025,12,전북,971875.19,estimated,,971875.19,871674.86,1250803.37,seasonal_naive,charge_forecast_v1
2025-12,2025,12,제주,667706.83,estimated,,667706.83,598866.26,859338.69,seasonal_naive,charge_forecast_v1
2025-12,2025,12,충남,1362172.37,estimated,,1362172.37,1221732.4,1753115.84,seasonal_naive,charge_forecast_v1
2025-12,2025,12,충북,1223150.87,estimated,,1223150.87,1097044.02,1574195.17,seasonal_naive,charge_forecast_v1
