기준월,연도,월,시도,예측값,value_status,component_moe_scaled,component_load_share,weight_moe,weight_load,모형ID,충전량_kWh,관측값,estimated_value,출처ID
2019-01,2019,1,강원,56414.32,estimated,56414.32,153119.81,1.0,0.0,kepco_hybrid_moe_load_v1,56414.32,,56414.32,kepco_hybrid_forecast_v1
2019-01,2019,1,경기,121169.83,estimated,121169.83,572351.31,1.0,0.0,kepco_hybrid_moe_load_v1,121169.83,,121169.83,kepco_hybrid_forecast_v1
2019-01,2019,1,경남,79264.54,estimated,79264.54,192191.77,1.0,0.0,kepco_hybrid_moe_load_v1,79264.54,,79264.54,kepco_hybrid_forecast_v1
2019-01,2019,1,경북,64171.87,estimated,64171.87,167903.8,1.0,0.0,kepco_hybrid_moe_load_v1,64171.87,,64171.87,kepco_hybrid_forecast_v1
2019-01,2019,1,광주,19973.05,estimated,19973.05,69695.92,1.0,0.0,kepco_hybrid_moe_load_v1,19973.05,,19973.05,kepco_hybrid_forecast_v1
2019-01,2019,1,대구,100344.15,estimated,100344.15,155231.81,1.0,0.0,kepco_hybrid_moe_load_v1,100344.15,,100344.15,kepco_hybrid_forecast_v1
2019-01,2019,1,대전,17132.01,estimated,17132.01,81311.9,1.0,0.0,kepco_hybrid_moe_load_v1,17132.01,,17132.01,kepco_hybrid_forecast_v1
2019-01,2019,1,부산,24674.98,estimated,24674.98,111935.86,1.0,0.0,kepco_hybrid_moe_load_v1,24674.98,,24674.98,kepco_hybrid_forecast_v1
2019-01,2019,1,서울,64320.56,estimated,64320.56,468863.43,1.0,0.0,kepco_hybrid_moe_load_v1,64320.56,,64320.56,kepco_hybrid_forecast_v1
2019-01,2019,1,세종,18058.34,estimated,18058.34,59135.93,1.0,0.0,kepco_hybrid_moe_load_v1,18058.34,,18058.34,kepco_hybrid_forecast_v1
2019-01,2019,1,울산,7256.31,estimated,7256.31,38015.95,1.0,0.0,kepco_hybrid_moe_load_v1,7256.31,,7256.31,kepco_hybrid_forecast_v1
2019-01,2019,1,인천,16841.88,estimated,16841.88,111935.86,1.0,0.0,kepco_hybrid_moe_load_v1,16841.88,,16841.88,kepco_hybrid_forecast_v1
2019-01,2019,1,전남,55928.51,estimated,55928.51,165791.8,1.0,0.0,kepco_hybrid_moe_load_v1,55928.51,,55928.51,kepco_hybrid_forecast_v1
2019-01,2019,1,전북,26083.82,estimated,26083.82,129887.84,1.0,0.0,kepco_hybrid_moe_load_v1,26083.82,,26083.82,kepco_hybrid_forecast_v1
2019-01,2019,1,제주,177465.14,estimated,177465.14,175295.79,1.0,0.0,kepco_hybrid_moe_load_v1,177465.14,,177465.14,kepco_hybrid_forecast_v1
2019-01,2019,1,충남,28215.87,estimated,28215.87,108767.87,1.0,0.0,kepco_hybrid_moe_load_v1,28215.87,,28215.87,kepco_hybrid_forecast_v1
2019-01,2019,1,충북,58918.04,estimated,58918.04,138335.83,1.0,0.0,kepco_hybrid_moe_load_v1,58918.04,,58918.04,kepco_hybrid_forecast_v1
2019-02,2019,2,강원,47360.76,estimated,47360.76,129144.31,1.0,0.0,kepco_hybrid_moe_load_v1,47360.76,,47360.76,kepco_hybrid_forecast_v1
2019-02,2019,2,경기,114316.27,estimated,114316.27,482732.52,1.0,0.0,kepco_hybrid_moe_load_v1,114316.27,,114316.27,kepco_hybrid_forecast_v1
2019-02,2019,2,경남,79599.43,estimated,79599.43,162098.37,1.0,0.0,kepco_hybrid_moe_load_v1,79599.43,,79599.43,kepco_hybrid_forecast_v1
2019-02,2019,2,경북,68508.54,estimated,68508.54,141613.41,1.0,0.0,kepco_hybrid_moe_load_v1,68508.54,,68508.54,kepco_hybrid_forecast_v1
2019-02,2019,2,광주,19230.27,estimated,19230.27,58782.93,1.0,0.0,kepco_hybrid_moe_load_v1,19230.27,,19230.27,kepco_hybrid_forecast_v1
2019-02,2019,2,대구,100502.48,estimated,100502.48,130925.61,1.0,0.0,kepco_hybrid_moe_load_v1,100502.48,,100502.48,kepco_hybrid_forecast_v1
2019-02,2019,2,대전,18828.37,estimated,18828.37,68580.08,1.0,0.0,kepco_hybrid_moe_load_v1,18828.37,,18828.37,kepco_hybrid_forecast_v1
2019-02,2019,2,부산,23611.32,estimated,23611.32,94408.94,1.0,0.0,kepco_hybrid_moe_load_v1,23611.32,,23611.32,kepco_hybrid_forecast_v1
2019-02,2019,2,서울,55849.43,estimated,55849.43,395448.78,1.0,0.0,kepco_hybrid_moe_load_v1,55849.43,,55849.43,kepco_hybrid_forecast_v1
2019-02,2019,2,세종,18819.09,estimated,18819.09,49876.42,1.0,0.0,kepco_hybrid_moe_load_v1,18819.09,,18819.09,kepco_hybrid_forecast_v1
2019-02,2019,2,울산,7650.6,estimated,7650.6,32063.41,1.0,0.0,kepco_hybrid_moe_load_v1,7650.6,,7650.6,kepco_hybrid_forecast_v1
2019-02,2019,2,인천,14424.21,estimated,14424.21,94408.94,1.0,0.0,kepco_hybrid_moe_load_v1,14424.21,,14424.21,kepco_hybrid_forecast_v1
2019-02,2019,2,전남,60296.11,estimated,60296.11,139832.11,1.0,0.0,kepco_hybrid_moe_load_v1,60296.11,,60296.11,kepco_hybrid_forecast_v1
2019-02,2019,2,전북,27511.0,estimated,27511.0,109550.0,1.0,0.0,kepco_hybrid_moe_load_v1,27511.0,,27511.0,kepco_hybrid_forecast_v1
2019-02,2019,2,제주,151521.0,estimated,151521.0,147847.97,1.0,0.0,kepco_hybrid_moe_load_v1,151521.0,,151521.0,kepco_hybrid_forecast_v1
2019-02,2019,2,충남,25879.83,estimated,25879.83,91736.99,1.0,0.0,kepco_hybrid_moe_load_v1,25879.83,,25879.83,kepco_hybrid_forecast_v1
2019-02,2019,2,충북,58171.43,estimated,58171.43,116675.2,1.0,0.0,kepco_hybrid_moe_load_v1,58171.43,,58171.43,kepco_hybrid_forecast_v1
2019-03,2019,3,강원,59500.29,estimated,59500.29,120557.36,1.0,0.0,kepco_hybrid_moe_load_v1,59500.29,,59500.29,kepco_hybrid_forecast_v1
2019-03,2019,3,경기,139693.85,estimated,139693.85,450635.1,1.0,0.0,kepco_hybrid_moe_load_v1,139693.85,,139693.85,kepco_hybrid_forecast_v1
2019-03,2019,3,경남,102095.14,estimated,102095.14,151320.27,1.0,0.0,kepco_hybrid_moe_load_v1,102095.14,,102095.14,kepco_hybrid_forecast_v1
2019-03,2019,3,경북,79301.93,estimated,79301.93,132197.38,1.0,0.0,kepco_hybrid_moe_load_v1,79301.93,,79301.93,kepco_hybrid_forecast_v1
2019-03,2019,3,광주,26759.39,estimated,26759.39,54874.38,1.0,0.0,kepco_hybrid_moe_load_v1,26759.39,,26759.39,kepco_hybrid_forecast_v1
2019-03,2019,3,대구,112328.15,estimated,112328.15,122220.22,1.0,0.0,kepco_hybrid_moe_load_v1,112328.15,,112328.15,kepco_hybrid_forecast_v1
2019-03,2019,3,대전,27737.06,estimated,27737.06,64020.12,1.0,0.0,kepco_hybrid_moe_load_v1,27737.06,,27737.06,kepco_hybrid_forecast_v1
2019-03,2019,3,부산,27163.98,estimated,27163.98,88131.59,1.0,0.0,kepco_hybrid_moe_load_v1,27163.98,,27163.98,kepco_hybrid_forecast_v1
2019-03,2019,3,서울,69894.51,estimated,69894.51,369154.95,1.0,0.0,kepco_hybrid_moe_load_v1,69894.51,,69894.51,kepco_hybrid_forecast_v1
2019-03,2019,3,세종,27648.27,estimated,27648.27,46560.08,1.0,0.0,kepco_hybrid_moe_load_v1,27648.27,,27648.27,kepco_hybrid_forecast_v1
2019-03,2019,3,울산,10901.52,estimated,10901.52,29931.48,1.0,0.0,kepco_hybrid_moe_load_v1,10901.52,,10901.52,kepco_hybrid_forecast_v1
2019-03,2019,3,인천,21931.18,estimated,21931.18,88131.59,1.0,0.0,kepco_hybrid_moe_load_v1,21931.18,,21931.18,kepco_hybrid_forecast_v1
2019-03,2019,3,전남,87570.08,estimated,87570.08,130534.52,1.0,0.0,kepco_hybrid_moe_load_v1,87570.08,,87570.08,kepco_hybrid_forecast_v1
2019-03,2019,3,전북,34597.48,estimated,34597.48,102265.9,1.0,0.0,kepco_hybrid_moe_load_v1,34597.48,,34597.48,kepco_hybrid_forecast_v1
2019-03,2019,3,제주,156854.53,estimated,156854.53,138017.39,1.0,0.0,kepco_hybrid_moe_load_v1,156854.53,,156854.53,kepco_hybrid_forecast_v1
2019-03,2019,3,충남,37859.05,estimated,37859.05,85637.3,1.0,0.0,kepco_hybrid_moe_load_v1,37859.05,,37859.05,kepco_hybrid_forecast_v1
2019-03,2019,3,충북,60336.94,estimated,60336.94,108917.34,1.0,0.0,kepco_hybrid_moe_load_v1,60336.94,,60336.94,kepco_hybrid_forecast_v1
2019-04,2019,4,강원,72391.17,estimated,72391.17,123087.31,1.0,0.0,kepco_hybrid_moe_load_v1,72391.17,,72391.17,kepco_hybrid_forecast_v1
2019-04,2019,4,경기,166128.67,estimated,166128.67,460091.87,1.0,0.0,kepco_hybrid_moe_load_v1,166128.67,,166128.67,kepco_hybrid_forecast_v1
2019-04,2019,4,경남,117204.98,estimated,117204.98,154495.79,1.0,0.0,kepco_hybrid_moe_load_v1,117204.98,,117204.98,kepco_hybrid_forecast_v1
2019-04,2019,4,경북,99184.75,estimated,99184.75,134971.6,1.0,0.0,kepco_hybrid_moe_load_v1,99184.75,,99184.75,kepco_hybrid_forecast_v1
2019-04,2019,4,광주,32140.88,estimated,32140.88,56025.95,1.0,0.0,kepco_hybrid_moe_load_v1,32140.88,,32140.88,kepco_hybrid_forecast_v1
2019-04,2019,4,대구,133562.82,estimated,133562.82,124785.06,1.0,0.0,kepco_hybrid_moe_load_v1,133562.82,,133562.82,kepco_hybrid_forecast_v1
2019-04,2019,4,대전,37879.77,estimated,37879.77,65363.6,1.0,0.0,kepco_hybrid_moe_load_v1,37879.77,,37879.77,kepco_hybrid_forecast_v1
2019-04,2019,4,부산,37854.19,estimated,37854.19,89981.07,1.0,0.0,kepco_hybrid_moe_load_v1,37854.19,,37854.19,kepco_hybrid_forecast_v1
2019-04,2019,4,서울,82343.15,estimated,82343.15,376901.83,1.0,0.0,kepco_hybrid_moe_load_v1,82343.15,,82343.15,kepco_hybrid_forecast_v1
2019-04,2019,4,세종,56810.87,estimated,56810.87,47537.17,1.0,0.0,kepco_hybrid_moe_load_v1,56810.87,,56810.87,kepco_hybrid_forecast_v1
2019-04,2019,4,울산,12515.33,estimated,12515.33,30559.61,1.0,0.0,kepco_hybrid_moe_load_v1,12515.33,,12515.33,kepco_hybrid_forecast_v1
2019-04,2019,4,인천,27686.51,estimated,27686.51,89981.07,1.0,0.0,kepco_hybrid_moe_load_v1,27686.51,,27686.51,kepco_hybrid_forecast_v1
2019-04,2019,4,전남,105883.96,estimated,105883.96,133273.84,1.0,0.0,kepco_hybrid_moe_load_v1,105883.96,,105883.96,kepco_hybrid_forecast_v1
2019-04,2019,4,전북,50900.59,estimated,50900.59,104411.99,1.0,0.0,kepco_hybrid_moe_load_v1,50900.59,,50900.59,kepco_hybrid_forecast_v1
2019-04,2019,4,제주,181328.7,estimated,181328.7,140913.75,1.0,0.0,kepco_hybrid_moe_load_v1,181328.7,,181328.7,kepco_hybrid_forecast_v1
2019-04,2019,4,충남,54312.55,estimated,54312.55,87434.43,1.0,0.0,kepco_hybrid_moe_load_v1,54312.55,,54312.55,kepco_hybrid_forecast_v1
2019-04,2019,4,충북,71633.65,estimated,71633.65,111203.02,1.0,0.0,kepco_hybrid_moe_load_v1,71633.65,,71633.65,kepco_hybrid_forecast_v1
2019-05,2019,5,강원,96854.34,estimated,96854.34,132397.58,1.0,0.0,kepco_hybrid_moe_load_v1,96854.34,,96854.34,kepco_hybrid_forecast_v1
2019-05,2019,5,경기,203766.5,estimated,203766.5,494893.03,1.0,0.0,kepco_hybrid_moe_load_v1,203766.5,,203766.5,kepco_hybrid_forecast_v1
2019-05,2019,5,경남,133960.76,estimated,133960.76,166181.79,1.0,0.0,kepco_hybrid_moe_load_v1,133960.76,,133960.76,kepco_hybrid_forecast_v1
2019-05,2019,5,경북,122260.26,estimated,122260.26,145180.8,1.0,0.0,kepco_hybrid_moe_load_v1,122260.26,,122260.26,kepco_hybrid_forecast_v1
2019-05,2019,5,광주,43363.3,estimated,43363.3,60263.73,1.0,0.0,kepco_hybrid_moe_load_v1,43363.3,,43363.3,kepco_hybrid_forecast_v1
2019-05,2019,5,대구,152342.03,estimated,152342.03,134223.76,1.0,0.0,kepco_hybrid_moe_load_v1,152342.03,,152342.03,kepco_hybrid_forecast_v1
2019-05,2019,5,대전,66537.84,estimated,66537.84,70307.68,1.0,0.0,kepco_hybrid_moe_load_v1,66537.84,,66537.84,kepco_hybrid_forecast_v1
2019-05,2019,5,부산,50411.65,estimated,50411.65,96787.2,1.0,0.0,kepco_hybrid_moe_load_v1,50411.65,,50411.65,kepco_hybrid_forecast_v1
2019-05,2019,5,서울,108083.99,estimated,108083.99,405410.53,1.0,0.0,kepco_hybrid_moe_load_v1,108083.99,,108083.99,kepco_hybrid_forecast_v1
2019-05,2019,5,세종,45023.88,estimated,45023.88,51132.86,1.0,0.0,kepco_hybrid_moe_load_v1,45023.88,,45023.88,kepco_hybrid_forecast_v1
2019-05,2019,5,울산,15585.43,estimated,15585.43,32871.12,1.0,0.0,kepco_hybrid_moe_load_v1,15585.43,,15585.43,kepco_hybrid_forecast_v1
2019-05,2019,5,인천,36708.55,estimated,36708.55,96787.2,1.0,0.0,kepco_hybrid_moe_load_v1,36708.55,,36708.55,kepco_hybrid_forecast_v1
2019-05,2019,5,전남,115842.17,estimated,115842.17,143354.62,1.0,0.0,kepco_hybrid_moe_load_v1,115842.17,,115842.17,kepco_hybrid_forecast_v1
2019-05,2019,5,전북,60275.33,estimated,60275.33,112309.67,1.0,0.0,kepco_hybrid_moe_load_v1,60275.33,,60275.33,kepco_hybrid_forecast_v1
2019-05,2019,5,제주,256424.51,estimated,256424.51,151572.41,1.0,0.0,kepco_hybrid_moe_load_v1,256424.51,,256424.51,kepco_hybrid_forecast_v1
2019-05,2019,5,충남,68127.59,estimated,68127.59,94047.94,1.0,0.0,kepco_hybrid_moe_load_v1,68127.59,,68127.59,kepco_hybrid_forecast_v1
2019-05,2019,5,충북,85951.06,estimated,85951.06,119614.37,1.0,0.0,kepco_hybrid_moe_load_v1,85951.06,,85951.06,kepco_hybrid_forecast_v1
2019-06,2019,6,강원,127645.48,estimated,127645.48,284791.43,1.0,0.0,kepco_hybrid_moe_load_v1,127645.48,,127645.48,kepco_hybrid_forecast_v1
2019-06,2019,6,경기,215637.13,estimated,215637.13,1064530.74,1.0,0.0,kepco_hybrid_moe_load_v1,215637.13,,215637.13,kepco_hybrid_forecast_v1
2019-06,2019,6,경남,144737.12,estimated,144737.12,357462.35,1.0,0.0,kepco_hybrid_moe_load_v1,144737.12,,144737.12,kepco_hybrid_forecast_v1
2019-06,2019,6,경북,133054.22,estimated,133054.22,312288.54,1.0,0.0,kepco_hybrid_moe_load_v1,133054.22,,133054.22,kepco_hybrid_forecast_v1
2019-06,2019,6,광주,40957.34,estimated,40957.34,129629.2,1.0,0.0,kepco_hybrid_moe_load_v1,40957.34,,40957.34,kepco_hybrid_forecast_v1
2019-06,2019,6,대구,158410.79,estimated,158410.79,288719.59,1.0,0.0,kepco_hybrid_moe_load_v1,158410.79,,158410.79,kepco_hybrid_forecast_v1
2019-06,2019,6,대전,71231.18,estimated,71231.18,151234.07,1.0,0.0,kepco_hybrid_moe_load_v1,71231.18,,71231.18,kepco_hybrid_forecast_v1
2019-06,2019,6,부산,53703.02,estimated,53703.02,208192.36,1.0,0.0,kepco_hybrid_moe_load_v1,53703.02,,53703.02,kepco_hybrid_forecast_v1
2019-06,2019,6,서울,110997.64,estimated,110997.64,872051.01,1.0,0.0,kepco_hybrid_moe_load_v1,110997.64,,110997.64,kepco_hybrid_forecast_v1
2019-06,2019,6,세종,52753.25,estimated,52753.25,109988.42,1.0,0.0,kepco_hybrid_moe_load_v1,52753.25,,52753.25,kepco_hybrid_forecast_v1
2019-06,2019,6,울산,17512.7,estimated,17512.7,70706.84,1.0,0.0,kepco_hybrid_moe_load_v1,17512.7,,17512.7,kepco_hybrid_forecast_v1
2019-06,2019,6,인천,60802.83,estimated,60802.83,208192.36,1.0,0.0,kepco_hybrid_moe_load_v1,60802.83,,60802.83,kepco_hybrid_forecast_v1
2019-06,2019,6,전남,137940.73,estimated,137940.73,308360.38,1.0,0.0,kepco_hybrid_moe_load_v1,137940.73,,137940.73,kepco_hybrid_forecast_v1
2019-06,2019,6,전북,61355.01,estimated,61355.01,241581.7,1.0,0.0,kepco_hybrid_moe_load_v1,61355.01,,61355.01,kepco_hybrid_forecast_v1
2019-06,2019,6,제주,357976.02,estimated,357976.02,326037.09,1.0,0.0,kepco_hybrid_moe_load_v1,357976.02,,357976.02,kepco_hybrid_forecast_v1
2019-06,2019,6,충남,69871.12,estimated,69871.12,202300.12,1.0,0.0,kepco_hybrid_moe_load_v1,69871.12,,69871.12,kepco_hybrid_forecast_v1
2019-06,2019,6,충북,91813.07,estimated,91813.07,257294.33,1.0,0.0,kepco_hybrid_moe_load_v1,91813.07,,91813.07,kepco_hybrid_forecast_v1
2019-07,2019,7,강원,143162.76,estimated,143162.76,0.0,1.0,0.0,kepco_hybrid_moe_load_v1,143162.76,,143162.76,kepco_hybrid_forecast_v1
2019-07,2019,7,경기,246289.5,estimated,246289.5,0.0,1.0,0.0,kepco_hybrid_moe_load_v1,246289.5,,246289.5,kepco_hybrid_forecast_v1
2019-07,2019,7,경남,165028.07,estimated,165028.07,0.0,1.0,0.0,kepco_hybrid_moe_load_v1,165028.07,,165028.07,kepco_hybrid_forecast_v1
2019-07,2019,7,경북,150349.7,estimated,150349.7,0.0,1.0,0.0,kepco_hybrid_moe_load_v1,150349.7,,150349.7,kepco_hybrid_forecast_v1
2019-07,2019,7,광주,77872.91,estimated,77872.91,0.0,1.0,0.0,kepco_hybrid_moe_load_v1,77872.91,,77872.91,kepco_hybrid_forecast_v1
2019-07,2019,7,대구,163890.46,estimated,163890.46,0.0,1.0,0.0,kepco_hybrid_moe_load_v1,163890.46,,163890.46,kepco_hybrid_forecast_v1
2019-07,2019,7,대전,79775.7,estimated,79775.7,0.0,1.0,0.0,kepco_hybrid_moe_load_v1,79775.7,,79775.7,kepco_hybrid_forecast_v1
2019-07,2019,7,부산,56540.29,estimated,56540.29,0.0,1.0,0.0,kepco_hybrid_moe_load_v1,56540.29,,56540.29,kepco_hybrid_forecast_v1
2019-07,2019,7,서울,157565.3,estimated,157565.3,0.0,1.0,0.0,kepco_hybrid_moe_load_v1,157565.3,,157565.3,kepco_hybrid_forecast_v1
2019-07,2019,7,세종,48459.51,estimated,48459.51,0.0,1.0,0.0,kepco_hybrid_moe_load_v1,48459.51,,48459.51,kepco_hybrid_forecast_v1
2019-07,2019,7,울산,22649.93,estimated,22649.93,0.0,1.0,0.0,kepco_hybrid_moe_load_v1,22649.93,,22649.93,kepco_hybrid_forecast_v1
2019-07,2019,7,인천,61555.4,estimated,61555.4,0.0,1.0,0.0,kepco_hybrid_moe_load_v1,61555.4,,61555.4,kepco_hybrid_forecast_v1
2019-07,2019,7,전남,163949.94,estimated,163949.94,0.0,1.0,0.0,kepco_hybrid_moe_load_v1,163949.94,,163949.94,kepco_hybrid_forecast_v1
2019-07,2019,7,전북,67533.52,estimated,67533.52,0.0,1.0,0.0,kepco_hybrid_moe_load_v1,67533.52,,67533.52,kepco_hybrid_forecast_v1
2019-07,2019,7,제주,400839.54,estimated,400839.54,0.0,1.0,0.0,kepco_hybrid_moe_load_v1,400839.54,,400839.54,kepco_hybrid_forecast_v1
2019-07,2019,7,충남,74165.15,estimated,74165.15,0.0,1.0,0.0,kepco_hybrid_moe_load_v1,74165.15,,74165.15,kepco_hybrid_forecast_v1
2019-07,2019,7,충북,102540.51,estimated,102540.51,0.0,1.0,0.0,kepco_hybrid_moe_load_v1,102540.51,,102540.51,kepco_hybrid_forecast_v1
2019-08,2019,8,강원,180846.15,estimated,180846.15,0.0,1.0,0.0,kepco_hybrid_moe_load_v1,180846.15,,180846.15,kepco_hybrid_forecast_v1
2019-08,2019,8,경기,285475.28,estimated,285475.28,0.0,1.0,0.0,kepco_hybrid_moe_load_v1,285475.28,,285475.28,kepco_hybrid_forecast_v1
2019-08,2019,8,경남,197726.34,estimated,197726.34,0.0,1.0,0.0,kepco_hybrid_moe_load_v1,197726.34,,197726.34,kepco_hybrid_forecast_v1
2019-08,2019,8,경북,178727.01,estimated,178727.01,0.0,1.0,0.0,kepco_hybrid_moe_load_v1,178727.01,,178727.01,kepco_hybrid_forecast_v1
2019-08,2019,8,광주,91618.24,estimated,91618.24,0.0,1.0,0.0,kepco_hybrid_moe_load_v1,91618.24,,91618.24,kepco_hybrid_forecast_v1
2019-08,2019,8,대구,181351.57,estimated,181351.57,0.0,1.0,0.0,kepco_hybrid_moe_load_v1,181351.57,,181351.57,kepco_hybrid_forecast_v1
2019-08,2019,8,대전,104469.65,estimated,104469.65,0.0,1.0,0.0,kepco_hybrid_moe_load_v1,104469.65,,104469.65,kepco_hybrid_forecast_v1
2019-08,2019,8,부산,71246.06,estimated,71246.06,0.0,1.0,0.0,kepco_hybrid_moe_load_v1,71246.06,,71246.06,kepco_hybrid_forecast_v1
2019-08,2019,8,서울,176704.09,estimated,176704.09,0.0,1.0,0.0,kepco_hybrid_moe_load_v1,176704.09,,176704.09,kepco_hybrid_forecast_v1
2019-08,2019,8,세종,51398.6,estimated,51398.6,0.0,1.0,0.0,kepco_hybrid_moe_load_v1,51398.6,,51398.6,kepco_hybrid_forecast_v1
2019-08,2019,8,울산,29324.19,estimated,29324.19,0.0,1.0,0.0,kepco_hybrid_moe_load_v1,29324.19,,29324.19,kepco_hybrid_forecast_v1
2019-08,2019,8,인천,65692.14,estimated,65692.14,0.0,1.0,0.0,kepco_hybrid_moe_load_v1,65692.14,,65692.14,kepco_hybrid_forecast_v1
2019-08,2019,8,전남,196569.39,estimated,196569.39,0.0,1.0,0.0,kepco_hybrid_moe_load_v1,196569.39,,196569.39,kepco_hybrid_forecast_v1
2019-08,2019,8,전북,82789.89,estimated,82789.89,0.0,1.0,0.0,kepco_hybrid_moe_load_v1,82789.89,,82789.89,kepco_hybrid_forecast_v1
2019-08,2019,8,제주,465274.11,estimated,465274.11,0.0,1.0,0.0,kepco_hybrid_moe_load_v1,465274.11,,465274.11,kepco_hybrid_forecast_v1
2019-08,2019,8,충남,85976.29,estimated,85976.29,0.0,1.0,0.0,kepco_hybrid_moe_load_v1,85976.29,,85976.29,kepco_hybrid_forecast_v1
2019-08,2019,8,충북,122429.46,estimated,122429.46,0.0,1.0,0.0,kepco_hybrid_moe_load_v1,122429.46,,122429.46,kepco_hybrid_forecast_v1
2019-09,2019,9,강원,141954.4,estimated,141954.4,0.0,1.0,0.0,kepco_hybrid_moe_load_v1,141954.4,,141954.4,kepco_hybrid_forecast_v1
2019-09,2019,9,경기,264976.48,estimated,264976.48,0.0,1.0,0.0,kepco_hybrid_moe_load_v1,264976.48,,264976.48,kepco_hybrid_forecast_v1
2019-09,2019,9,경남,162342.58,estimated,162342.58,0.0,1.0,0.0,kepco_hybrid_moe_load_v1,162342.58,,162342.58,kepco_hybrid_forecast_v1
2019-09,2019,9,경북,161215.64,estimated,161215.64,0.0,1.0,0.0,kepco_hybrid_moe_load_v1,161215.64,,161215.64,kepco_hybrid_forecast_v1
2019-09,2019,9,광주,76475.96,estimated,76475.96,0.0,1.0,0.0,kepco_hybrid_moe_load_v1,76475.96,,76475.96,kepco_hybrid_forecast_v1
2019-09,2019,9,대구,173645.44,estimated,173645.44,0.0,1.0,0.0,kepco_hybrid_moe_load_v1,173645.44,,173645.44,kepco_hybrid_forecast_v1
2019-09,2019,9,대전,100815.35,estimated,100815.35,0.0,1.0,0.0,kepco_hybrid_moe_load_v1,100815.35,,100815.35,kepco_hybrid_forecast_v1
2019-09,2019,9,부산,62150.13,estimated,62150.13,0.0,1.0,0.0,kepco_hybrid_moe_load_v1,62150.13,,62150.13,kepco_hybrid_forecast_v1
2019-09,2019,9,서울,155427.98,estimated,155427.98,0.0,1.0,0.0,kepco_hybrid_moe_load_v1,155427.98,,155427.98,kepco_hybrid_forecast_v1
2019-09,2019,9,세종,47245.24,estimated,47245.24,0.0,1.0,0.0,kepco_hybrid_moe_load_v1,47245.24,,47245.24,kepco_hybrid_forecast_v1
2019-09,2019,9,울산,30319.95,estimated,30319.95,0.0,1.0,0.0,kepco_hybrid_moe_load_v1,30319.95,,30319.95,kepco_hybrid_forecast_v1
2019-09,2019,9,인천,60605.06,estimated,60605.06,0.0,1.0,0.0,kepco_hybrid_moe_load_v1,60605.06,,60605.06,kepco_hybrid_forecast_v1
2019-09,2019,9,전남,167053.42,estimated,167053.42,0.0,1.0,0.0,kepco_hybrid_moe_load_v1,167053.42,,167053.42,kepco_hybrid_forecast_v1
2019-09,2019,9,전북,73485.84,estimated,73485.84,0.0,1.0,0.0,kepco_hybrid_moe_load_v1,73485.84,,73485.84,kepco_hybrid_forecast_v1
2019-09,2019,9,제주,367655.64,estimated,367655.64,0.0,1.0,0.0,kepco_hybrid_moe_load_v1,367655.64,,367655.64,kepco_hybrid_forecast_v1
2019-09,2019,9,충남,76199.04,estimated,76199.04,0.0,1.0,0.0,kepco_hybrid_moe_load_v1,76199.04,,76199.04,kepco_hybrid_forecast_v1
2019-09,2019,9,충북,107701.33,estimated,107701.33,0.0,1.0,0.0,kepco_hybrid_moe_load_v1,107701.33,,107701.33,kepco_hybrid_forecast_v1
2019-10,2019,10,강원,154315.92,estimated,154315.92,0.0,1.0,0.0,kepco_hybrid_moe_load_v1,154315.92,,154315.92,kepco_hybrid_forecast_v1
2019-10,2019,10,경기,291949.94,estimated,291949.94,0.0,1.0,0.0,kepco_hybrid_moe_load_v1,291949.94,,291949.94,kepco_hybrid_forecast_v1
2019-10,2019,10,경남,175732.25,estimated,175732.25,0.0,1.0,0.0,kepco_hybrid_moe_load_v1,175732.25,,175732.25,kepco_hybrid_forecast_v1
2019-10,2019,10,경북,176109.57,estimated,176109.57,0.0,1.0,0.0,kepco_hybrid_moe_load_v1,176109.57,,176109.57,kepco_hybrid_forecast_v1
2019-10,2019,10,광주,82187.21,estimated,82187.21,0.0,1.0,0.0,kepco_hybrid_moe_load_v1,82187.21,,82187.21,kepco_hybrid_forecast_v1
2019-10,2019,10,대구,175887.61,estimated,175887.61,0.0,1.0,0.0,kepco_hybrid_moe_load_v1,175887.61,,175887.61,kepco_hybrid_forecast_v1
2019-10,2019,10,대전,105395.34,estimated,105395.34,0.0,1.0,0.0,kepco_hybrid_moe_load_v1,105395.34,,105395.34,kepco_hybrid_forecast_v1
2019-10,2019,10,부산,63514.6,estimated,63514.6,0.0,1.0,0.0,kepco_hybrid_moe_load_v1,63514.6,,63514.6,kepco_hybrid_forecast_v1
2019-10,2019,10,서울,150699.48,estimated,150699.48,0.0,1.0,0.0,kepco_hybrid_moe_load_v1,150699.48,,150699.48,kepco_hybrid_forecast_v1
2019-10,2019,10,세종,41776.79,estimated,41776.79,0.0,1.0,0.0,kepco_hybrid_moe_load_v1,41776.79,,41776.79,kepco_hybrid_forecast_v1
2019-10,2019,10,울산,29922.2,estimated,29922.2,0.0,1.0,0.0,kepco_hybrid_moe_load_v1,29922.2,,29922.2,kepco_hybrid_forecast_v1
2019-10,2019,10,인천,61537.08,estimated,61537.08,0.0,1.0,0.0,kepco_hybrid_moe_load_v1,61537.08,,61537.08,kepco_hybrid_forecast_v1
2019-10,2019,10,전남,168303.38,estimated,168303.38,0.0,1.0,0.0,kepco_hybrid_moe_load_v1,168303.38,,168303.38,kepco_hybrid_forecast_v1
2019-10,2019,10,전북,77777.82,estimated,77777.82,0.0,1.0,0.0,kepco_hybrid_moe_load_v1,77777.82,,77777.82,kepco_hybrid_forecast_v1
2019-10,2019,10,제주,381180.43,estimated,381180.43,0.0,1.0,0.0,kepco_hybrid_moe_load_v1,381180.43,,381180.43,kepco_hybrid_forecast_v1
2019-10,2019,10,충남,87846.28,estimated,87846.28,0.0,1.0,0.0,kepco_hybrid_moe_load_v1,87846.28,,87846.28,kepco_hybrid_forecast_v1
2019-10,2019,10,충북,115428.37,estimated,115428.37,0.0,1.0,0.0,kepco_hybrid_moe_load_v1,115428.37,,115428.37,kepco_hybrid_forecast_v1
2019-11,2019,11,강원,159759.76,estimated,159759.76,0.0,1.0,0.0,kepco_hybrid_moe_load_v1,159759.76,,159759.76,kepco_hybrid_forecast_v1
2019-11,2019,11,경기,315826.87,estimated,315826.87,0.0,1.0,0.0,kepco_hybrid_moe_load_v1,315826.87,,315826.87,kepco_hybrid_forecast_v1
2019-11,2019,11,경남,176571.25,estimated,176571.25,0.0,1.0,0.0,kepco_hybrid_moe_load_v1,176571.25,,176571.25,kepco_hybrid_forecast_v1
2019-11,2019,11,경북,181015.52,estimated,181015.52,0.0,1.0,0.0,kepco_hybrid_moe_load_v1,181015.52,,181015.52,kepco_hybrid_forecast_v1
2019-11,2019,11,광주,99050.73,estimated,99050.73,0.0,1.0,0.0,kepco_hybrid_moe_load_v1,99050.73,,99050.73,kepco_hybrid_forecast_v1
2019-11,2019,11,대구,199010.12,estimated,199010.12,0.0,1.0,0.0,kepco_hybrid_moe_load_v1,199010.12,,199010.12,kepco_hybrid_forecast_v1
2019-11,2019,11,대전,111612.24,estimated,111612.24,0.0,1.0,0.0,kepco_hybrid_moe_load_v1,111612.24,,111612.24,kepco_hybrid_forecast_v1
2019-11,2019,11,부산,75118.95,estimated,75118.95,0.0,1.0,0.0,kepco_hybrid_moe_load_v1,75118.95,,75118.95,kepco_hybrid_forecast_v1
2019-11,2019,11,서울,181742.62,estimated,181742.62,0.0,1.0,0.0,kepco_hybrid_moe_load_v1,181742.62,,181742.62,kepco_hybrid_forecast_v1
2019-11,2019,11,세종,44508.91,estimated,44508.91,0.0,1.0,0.0,kepco_hybrid_moe_load_v1,44508.91,,44508.91,kepco_hybrid_forecast_v1
2019-11,2019,11,울산,35989.62,estimated,35989.62,0.0,1.0,0.0,kepco_hybrid_moe_load_v1,35989.62,,35989.62,kepco_hybrid_forecast_v1
2019-11,2019,11,인천,72650.38,estimated,72650.38,0.0,1.0,0.0,kepco_hybrid_moe_load_v1,72650.38,,72650.38,kepco_hybrid_forecast_v1
2019-11,2019,11,전남,174885.27,estimated,174885.27,0.0,1.0,0.0,kepco_hybrid_moe_load_v1,174885.27,,174885.27,kepco_hybrid_forecast_v1
2019-11,2019,11,전북,85610.84,estimated,85610.84,0.0,1.0,0.0,kepco_hybrid_moe_load_v1,85610.84,,85610.84,kepco_hybrid_forecast_v1
2019-11,2019,11,제주,374352.98,estimated,374352.98,0.0,1.0,0.0,kepco_hybrid_moe_load_v1,374352.98,,374352.98,kepco_hybrid_forecast_v1
2019-11,2019,11,충남,92360.66,estimated,92360.66,0.0,1.0,0.0,kepco_hybrid_moe_load_v1,92360.66,,92360.66,kepco_hybrid_forecast_v1
2019-11,2019,11,충북,130150.71,estimated,130150.71,0.0,1.0,0.0,kepco_hybrid_moe_load_v1,130150.71,,130150.71,kepco_hybrid_forecast_v1
2019-12,2019,12,강원,169878.37,estimated,169878.37,0.0,1.0,0.0,kepco_hybrid_moe_load_v1,169878.37,,169878.37,kepco_hybrid_forecast_v1
2019-12,2019,12,경기,331815.31,estimated,331815.31,0.0,1.0,0.0,kepco_hybrid_moe_load_v1,331815.31,,331815.31,kepco_hybrid_forecast_v1
2019-12,2019,12,경남,181308.16,estimated,181308.16,0.0,1.0,0.0,kepco_hybrid_moe_load_v1,181308.16,,181308.16,kepco_hybrid_forecast_v1
2019-12,2019,12,경북,194219.94,estimated,194219.94,0.0,1.0,0.0,kepco_hybrid_moe_load_v1,194219.94,,194219.94,kepco_hybrid_forecast_v1
2019-12,2019,12,광주,110187.63,estimated,110187.63,0.0,1.0,0.0,kepco_hybrid_moe_load_v1,110187.63,,110187.63,kepco_hybrid_forecast_v1
2019-12,2019,12,대구,218631.78,estimated,218631.78,0.0,1.0,0.0,kepco_hybrid_moe_load_v1,218631.78,,218631.78,kepco_hybrid_forecast_v1
2019-12,2019,12,대전,129943.58,estimated,129943.58,0.0,1.0,0.0,kepco_hybrid_moe_load_v1,129943.58,,129943.58,kepco_hybrid_forecast_v1
2019-12,2019,12,부산,86342.54,estimated,86342.54,0.0,1.0,0.0,kepco_hybrid_moe_load_v1,86342.54,,86342.54,kepco_hybrid_forecast_v1
2019-12,2019,12,서울,207150.1,estimated,207150.1,0.0,1.0,0.0,kepco_hybrid_moe_load_v1,207150.1,,207150.1,kepco_hybrid_forecast_v1
2019-12,2019,12,세종,49413.25,estimated,49413.25,0.0,1.0,0.0,kepco_hybrid_moe_load_v1,49413.25,,49413.25,kepco_hybrid_forecast_v1
2019-12,2019,12,울산,38373.84,estimated,38373.84,0.0,1.0,0.0,kepco_hybrid_moe_load_v1,38373.84,,38373.84,kepco_hybrid_forecast_v1
2019-12,2019,12,인천,86164.77,estimated,86164.77,0.0,1.0,0.0,kepco_hybrid_moe_load_v1,86164.77,,86164.77,kepco_hybrid_forecast_v1
2019-12,2019,12,전남,172560.68,estimated,172560.68,0.0,1.0,0.0,kepco_hybrid_moe_load_v1,172560.68,,172560.68,kepco_hybrid_forecast_v1
2019-12,2019,12,전북,84833.44,estimated,84833.44,0.0,1.0,0.0,kepco_hybrid_moe_load_v1,84833.44,,84833.44,kepco_hybrid_forecast_v1
2019-12,2019,12,제주,393932.06,estimated,393932.06,0.0,1.0,0.0,kepco_hybrid_moe_load_v1,393932.06,,393932.06,kepco_hybrid_forecast_v1
2019-12,2019,12,충남,93331.05,estimated,93331.05,0.0,1.0,0.0,kepco_hybrid_moe_load_v1,93331.05,,93331.05,kepco_hybrid_forecast_v1
2019-12,2019,12,충북,133281.46,estimated,133281.46,0.0,1.0,0.0,kepco_hybrid_moe_load_v1,133281.46,,133281.46,kepco_hybrid_forecast_v1
2020-01,2020,1,강원,186125.13,observed,,,,,observed,186125.13,186125.13,,kepco_charge_partial
2020-01,2020,1,경기,353691.42,observed,,,,,observed,353691.42,353691.42,,kepco_charge_partial
2020-01,2020,1,경남,177624.03,observed,,,,,observed,177624.03,177624.03,,kepco_charge_partial
2020-01,2020,1,경북,190486.85,observed,,,,,observed,190486.85,190486.85,,kepco_charge_partial
2020-01,2020,1,광주,138395.36,observed,,,,,observed,138395.36,138395.36,,kepco_charge_partial
2020-01,2020,1,대구,248281.54,observed,,,,,observed,248281.54,248281.54,,kepco_charge_partial
2020-01,2020,1,대전,121197.56,observed,,,,,observed,121197.56,121197.56,,kepco_charge_partial
2020-01,2020,1,부산,85880.9,observed,,,,,observed,85880.9,85880.9,,kepco_charge_partial
2020-01,2020,1,서울,322342.67,observed,,,,,observed,322342.67,322342.67,,kepco_charge_partial
2020-01,2020,1,세종,59250.82,observed,,,,,observed,59250.82,59250.82,,kepco_charge_partial
2020-01,2020,1,울산,34228.55,observed,,,,,observed,34228.55,34228.55,,kepco_charge_partial
2020-01,2020,1,인천,90815.89,observed,,,,,observed,90815.89,90815.89,,kepco_charge_partial
2020-01,2020,1,전남,206836.92,observed,,,,,observed,206836.92,206836.92,,kepco_charge_partial
2020-01,2020,1,전북,92496.1,observed,,,,,observed,92496.1,92496.1,,kepco_charge_partial
2020-01,2020,1,제주,370415.83,observed,,,,,observed,370415.83,370415.83,,kepco_charge_partial
2020-01,2020,1,충남,91235.68,observed,,,,,observed,91235.68,91235.68,,kepco_charge_partial
2020-01,2020,1,충북,130467.23,observed,,,,,observed,130467.23,130467.23,,kepco_charge_partial
2020-02,2020,2,강원,150615.28,observed,,,,,observed,150615.28,150615.28,,kepco_charge_partial
2020-02,2020,2,경기,288976.22,observed,,,,,observed,288976.22,288976.22,,kepco_charge_partial
2020-02,2020,2,경남,147469.42,observed,,,,,observed,147469.42,147469.42,,kepco_charge_partial
2020-02,2020,2,경북,144046.72,observed,,,,,observed,144046.72,144046.72,,kepco_charge_partial
2020-02,2020,2,광주,119808.98,observed,,,,,observed,119808.98,119808.98,,kepco_charge_partial
2020-02,2020,2,대구,211040.68,observed,,,,,observed,211040.68,211040.68,,kepco_charge_partial
2020-02,2020,2,대전,101630.03,observed,,,,,observed,101630.03,101630.03,,kepco_charge_partial
2020-02,2020,2,부산,65307.04,observed,,,,,observed,65307.04,65307.04,,kepco_charge_partial
2020-02,2020,2,서울,291309.0,observed,,,,,observed,291309.0,291309.0,,kepco_charge_partial
2020-02,2020,2,세종,86302.1,observed,,,,,observed,86302.1,86302.1,,kepco_charge_partial
2020-02,2020,2,울산,28682.07,observed,,,,,observed,28682.07,28682.07,,kepco_charge_partial
2020-02,2020,2,인천,78451.85,observed,,,,,observed,78451.85,78451.85,,kepco_charge_partial
2020-02,2020,2,전남,173147.08,observed,,,,,observed,173147.08,173147.08,,kepco_charge_partial
2020-02,2020,2,전북,73798.03,observed,,,,,observed,73798.03,73798.03,,kepco_charge_partial
2020-02,2020,2,제주,303105.54,observed,,,,,observed,303105.54,303105.54,,kepco_charge_partial
2020-02,2020,2,충남,75887.53,observed,,,,,observed,75887.53,75887.53,,kepco_charge_partial
2020-02,2020,2,충북,106148.43,observed,,,,,observed,106148.43,106148.43,,kepco_charge_partial
2020-03,2020,3,강원,126019.9,observed,,,,,observed,126019.9,126019.9,,kepco_charge_partial
2020-03,2020,3,경기,270987.02,observed,,,,,observed,270987.02,270987.02,,kepco_charge_partial
2020-03,2020,3,경남,158376.1,observed,,,,,observed,158376.1,158376.1,,kepco_charge_partial
2020-03,2020,3,경북,126583.04,observed,,,,,observed,126583.04,126583.04,,kepco_charge_partial
2020-03,2020,3,광주,111678.48,observed,,,,,observed,111678.48,111678.48,,kepco_charge_partial
2020-03,2020,3,대구,183780.85,observed,,,,,observed,183780.85,183780.85,,kepco_charge_partial
2020-03,2020,3,대전,91295.62,observed,,,,,observed,91295.62,91295.62,,kepco_charge_partial
2020-03,2020,3,부산,61850.54,observed,,,,,observed,61850.54,61850.54,,kepco_charge_partial
2020-03,2020,3,서울,262236.74,observed,,,,,observed,262236.74,262236.74,,kepco_charge_partial
2020-03,2020,3,세종,80731.13,observed,,,,,observed,80731.13,80731.13,,kepco_charge_partial
2020-03,2020,3,울산,25262.53,observed,,,,,observed,25262.53,25262.53,,kepco_charge_partial
2020-03,2020,3,인천,76011.26,observed,,,,,observed,76011.26,76011.26,,kepco_charge_partial
2020-03,2020,3,전남,179410.38,observed,,,,,observed,179410.38,179410.38,,kepco_charge_partial
2020-03,2020,3,전북,73690.1,observed,,,,,observed,73690.1,73690.1,,kepco_charge_partial
2020-03,2020,3,제주,283595.34,observed,,,,,observed,283595.34,283595.34,,kepco_charge_partial
2020-03,2020,3,충남,72471.05,observed,,,,,observed,72471.05,72471.05,,kepco_charge_partial
2020-03,2020,3,충북,99126.89,observed,,,,,observed,99126.89,99126.89,,kepco_charge_partial
2020-04,2020,4,강원,124607.26,observed,,,,,observed,124607.26,124607.26,,kepco_charge_partial
2020-04,2020,4,경기,264294.51,observed,,,,,observed,264294.51,264294.51,,kepco_charge_partial
2020-04,2020,4,경남,152842.06,observed,,,,,observed,152842.06,152842.06,,kepco_charge_partial
2020-04,2020,4,경북,147633.88,observed,,,,,observed,147633.88,147633.88,,kepco_charge_partial
2020-04,2020,4,광주,120515.66,observed,,,,,observed,120515.66,120515.66,,kepco_charge_partial
2020-04,2020,4,대구,206217.85,observed,,,,,observed,206217.85,206217.85,,kepco_charge_partial
2020-04,2020,4,대전,98073.14,observed,,,,,observed,98073.14,98073.14,,kepco_charge_partial
2020-04,2020,4,부산,65767.93,observed,,,,,observed,65767.93,65767.93,,kepco_charge_partial
2020-04,2020,4,서울,255161.16,observed,,,,,observed,255161.16,255161.16,,kepco_charge_partial
2020-04,2020,4,세종,75697.66,observed,,,,,observed,75697.66,75697.66,,kepco_charge_partial
2020-04,2020,4,울산,21554.86,observed,,,,,observed,21554.86,21554.86,,kepco_charge_partial
2020-04,2020,4,인천,77211.78,observed,,,,,observed,77211.78,77211.78,,kepco_charge_partial
2020-04,2020,4,전남,180622.67,observed,,,,,observed,180622.67,180622.67,,kepco_charge_partial
2020-04,2020,4,전북,76761.05,observed,,,,,observed,76761.05,76761.05,,kepco_charge_partial
2020-04,2020,4,제주,280943.64,observed,,,,,observed,280943.64,280943.64,,kepco_charge_partial
2020-04,2020,4,충남,77843.44,observed,,,,,observed,77843.44,77843.44,,kepco_charge_partial
2020-04,2020,4,충북,105270.4,observed,,,,,observed,105270.4,105270.4,,kepco_charge_partial
2020-05,2020,5,강원,134213.11,observed,,,,,observed,134213.11,134213.11,,kepco_charge_partial
2020-05,2020,5,경기,290844.0,observed,,,,,observed,290844.0,290844.0,,kepco_charge_partial
2020-05,2020,5,경남,160800.76,observed,,,,,observed,160800.76,160800.76,,kepco_charge_partial
2020-05,2020,5,경북,161176.06,observed,,,,,observed,161176.06,161176.06,,kepco_charge_partial
2020-05,2020,5,광주,115507.44,observed,,,,,observed,115507.44,115507.44,,kepco_charge_partial
2020-05,2020,5,대구,233097.37,observed,,,,,observed,233097.37,233097.37,,kepco_charge_partial
2020-05,2020,5,대전,106188.99,observed,,,,,observed,106188.99,106188.99,,kepco_charge_partial
2020-05,2020,5,부산,76873.85,observed,,,,,observed,76873.85,76873.85,,kepco_charge_partial
2020-05,2020,5,서울,262626.46,observed,,,,,observed,262626.46,262626.46,,kepco_charge_partial
2020-05,2020,5,세종,79284.58,observed,,,,,observed,79284.58,79284.58,,kepco_charge_partial
2020-05,2020,5,울산,28410.9,observed,,,,,observed,28410.9,28410.9,,kepco_charge_partial
2020-05,2020,5,인천,76520.27,observed,,,,,observed,76520.27,76520.27,,kepco_charge_partial
2020-05,2020,5,전남,191329.85,observed,,,,,observed,191329.85,191329.85,,kepco_charge_partial
2020-05,2020,5,전북,82784.12,observed,,,,,observed,82784.12,82784.12,,kepco_charge_partial
2020-05,2020,5,제주,306246.06,observed,,,,,observed,306246.06,306246.06,,kepco_charge_partial
2020-05,2020,5,충남,82569.16,observed,,,,,observed,82569.16,82569.16,,kepco_charge_partial
2020-05,2020,5,충북,118863.31,observed,,,,,observed,118863.31,118863.31,,kepco_charge_partial
2020-06,2020,6,강원,129408.95,observed,,,,,observed,129408.95,129408.95,,kepco_charge_partial
2020-06,2020,6,경기,270671.83,observed,,,,,observed,270671.83,270671.83,,kepco_charge_partial
2020-06,2020,6,경남,145882.54,observed,,,,,observed,145882.54,145882.54,,kepco_charge_partial
2020-06,2020,6,경북,182781.22,observed,,,,,observed,182781.22,182781.22,,kepco_charge_partial
2020-06,2020,6,광주,90137.73,observed,,,,,observed,90137.73,90137.73,,kepco_charge_partial
2020-06,2020,6,대구,233328.1,observed,,,,,observed,233328.1,233328.1,,kepco_charge_partial
2020-06,2020,6,대전,95656.82,observed,,,,,observed,95656.82,95656.82,,kepco_charge_partial
2020-06,2020,6,부산,76316.07,observed,,,,,observed,76316.07,76316.07,,kepco_charge_partial
2020-06,2020,6,서울,268231.93,observed,,,,,observed,268231.93,268231.93,,kepco_charge_partial
2020-06,2020,6,세종,3074367.7,observed,,,,,observed,3074367.7,3074367.7,,kepco_charge_partial
2020-06,2020,6,울산,27174.07,observed,,,,,observed,27174.07,27174.07,,kepco_charge_partial
2020-06,2020,6,인천,70929.85,observed,,,,,observed,70929.85,70929.85,,kepco_charge_partial
2020-06,2020,6,전남,178627.53,observed,,,,,observed,178627.53,178627.53,,kepco_charge_partial
2020-06,2020,6,전북,69885.99,observed,,,,,observed,69885.99,69885.99,,kepco_charge_partial
2020-06,2020,6,제주,297597.34,observed,,,,,observed,297597.34,297597.34,,kepco_charge_partial
2020-06,2020,6,충남,75362.57,observed,,,,,observed,75362.57,75362.57,,kepco_charge_partial
2020-06,2020,6,충북,107000.3,observed,,,,,observed,107000.3,107000.3,,kepco_charge_partial
2020-07,2020,7,강원,177830.23,estimated,177830.23,0.0,1.0,0.0,kepco_hybrid_moe_load_v1,177830.23,,177830.23,kepco_hybrid_forecast_v1
2020-07,2020,7,경기,423715.3,estimated,423715.3,0.0,1.0,0.0,kepco_hybrid_moe_load_v1,423715.3,,423715.3,kepco_hybrid_forecast_v1
2020-07,2020,7,경남,225202.56,estimated,225202.56,0.0,1.0,0.0,kepco_hybrid_moe_load_v1,225202.56,,225202.56,kepco_hybrid_forecast_v1
2020-07,2020,7,경북,202169.07,estimated,202169.07,0.0,1.0,0.0,kepco_hybrid_moe_load_v1,202169.07,,202169.07,kepco_hybrid_forecast_v1
2020-07,2020,7,광주,109346.71,estimated,109346.71,0.0,1.0,0.0,kepco_hybrid_moe_load_v1,109346.71,,109346.71,kepco_hybrid_forecast_v1
2020-07,2020,7,대구,320721.7,estimated,320721.7,0.0,1.0,0.0,kepco_hybrid_moe_load_v1,320721.7,,320721.7,kepco_hybrid_forecast_v1
2020-07,2020,7,대전,150092.81,estimated,150092.81,0.0,1.0,0.0,kepco_hybrid_moe_load_v1,150092.81,,150092.81,kepco_hybrid_forecast_v1
2020-07,2020,7,부산,101859.94,estimated,101859.94,0.0,1.0,0.0,kepco_hybrid_moe_load_v1,101859.94,,101859.94,kepco_hybrid_forecast_v1
2020-07,2020,7,서울,284009.95,estimated,284009.95,0.0,1.0,0.0,kepco_hybrid_moe_load_v1,284009.95,,284009.95,kepco_hybrid_forecast_v1
2020-07,2020,7,세종,77474.78,estimated,77474.78,0.0,1.0,0.0,kepco_hybrid_moe_load_v1,77474.78,,77474.78,kepco_hybrid_forecast_v1
2020-07,2020,7,울산,34020.38,estimated,34020.38,0.0,1.0,0.0,kepco_hybrid_moe_load_v1,34020.38,,34020.38,kepco_hybrid_forecast_v1
2020-07,2020,7,인천,108948.07,estimated,108948.07,0.0,1.0,0.0,kepco_hybrid_moe_load_v1,108948.07,,108948.07,kepco_hybrid_forecast_v1
2020-07,2020,7,전남,217501.01,estimated,217501.01,0.0,1.0,0.0,kepco_hybrid_moe_load_v1,217501.01,,217501.01,kepco_hybrid_forecast_v1
2020-07,2020,7,전북,106175.45,estimated,106175.45,0.0,1.0,0.0,kepco_hybrid_moe_load_v1,106175.45,,106175.45,kepco_hybrid_forecast_v1
2020-07,2020,7,제주,379664.28,estimated,379664.28,0.0,1.0,0.0,kepco_hybrid_moe_load_v1,379664.28,,379664.28,kepco_hybrid_forecast_v1
2020-07,2020,7,충남,101489.77,estimated,101489.77,0.0,1.0,0.0,kepco_hybrid_moe_load_v1,101489.77,,101489.77,kepco_hybrid_forecast_v1
2020-07,2020,7,충북,133697.55,estimated,133697.55,0.0,1.0,0.0,kepco_hybrid_moe_load_v1,133697.55,,133697.55,kepco_hybrid_forecast_v1
2020-08,2020,8,강원,191926.76,estimated,191926.76,0.0,1.0,0.0,kepco_hybrid_moe_load_v1,191926.76,,191926.76,kepco_hybrid_forecast_v1
2020-08,2020,8,경기,440730.47,estimated,440730.47,0.0,1.0,0.0,kepco_hybrid_moe_load_v1,440730.47,,440730.47,kepco_hybrid_forecast_v1
2020-08,2020,8,경남,291134.97,estimated,291134.97,0.0,1.0,0.0,kepco_hybrid_moe_load_v1,291134.97,,291134.97,kepco_hybrid_forecast_v1
2020-08,2020,8,경북,249341.37,estimated,249341.37,0.0,1.0,0.0,kepco_hybrid_moe_load_v1,249341.37,,249341.37,kepco_hybrid_forecast_v1
2020-08,2020,8,광주,185839.13,estimated,185839.13,0.0,1.0,0.0,kepco_hybrid_moe_load_v1,185839.13,,185839.13,kepco_hybrid_forecast_v1
2020-08,2020,8,대구,394421.39,estimated,394421.39,0.0,1.0,0.0,kepco_hybrid_moe_load_v1,394421.39,,394421.39,kepco_hybrid_forecast_v1
2020-08,2020,8,대전,182635.12,estimated,182635.12,0.0,1.0,0.0,kepco_hybrid_moe_load_v1,182635.12,,182635.12,kepco_hybrid_forecast_v1
2020-08,2020,8,부산,136944.23,estimated,136944.23,0.0,1.0,0.0,kepco_hybrid_moe_load_v1,136944.23,,136944.23,kepco_hybrid_forecast_v1
2020-08,2020,8,서울,350782.57,estimated,350782.57,0.0,1.0,0.0,kepco_hybrid_moe_load_v1,350782.57,,350782.57,kepco_hybrid_forecast_v1
2020-08,2020,8,세종,95235.66,estimated,95235.66,0.0,1.0,0.0,kepco_hybrid_moe_load_v1,95235.66,,95235.66,kepco_hybrid_forecast_v1
2020-08,2020,8,울산,39321.38,estimated,39321.38,0.0,1.0,0.0,kepco_hybrid_moe_load_v1,39321.38,,39321.38,kepco_hybrid_forecast_v1
2020-08,2020,8,인천,122502.39,estimated,122502.39,0.0,1.0,0.0,kepco_hybrid_moe_load_v1,122502.39,,122502.39,kepco_hybrid_forecast_v1
2020-08,2020,8,전남,301184.14,estimated,301184.14,0.0,1.0,0.0,kepco_hybrid_moe_load_v1,301184.14,,301184.14,kepco_hybrid_forecast_v1
2020-08,2020,8,전북,125593.91,estimated,125593.91,0.0,1.0,0.0,kepco_hybrid_moe_load_v1,125593.91,,125593.91,kepco_hybrid_forecast_v1
2020-08,2020,8,제주,487459.17,estimated,487459.17,0.0,1.0,0.0,kepco_hybrid_moe_load_v1,487459.17,,487459.17,kepco_hybrid_forecast_v1
2020-08,2020,8,충남,120995.15,estimated,120995.15,0.0,1.0,0.0,kepco_hybrid_moe_load_v1,120995.15,,120995.15,kepco_hybrid_forecast_v1
2020-08,2020,8,충북,154881.22,estimated,154881.22,0.0,1.0,0.0,kepco_hybrid_moe_load_v1,154881.22,,154881.22,kepco_hybrid_forecast_v1
2020-09,2020,9,강원,165680.43,estimated,165680.43,0.0,1.0,0.0,kepco_hybrid_moe_load_v1,165680.43,,165680.43,kepco_hybrid_forecast_v1
2020-09,2020,9,경기,437450.06,estimated,437450.06,0.0,1.0,0.0,kepco_hybrid_moe_load_v1,437450.06,,437450.06,kepco_hybrid_forecast_v1
2020-09,2020,9,경남,258516.1,estimated,258516.1,0.0,1.0,0.0,kepco_hybrid_moe_load_v1,258516.1,,258516.1,kepco_hybrid_forecast_v1
2020-09,2020,9,경북,213766.73,estimated,213766.73,0.0,1.0,0.0,kepco_hybrid_moe_load_v1,213766.73,,213766.73,kepco_hybrid_forecast_v1
2020-09,2020,9,광주,158135.04,estimated,158135.04,0.0,1.0,0.0,kepco_hybrid_moe_load_v1,158135.04,,158135.04,kepco_hybrid_forecast_v1
2020-09,2020,9,대구,433456.54,estimated,433456.54,0.0,1.0,0.0,kepco_hybrid_moe_load_v1,433456.54,,433456.54,kepco_hybrid_forecast_v1
2020-09,2020,9,대전,196327.62,estimated,196327.62,0.0,1.0,0.0,kepco_hybrid_moe_load_v1,196327.62,,196327.62,kepco_hybrid_forecast_v1
2020-09,2020,9,부산,102983.22,estimated,102983.22,0.0,1.0,0.0,kepco_hybrid_moe_load_v1,102983.22,,102983.22,kepco_hybrid_forecast_v1
2020-09,2020,9,서울,348704.33,estimated,348704.33,0.0,1.0,0.0,kepco_hybrid_moe_load_v1,348704.33,,348704.33,kepco_hybrid_forecast_v1
2020-09,2020,9,세종,86538.75,estimated,86538.75,0.0,1.0,0.0,kepco_hybrid_moe_load_v1,86538.75,,86538.75,kepco_hybrid_forecast_v1
2020-09,2020,9,울산,36262.53,estimated,36262.53,0.0,1.0,0.0,kepco_hybrid_moe_load_v1,36262.53,,36262.53,kepco_hybrid_forecast_v1
2020-09,2020,9,인천,126692.42,estimated,126692.42,0.0,1.0,0.0,kepco_hybrid_moe_load_v1,126692.42,,126692.42,kepco_hybrid_forecast_v1
2020-09,2020,9,전남,234160.11,estimated,234160.11,0.0,1.0,0.0,kepco_hybrid_moe_load_v1,234160.11,,234160.11,kepco_hybrid_forecast_v1
2020-09,2020,9,전북,98716.46,estimated,98716.46,0.0,1.0,0.0,kepco_hybrid_moe_load_v1,98716.46,,98716.46,kepco_hybrid_forecast_v1
2020-09,2020,9,제주,364419.4,estimated,364419.4,0.0,1.0,0.0,kepco_hybrid_moe_load_v1,364419.4,,364419.4,kepco_hybrid_forecast_v1
2020-09,2020,9,충남,120916.62,estimated,120916.62,0.0,1.0,0.0,kepco_hybrid_moe_load_v1,120916.62,,120916.62,kepco_hybrid_forecast_v1
2020-09,2020,9,충북,138456.34,estimated,138456.34,0.0,1.0,0.0,kepco_hybrid_moe_load_v1,138456.34,,138456.34,kepco_hybrid_forecast_v1
2020-10,2020,10,강원,245328.68,estimated,245328.68,0.0,1.0,0.0,kepco_hybrid_moe_load_v1,245328.68,,245328.68,kepco_hybrid_forecast_v1
2020-10,2020,10,경기,572445.97,estimated,572445.97,0.0,1.0,0.0,kepco_hybrid_moe_load_v1,572445.97,,572445.97,kepco_hybrid_forecast_v1
2020-10,2020,10,경남,338911.29,estimated,338911.29,0.0,1.0,0.0,kepco_hybrid_moe_load_v1,338911.29,,338911.29,kepco_hybrid_forecast_v1
2020-10,2020,10,경북,288729.69,estimated,288729.69,0.0,1.0,0.0,kepco_hybrid_moe_load_v1,288729.69,,288729.69,kepco_hybrid_forecast_v1
2020-10,2020,10,광주,179640.71,estimated,179640.71,0.0,1.0,0.0,kepco_hybrid_moe_load_v1,179640.71,,179640.71,kepco_hybrid_forecast_v1
2020-10,2020,10,대구,500902.37,estimated,500902.37,0.0,1.0,0.0,kepco_hybrid_moe_load_v1,500902.37,,500902.37,kepco_hybrid_forecast_v1
2020-10,2020,10,대전,263297.3,estimated,263297.3,0.0,1.0,0.0,kepco_hybrid_moe_load_v1,263297.3,,263297.3,kepco_hybrid_forecast_v1
2020-10,2020,10,부산,129469.64,estimated,129469.64,0.0,1.0,0.0,kepco_hybrid_moe_load_v1,129469.64,,129469.64,kepco_hybrid_forecast_v1
2020-10,2020,10,서울,462533.41,estimated,462533.41,0.0,1.0,0.0,kepco_hybrid_moe_load_v1,462533.41,,462533.41,kepco_hybrid_forecast_v1
2020-10,2020,10,세종,103331.42,estimated,103331.42,0.0,1.0,0.0,kepco_hybrid_moe_load_v1,103331.42,,103331.42,kepco_hybrid_forecast_v1
2020-10,2020,10,울산,37821.42,estimated,37821.42,0.0,1.0,0.0,kepco_hybrid_moe_load_v1,37821.42,,37821.42,kepco_hybrid_forecast_v1
2020-10,2020,10,인천,162881.9,estimated,162881.9,0.0,1.0,0.0,kepco_hybrid_moe_load_v1,162881.9,,162881.9,kepco_hybrid_forecast_v1
2020-10,2020,10,전남,313085.46,estimated,313085.46,0.0,1.0,0.0,kepco_hybrid_moe_load_v1,313085.46,,313085.46,kepco_hybrid_forecast_v1
2020-10,2020,10,전북,126453.52,estimated,126453.52,0.0,1.0,0.0,kepco_hybrid_moe_load_v1,126453.52,,126453.52,kepco_hybrid_forecast_v1
2020-10,2020,10,제주,448173.78,estimated,448173.78,0.0,1.0,0.0,kepco_hybrid_moe_load_v1,448173.78,,448173.78,kepco_hybrid_forecast_v1
2020-10,2020,10,충남,155539.09,estimated,155539.09,0.0,1.0,0.0,kepco_hybrid_moe_load_v1,155539.09,,155539.09,kepco_hybrid_forecast_v1
2020-10,2020,10,충북,180407.27,estimated,180407.27,0.0,1.0,0.0,kepco_hybrid_moe_load_v1,180407.27,,180407.27,kepco_hybrid_forecast_v1
2020-11,2020,11,강원,246059.62,estimated,246059.62,0.0,1.0,0.0,kepco_hybrid_moe_load_v1,246059.62,,246059.62,kepco_hybrid_forecast_v1
2020-11,2020,11,경기,594530.69,estimated,594530.69,0.0,1.0,0.0,kepco_hybrid_moe_load_v1,594530.69,,594530.69,kepco_hybrid_forecast_v1
2020-11,2020,11,경남,350429.81,estimated,350429.81,0.0,1.0,0.0,kepco_hybrid_moe_load_v1,350429.81,,350429.81,kepco_hybrid_forecast_v1
2020-11,2020,11,경북,295462.63,estimated,295462.63,0.0,1.0,0.0,kepco_hybrid_moe_load_v1,295462.63,,295462.63,kepco_hybrid_forecast_v1
2020-11,2020,11,광주,181740.72,estimated,181740.72,0.0,1.0,0.0,kepco_hybrid_moe_load_v1,181740.72,,181740.72,kepco_hybrid_forecast_v1
2020-11,2020,11,대구,474648.38,estimated,474648.38,0.0,1.0,0.0,kepco_hybrid_moe_load_v1,474648.38,,474648.38,kepco_hybrid_forecast_v1
2020-11,2020,11,대전,274177.45,estimated,274177.45,0.0,1.0,0.0,kepco_hybrid_moe_load_v1,274177.45,,274177.45,kepco_hybrid_forecast_v1
2020-11,2020,11,부산,137404.23,estimated,137404.23,0.0,1.0,0.0,kepco_hybrid_moe_load_v1,137404.23,,137404.23,kepco_hybrid_forecast_v1
2020-11,2020,11,서울,483197.24,estimated,483197.24,0.0,1.0,0.0,kepco_hybrid_moe_load_v1,483197.24,,483197.24,kepco_hybrid_forecast_v1
2020-11,2020,11,세종,121644.98,estimated,121644.98,0.0,1.0,0.0,kepco_hybrid_moe_load_v1,121644.98,,121644.98,kepco_hybrid_forecast_v1
2020-11,2020,11,울산,34258.54,estimated,34258.54,0.0,1.0,0.0,kepco_hybrid_moe_load_v1,34258.54,,34258.54,kepco_hybrid_forecast_v1
2020-11,2020,11,인천,167193.73,estimated,167193.73,0.0,1.0,0.0,kepco_hybrid_moe_load_v1,167193.73,,167193.73,kepco_hybrid_forecast_v1
2020-11,2020,11,전남,299862.4,estimated,299862.4,0.0,1.0,0.0,kepco_hybrid_moe_load_v1,299862.4,,299862.4,kepco_hybrid_forecast_v1
2020-11,2020,11,전북,130039.3,estimated,130039.3,0.0,1.0,0.0,kepco_hybrid_moe_load_v1,130039.3,,130039.3,kepco_hybrid_forecast_v1
2020-11,2020,11,제주,468701.75,estimated,468701.75,0.0,1.0,0.0,kepco_hybrid_moe_load_v1,468701.75,,468701.75,kepco_hybrid_forecast_v1
2020-11,2020,11,충남,154662.53,estimated,154662.53,0.0,1.0,0.0,kepco_hybrid_moe_load_v1,154662.53,,154662.53,kepco_hybrid_forecast_v1
2020-11,2020,11,충북,194401.52,estimated,194401.52,0.0,1.0,0.0,kepco_hybrid_moe_load_v1,194401.52,,194401.52,kepco_hybrid_forecast_v1
2020-12,2020,12,강원,297640.0,estimated,297640.0,0.0,1.0,0.0,kepco_hybrid_moe_load_v1,297640.0,,297640.0,kepco_hybrid_forecast_v1
2020-12,2020,12,경기,603493.48,estimated,603493.48,0.0,1.0,0.0,kepco_hybrid_moe_load_v1,603493.48,,603493.48,kepco_hybrid_forecast_v1
2020-12,2020,12,경남,434982.36,estimated,434982.36,0.0,1.0,0.0,kepco_hybrid_moe_load_v1,434982.36,,434982.36,kepco_hybrid_forecast_v1
2020-12,2020,12,경북,326086.99,estimated,326086.99,0.0,1.0,0.0,kepco_hybrid_moe_load_v1,326086.99,,326086.99,kepco_hybrid_forecast_v1
2020-12,2020,12,광주,189993.5,estimated,189993.5,0.0,1.0,0.0,kepco_hybrid_moe_load_v1,189993.5,,189993.5,kepco_hybrid_forecast_v1
2020-12,2020,12,대구,476282.69,estimated,476282.69,0.0,1.0,0.0,kepco_hybrid_moe_load_v1,476282.69,,476282.69,kepco_hybrid_forecast_v1
2020-12,2020,12,대전,276398.51,estimated,276398.51,0.0,1.0,0.0,kepco_hybrid_moe_load_v1,276398.51,,276398.51,kepco_hybrid_forecast_v1
2020-12,2020,12,부산,186985.43,estimated,186985.43,0.0,1.0,0.0,kepco_hybrid_moe_load_v1,186985.43,,186985.43,kepco_hybrid_forecast_v1
2020-12,2020,12,서울,471728.07,estimated,471728.07,0.0,1.0,0.0,kepco_hybrid_moe_load_v1,471728.07,,471728.07,kepco_hybrid_forecast_v1
2020-12,2020,12,세종,168634.59,estimated,168634.59,0.0,1.0,0.0,kepco_hybrid_moe_load_v1,168634.59,,168634.59,kepco_hybrid_forecast_v1
2020-12,2020,12,울산,41296.4,estimated,41296.4,0.0,1.0,0.0,kepco_hybrid_moe_load_v1,41296.4,,41296.4,kepco_hybrid_forecast_v1
2020-12,2020,12,인천,152597.81,estimated,152597.81,0.0,1.0,0.0,kepco_hybrid_moe_load_v1,152597.81,,152597.81,kepco_hybrid_forecast_v1
2020-12,2020,12,전남,342223.63,estimated,342223.63,0.0,1.0,0.0,kepco_hybrid_moe_load_v1,342223.63,,342223.63,kepco_hybrid_forecast_v1
2020-12,2020,12,전북,121705.12,estimated,121705.12,0.0,1.0,0.0,kepco_hybrid_moe_load_v1,121705.12,,121705.12,kepco_hybrid_forecast_v1
2020-12,2020,12,제주,412271.53,estimated,412271.53,0.0,1.0,0.0,kepco_hybrid_moe_load_v1,412271.53,,412271.53,kepco_hybrid_forecast_v1
2020-12,2020,12,충남,153042.67,estimated,153042.67,0.0,1.0,0.0,kepco_hybrid_moe_load_v1,153042.67,,153042.67,kepco_hybrid_forecast_v1
2020-12,2020,12,충북,205396.17,estimated,205396.17,0.0,1.0,0.0,kepco_hybrid_moe_load_v1,205396.17,,205396.17,kepco_hybrid_forecast_v1
2021-01,2021,1,강원,270126.98,estimated,270126.98,167459.68,1.0,0.0,kepco_hybrid_moe_load_v1,270126.98,,270126.98,kepco_hybrid_forecast_v1
2021-01,2021,1,경기,562236.89,estimated,562236.89,595314.79,1.0,0.0,kepco_hybrid_moe_load_v1,562236.89,,562236.89,kepco_hybrid_forecast_v1
2021-01,2021,1,경남,456252.74,estimated,456252.74,270039.7,1.0,0.0,kepco_hybrid_moe_load_v1,456252.74,,456252.74,kepco_hybrid_forecast_v1
2021-01,2021,1,경북,309366.59,estimated,309366.59,288451.5,1.0,0.0,kepco_hybrid_moe_load_v1,309366.59,,309366.59,kepco_hybrid_forecast_v1
2021-01,2021,1,광주,168981.71,estimated,168981.71,85044.97,1.0,0.0,kepco_hybrid_moe_load_v1,168981.71,,168981.71,kepco_hybrid_forecast_v1
2021-01,2021,1,대구,463773.53,estimated,463773.53,152554.9,1.0,0.0,kepco_hybrid_moe_load_v1,463773.53,,463773.53,kepco_hybrid_forecast_v1
2021-01,2021,1,대전,248225.54,estimated,248225.54,99949.76,1.0,0.0,kepco_hybrid_moe_load_v1,248225.54,,248225.54,kepco_hybrid_forecast_v1
2021-01,2021,1,부산,195367.35,estimated,195367.35,141157.12,1.0,0.0,kepco_hybrid_moe_load_v1,195367.35,,195367.35,kepco_hybrid_forecast_v1
2021-01,2021,1,서울,441623.02,estimated,441623.02,452404.17,1.0,0.0,kepco_hybrid_moe_load_v1,441623.02,,441623.02,kepco_hybrid_forecast_v1
2021-01,2021,1,세종,167531.56,estimated,167531.56,58742.4,1.0,0.0,kepco_hybrid_moe_load_v1,167531.56,,167531.56,kepco_hybrid_forecast_v1
2021-01,2021,1,울산,41530.04,estimated,41530.04,39453.85,1.0,0.0,kepco_hybrid_moe_load_v1,41530.04,,41530.04,kepco_hybrid_forecast_v1
2021-01,2021,1,인천,149101.37,estimated,149101.37,130636.09,1.0,0.0,kepco_hybrid_moe_load_v1,149101.37,,149101.37,kepco_hybrid_forecast_v1
2021-01,2021,1,전남,324228.41,estimated,324228.41,172720.2,1.0,0.0,kepco_hybrid_moe_load_v1,324228.41,,324228.41,kepco_hybrid_forecast_v1
2021-01,2021,1,전북,111623.92,estimated,111623.92,162199.17,1.0,0.0,kepco_hybrid_moe_load_v1,111623.92,,111623.92,kepco_hybrid_forecast_v1
2021-01,2021,1,제주,390509.1,estimated,390509.1,163952.67,1.0,0.0,kepco_hybrid_moe_load_v1,390509.1,,390509.1,kepco_hybrid_forecast_v1
2021-01,2021,1,충남,155325.07,estimated,155325.07,184117.98,1.0,0.0,kepco_hybrid_moe_load_v1,155325.07,,155325.07,kepco_hybrid_forecast_v1
2021-01,2021,1,충북,190709.0,estimated,190709.0,156061.9,1.0,0.0,kepco_hybrid_moe_load_v1,190709.0,,190709.0,kepco_hybrid_forecast_v1
2021-02,2021,2,강원,261035.87,estimated,261035.87,148555.81,1.0,0.0,kepco_hybrid_moe_load_v1,261035.87,,261035.87,kepco_hybrid_forecast_v1
2021-02,2021,2,경기,493328.82,estimated,493328.82,528112.01,1.0,0.0,kepco_hybrid_moe_load_v1,493328.82,,493328.82,kepco_hybrid_forecast_v1
2021-02,2021,2,경남,445756.19,estimated,445756.19,239555.97,1.0,0.0,kepco_hybrid_moe_load_v1,445756.19,,445756.19,kepco_hybrid_forecast_v1
2021-02,2021,2,경북,291235.83,estimated,291235.83,255889.33,1.0,0.0,kepco_hybrid_moe_load_v1,291235.83,,291235.83,kepco_hybrid_forecast_v1
2021-02,2021,2,광주,165790.77,estimated,165790.77,75444.57,1.0,0.0,kepco_hybrid_moe_load_v1,165790.77,,165790.77,kepco_hybrid_forecast_v1
2021-02,2021,2,대구,409430.68,estimated,409430.68,135333.56,1.0,0.0,kepco_hybrid_moe_load_v1,409430.68,,409430.68,kepco_hybrid_forecast_v1
2021-02,2021,2,대전,203467.99,estimated,203467.99,88666.82,1.0,0.0,kepco_hybrid_moe_load_v1,203467.99,,203467.99,kepco_hybrid_forecast_v1
2021-02,2021,2,부산,170731.03,estimated,170731.03,125222.44,1.0,0.0,kepco_hybrid_moe_load_v1,170731.03,,170731.03,kepco_hybrid_forecast_v1
2021-02,2021,2,서울,378026.42,estimated,378026.42,401334.02,1.0,0.0,kepco_hybrid_moe_load_v1,378026.42,,378026.42,kepco_hybrid_forecast_v1
2021-02,2021,2,세종,159957.3,estimated,159957.3,52111.2,1.0,0.0,kepco_hybrid_moe_load_v1,159957.3,,159957.3,kepco_hybrid_forecast_v1
2021-02,2021,2,울산,38488.97,estimated,38488.97,35000.06,1.0,0.0,kepco_hybrid_moe_load_v1,38488.97,,38488.97,kepco_hybrid_forecast_v1
2021-02,2021,2,인천,125623.75,estimated,125623.75,115889.09,1.0,0.0,kepco_hybrid_moe_load_v1,125623.75,,125623.75,kepco_hybrid_forecast_v1
2021-02,2021,2,전남,332231.02,estimated,332231.02,153222.48,1.0,0.0,kepco_hybrid_moe_load_v1,332231.02,,332231.02,kepco_hybrid_forecast_v1
2021-02,2021,2,전북,115939.4,estimated,115939.4,143889.14,1.0,0.0,kepco_hybrid_moe_load_v1,115939.4,,115939.4,kepco_hybrid_forecast_v1
2021-02,2021,2,제주,413623.81,estimated,413623.81,145444.69,1.0,0.0,kepco_hybrid_moe_load_v1,413623.81,,413623.81,kepco_hybrid_forecast_v1
2021-02,2021,2,충남,155614.36,estimated,155614.36,163333.61,1.0,0.0,kepco_hybrid_moe_load_v1,155614.36,,155614.36,kepco_hybrid_forecast_v1
2021-02,2021,2,충북,191314.31,estimated,191314.31,138444.68,1.0,0.0,kepco_hybrid_moe_load_v1,191314.31,,191314.31,kepco_hybrid_forecast_v1
2021-03,2021,3,강원,271402.13,estimated,271402.13,156252.73,1.0,0.0,kepco_hybrid_moe_load_v1,271402.13,,271402.13,kepco_hybrid_forecast_v1
2021-03,2021,3,경기,582640.75,estimated,582640.75,555474.37,1.0,0.0,kepco_hybrid_moe_load_v1,582640.75,,582640.75,kepco_hybrid_forecast_v1
2021-03,2021,3,경남,526820.04,estimated,526820.04,251967.76,1.0,0.0,kepco_hybrid_moe_load_v1,526820.04,,526820.04,kepco_hybrid_forecast_v1
2021-03,2021,3,경북,329125.36,estimated,329125.36,269147.38,1.0,0.0,kepco_hybrid_moe_load_v1,329125.36,,329125.36,kepco_hybrid_forecast_v1
2021-03,2021,3,광주,202881.38,estimated,202881.38,79353.48,1.0,0.0,kepco_hybrid_moe_load_v1,202881.38,,202881.38,kepco_hybrid_forecast_v1
2021-03,2021,3,대구,441132.22,estimated,441132.22,142345.42,1.0,0.0,kepco_hybrid_moe_load_v1,441132.22,,441132.22,kepco_hybrid_forecast_v1
2021-03,2021,3,대전,225212.27,estimated,225212.27,93260.79,1.0,0.0,kepco_hybrid_moe_load_v1,225212.27,,225212.27,kepco_hybrid_forecast_v1
2021-03,2021,3,부산,207651.46,estimated,207651.46,131710.42,1.0,0.0,kepco_hybrid_moe_load_v1,207651.46,,207651.46,kepco_hybrid_forecast_v1
2021-03,2021,3,서울,393249.52,estimated,393249.52,422127.8,1.0,0.0,kepco_hybrid_moe_load_v1,393249.52,,393249.52,kepco_hybrid_forecast_v1
2021-03,2021,3,세종,177423.65,estimated,177423.65,54811.17,1.0,0.0,kepco_hybrid_moe_load_v1,177423.65,,177423.65,kepco_hybrid_forecast_v1
2021-03,2021,3,울산,47017.44,estimated,47017.44,36813.47,1.0,0.0,kepco_hybrid_moe_load_v1,47017.44,,47017.44,kepco_hybrid_forecast_v1
2021-03,2021,3,인천,154936.39,estimated,154936.39,121893.49,1.0,0.0,kepco_hybrid_moe_load_v1,154936.39,,154936.39,kepco_hybrid_forecast_v1
2021-03,2021,3,전남,385196.95,estimated,385196.95,161161.19,1.0,0.0,kepco_hybrid_moe_load_v1,385196.95,,385196.95,kepco_hybrid_forecast_v1
2021-03,2021,3,전북,133972.6,estimated,133972.6,151344.27,1.0,0.0,kepco_hybrid_moe_load_v1,133972.6,,133972.6,kepco_hybrid_forecast_v1
2021-03,2021,3,제주,495275.1,estimated,495275.1,152980.42,1.0,0.0,kepco_hybrid_moe_load_v1,495275.1,,495275.1,kepco_hybrid_forecast_v1
2021-03,2021,3,충남,176830.71,estimated,176830.71,171796.2,1.0,0.0,kepco_hybrid_moe_load_v1,176830.71,,176830.71,kepco_hybrid_forecast_v1
2021-03,2021,3,충북,231677.51,estimated,231677.51,145617.73,1.0,0.0,kepco_hybrid_moe_load_v1,231677.51,,231677.51,kepco_hybrid_forecast_v1
2021-04,2021,4,강원,280793.43,estimated,280793.43,158837.46,1.0,0.0,kepco_hybrid_moe_load_v1,280793.43,,280793.43,kepco_hybrid_forecast_v1
2021-04,2021,4,경기,598086.93,estimated,598086.93,564663.03,1.0,0.0,kepco_hybrid_moe_load_v1,598086.93,,598086.93,kepco_hybrid_forecast_v1
2021-04,2021,4,경남,516721.57,estimated,516721.57,256135.81,1.0,0.0,kepco_hybrid_moe_load_v1,516721.57,,516721.57,kepco_hybrid_forecast_v1
2021-04,2021,4,경북,333868.54,estimated,333868.54,273599.61,1.0,0.0,kepco_hybrid_moe_load_v1,333868.54,,333868.54,kepco_hybrid_forecast_v1
2021-04,2021,4,광주,208602.41,estimated,208602.41,80666.15,1.0,0.0,kepco_hybrid_moe_load_v1,208602.41,,208602.41,kepco_hybrid_forecast_v1
2021-04,2021,4,대구,386490.58,estimated,386490.58,144700.1,1.0,0.0,kepco_hybrid_moe_load_v1,386490.58,,386490.58,kepco_hybrid_forecast_v1
2021-04,2021,4,대전,219210.12,estimated,219210.12,94803.51,1.0,0.0,kepco_hybrid_moe_load_v1,219210.12,,219210.12,kepco_hybrid_forecast_v1
2021-04,2021,4,부산,202940.02,estimated,202940.02,133889.17,1.0,0.0,kepco_hybrid_moe_load_v1,202940.02,,202940.02,kepco_hybrid_forecast_v1
2021-04,2021,4,서울,410678.05,estimated,410678.05,429110.63,1.0,0.0,kepco_hybrid_moe_load_v1,410678.05,,410678.05,kepco_hybrid_forecast_v1
2021-04,2021,4,세종,177384.63,estimated,177384.63,55717.85,1.0,0.0,kepco_hybrid_moe_load_v1,177384.63,,177384.63,kepco_hybrid_forecast_v1
2021-04,2021,4,울산,45873.4,estimated,45873.4,37422.44,1.0,0.0,kepco_hybrid_moe_load_v1,45873.4,,45873.4,kepco_hybrid_forecast_v1
2021-04,2021,4,인천,172883.83,estimated,172883.83,123909.85,1.0,0.0,kepco_hybrid_moe_load_v1,172883.83,,172883.83,kepco_hybrid_forecast_v1
2021-04,2021,4,전남,393876.03,estimated,393876.03,163827.12,1.0,0.0,kepco_hybrid_moe_load_v1,393876.03,,393876.03,kepco_hybrid_forecast_v1
2021-04,2021,4,전북,135132.26,estimated,135132.26,153847.81,1.0,0.0,kepco_hybrid_moe_load_v1,135132.26,,135132.26,kepco_hybrid_forecast_v1
2021-04,2021,4,제주,493327.13,estimated,493327.13,155511.02,1.0,0.0,kepco_hybrid_moe_load_v1,493327.13,,493327.13,kepco_hybrid_forecast_v1
2021-04,2021,4,충남,164873.67,estimated,164873.67,174638.05,1.0,0.0,kepco_hybrid_moe_load_v1,164873.67,,164873.67,kepco_hybrid_forecast_v1
2021-04,2021,4,충북,220963.71,estimated,220963.71,148026.54,1.0,0.0,kepco_hybrid_moe_load_v1,220963.71,,220963.71,kepco_hybrid_forecast_v1
2021-05,2021,5,강원,319863.29,estimated,319863.29,168824.76,1.0,0.0,kepco_hybrid_moe_load_v1,319863.29,,319863.29,kepco_hybrid_forecast_v1
2021-05,2021,5,경기,636695.49,estimated,636695.49,600167.6,1.0,0.0,kepco_hybrid_moe_load_v1,636695.49,,636695.49,kepco_hybrid_forecast_v1
2021-05,2021,5,경남,479942.16,estimated,479942.16,272240.97,1.0,0.0,kepco_hybrid_moe_load_v1,479942.16,,479942.16,kepco_hybrid_forecast_v1
2021-05,2021,5,경북,323271.18,estimated,323271.18,290802.86,1.0,0.0,kepco_hybrid_moe_load_v1,323271.18,,323271.18,kepco_hybrid_forecast_v1
2021-05,2021,5,광주,213899.99,estimated,213899.99,85738.23,1.0,0.0,kepco_hybrid_moe_load_v1,213899.99,,213899.99,kepco_hybrid_forecast_v1
2021-05,2021,5,대구,355393.06,estimated,355393.06,153798.47,1.0,0.0,kepco_hybrid_moe_load_v1,355393.06,,355393.06,kepco_hybrid_forecast_v1
2021-05,2021,5,대전,255704.63,estimated,255704.63,100764.52,1.0,0.0,kepco_hybrid_moe_load_v1,255704.63,,255704.63,kepco_hybrid_forecast_v1
2021-05,2021,5,부산,187081.38,estimated,187081.38,142307.78,1.0,0.0,kepco_hybrid_moe_load_v1,187081.38,,187081.38,kepco_hybrid_forecast_v1
2021-05,2021,5,서울,452322.68,estimated,452322.68,456092.02,1.0,0.0,kepco_hybrid_moe_load_v1,452322.68,,452322.68,kepco_hybrid_forecast_v1
2021-05,2021,5,세종,98925.53,estimated,98925.53,59221.25,1.0,0.0,kepco_hybrid_moe_load_v1,98925.53,,98925.53,kepco_hybrid_forecast_v1
2021-05,2021,5,울산,43130.53,estimated,43130.53,39775.47,1.0,0.0,kepco_hybrid_moe_load_v1,43130.53,,43130.53,kepco_hybrid_forecast_v1
2021-05,2021,5,인천,188638.96,estimated,188638.96,131700.99,1.0,0.0,kepco_hybrid_moe_load_v1,188638.96,,188638.96,kepco_hybrid_forecast_v1
2021-05,2021,5,전남,368737.97,estimated,368737.97,174128.15,1.0,0.0,kepco_hybrid_moe_load_v1,368737.97,,368737.97,kepco_hybrid_forecast_v1
2021-05,2021,5,전북,160512.16,estimated,160512.16,163521.36,1.0,0.0,kepco_hybrid_moe_load_v1,160512.16,,160512.16,kepco_hybrid_forecast_v1
2021-05,2021,5,제주,509359.11,estimated,509359.11,165289.16,1.0,0.0,kepco_hybrid_moe_load_v1,509359.11,,509359.11,kepco_hybrid_forecast_v1
2021-05,2021,5,충남,155131.41,estimated,155131.41,185618.84,1.0,0.0,kepco_hybrid_moe_load_v1,155131.41,,155131.41,kepco_hybrid_forecast_v1
2021-05,2021,5,충북,222611.18,estimated,222611.18,157334.07,1.0,0.0,kepco_hybrid_moe_load_v1,222611.18,,222611.18,kepco_hybrid_forecast_v1
2021-06,2021,6,강원,339859.18,estimated,339859.18,372640.32,1.0,0.0,kepco_hybrid_moe_load_v1,339859.18,,339859.18,kepco_hybrid_forecast_v1
2021-06,2021,6,경기,744731.58,estimated,744731.58,1324726.59,1.0,0.0,kepco_hybrid_moe_load_v1,744731.58,,744731.58,kepco_hybrid_forecast_v1
2021-06,2021,6,경남,452379.42,estimated,452379.42,600906.9,1.0,0.0,kepco_hybrid_moe_load_v1,452379.42,,452379.42,kepco_hybrid_forecast_v1
2021-06,2021,6,경북,320070.81,estimated,320070.81,641877.83,1.0,0.0,kepco_hybrid_moe_load_v1,320070.81,,320070.81,kepco_hybrid_forecast_v1
2021-06,2021,6,광주,224550.9,estimated,224550.9,189246.66,1.0,0.0,kepco_hybrid_moe_load_v1,224550.9,,224550.9,kepco_hybrid_forecast_v1
2021-06,2021,6,대구,350499.2,estimated,350499.2,339473.38,1.0,0.0,kepco_hybrid_moe_load_v1,350499.2,,350499.2,kepco_hybrid_forecast_v1
2021-06,2021,6,대전,270035.02,estimated,270035.02,222413.59,1.0,0.0,kepco_hybrid_moe_load_v1,270035.02,,270035.02,kepco_hybrid_forecast_v1
2021-06,2021,6,부산,190391.7,estimated,190391.7,314110.43,1.0,0.0,kepco_hybrid_moe_load_v1,190391.7,,190391.7,kepco_hybrid_forecast_v1
2021-06,2021,6,서울,502184.6,estimated,502184.6,1006714.17,1.0,0.0,kepco_hybrid_moe_load_v1,502184.6,,502184.6,kepco_hybrid_forecast_v1
2021-06,2021,6,세종,83583.2,estimated,83583.2,130716.76,1.0,0.0,kepco_hybrid_moe_load_v1,83583.2,,83583.2,kepco_hybrid_forecast_v1
2021-06,2021,6,울산,49508.81,estimated,49508.81,87794.84,1.0,0.0,kepco_hybrid_moe_load_v1,49508.81,,49508.81,kepco_hybrid_forecast_v1
2021-06,2021,6,인천,222144.44,estimated,222144.44,290698.47,1.0,0.0,kepco_hybrid_moe_load_v1,222144.44,,222144.44,kepco_hybrid_forecast_v1
2021-06,2021,6,전남,389046.49,estimated,389046.49,384346.3,1.0,0.0,kepco_hybrid_moe_load_v1,389046.49,,389046.49,kepco_hybrid_forecast_v1
2021-06,2021,6,전북,172101.8,estimated,172101.8,360934.34,1.0,0.0,kepco_hybrid_moe_load_v1,172101.8,,172101.8,kepco_hybrid_forecast_v1
2021-06,2021,6,제주,516146.31,estimated,516146.31,364836.34,1.0,0.0,kepco_hybrid_moe_load_v1,516146.31,,516146.31,kepco_hybrid_forecast_v1
2021-06,2021,6,충남,162811.01,estimated,162811.01,409709.25,1.0,0.0,kepco_hybrid_moe_load_v1,162811.01,,162811.01,kepco_hybrid_forecast_v1
2021-06,2021,6,충북,224627.91,estimated,224627.91,347277.37,1.0,0.0,kepco_hybrid_moe_load_v1,224627.91,,224627.91,kepco_hybrid_forecast_v1
2021-07,2021,7,강원,438219.85,estimated,438219.85,0.0,1.0,0.0,kepco_hybrid_moe_load_v1,438219.85,,438219.85,kepco_hybrid_forecast_v1
2021-07,2021,7,경기,971718.6,estimated,971718.6,0.0,1.0,0.0,kepco_hybrid_moe_load_v1,971718.6,,971718.6,kepco_hybrid_forecast_v1
2021-07,2021,7,경남,539530.52,estimated,539530.52,0.0,1.0,0.0,kepco_hybrid_moe_load_v1,539530.52,,539530.52,kepco_hybrid_forecast_v1
2021-07,2021,7,경북,382401.23,estimated,382401.23,0.0,1.0,0.0,kepco_hybrid_moe_load_v1,382401.23,,382401.23,kepco_hybrid_forecast_v1
2021-07,2021,7,광주,263162.12,estimated,263162.12,0.0,1.0,0.0,kepco_hybrid_moe_load_v1,263162.12,,263162.12,kepco_hybrid_forecast_v1
2021-07,2021,7,대구,396005.57,estimated,396005.57,0.0,1.0,0.0,kepco_hybrid_moe_load_v1,396005.57,,396005.57,kepco_hybrid_forecast_v1
2021-07,2021,7,대전,334453.62,estimated,334453.62,0.0,1.0,0.0,kepco_hybrid_moe_load_v1,334453.62,,334453.62,kepco_hybrid_forecast_v1
2021-07,2021,7,부산,242087.07,estimated,242087.07,0.0,1.0,0.0,kepco_hybrid_moe_load_v1,242087.07,,242087.07,kepco_hybrid_forecast_v1
2021-07,2021,7,서울,675621.61,estimated,675621.61,0.0,1.0,0.0,kepco_hybrid_moe_load_v1,675621.61,,675621.61,kepco_hybrid_forecast_v1
2021-07,2021,7,세종,85117.42,estimated,85117.42,0.0,1.0,0.0,kepco_hybrid_moe_load_v1,85117.42,,85117.42,kepco_hybrid_forecast_v1
2021-07,2021,7,울산,62251.67,estimated,62251.67,0.0,1.0,0.0,kepco_hybrid_moe_load_v1,62251.67,,62251.67,kepco_hybrid_forecast_v1
2021-07,2021,7,인천,284287.75,estimated,284287.75,0.0,1.0,0.0,kepco_hybrid_moe_load_v1,284287.75,,284287.75,kepco_hybrid_forecast_v1
2021-07,2021,7,전남,451530.26,estimated,451530.26,0.0,1.0,0.0,kepco_hybrid_moe_load_v1,451530.26,,451530.26,kepco_hybrid_forecast_v1
2021-07,2021,7,전북,225576.65,estimated,225576.65,0.0,1.0,0.0,kepco_hybrid_moe_load_v1,225576.65,,225576.65,kepco_hybrid_forecast_v1
2021-07,2021,7,제주,585631.82,estimated,585631.82,0.0,1.0,0.0,kepco_hybrid_moe_load_v1,585631.82,,585631.82,kepco_hybrid_forecast_v1
2021-07,2021,7,충남,205286.36,estimated,205286.36,0.0,1.0,0.0,kepco_hybrid_moe_load_v1,205286.36,,205286.36,kepco_hybrid_forecast_v1
2021-07,2021,7,충북,274475.23,estimated,274475.23,0.0,1.0,0.0,kepco_hybrid_moe_load_v1,274475.23,,274475.23,kepco_hybrid_forecast_v1
2021-08,2021,8,강원,463754.35,estimated,463754.35,0.0,1.0,0.0,kepco_hybrid_moe_load_v1,463754.35,,463754.35,kepco_hybrid_forecast_v1
2021-08,2021,8,경기,998144.68,estimated,998144.68,0.0,1.0,0.0,kepco_hybrid_moe_load_v1,998144.68,,998144.68,kepco_hybrid_forecast_v1
2021-08,2021,8,경남,545975.19,estimated,545975.19,0.0,1.0,0.0,kepco_hybrid_moe_load_v1,545975.19,,545975.19,kepco_hybrid_forecast_v1
2021-08,2021,8,경북,401928.37,estimated,401928.37,0.0,1.0,0.0,kepco_hybrid_moe_load_v1,401928.37,,401928.37,kepco_hybrid_forecast_v1
2021-08,2021,8,광주,277107.85,estimated,277107.85,0.0,1.0,0.0,kepco_hybrid_moe_load_v1,277107.85,,277107.85,kepco_hybrid_forecast_v1
2021-08,2021,8,대구,411650.33,estimated,411650.33,0.0,1.0,0.0,kepco_hybrid_moe_load_v1,411650.33,,411650.33,kepco_hybrid_forecast_v1
2021-08,2021,8,대전,318312.08,estimated,318312.08,0.0,1.0,0.0,kepco_hybrid_moe_load_v1,318312.08,,318312.08,kepco_hybrid_forecast_v1
2021-08,2021,8,부산,233790.34,estimated,233790.34,0.0,1.0,0.0,kepco_hybrid_moe_load_v1,233790.34,,233790.34,kepco_hybrid_forecast_v1
2021-08,2021,8,서울,735076.13,estimated,735076.13,0.0,1.0,0.0,kepco_hybrid_moe_load_v1,735076.13,,735076.13,kepco_hybrid_forecast_v1
2021-08,2021,8,세종,95313.63,estimated,95313.63,0.0,1.0,0.0,kepco_hybrid_moe_load_v1,95313.63,,95313.63,kepco_hybrid_forecast_v1
2021-08,2021,8,울산,61870.79,estimated,61870.79,0.0,1.0,0.0,kepco_hybrid_moe_load_v1,61870.79,,61870.79,kepco_hybrid_forecast_v1
2021-08,2021,8,인천,286000.36,estimated,286000.36,0.0,1.0,0.0,kepco_hybrid_moe_load_v1,286000.36,,286000.36,kepco_hybrid_forecast_v1
2021-08,2021,8,전남,483017.94,estimated,483017.94,0.0,1.0,0.0,kepco_hybrid_moe_load_v1,483017.94,,483017.94,kepco_hybrid_forecast_v1
2021-08,2021,8,전북,237040.22,estimated,237040.22,0.0,1.0,0.0,kepco_hybrid_moe_load_v1,237040.22,,237040.22,kepco_hybrid_forecast_v1
2021-08,2021,8,제주,618717.15,estimated,618717.15,0.0,1.0,0.0,kepco_hybrid_moe_load_v1,618717.15,,618717.15,kepco_hybrid_forecast_v1
2021-08,2021,8,충남,215711.34,estimated,215711.34,0.0,1.0,0.0,kepco_hybrid_moe_load_v1,215711.34,,215711.34,kepco_hybrid_forecast_v1
2021-08,2021,8,충북,273349.32,estimated,273349.32,0.0,1.0,0.0,kepco_hybrid_moe_load_v1,273349.32,,273349.32,kepco_hybrid_forecast_v1
2021-09,2021,9,강원,468202.67,estimated,468202.67,0.0,1.0,0.0,kepco_hybrid_moe_load_v1,468202.67,,468202.67,kepco_hybrid_forecast_v1
2021-09,2021,9,경기,1043842.59,estimated,1043842.59,0.0,1.0,0.0,kepco_hybrid_moe_load_v1,1043842.59,,1043842.59,kepco_hybrid_forecast_v1
2021-09,2021,9,경남,561417.6,estimated,561417.6,0.0,1.0,0.0,kepco_hybrid_moe_load_v1,561417.6,,561417.6,kepco_hybrid_forecast_v1
2021-09,2021,9,경북,392097.11,estimated,392097.11,0.0,1.0,0.0,kepco_hybrid_moe_load_v1,392097.11,,392097.11,kepco_hybrid_forecast_v1
2021-09,2021,9,광주,282602.01,estimated,282602.01,0.0,1.0,0.0,kepco_hybrid_moe_load_v1,282602.01,,282602.01,kepco_hybrid_forecast_v1
2021-09,2021,9,대구,426461.19,estimated,426461.19,0.0,1.0,0.0,kepco_hybrid_moe_load_v1,426461.19,,426461.19,kepco_hybrid_forecast_v1
2021-09,2021,9,대전,332457.51,estimated,332457.51,0.0,1.0,0.0,kepco_hybrid_moe_load_v1,332457.51,,332457.51,kepco_hybrid_forecast_v1
2021-09,2021,9,부산,230544.56,estimated,230544.56,0.0,1.0,0.0,kepco_hybrid_moe_load_v1,230544.56,,230544.56,kepco_hybrid_forecast_v1
2021-09,2021,9,서울,778262.36,estimated,778262.36,0.0,1.0,0.0,kepco_hybrid_moe_load_v1,778262.36,,778262.36,kepco_hybrid_forecast_v1
2021-09,2021,9,세종,92067.09,estimated,92067.09,0.0,1.0,0.0,kepco_hybrid_moe_load_v1,92067.09,,92067.09,kepco_hybrid_forecast_v1
2021-09,2021,9,울산,61529.41,estimated,61529.41,0.0,1.0,0.0,kepco_hybrid_moe_load_v1,61529.41,,61529.41,kepco_hybrid_forecast_v1
2021-09,2021,9,인천,307039.62,estimated,307039.62,0.0,1.0,0.0,kepco_hybrid_moe_load_v1,307039.62,,307039.62,kepco_hybrid_forecast_v1
2021-09,2021,9,전남,485049.33,estimated,485049.33,0.0,1.0,0.0,kepco_hybrid_moe_load_v1,485049.33,,485049.33,kepco_hybrid_forecast_v1
2021-09,2021,9,전북,247167.24,estimated,247167.24,0.0,1.0,0.0,kepco_hybrid_moe_load_v1,247167.24,,247167.24,kepco_hybrid_forecast_v1
2021-09,2021,9,제주,588124.47,estimated,588124.47,0.0,1.0,0.0,kepco_hybrid_moe_load_v1,588124.47,,588124.47,kepco_hybrid_forecast_v1
2021-09,2021,9,충남,216127.41,estimated,216127.41,0.0,1.0,0.0,kepco_hybrid_moe_load_v1,216127.41,,216127.41,kepco_hybrid_forecast_v1
2021-09,2021,9,충북,295939.33,estimated,295939.33,0.0,1.0,0.0,kepco_hybrid_moe_load_v1,295939.33,,295939.33,kepco_hybrid_forecast_v1
2021-10,2021,10,강원,567532.74,estimated,567532.74,0.0,1.0,0.0,kepco_hybrid_moe_load_v1,567532.74,,567532.74,kepco_hybrid_forecast_v1
2021-10,2021,10,경기,1188500.85,estimated,1188500.85,0.0,1.0,0.0,kepco_hybrid_moe_load_v1,1188500.85,,1188500.85,kepco_hybrid_forecast_v1
2021-10,2021,10,경남,638455.34,estimated,638455.34,0.0,1.0,0.0,kepco_hybrid_moe_load_v1,638455.34,,638455.34,kepco_hybrid_forecast_v1
2021-10,2021,10,경북,456573.46,estimated,456573.46,0.0,1.0,0.0,kepco_hybrid_moe_load_v1,456573.46,,456573.46,kepco_hybrid_forecast_v1
2021-10,2021,10,광주,330665.85,estimated,330665.85,0.0,1.0,0.0,kepco_hybrid_moe_load_v1,330665.85,,330665.85,kepco_hybrid_forecast_v1
2021-10,2021,10,대구,497845.18,estimated,497845.18,0.0,1.0,0.0,kepco_hybrid_moe_load_v1,497845.18,,497845.18,kepco_hybrid_forecast_v1
2021-10,2021,10,대전,382492.24,estimated,382492.24,0.0,1.0,0.0,kepco_hybrid_moe_load_v1,382492.24,,382492.24,kepco_hybrid_forecast_v1
2021-10,2021,10,부산,297599.12,estimated,297599.12,0.0,1.0,0.0,kepco_hybrid_moe_load_v1,297599.12,,297599.12,kepco_hybrid_forecast_v1
2021-10,2021,10,서울,901790.36,estimated,901790.36,0.0,1.0,0.0,kepco_hybrid_moe_load_v1,901790.36,,901790.36,kepco_hybrid_forecast_v1
2021-10,2021,10,세종,106808.99,estimated,106808.99,0.0,1.0,0.0,kepco_hybrid_moe_load_v1,106808.99,,106808.99,kepco_hybrid_forecast_v1
2021-10,2021,10,울산,77801.0,estimated,77801.0,0.0,1.0,0.0,kepco_hybrid_moe_load_v1,77801.0,,77801.0,kepco_hybrid_forecast_v1
2021-10,2021,10,인천,366079.92,estimated,366079.92,0.0,1.0,0.0,kepco_hybrid_moe_load_v1,366079.92,,366079.92,kepco_hybrid_forecast_v1
2021-10,2021,10,전남,548657.35,estimated,548657.35,0.0,1.0,0.0,kepco_hybrid_moe_load_v1,548657.35,,548657.35,kepco_hybrid_forecast_v1
2021-10,2021,10,전북,289245.06,estimated,289245.06,0.0,1.0,0.0,kepco_hybrid_moe_load_v1,289245.06,,289245.06,kepco_hybrid_forecast_v1
2021-10,2021,10,제주,642311.61,estimated,642311.61,0.0,1.0,0.0,kepco_hybrid_moe_load_v1,642311.61,,642311.61,kepco_hybrid_forecast_v1
2021-10,2021,10,충남,256867.01,estimated,256867.01,0.0,1.0,0.0,kepco_hybrid_moe_load_v1,256867.01,,256867.01,kepco_hybrid_forecast_v1
2021-10,2021,10,충북,348908.82,estimated,348908.82,0.0,1.0,0.0,kepco_hybrid_moe_load_v1,348908.82,,348908.82,kepco_hybrid_forecast_v1
2021-11,2021,11,강원,635940.51,estimated,635940.51,0.0,1.0,0.0,kepco_hybrid_moe_load_v1,635940.51,,635940.51,kepco_hybrid_forecast_v1
2021-11,2021,11,경기,1397631.71,estimated,1397631.71,0.0,1.0,0.0,kepco_hybrid_moe_load_v1,1397631.71,,1397631.71,kepco_hybrid_forecast_v1
2021-11,2021,11,경남,736361.17,estimated,736361.17,0.0,1.0,0.0,kepco_hybrid_moe_load_v1,736361.17,,736361.17,kepco_hybrid_forecast_v1
2021-11,2021,11,경북,493475.18,estimated,493475.18,0.0,1.0,0.0,kepco_hybrid_moe_load_v1,493475.18,,493475.18,kepco_hybrid_forecast_v1
2021-11,2021,11,광주,358517.34,estimated,358517.34,0.0,1.0,0.0,kepco_hybrid_moe_load_v1,358517.34,,358517.34,kepco_hybrid_forecast_v1
2021-11,2021,11,대구,596097.05,estimated,596097.05,0.0,1.0,0.0,kepco_hybrid_moe_load_v1,596097.05,,596097.05,kepco_hybrid_forecast_v1
2021-11,2021,11,대전,434454.73,estimated,434454.73,0.0,1.0,0.0,kepco_hybrid_moe_load_v1,434454.73,,434454.73,kepco_hybrid_forecast_v1
2021-11,2021,11,부산,362168.19,estimated,362168.19,0.0,1.0,0.0,kepco_hybrid_moe_load_v1,362168.19,,362168.19,kepco_hybrid_forecast_v1
2021-11,2021,11,서울,1064972.84,estimated,1064972.84,0.0,1.0,0.0,kepco_hybrid_moe_load_v1,1064972.84,,1064972.84,kepco_hybrid_forecast_v1
2021-11,2021,11,세종,119206.2,estimated,119206.2,0.0,1.0,0.0,kepco_hybrid_moe_load_v1,119206.2,,119206.2,kepco_hybrid_forecast_v1
2021-11,2021,11,울산,81339.67,estimated,81339.67,0.0,1.0,0.0,kepco_hybrid_moe_load_v1,81339.67,,81339.67,kepco_hybrid_forecast_v1
2021-11,2021,11,인천,445725.88,estimated,445725.88,0.0,1.0,0.0,kepco_hybrid_moe_load_v1,445725.88,,445725.88,kepco_hybrid_forecast_v1
2021-11,2021,11,전남,596488.63,estimated,596488.63,0.0,1.0,0.0,kepco_hybrid_moe_load_v1,596488.63,,596488.63,kepco_hybrid_forecast_v1
2021-11,2021,11,전북,325896.91,estimated,325896.91,0.0,1.0,0.0,kepco_hybrid_moe_load_v1,325896.91,,325896.91,kepco_hybrid_forecast_v1
2021-11,2021,11,제주,633686.64,estimated,633686.64,0.0,1.0,0.0,kepco_hybrid_moe_load_v1,633686.64,,633686.64,kepco_hybrid_forecast_v1
2021-11,2021,11,충남,284433.19,estimated,284433.19,0.0,1.0,0.0,kepco_hybrid_moe_load_v1,284433.19,,284433.19,kepco_hybrid_forecast_v1
2021-11,2021,11,충북,397826.93,estimated,397826.93,0.0,1.0,0.0,kepco_hybrid_moe_load_v1,397826.93,,397826.93,kepco_hybrid_forecast_v1
2021-12,2021,12,강원,707836.34,estimated,707836.34,0.0,1.0,0.0,kepco_hybrid_moe_load_v1,707836.34,,707836.34,kepco_hybrid_forecast_v1
2021-12,2021,12,경기,1596824.08,estimated,1596824.08,0.0,1.0,0.0,kepco_hybrid_moe_load_v1,1596824.08,,1596824.08,kepco_hybrid_forecast_v1
2021-12,2021,12,경남,867096.27,estimated,867096.27,0.0,1.0,0.0,kepco_hybrid_moe_load_v1,867096.27,,867096.27,kepco_hybrid_forecast_v1
2021-12,2021,12,경북,537814.26,estimated,537814.26,0.0,1.0,0.0,kepco_hybrid_moe_load_v1,537814.26,,537814.26,kepco_hybrid_forecast_v1
2021-12,2021,12,광주,408742.27,estimated,408742.27,0.0,1.0,0.0,kepco_hybrid_moe_load_v1,408742.27,,408742.27,kepco_hybrid_forecast_v1
2021-12,2021,12,대구,649776.42,estimated,649776.42,0.0,1.0,0.0,kepco_hybrid_moe_load_v1,649776.42,,649776.42,kepco_hybrid_forecast_v1
2021-12,2021,12,대전,479197.91,estimated,479197.91,0.0,1.0,0.0,kepco_hybrid_moe_load_v1,479197.91,,479197.91,kepco_hybrid_forecast_v1
2021-12,2021,12,부산,437164.49,estimated,437164.49,0.0,1.0,0.0,kepco_hybrid_moe_load_v1,437164.49,,437164.49,kepco_hybrid_forecast_v1
2021-12,2021,12,서울,1269566.48,estimated,1269566.48,0.0,1.0,0.0,kepco_hybrid_moe_load_v1,1269566.48,,1269566.48,kepco_hybrid_forecast_v1
2021-12,2021,12,세종,144656.13,estimated,144656.13,0.0,1.0,0.0,kepco_hybrid_moe_load_v1,144656.13,,144656.13,kepco_hybrid_forecast_v1
2021-12,2021,12,울산,90427.12,estimated,90427.12,0.0,1.0,0.0,kepco_hybrid_moe_load_v1,90427.12,,90427.12,kepco_hybrid_forecast_v1
2021-12,2021,12,인천,507875.13,estimated,507875.13,0.0,1.0,0.0,kepco_hybrid_moe_load_v1,507875.13,,507875.13,kepco_hybrid_forecast_v1
2021-12,2021,12,전남,637978.08,estimated,637978.08,0.0,1.0,0.0,kepco_hybrid_moe_load_v1,637978.08,,637978.08,kepco_hybrid_forecast_v1
2021-12,2021,12,전북,355660.75,estimated,355660.75,0.0,1.0,0.0,kepco_hybrid_moe_load_v1,355660.75,,355660.75,kepco_hybrid_forecast_v1
2021-12,2021,12,제주,685435.62,estimated,685435.62,0.0,1.0,0.0,kepco_hybrid_moe_load_v1,685435.62,,685435.62,kepco_hybrid_forecast_v1
2021-12,2021,12,충남,308991.71,estimated,308991.71,0.0,1.0,0.0,kepco_hybrid_moe_load_v1,308991.71,,308991.71,kepco_hybrid_forecast_v1
2021-12,2021,12,충북,448809.78,estimated,448809.78,0.0,1.0,0.0,kepco_hybrid_moe_load_v1,448809.78,,448809.78,kepco_hybrid_forecast_v1
2022-01,2022,1,강원,735782.06,estimated,735782.06,340284.88,1.0,0.0,kepco_hybrid_moe_load_v1,735782.06,,735782.06,kepco_hybrid_forecast_v1
2022-01,2022,1,경기,1512076.81,estimated,1512076.81,1019471.36,1.0,0.0,kepco_hybrid_moe_load_v1,1512076.81,,1512076.81,kepco_hybrid_forecast_v1
2022-01,2022,1,경남,854368.98,estimated,854368.98,452329.9,1.0,0.0,kepco_hybrid_moe_load_v1,854368.98,,854368.98,kepco_hybrid_forecast_v1
2022-01,2022,1,경북,533314.74,estimated,533314.74,484145.15,1.0,0.0,kepco_hybrid_moe_load_v1,533314.74,,533314.74,kepco_hybrid_forecast_v1
2022-01,2022,1,광주,386362.02,estimated,386362.02,138327.19,1.0,0.0,kepco_hybrid_moe_load_v1,386362.02,,386362.02,kepco_hybrid_forecast_v1
2022-01,2022,1,대구,621844.95,estimated,621844.95,248988.93,1.0,0.0,kepco_hybrid_moe_load_v1,621844.95,,621844.95,kepco_hybrid_forecast_v1
2022-01,2022,1,대전,444966.51,estimated,444966.51,159076.26,1.0,0.0,kepco_hybrid_moe_load_v1,444966.51,,444966.51,kepco_hybrid_forecast_v1
2022-01,2022,1,부산,424917.79,estimated,424917.79,246222.39,1.0,0.0,kepco_hybrid_moe_load_v1,424917.79,,424917.79,kepco_hybrid_forecast_v1
2022-01,2022,1,서울,1246009.15,estimated,1246009.15,728984.27,1.0,0.0,kepco_hybrid_moe_load_v1,1246009.15,,1246009.15,kepco_hybrid_forecast_v1
2022-01,2022,1,세종,137369.41,estimated,137369.41,95445.76,1.0,0.0,kepco_hybrid_moe_load_v1,137369.41,,137369.41,kepco_hybrid_forecast_v1
2022-01,2022,1,울산,101036.92,estimated,101036.92,65013.78,1.0,0.0,kepco_hybrid_moe_load_v1,101036.92,,101036.92,kepco_hybrid_forecast_v1
2022-01,2022,1,인천,466015.81,estimated,466015.81,232389.67,1.0,0.0,kepco_hybrid_moe_load_v1,466015.81,,466015.81,kepco_hybrid_forecast_v1
2022-01,2022,1,전남,619721.76,estimated,619721.76,354117.6,1.0,0.0,kepco_hybrid_moe_load_v1,619721.76,,619721.76,kepco_hybrid_forecast_v1
2022-01,2022,1,전북,342827.64,estimated,342827.64,265588.2,1.0,0.0,kepco_hybrid_moe_load_v1,342827.64,,342827.64,kepco_hybrid_forecast_v1
2022-01,2022,1,제주,701667.98,estimated,701667.98,266971.47,1.0,0.0,kepco_hybrid_moe_load_v1,701667.98,,701667.98,kepco_hybrid_forecast_v1
2022-01,2022,1,충남,297951.96,estimated,297951.96,291870.36,1.0,0.0,kepco_hybrid_moe_load_v1,297951.96,,297951.96,kepco_hybrid_forecast_v1
2022-01,2022,1,충북,407391.68,estimated,407391.68,254522.02,1.0,0.0,kepco_hybrid_moe_load_v1,407391.68,,407391.68,kepco_hybrid_forecast_v1
2022-02,2022,2,강원,582340.96,estimated,582340.96,294390.63,1.0,0.0,kepco_hybrid_moe_load_v1,582340.96,,582340.96,kepco_hybrid_forecast_v1
2022-02,2022,2,경기,1339006.79,estimated,1339006.79,881975.18,1.0,0.0,kepco_hybrid_moe_load_v1,1339006.79,,1339006.79,kepco_hybrid_forecast_v1
2022-02,2022,2,경남,754329.5,estimated,754329.5,391324.13,1.0,0.0,kepco_hybrid_moe_load_v1,754329.5,,754329.5,kepco_hybrid_forecast_v1
2022-02,2022,2,경북,444720.33,estimated,444720.33,418848.46,1.0,0.0,kepco_hybrid_moe_load_v1,444720.33,,444720.33,kepco_hybrid_forecast_v1
2022-02,2022,2,광주,315505.03,estimated,315505.03,119670.99,1.0,0.0,kepco_hybrid_moe_load_v1,315505.03,,315505.03,kepco_hybrid_forecast_v1
2022-02,2022,2,대구,526328.69,estimated,526328.69,215407.78,1.0,0.0,kepco_hybrid_moe_load_v1,526328.69,,526328.69,kepco_hybrid_forecast_v1
2022-02,2022,2,대전,361386.57,estimated,361386.57,137621.64,1.0,0.0,kepco_hybrid_moe_load_v1,361386.57,,361386.57,kepco_hybrid_forecast_v1
2022-02,2022,2,부산,352172.32,estimated,352172.32,213014.36,1.0,0.0,kepco_hybrid_moe_load_v1,352172.32,,352172.32,kepco_hybrid_forecast_v1
2022-02,2022,2,서울,1022648.88,estimated,1022648.88,630666.11,1.0,0.0,kepco_hybrid_moe_load_v1,1022648.88,,1022648.88,kepco_hybrid_forecast_v1
2022-02,2022,2,세종,119786.6,estimated,119786.6,82572.98,1.0,0.0,kepco_hybrid_moe_load_v1,119786.6,,119786.6,kepco_hybrid_forecast_v1
2022-02,2022,2,울산,86737.23,estimated,86737.23,56245.36,1.0,0.0,kepco_hybrid_moe_load_v1,86737.23,,86737.23,kepco_hybrid_forecast_v1
2022-02,2022,2,인천,373076.67,estimated,373076.67,201047.26,1.0,0.0,kepco_hybrid_moe_load_v1,373076.67,,373076.67,kepco_hybrid_forecast_v1
2022-02,2022,2,전남,538743.62,estimated,538743.62,306357.73,1.0,0.0,kepco_hybrid_moe_load_v1,538743.62,,538743.62,kepco_hybrid_forecast_v1
2022-02,2022,2,전북,279739.07,estimated,279739.07,229768.3,1.0,0.0,kepco_hybrid_moe_load_v1,279739.07,,279739.07,kepco_hybrid_forecast_v1
2022-02,2022,2,제주,590449.6,estimated,590449.6,230965.01,1.0,0.0,kepco_hybrid_moe_load_v1,590449.6,,590449.6,kepco_hybrid_forecast_v1
2022-02,2022,2,충남,259731.68,estimated,259731.68,252505.78,1.0,0.0,kepco_hybrid_moe_load_v1,259731.68,,259731.68,kepco_hybrid_forecast_v1
2022-02,2022,2,충북,347639.33,estimated,347639.33,220194.62,1.0,0.0,kepco_hybrid_moe_load_v1,347639.33,,347639.33,kepco_hybrid_forecast_v1
2022-03,2022,3,강원,617877.62,estimated,617877.62,303193.21,1.0,0.0,kepco_hybrid_moe_load_v1,617877.62,,617877.62,kepco_hybrid_forecast_v1
2022-03,2022,3,경기,1614848.37,estimated,1614848.37,908347.13,1.0,0.0,kepco_hybrid_moe_load_v1,1614848.37,,1614848.37,kepco_hybrid_forecast_v1
2022-03,2022,3,경남,934594.26,estimated,934594.26,403025.12,1.0,0.0,kepco_hybrid_moe_load_v1,934594.26,,934594.26,kepco_hybrid_forecast_v1
2022-03,2022,3,경북,536329.17,estimated,536329.17,431372.45,1.0,0.0,kepco_hybrid_moe_load_v1,536329.17,,536329.17,kepco_hybrid_forecast_v1
2022-03,2022,3,광주,421743.58,estimated,421743.58,123249.27,1.0,0.0,kepco_hybrid_moe_load_v1,421743.58,,421743.58,kepco_hybrid_forecast_v1
2022-03,2022,3,대구,600276.1,estimated,600276.1,221848.69,1.0,0.0,kepco_hybrid_moe_load_v1,600276.1,,600276.1,kepco_hybrid_forecast_v1
2022-03,2022,3,대전,416215.87,estimated,416215.87,141736.66,1.0,0.0,kepco_hybrid_moe_load_v1,416215.87,,416215.87,kepco_hybrid_forecast_v1
2022-03,2022,3,부산,425632.64,estimated,425632.64,219383.7,1.0,0.0,kepco_hybrid_moe_load_v1,425632.64,,425632.64,kepco_hybrid_forecast_v1
2022-03,2022,3,서울,1068250.17,estimated,1068250.17,649523.66,1.0,0.0,kepco_hybrid_moe_load_v1,1068250.17,,1068250.17,kepco_hybrid_forecast_v1
2022-03,2022,3,세종,133988.34,estimated,133988.34,85042.0,1.0,0.0,kepco_hybrid_moe_load_v1,133988.34,,133988.34,kepco_hybrid_forecast_v1
2022-03,2022,3,울산,122838.33,estimated,122838.33,57927.16,1.0,0.0,kepco_hybrid_moe_load_v1,122838.33,,122838.33,kepco_hybrid_forecast_v1
2022-03,2022,3,인천,492057.7,estimated,492057.7,207058.78,1.0,0.0,kepco_hybrid_moe_load_v1,492057.7,,492057.7,kepco_hybrid_forecast_v1
2022-03,2022,3,전남,735972.55,estimated,735972.55,315518.14,1.0,0.0,kepco_hybrid_moe_load_v1,735972.55,,735972.55,kepco_hybrid_forecast_v1
2022-03,2022,3,전북,355744.32,estimated,355744.32,236638.6,1.0,0.0,kepco_hybrid_moe_load_v1,355744.32,,355744.32,kepco_hybrid_forecast_v1
2022-03,2022,3,제주,674518.86,estimated,674518.86,237871.09,1.0,0.0,kepco_hybrid_moe_load_v1,674518.86,,674518.86,kepco_hybrid_forecast_v1
2022-03,2022,3,충남,307156.43,estimated,307156.43,260055.96,1.0,0.0,kepco_hybrid_moe_load_v1,307156.43,,307156.43,kepco_hybrid_forecast_v1
2022-03,2022,3,충북,438119.41,estimated,438119.41,226778.66,1.0,0.0,kepco_hybrid_moe_load_v1,438119.41,,438119.41,kepco_hybrid_forecast_v1
2022-04,2022,4,강원,732814.75,estimated,732814.75,323995.36,1.0,0.0,kepco_hybrid_moe_load_v1,732814.75,,732814.75,kepco_hybrid_forecast_v1
2022-04,2022,4,경기,1826401.07,estimated,1826401.07,970669.02,1.0,0.0,kepco_hybrid_moe_load_v1,1826401.07,,1826401.07,kepco_hybrid_forecast_v1
2022-04,2022,4,경남,1028319.75,estimated,1028319.75,430676.76,1.0,0.0,kepco_hybrid_moe_load_v1,1028319.75,,1028319.75,kepco_hybrid_forecast_v1
2022-04,2022,4,경북,611532.13,estimated,611532.13,460969.01,1.0,0.0,kepco_hybrid_moe_load_v1,611532.13,,611532.13,kepco_hybrid_forecast_v1
2022-04,2022,4,광주,426699.51,estimated,426699.51,131705.43,1.0,0.0,kepco_hybrid_moe_load_v1,426699.51,,426699.51,kepco_hybrid_forecast_v1
2022-04,2022,4,대구,621114.23,estimated,621114.23,237069.77,1.0,0.0,kepco_hybrid_moe_load_v1,621114.23,,621114.23,kepco_hybrid_forecast_v1
2022-04,2022,4,대전,448809.18,estimated,448809.18,151461.24,1.0,0.0,kepco_hybrid_moe_load_v1,448809.18,,448809.18,kepco_hybrid_forecast_v1
2022-04,2022,4,부산,441990.18,estimated,441990.18,234435.67,1.0,0.0,kepco_hybrid_moe_load_v1,441990.18,,441990.18,kepco_hybrid_forecast_v1
2022-04,2022,4,서울,1208066.72,estimated,1208066.72,694087.62,1.0,0.0,kepco_hybrid_moe_load_v1,1208066.72,,1208066.72,kepco_hybrid_forecast_v1
2022-04,2022,4,세종,159022.57,estimated,159022.57,90876.75,1.0,0.0,kepco_hybrid_moe_load_v1,159022.57,,159022.57,kepco_hybrid_forecast_v1
2022-04,2022,4,울산,143031.26,estimated,143031.26,61901.55,1.0,0.0,kepco_hybrid_moe_load_v1,143031.26,,143031.26,kepco_hybrid_forecast_v1
2022-04,2022,4,인천,542434.97,estimated,542434.97,221265.12,1.0,0.0,kepco_hybrid_moe_load_v1,542434.97,,542434.97,kepco_hybrid_forecast_v1
2022-04,2022,4,전남,848643.98,estimated,848643.98,337165.9,1.0,0.0,kepco_hybrid_moe_load_v1,848643.98,,848643.98,kepco_hybrid_forecast_v1
2022-04,2022,4,전북,406189.78,estimated,406189.78,252874.43,1.0,0.0,kepco_hybrid_moe_load_v1,406189.78,,406189.78,kepco_hybrid_forecast_v1
2022-04,2022,4,제주,683775.26,estimated,683775.26,254191.48,1.0,0.0,kepco_hybrid_moe_load_v1,683775.26,,683775.26,kepco_hybrid_forecast_v1
2022-04,2022,4,충남,348197.01,estimated,348197.01,277898.46,1.0,0.0,kepco_hybrid_moe_load_v1,348197.01,,348197.01,kepco_hybrid_forecast_v1
2022-04,2022,4,충북,487798.38,estimated,487798.38,242337.99,1.0,0.0,kepco_hybrid_moe_load_v1,487798.38,,487798.38,kepco_hybrid_forecast_v1
2022-05,2022,5,강원,837179.17,estimated,837179.17,347811.23,1.0,0.0,kepco_hybrid_moe_load_v1,837179.17,,837179.17,kepco_hybrid_forecast_v1
2022-05,2022,5,경기,2035787.52,estimated,2035787.52,1042019.82,1.0,0.0,kepco_hybrid_moe_load_v1,2035787.52,,2035787.52,kepco_hybrid_forecast_v1
2022-05,2022,5,경남,1179310.27,estimated,1179310.27,462334.44,1.0,0.0,kepco_hybrid_moe_load_v1,1179310.27,,1179310.27,kepco_hybrid_forecast_v1
2022-05,2022,5,경북,702767.59,estimated,702767.59,494853.37,1.0,0.0,kepco_hybrid_moe_load_v1,702767.59,,702767.59,kepco_hybrid_forecast_v1
2022-05,2022,5,광주,498657.5,estimated,498657.5,141386.68,1.0,0.0,kepco_hybrid_moe_load_v1,498657.5,,498657.5,kepco_hybrid_forecast_v1
2022-05,2022,5,대구,702509.51,estimated,702509.51,254496.02,1.0,0.0,kepco_hybrid_moe_load_v1,702509.51,,702509.51,kepco_hybrid_forecast_v1
2022-05,2022,5,대전,531875.47,estimated,531875.47,162594.68,1.0,0.0,kepco_hybrid_moe_load_v1,531875.47,,531875.47,kepco_hybrid_forecast_v1
2022-05,2022,5,부산,515161.2,estimated,515161.2,251668.29,1.0,0.0,kepco_hybrid_moe_load_v1,515161.2,,515161.2,kepco_hybrid_forecast_v1
2022-05,2022,5,서울,1381638.32,estimated,1381638.32,745107.79,1.0,0.0,kepco_hybrid_moe_load_v1,1381638.32,,1381638.32,kepco_hybrid_forecast_v1
2022-05,2022,5,세종,194301.92,estimated,194301.92,97556.81,1.0,0.0,kepco_hybrid_moe_load_v1,194301.92,,194301.92,kepco_hybrid_forecast_v1
2022-05,2022,5,울산,166545.9,estimated,166545.9,66451.74,1.0,0.0,kepco_hybrid_moe_load_v1,166545.9,,166545.9,kepco_hybrid_forecast_v1
2022-05,2022,5,인천,629895.22,estimated,629895.22,237529.62,1.0,0.0,kepco_hybrid_moe_load_v1,629895.22,,629895.22,kepco_hybrid_forecast_v1
2022-05,2022,5,전남,948432.87,estimated,948432.87,361949.9,1.0,0.0,kepco_hybrid_moe_load_v1,948432.87,,948432.87,kepco_hybrid_forecast_v1
2022-05,2022,5,전북,433743.87,estimated,433743.87,271462.42,1.0,0.0,kepco_hybrid_moe_load_v1,433743.87,,433743.87,kepco_hybrid_forecast_v1
2022-05,2022,5,제주,724189.65,estimated,724189.65,272876.29,1.0,0.0,kepco_hybrid_moe_load_v1,724189.65,,724189.65,kepco_hybrid_forecast_v1
2022-05,2022,5,충남,387532.15,estimated,387532.15,298325.89,1.0,0.0,kepco_hybrid_moe_load_v1,387532.15,,387532.15,kepco_hybrid_forecast_v1
2022-05,2022,5,충북,536278.31,estimated,536278.31,260151.49,1.0,0.0,kepco_hybrid_moe_load_v1,536278.31,,536278.31,kepco_hybrid_forecast_v1
2022-06,2022,6,강원,874326.36,estimated,874326.36,727266.55,1.0,0.0,kepco_hybrid_moe_load_v1,874326.36,,874326.36,kepco_hybrid_forecast_v1
2022-06,2022,6,경기,2113566.61,estimated,2113566.61,2178843.29,1.0,0.0,kepco_hybrid_moe_load_v1,2113566.61,,2113566.61,kepco_hybrid_forecast_v1
2022-06,2022,6,경남,1186282.75,estimated,1186282.75,966732.37,1.0,0.0,kepco_hybrid_moe_load_v1,1186282.75,,1186282.75,kepco_hybrid_forecast_v1
2022-06,2022,6,경북,724393.82,estimated,724393.82,1034728.83,1.0,0.0,kepco_hybrid_moe_load_v1,724393.82,,724393.82,kepco_hybrid_forecast_v1
2022-06,2022,6,광주,515357.27,estimated,515357.27,295636.81,1.0,0.0,kepco_hybrid_moe_load_v1,515357.27,,515357.27,kepco_hybrid_forecast_v1
2022-06,2022,6,대구,763529.84,estimated,763529.84,532146.26,1.0,0.0,kepco_hybrid_moe_load_v1,763529.84,,763529.84,kepco_hybrid_forecast_v1
2022-06,2022,6,대전,570995.09,estimated,570995.09,339982.33,1.0,0.0,kepco_hybrid_moe_load_v1,570995.09,,570995.09,kepco_hybrid_forecast_v1
2022-06,2022,6,부산,531955.89,estimated,531955.89,526233.52,1.0,0.0,kepco_hybrid_moe_load_v1,531955.89,,531955.89,kepco_hybrid_forecast_v1
2022-06,2022,6,서울,1458595.25,estimated,1458595.25,1558005.99,1.0,0.0,kepco_hybrid_moe_load_v1,1458595.25,,1458595.25,kepco_hybrid_forecast_v1
2022-06,2022,6,세종,178662.65,estimated,178662.65,203989.4,1.0,0.0,kepco_hybrid_moe_load_v1,178662.65,,178662.65,kepco_hybrid_forecast_v1
2022-06,2022,6,울산,178440.2,estimated,178440.2,138949.3,1.0,0.0,kepco_hybrid_moe_load_v1,178440.2,,178440.2,kepco_hybrid_forecast_v1
2022-06,2022,6,인천,634801.33,estimated,634801.33,496669.84,1.0,0.0,kepco_hybrid_moe_load_v1,634801.33,,634801.33,kepco_hybrid_forecast_v1
2022-06,2022,6,전남,961150.94,estimated,961150.94,756830.23,1.0,0.0,kepco_hybrid_moe_load_v1,961150.94,,961150.94,kepco_hybrid_forecast_v1
2022-06,2022,6,전북,455686.25,estimated,455686.25,567622.68,1.0,0.0,kepco_hybrid_moe_load_v1,455686.25,,455686.25,kepco_hybrid_forecast_v1
2022-06,2022,6,제주,772792.09,estimated,772792.09,570579.04,1.0,0.0,kepco_hybrid_moe_load_v1,772792.09,,772792.09,kepco_hybrid_forecast_v1
2022-06,2022,6,충남,395584.46,estimated,395584.46,623793.67,1.0,0.0,kepco_hybrid_moe_load_v1,395584.46,,395584.46,kepco_hybrid_forecast_v1
2022-06,2022,6,충북,543938.84,estimated,543938.84,543971.73,1.0,0.0,kepco_hybrid_moe_load_v1,543938.84,,543938.84,kepco_hybrid_forecast_v1
2022-07,2022,7,강원,1046166.74,estimated,1046166.74,0.0,1.0,0.0,kepco_hybrid_moe_load_v1,1046166.74,,1046166.74,kepco_hybrid_forecast_v1
2022-07,2022,7,경기,2445860.48,estimated,2445860.48,0.0,1.0,0.0,kepco_hybrid_moe_load_v1,2445860.48,,2445860.48,kepco_hybrid_forecast_v1
2022-07,2022,7,경남,1378988.88,estimated,1378988.88,0.0,1.0,0.0,kepco_hybrid_moe_load_v1,1378988.88,,1378988.88,kepco_hybrid_forecast_v1
2022-07,2022,7,경북,826444.61,estimated,826444.61,0.0,1.0,0.0,kepco_hybrid_moe_load_v1,826444.61,,826444.61,kepco_hybrid_forecast_v1
2022-07,2022,7,광주,586083.95,estimated,586083.95,0.0,1.0,0.0,kepco_hybrid_moe_load_v1,586083.95,,586083.95,kepco_hybrid_forecast_v1
2022-07,2022,7,대구,897831.88,estimated,897831.88,0.0,1.0,0.0,kepco_hybrid_moe_load_v1,897831.88,,897831.88,kepco_hybrid_forecast_v1
2022-07,2022,7,대전,643985.5,estimated,643985.5,0.0,1.0,0.0,kepco_hybrid_moe_load_v1,643985.5,,643985.5,kepco_hybrid_forecast_v1
2022-07,2022,7,부산,625285.83,estimated,625285.83,0.0,1.0,0.0,kepco_hybrid_moe_load_v1,625285.83,,625285.83,kepco_hybrid_forecast_v1
2022-07,2022,7,서울,1684603.2,estimated,1684603.2,0.0,1.0,0.0,kepco_hybrid_moe_load_v1,1684603.2,,1684603.2,kepco_hybrid_forecast_v1
2022-07,2022,7,세종,193150.83,estimated,193150.83,0.0,1.0,0.0,kepco_hybrid_moe_load_v1,193150.83,,193150.83,kepco_hybrid_forecast_v1
2022-07,2022,7,울산,205287.46,estimated,205287.46,0.0,1.0,0.0,kepco_hybrid_moe_load_v1,205287.46,,205287.46,kepco_hybrid_forecast_v1
2022-07,2022,7,인천,785829.51,estimated,785829.51,0.0,1.0,0.0,kepco_hybrid_moe_load_v1,785829.51,,785829.51,kepco_hybrid_forecast_v1
2022-07,2022,7,전남,1110373.22,estimated,1110373.22,0.0,1.0,0.0,kepco_hybrid_moe_load_v1,1110373.22,,1110373.22,kepco_hybrid_forecast_v1
2022-07,2022,7,전북,519492.49,estimated,519492.49,0.0,1.0,0.0,kepco_hybrid_moe_load_v1,519492.49,,519492.49,kepco_hybrid_forecast_v1
2022-07,2022,7,제주,901299.44,estimated,901299.44,0.0,1.0,0.0,kepco_hybrid_moe_load_v1,901299.44,,901299.44,kepco_hybrid_forecast_v1
2022-07,2022,7,충남,448517.36,estimated,448517.36,0.0,1.0,0.0,kepco_hybrid_moe_load_v1,448517.36,,448517.36,kepco_hybrid_forecast_v1
2022-07,2022,7,충북,660148.99,estimated,660148.99,0.0,1.0,0.0,kepco_hybrid_moe_load_v1,660148.99,,660148.99,kepco_hybrid_forecast_v1
2022-08,2022,8,강원,1146463.55,estimated,1146463.55,0.0,1.0,0.0,kepco_hybrid_moe_load_v1,1146463.55,,1146463.55,kepco_hybrid_forecast_v1
2022-08,2022,8,경기,2408426.56,estimated,2408426.56,0.0,1.0,0.0,kepco_hybrid_moe_load_v1,2408426.56,,2408426.56,kepco_hybrid_forecast_v1
2022-08,2022,8,경남,1438164.63,estimated,1438164.63,0.0,1.0,0.0,kepco_hybrid_moe_load_v1,1438164.63,,1438164.63,kepco_hybrid_forecast_v1
2022-08,2022,8,경북,868331.65,estimated,868331.65,0.0,1.0,0.0,kepco_hybrid_moe_load_v1,868331.65,,868331.65,kepco_hybrid_forecast_v1
2022-08,2022,8,광주,605820.45,estimated,605820.45,0.0,1.0,0.0,kepco_hybrid_moe_load_v1,605820.45,,605820.45,kepco_hybrid_forecast_v1
2022-08,2022,8,대구,916225.11,estimated,916225.11,0.0,1.0,0.0,kepco_hybrid_moe_load_v1,916225.11,,916225.11,kepco_hybrid_forecast_v1
2022-08,2022,8,대전,635393.95,estimated,635393.95,0.0,1.0,0.0,kepco_hybrid_moe_load_v1,635393.95,,635393.95,kepco_hybrid_forecast_v1
2022-08,2022,8,부산,668895.12,estimated,668895.12,0.0,1.0,0.0,kepco_hybrid_moe_load_v1,668895.12,,668895.12,kepco_hybrid_forecast_v1
2022-08,2022,8,서울,1686094.7,estimated,1686094.7,0.0,1.0,0.0,kepco_hybrid_moe_load_v1,1686094.7,,1686094.7,kepco_hybrid_forecast_v1
2022-08,2022,8,세종,205210.24,estimated,205210.24,0.0,1.0,0.0,kepco_hybrid_moe_load_v1,205210.24,,205210.24,kepco_hybrid_forecast_v1
2022-08,2022,8,울산,213014.99,estimated,213014.99,0.0,1.0,0.0,kepco_hybrid_moe_load_v1,213014.99,,213014.99,kepco_hybrid_forecast_v1
2022-08,2022,8,인천,795427.98,estimated,795427.98,0.0,1.0,0.0,kepco_hybrid_moe_load_v1,795427.98,,795427.98,kepco_hybrid_forecast_v1
2022-08,2022,8,전남,1171878.32,estimated,1171878.32,0.0,1.0,0.0,kepco_hybrid_moe_load_v1,1171878.32,,1171878.32,kepco_hybrid_forecast_v1
2022-08,2022,8,전북,570000.02,estimated,570000.02,0.0,1.0,0.0,kepco_hybrid_moe_load_v1,570000.02,,570000.02,kepco_hybrid_forecast_v1
2022-08,2022,8,제주,1040519.92,estimated,1040519.92,0.0,1.0,0.0,kepco_hybrid_moe_load_v1,1040519.92,,1040519.92,kepco_hybrid_forecast_v1
2022-08,2022,8,충남,467491.27,estimated,467491.27,0.0,1.0,0.0,kepco_hybrid_moe_load_v1,467491.27,,467491.27,kepco_hybrid_forecast_v1
2022-08,2022,8,충북,720569.86,estimated,720569.86,0.0,1.0,0.0,kepco_hybrid_moe_load_v1,720569.86,,720569.86,kepco_hybrid_forecast_v1
2022-09,2022,9,강원,990284.48,estimated,990284.48,0.0,1.0,0.0,kepco_hybrid_moe_load_v1,990284.48,,990284.48,kepco_hybrid_forecast_v1
2022-09,2022,9,경기,2291524.96,estimated,2291524.96,0.0,1.0,0.0,kepco_hybrid_moe_load_v1,2291524.96,,2291524.96,kepco_hybrid_forecast_v1
2022-09,2022,9,경남,1328223.24,estimated,1328223.24,0.0,1.0,0.0,kepco_hybrid_moe_load_v1,1328223.24,,1328223.24,kepco_hybrid_forecast_v1
2022-09,2022,9,경북,835989.89,estimated,835989.89,0.0,1.0,0.0,kepco_hybrid_moe_load_v1,835989.89,,835989.89,kepco_hybrid_forecast_v1
2022-09,2022,9,광주,579305.91,estimated,579305.91,0.0,1.0,0.0,kepco_hybrid_moe_load_v1,579305.91,,579305.91,kepco_hybrid_forecast_v1
2022-09,2022,9,대구,871138.41,estimated,871138.41,0.0,1.0,0.0,kepco_hybrid_moe_load_v1,871138.41,,871138.41,kepco_hybrid_forecast_v1
2022-09,2022,9,대전,607495.58,estimated,607495.58,0.0,1.0,0.0,kepco_hybrid_moe_load_v1,607495.58,,607495.58,kepco_hybrid_forecast_v1
2022-09,2022,9,부산,631932.37,estimated,631932.37,0.0,1.0,0.0,kepco_hybrid_moe_load_v1,631932.37,,631932.37,kepco_hybrid_forecast_v1
2022-09,2022,9,서울,1564299.66,estimated,1564299.66,0.0,1.0,0.0,kepco_hybrid_moe_load_v1,1564299.66,,1564299.66,kepco_hybrid_forecast_v1
2022-09,2022,9,세종,181121.25,estimated,181121.25,0.0,1.0,0.0,kepco_hybrid_moe_load_v1,181121.25,,181121.25,kepco_hybrid_forecast_v1
2022-09,2022,9,울산,191917.57,estimated,191917.57,0.0,1.0,0.0,kepco_hybrid_moe_load_v1,191917.57,,191917.57,kepco_hybrid_forecast_v1
2022-09,2022,9,인천,736915.68,estimated,736915.68,0.0,1.0,0.0,kepco_hybrid_moe_load_v1,736915.68,,736915.68,kepco_hybrid_forecast_v1
2022-09,2022,9,전남,1031718.32,estimated,1031718.32,0.0,1.0,0.0,kepco_hybrid_moe_load_v1,1031718.32,,1031718.32,kepco_hybrid_forecast_v1
2022-09,2022,9,전북,589142.46,estimated,589142.46,0.0,1.0,0.0,kepco_hybrid_moe_load_v1,589142.46,,589142.46,kepco_hybrid_forecast_v1
2022-09,2022,9,제주,777044.49,estimated,777044.49,0.0,1.0,0.0,kepco_hybrid_moe_load_v1,777044.49,,777044.49,kepco_hybrid_forecast_v1
2022-09,2022,9,충남,466977.99,estimated,466977.99,0.0,1.0,0.0,kepco_hybrid_moe_load_v1,466977.99,,466977.99,kepco_hybrid_forecast_v1
2022-09,2022,9,충북,705278.05,estimated,705278.05,0.0,1.0,0.0,kepco_hybrid_moe_load_v1,705278.05,,705278.05,kepco_hybrid_forecast_v1
2022-10,2022,10,강원,1184733.4,estimated,1184733.4,0.0,1.0,0.0,kepco_hybrid_moe_load_v1,1184733.4,,1184733.4,kepco_hybrid_forecast_v1
2022-10,2022,10,경기,2566426.5,estimated,2566426.5,0.0,1.0,0.0,kepco_hybrid_moe_load_v1,2566426.5,,2566426.5,kepco_hybrid_forecast_v1
2022-10,2022,10,경남,1497547.37,estimated,1497547.37,0.0,1.0,0.0,kepco_hybrid_moe_load_v1,1497547.37,,1497547.37,kepco_hybrid_forecast_v1
2022-10,2022,10,경북,994602.71,estimated,994602.71,0.0,1.0,0.0,kepco_hybrid_moe_load_v1,994602.71,,994602.71,kepco_hybrid_forecast_v1
2022-10,2022,10,광주,618922.22,estimated,618922.22,0.0,1.0,0.0,kepco_hybrid_moe_load_v1,618922.22,,618922.22,kepco_hybrid_forecast_v1
2022-10,2022,10,대구,934202.94,estimated,934202.94,0.0,1.0,0.0,kepco_hybrid_moe_load_v1,934202.94,,934202.94,kepco_hybrid_forecast_v1
2022-10,2022,10,대전,667827.91,estimated,667827.91,0.0,1.0,0.0,kepco_hybrid_moe_load_v1,667827.91,,667827.91,kepco_hybrid_forecast_v1
2022-10,2022,10,부산,680440.83,estimated,680440.83,0.0,1.0,0.0,kepco_hybrid_moe_load_v1,680440.83,,680440.83,kepco_hybrid_forecast_v1
2022-10,2022,10,서울,1665965.75,estimated,1665965.75,0.0,1.0,0.0,kepco_hybrid_moe_load_v1,1665965.75,,1665965.75,kepco_hybrid_forecast_v1
2022-10,2022,10,세종,201638.03,estimated,201638.03,0.0,1.0,0.0,kepco_hybrid_moe_load_v1,201638.03,,201638.03,kepco_hybrid_forecast_v1
2022-10,2022,10,울산,223773.13,estimated,223773.13,0.0,1.0,0.0,kepco_hybrid_moe_load_v1,223773.13,,223773.13,kepco_hybrid_forecast_v1
2022-10,2022,10,인천,829289.39,estimated,829289.39,0.0,1.0,0.0,kepco_hybrid_moe_load_v1,829289.39,,829289.39,kepco_hybrid_forecast_v1
2022-10,2022,10,전남,1192846.54,estimated,1192846.54,0.0,1.0,0.0,kepco_hybrid_moe_load_v1,1192846.54,,1192846.54,kepco_hybrid_forecast_v1
2022-10,2022,10,전북,647957.78,estimated,647957.78,0.0,1.0,0.0,kepco_hybrid_moe_load_v1,647957.78,,647957.78,kepco_hybrid_forecast_v1
2022-10,2022,10,제주,939769.81,estimated,939769.81,0.0,1.0,0.0,kepco_hybrid_moe_load_v1,939769.81,,939769.81,kepco_hybrid_forecast_v1
2022-10,2022,10,충남,540875.34,estimated,540875.34,0.0,1.0,0.0,kepco_hybrid_moe_load_v1,540875.34,,540875.34,kepco_hybrid_forecast_v1
2022-10,2022,10,충북,832093.96,estimated,832093.96,0.0,1.0,0.0,kepco_hybrid_moe_load_v1,832093.96,,832093.96,kepco_hybrid_forecast_v1
2022-11,2022,11,강원,1115049.92,estimated,1115049.92,0.0,1.0,0.0,kepco_hybrid_moe_load_v1,1115049.92,,1115049.92,kepco_hybrid_forecast_v1
2022-11,2022,11,경기,2669082.05,estimated,2669082.05,0.0,1.0,0.0,kepco_hybrid_moe_load_v1,2669082.05,,2669082.05,kepco_hybrid_forecast_v1
2022-11,2022,11,경남,1486752.09,estimated,1486752.09,0.0,1.0,0.0,kepco_hybrid_moe_load_v1,1486752.09,,1486752.09,kepco_hybrid_forecast_v1
2022-11,2022,11,경북,1015962.73,estimated,1015962.73,0.0,1.0,0.0,kepco_hybrid_moe_load_v1,1015962.73,,1015962.73,kepco_hybrid_forecast_v1
2022-11,2022,11,광주,612562.01,estimated,612562.01,0.0,1.0,0.0,kepco_hybrid_moe_load_v1,612562.01,,612562.01,kepco_hybrid_forecast_v1
2022-11,2022,11,대구,961245.09,estimated,961245.09,0.0,1.0,0.0,kepco_hybrid_moe_load_v1,961245.09,,961245.09,kepco_hybrid_forecast_v1
2022-11,2022,11,대전,736178.76,estimated,736178.76,0.0,1.0,0.0,kepco_hybrid_moe_load_v1,736178.76,,736178.76,kepco_hybrid_forecast_v1
2022-11,2022,11,부산,697099.4,estimated,697099.4,0.0,1.0,0.0,kepco_hybrid_moe_load_v1,697099.4,,697099.4,kepco_hybrid_forecast_v1
2022-11,2022,11,서울,1741773.36,estimated,1741773.36,0.0,1.0,0.0,kepco_hybrid_moe_load_v1,1741773.36,,1741773.36,kepco_hybrid_forecast_v1
2022-11,2022,11,세종,190737.82,estimated,190737.82,0.0,1.0,0.0,kepco_hybrid_moe_load_v1,190737.82,,190737.82,kepco_hybrid_forecast_v1
2022-11,2022,11,울산,216404.49,estimated,216404.49,0.0,1.0,0.0,kepco_hybrid_moe_load_v1,216404.49,,216404.49,kepco_hybrid_forecast_v1
2022-11,2022,11,인천,844545.16,estimated,844545.16,0.0,1.0,0.0,kepco_hybrid_moe_load_v1,844545.16,,844545.16,kepco_hybrid_forecast_v1
2022-11,2022,11,전남,1172027.6,estimated,1172027.6,0.0,1.0,0.0,kepco_hybrid_moe_load_v1,1172027.6,,1172027.6,kepco_hybrid_forecast_v1
2022-11,2022,11,전북,625845.79,estimated,625845.79,0.0,1.0,0.0,kepco_hybrid_moe_load_v1,625845.79,,625845.79,kepco_hybrid_forecast_v1
2022-11,2022,11,제주,1006723.35,estimated,1006723.35,0.0,1.0,0.0,kepco_hybrid_moe_load_v1,1006723.35,,1006723.35,kepco_hybrid_forecast_v1
2022-11,2022,11,충남,553403.25,estimated,553403.25,0.0,1.0,0.0,kepco_hybrid_moe_load_v1,553403.25,,553403.25,kepco_hybrid_forecast_v1
2022-11,2022,11,충북,839279.65,estimated,839279.65,0.0,1.0,0.0,kepco_hybrid_moe_load_v1,839279.65,,839279.65,kepco_hybrid_forecast_v1
2022-12,2022,12,강원,1252597.67,estimated,1252597.67,0.0,1.0,0.0,kepco_hybrid_moe_load_v1,1252597.67,,1252597.67,kepco_hybrid_forecast_v1
2022-12,2022,12,경기,3161098.99,estimated,3161098.99,0.0,1.0,0.0,kepco_hybrid_moe_load_v1,3161098.99,,3161098.99,kepco_hybrid_forecast_v1
2022-12,2022,12,경남,1675906.81,estimated,1675906.81,0.0,1.0,0.0,kepco_hybrid_moe_load_v1,1675906.81,,1675906.81,kepco_hybrid_forecast_v1
2022-12,2022,12,경북,1136668.57,estimated,1136668.57,0.0,1.0,0.0,kepco_hybrid_moe_load_v1,1136668.57,,1136668.57,kepco_hybrid_forecast_v1
2022-12,2022,12,광주,685345.13,estimated,685345.13,0.0,1.0,0.0,kepco_hybrid_moe_load_v1,685345.13,,685345.13,kepco_hybrid_forecast_v1
2022-12,2022,12,대구,1118884.42,estimated,1118884.42,0.0,1.0,0.0,kepco_hybrid_moe_load_v1,1118884.42,,1118884.42,kepco_hybrid_forecast_v1
2022-12,2022,12,대전,896001.63,estimated,896001.63,0.0,1.0,0.0,kepco_hybrid_moe_load_v1,896001.63,,896001.63,kepco_hybrid_forecast_v1
2022-12,2022,12,부산,820876.81,estimated,820876.81,0.0,1.0,0.0,kepco_hybrid_moe_load_v1,820876.81,,820876.81,kepco_hybrid_forecast_v1
2022-12,2022,12,서울,2310837.76,estimated,2310837.76,0.0,1.0,0.0,kepco_hybrid_moe_load_v1,2310837.76,,2310837.76,kepco_hybrid_forecast_v1
2022-12,2022,12,세종,220315.34,estimated,220315.34,0.0,1.0,0.0,kepco_hybrid_moe_load_v1,220315.34,,220315.34,kepco_hybrid_forecast_v1
2022-12,2022,12,울산,248430.66,estimated,248430.66,0.0,1.0,0.0,kepco_hybrid_moe_load_v1,248430.66,,248430.66,kepco_hybrid_forecast_v1
2022-12,2022,12,인천,1035482.05,estimated,1035482.05,0.0,1.0,0.0,kepco_hybrid_moe_load_v1,1035482.05,,1035482.05,kepco_hybrid_forecast_v1
2022-12,2022,12,전남,1245717.5,estimated,1245717.5,0.0,1.0,0.0,kepco_hybrid_moe_load_v1,1245717.5,,1245717.5,kepco_hybrid_forecast_v1
2022-12,2022,12,전북,634294.28,estimated,634294.28,0.0,1.0,0.0,kepco_hybrid_moe_load_v1,634294.28,,634294.28,kepco_hybrid_forecast_v1
2022-12,2022,12,제주,1190826.18,estimated,1190826.18,0.0,1.0,0.0,kepco_hybrid_moe_load_v1,1190826.18,,1190826.18,kepco_hybrid_forecast_v1
2022-12,2022,12,충남,595725.45,estimated,595725.45,0.0,1.0,0.0,kepco_hybrid_moe_load_v1,595725.45,,595725.45,kepco_hybrid_forecast_v1
2022-12,2022,12,충북,909288.57,estimated,909288.57,0.0,1.0,0.0,kepco_hybrid_moe_load_v1,909288.57,,909288.57,kepco_hybrid_forecast_v1
2023-01,2023,1,강원,1084361.84,estimated,1084361.84,479672.78,1.0,0.0,kepco_hybrid_moe_load_v1,1084361.84,,1084361.84,kepco_hybrid_forecast_v1
2023-01,2023,1,경기,2736961.13,estimated,2736961.13,1423910.53,1.0,0.0,kepco_hybrid_moe_load_v1,2736961.13,,2736961.13,kepco_hybrid_forecast_v1
2023-01,2023,1,경남,1511977.38,estimated,1511977.38,643970.15,1.0,0.0,kepco_hybrid_moe_load_v1,1511977.38,,1511977.38,kepco_hybrid_forecast_v1
2023-01,2023,1,경북,1049082.29,estimated,1049082.29,696847.46,1.0,0.0,kepco_hybrid_moe_load_v1,1049082.29,,1049082.29,kepco_hybrid_forecast_v1
2023-01,2023,1,광주,612369.22,estimated,612369.22,188847.55,1.0,0.0,kepco_hybrid_moe_load_v1,612369.22,,612369.22,kepco_hybrid_forecast_v1
2023-01,2023,1,대구,973874.67,estimated,973874.67,356921.87,1.0,0.0,kepco_hybrid_moe_load_v1,973874.67,,973874.67,kepco_hybrid_forecast_v1
2023-01,2023,1,대전,772025.95,estimated,772025.95,224728.59,1.0,0.0,kepco_hybrid_moe_load_v1,772025.95,,772025.95,kepco_hybrid_forecast_v1
2023-01,2023,1,부산,716781.85,estimated,716781.85,343702.54,1.0,0.0,kepco_hybrid_moe_load_v1,716781.85,,716781.85,kepco_hybrid_forecast_v1
2023-01,2023,1,서울,2003663.5,estimated,2003663.5,1004668.97,1.0,0.0,kepco_hybrid_moe_load_v1,2003663.5,,2003663.5,kepco_hybrid_forecast_v1
2023-01,2023,1,세종,201450.86,estimated,201450.86,134081.76,1.0,0.0,kepco_hybrid_moe_load_v1,201450.86,,201450.86,kepco_hybrid_forecast_v1
2023-01,2023,1,울산,221755.92,estimated,221755.92,94423.78,1.0,0.0,kepco_hybrid_moe_load_v1,221755.92,,221755.92,kepco_hybrid_forecast_v1
2023-01,2023,1,인천,905118.33,estimated,905118.33,324817.79,1.0,0.0,kepco_hybrid_moe_load_v1,905118.33,,905118.33,kepco_hybrid_forecast_v1
2023-01,2023,1,전남,1179455.37,estimated,1179455.37,496669.06,1.0,0.0,kepco_hybrid_moe_load_v1,1179455.37,,1179455.37,kepco_hybrid_forecast_v1
2023-01,2023,1,전북,596323.92,estimated,596323.92,373918.15,1.0,0.0,kepco_hybrid_moe_load_v1,596323.92,,596323.92,kepco_hybrid_forecast_v1
2023-01,2023,1,제주,1108936.56,estimated,1108936.56,379583.58,1.0,0.0,kepco_hybrid_moe_load_v1,1108936.56,,1108936.56,kepco_hybrid_forecast_v1
2023-01,2023,1,충남,544031.15,estimated,544031.15,402245.28,1.0,0.0,kepco_hybrid_moe_load_v1,544031.15,,544031.15,kepco_hybrid_forecast_v1
2023-01,2023,1,충북,798650.18,estimated,798650.18,360698.82,1.0,0.0,kepco_hybrid_moe_load_v1,798650.18,,798650.18,kepco_hybrid_forecast_v1
2023-02,2023,2,강원,893078.71,estimated,893078.71,410808.94,1.0,0.0,kepco_hybrid_moe_load_v1,893078.71,,893078.71,kepco_hybrid_forecast_v1
2023-02,2023,2,경기,2336495.44,estimated,2336495.44,1219487.96,1.0,0.0,kepco_hybrid_moe_load_v1,2336495.44,,2336495.44,kepco_hybrid_forecast_v1
2023-02,2023,2,경남,1262244.9,estimated,1262244.9,551519.09,1.0,0.0,kepco_hybrid_moe_load_v1,1262244.9,,1262244.9,kepco_hybrid_forecast_v1
2023-02,2023,2,경북,897797.83,estimated,897797.83,596805.11,1.0,0.0,kepco_hybrid_moe_load_v1,897797.83,,897797.83,kepco_hybrid_forecast_v1
2023-02,2023,2,광주,515892.29,estimated,515892.29,161735.8,1.0,0.0,kepco_hybrid_moe_load_v1,515892.29,,515892.29,kepco_hybrid_forecast_v1
2023-02,2023,2,대구,777663.8,estimated,777663.8,305680.67,1.0,0.0,kepco_hybrid_moe_load_v1,777663.8,,777663.8,kepco_hybrid_forecast_v1
2023-02,2023,2,대전,643365.3,estimated,643365.3,192465.61,1.0,0.0,kepco_hybrid_moe_load_v1,643365.3,,643365.3,kepco_hybrid_forecast_v1
2023-02,2023,2,부산,586961.07,estimated,586961.07,294359.16,1.0,0.0,kepco_hybrid_moe_load_v1,586961.07,,586961.07,kepco_hybrid_forecast_v1
2023-02,2023,2,서울,1612955.74,estimated,1612955.74,860434.47,1.0,0.0,kepco_hybrid_moe_load_v1,1612955.74,,1612955.74,kepco_hybrid_forecast_v1
2023-02,2023,2,세종,185645.12,estimated,185645.12,114832.42,1.0,0.0,kepco_hybrid_moe_load_v1,185645.12,,185645.12,kepco_hybrid_forecast_v1
2023-02,2023,2,울산,179184.03,estimated,179184.03,80867.9,1.0,0.0,kepco_hybrid_moe_load_v1,179184.03,,179184.03,kepco_hybrid_forecast_v1
2023-02,2023,2,인천,728998.06,estimated,728998.06,278185.58,1.0,0.0,kepco_hybrid_moe_load_v1,728998.06,,728998.06,kepco_hybrid_forecast_v1
2023-02,2023,2,전남,1024164.91,estimated,1024164.91,425365.16,1.0,0.0,kepco_hybrid_moe_load_v1,1024164.91,,1024164.91,kepco_hybrid_forecast_v1
2023-02,2023,2,전북,513660.25,estimated,513660.25,320236.89,1.0,0.0,kepco_hybrid_moe_load_v1,513660.25,,513660.25,kepco_hybrid_forecast_v1
2023-02,2023,2,제주,1088643.94,estimated,1088643.94,325088.96,1.0,0.0,kepco_hybrid_moe_load_v1,1088643.94,,1088643.94,kepco_hybrid_forecast_v1
2023-02,2023,2,충남,485507.76,estimated,485507.76,344497.26,1.0,0.0,kepco_hybrid_moe_load_v1,485507.76,,485507.76,kepco_hybrid_forecast_v1
2023-02,2023,2,충북,704388.3,estimated,704388.3,308915.38,1.0,0.0,kepco_hybrid_moe_load_v1,704388.3,,704388.3,kepco_hybrid_forecast_v1
2023-03,2023,3,강원,892022.01,estimated,892022.01,412362.37,1.0,0.0,kepco_hybrid_moe_load_v1,892022.01,,892022.01,kepco_hybrid_forecast_v1
2023-03,2023,3,경기,2365107.42,estimated,2365107.42,1224099.32,1.0,0.0,kepco_hybrid_moe_load_v1,2365107.42,,2365107.42,kepco_hybrid_forecast_v1
2023-03,2023,3,경남,1406536.75,estimated,1406536.75,553604.6,1.0,0.0,kepco_hybrid_moe_load_v1,1406536.75,,1406536.75,kepco_hybrid_forecast_v1
2023-03,2023,3,경북,936334.46,estimated,936334.46,599061.87,1.0,0.0,kepco_hybrid_moe_load_v1,936334.46,,936334.46,kepco_hybrid_forecast_v1
2023-03,2023,3,광주,516579.7,estimated,516579.7,162347.39,1.0,0.0,kepco_hybrid_moe_load_v1,516579.7,,516579.7,kepco_hybrid_forecast_v1
2023-03,2023,3,대구,762687.78,estimated,762687.78,306836.57,1.0,0.0,kepco_hybrid_moe_load_v1,762687.78,,762687.78,kepco_hybrid_forecast_v1
2023-03,2023,3,대전,646179.16,estimated,646179.16,193193.39,1.0,0.0,kepco_hybrid_moe_load_v1,646179.16,,646179.16,kepco_hybrid_forecast_v1
2023-03,2023,3,부산,618864.52,estimated,618864.52,295472.25,1.0,0.0,kepco_hybrid_moe_load_v1,618864.52,,618864.52,kepco_hybrid_forecast_v1
2023-03,2023,3,서울,1439034.18,estimated,1439034.18,863688.11,1.0,0.0,kepco_hybrid_moe_load_v1,1439034.18,,1439034.18,kepco_hybrid_forecast_v1
2023-03,2023,3,세종,188914.71,estimated,188914.71,115266.65,1.0,0.0,kepco_hybrid_moe_load_v1,188914.71,,188914.71,kepco_hybrid_forecast_v1
2023-03,2023,3,울산,185794.5,estimated,185794.5,81173.69,1.0,0.0,kepco_hybrid_moe_load_v1,185794.5,,185794.5,kepco_hybrid_forecast_v1
2023-03,2023,3,인천,696496.94,estimated,696496.94,279237.51,1.0,0.0,kepco_hybrid_moe_load_v1,696496.94,,696496.94,kepco_hybrid_forecast_v1
2023-03,2023,3,전남,1205166.31,estimated,1205166.31,426973.63,1.0,0.0,kepco_hybrid_moe_load_v1,1205166.31,,1205166.31,kepco_hybrid_forecast_v1
2023-03,2023,3,전북,578210.74,estimated,578210.74,321447.83,1.0,0.0,kepco_hybrid_moe_load_v1,578210.74,,578210.74,kepco_hybrid_forecast_v1
2023-03,2023,3,제주,1129523.95,estimated,1129523.95,326318.25,1.0,0.0,kepco_hybrid_moe_load_v1,1129523.95,,1129523.95,kepco_hybrid_forecast_v1
2023-03,2023,3,충남,517992.48,estimated,517992.48,345799.94,1.0,0.0,kepco_hybrid_moe_load_v1,517992.48,,517992.48,kepco_hybrid_forecast_v1
2023-03,2023,3,충북,734607.9,estimated,734607.9,310083.51,1.0,0.0,kepco_hybrid_moe_load_v1,734607.9,,734607.9,kepco_hybrid_forecast_v1
2023-04,2023,4,강원,903318.89,estimated,903318.89,385836.11,1.0,0.0,kepco_hybrid_moe_load_v1,903318.89,,903318.89,kepco_hybrid_forecast_v1
2023-04,2023,4,경기,2186460.76,estimated,2186460.76,1145356.01,1.0,0.0,kepco_hybrid_moe_load_v1,2186460.76,,2186460.76,kepco_hybrid_forecast_v1
2023-04,2023,4,경남,1360860.21,estimated,1360860.21,517992.57,1.0,0.0,kepco_hybrid_moe_load_v1,1360860.21,,1360860.21,kepco_hybrid_forecast_v1
2023-04,2023,4,경북,918876.2,estimated,918876.2,560525.69,1.0,0.0,kepco_hybrid_moe_load_v1,918876.2,,918876.2,kepco_hybrid_forecast_v1
2023-04,2023,4,광주,488230.57,estimated,488230.57,151903.98,1.0,0.0,kepco_hybrid_moe_load_v1,488230.57,,488230.57,kepco_hybrid_forecast_v1
2023-04,2023,4,대구,725133.48,estimated,725133.48,287098.52,1.0,0.0,kepco_hybrid_moe_load_v1,725133.48,,725133.48,kepco_hybrid_forecast_v1
2023-04,2023,4,대전,607829.66,estimated,607829.66,180765.74,1.0,0.0,kepco_hybrid_moe_load_v1,607829.66,,607829.66,kepco_hybrid_forecast_v1
2023-04,2023,4,부산,581273.96,estimated,581273.96,276465.24,1.0,0.0,kepco_hybrid_moe_load_v1,581273.96,,581273.96,kepco_hybrid_forecast_v1
2023-04,2023,4,서울,1323798.2,estimated,1323798.2,808129.17,1.0,0.0,kepco_hybrid_moe_load_v1,1323798.2,,1323798.2,kepco_hybrid_forecast_v1
2023-04,2023,4,세종,163805.96,estimated,163805.96,107851.83,1.0,0.0,kepco_hybrid_moe_load_v1,163805.96,,163805.96,kepco_hybrid_forecast_v1
2023-04,2023,4,울산,169131.3,estimated,169131.3,75951.99,1.0,0.0,kepco_hybrid_moe_load_v1,169131.3,,169131.3,kepco_hybrid_forecast_v1
2023-04,2023,4,인천,628208.62,estimated,628208.62,261274.85,1.0,0.0,kepco_hybrid_moe_load_v1,628208.62,,628208.62,kepco_hybrid_forecast_v1
2023-04,2023,4,전남,1226126.75,estimated,1226126.75,399507.47,1.0,0.0,kepco_hybrid_moe_load_v1,1226126.75,,1226126.75,kepco_hybrid_forecast_v1
2023-04,2023,4,전북,574961.93,estimated,574961.93,300769.88,1.0,0.0,kepco_hybrid_moe_load_v1,574961.93,,574961.93,kepco_hybrid_forecast_v1
2023-04,2023,4,제주,1147775.26,estimated,1147775.26,305327.0,1.0,0.0,kepco_hybrid_moe_load_v1,1147775.26,,1147775.26,kepco_hybrid_forecast_v1
2023-04,2023,4,충남,509567.85,estimated,509567.85,323555.48,1.0,0.0,kepco_hybrid_moe_load_v1,509567.85,,509567.85,kepco_hybrid_forecast_v1
2023-04,2023,4,충북,710529.72,estimated,710529.72,290136.6,1.0,0.0,kepco_hybrid_moe_load_v1,710529.72,,710529.72,kepco_hybrid_forecast_v1
2023-05,2023,5,강원,950306.63,estimated,950306.63,393499.67,1.0,0.0,kepco_hybrid_moe_load_v1,950306.63,,950306.63,kepco_hybrid_forecast_v1
2023-05,2023,5,경기,2252820.65,estimated,2252820.65,1168105.31,1.0,0.0,kepco_hybrid_moe_load_v1,2252820.65,,2252820.65,kepco_hybrid_forecast_v1
2023-05,2023,5,경남,1414416.72,estimated,1414416.72,528281.05,1.0,0.0,kepco_hybrid_moe_load_v1,1414416.72,,1414416.72,kepco_hybrid_forecast_v1
2023-05,2023,5,경북,955721.8,estimated,955721.8,571658.96,1.0,0.0,kepco_hybrid_moe_load_v1,955721.8,,955721.8,kepco_hybrid_forecast_v1
2023-05,2023,5,광주,517009.98,estimated,517009.98,154921.13,1.0,0.0,kepco_hybrid_moe_load_v1,517009.98,,517009.98,kepco_hybrid_forecast_v1
2023-05,2023,5,대구,757257.24,estimated,757257.24,292800.93,1.0,0.0,kepco_hybrid_moe_load_v1,757257.24,,757257.24,kepco_hybrid_forecast_v1
2023-05,2023,5,대전,611362.18,estimated,611362.18,184356.14,1.0,0.0,kepco_hybrid_moe_load_v1,611362.18,,611362.18,kepco_hybrid_forecast_v1
2023-05,2023,5,부산,597176.46,estimated,597176.46,281956.45,1.0,0.0,kepco_hybrid_moe_load_v1,597176.46,,597176.46,kepco_hybrid_forecast_v1
2023-05,2023,5,서울,1320024.42,estimated,1320024.42,824180.4,1.0,0.0,kepco_hybrid_moe_load_v1,1320024.42,,1320024.42,kepco_hybrid_forecast_v1
2023-05,2023,5,세종,150594.31,estimated,150594.31,109994.0,1.0,0.0,kepco_hybrid_moe_load_v1,150594.31,,150594.31,kepco_hybrid_forecast_v1
2023-05,2023,5,울산,175458.51,estimated,175458.51,77460.56,1.0,0.0,kepco_hybrid_moe_load_v1,175458.51,,175458.51,kepco_hybrid_forecast_v1
2023-05,2023,5,인천,651131.56,estimated,651131.56,266464.34,1.0,0.0,kepco_hybrid_moe_load_v1,651131.56,,651131.56,kepco_hybrid_forecast_v1
2023-05,2023,5,전남,1238729.59,estimated,1238729.59,407442.57,1.0,0.0,kepco_hybrid_moe_load_v1,1238729.59,,1238729.59,kepco_hybrid_forecast_v1
2023-05,2023,5,전북,571402.55,estimated,571402.55,306743.83,1.0,0.0,kepco_hybrid_moe_load_v1,571402.55,,571402.55,kepco_hybrid_forecast_v1
2023-05,2023,5,제주,1204535.64,estimated,1204535.64,311391.47,1.0,0.0,kepco_hybrid_moe_load_v1,1204535.64,,1204535.64,kepco_hybrid_forecast_v1
2023-05,2023,5,충남,495496.16,estimated,495496.16,329982.0,1.0,0.0,kepco_hybrid_moe_load_v1,495496.16,,495496.16,kepco_hybrid_forecast_v1
2023-05,2023,5,충북,738449.28,estimated,738449.28,295899.35,1.0,0.0,kepco_hybrid_moe_load_v1,738449.28,,738449.28,kepco_hybrid_forecast_v1
2023-06,2023,6,강원,949932.23,estimated,949932.23,806686.43,1.0,0.0,kepco_hybrid_moe_load_v1,949932.23,,949932.23,kepco_hybrid_forecast_v1
2023-06,2023,6,경기,2226442.61,estimated,2226442.61,2394651.83,1.0,0.0,kepco_hybrid_moe_load_v1,2226442.61,,2226442.61,kepco_hybrid_forecast_v1
2023-06,2023,6,경남,1402496.09,estimated,1402496.09,1082992.41,1.0,0.0,kepco_hybrid_moe_load_v1,1402496.09,,1402496.09,kepco_hybrid_forecast_v1
2023-06,2023,6,경북,908968.65,estimated,908968.65,1171918.47,1.0,0.0,kepco_hybrid_moe_load_v1,908968.65,,908968.65,kepco_hybrid_forecast_v1
2023-06,2023,6,광주,515805.97,estimated,515805.97,317593.08,1.0,0.0,kepco_hybrid_moe_load_v1,515805.97,,515805.97,kepco_hybrid_forecast_v1
2023-06,2023,6,대구,765155.9,estimated,765155.9,600250.92,1.0,0.0,kepco_hybrid_moe_load_v1,765155.9,,765155.9,kepco_hybrid_forecast_v1
2023-06,2023,6,대전,649745.75,estimated,649745.75,377935.77,1.0,0.0,kepco_hybrid_moe_load_v1,649745.75,,649745.75,kepco_hybrid_forecast_v1
2023-06,2023,6,부산,590639.81,estimated,590639.81,578019.41,1.0,0.0,kepco_hybrid_moe_load_v1,590639.81,,590639.81,kepco_hybrid_forecast_v1
2023-06,2023,6,서울,1319672.28,estimated,1319672.28,1689595.19,1.0,0.0,kepco_hybrid_moe_load_v1,1319672.28,,1319672.28,kepco_hybrid_forecast_v1
2023-06,2023,6,세종,168013.9,estimated,168013.9,225491.09,1.0,0.0,kepco_hybrid_moe_load_v1,168013.9,,168013.9,kepco_hybrid_forecast_v1
2023-06,2023,6,울산,165517.36,estimated,165517.36,158796.54,1.0,0.0,kepco_hybrid_moe_load_v1,165517.36,,165517.36,kepco_hybrid_forecast_v1
2023-06,2023,6,인천,659181.72,estimated,659181.72,546260.1,1.0,0.0,kepco_hybrid_moe_load_v1,659181.72,,659181.72,kepco_hybrid_forecast_v1
2023-06,2023,6,전남,1209814.68,estimated,1209814.68,835269.8,1.0,0.0,kepco_hybrid_moe_load_v1,1209814.68,,1209814.68,kepco_hybrid_forecast_v1
2023-06,2023,6,전북,544696.03,estimated,544696.03,628834.3,1.0,0.0,kepco_hybrid_moe_load_v1,544696.03,,544696.03,kepco_hybrid_forecast_v1
2023-06,2023,6,제주,1276962.4,estimated,1276962.4,638362.09,1.0,0.0,kepco_hybrid_moe_load_v1,1276962.4,,1276962.4,kepco_hybrid_forecast_v1
2023-06,2023,6,충남,495937.96,estimated,495937.96,676473.26,1.0,0.0,kepco_hybrid_moe_load_v1,495937.96,,495937.96,kepco_hybrid_forecast_v1
2023-06,2023,6,충북,747800.53,estimated,747800.53,606602.79,1.0,0.0,kepco_hybrid_moe_load_v1,747800.53,,747800.53,kepco_hybrid_forecast_v1
2023-07,2023,7,강원,1050779.08,estimated,1050779.08,0.0,1.0,0.0,kepco_hybrid_moe_load_v1,1050779.08,,1050779.08,kepco_hybrid_forecast_v1
2023-07,2023,7,경기,2366231.54,estimated,2366231.54,0.0,1.0,0.0,kepco_hybrid_moe_load_v1,2366231.54,,2366231.54,kepco_hybrid_forecast_v1
2023-07,2023,7,경남,1524697.6,estimated,1524697.6,0.0,1.0,0.0,kepco_hybrid_moe_load_v1,1524697.6,,1524697.6,kepco_hybrid_forecast_v1
2023-07,2023,7,경북,958241.37,estimated,958241.37,0.0,1.0,0.0,kepco_hybrid_moe_load_v1,958241.37,,958241.37,kepco_hybrid_forecast_v1
2023-07,2023,7,광주,512438.23,estimated,512438.23,0.0,1.0,0.0,kepco_hybrid_moe_load_v1,512438.23,,512438.23,kepco_hybrid_forecast_v1
2023-07,2023,7,대구,793708.22,estimated,793708.22,0.0,1.0,0.0,kepco_hybrid_moe_load_v1,793708.22,,793708.22,kepco_hybrid_forecast_v1
2023-07,2023,7,대전,664014.0,estimated,664014.0,0.0,1.0,0.0,kepco_hybrid_moe_load_v1,664014.0,,664014.0,kepco_hybrid_forecast_v1
2023-07,2023,7,부산,635021.51,estimated,635021.51,0.0,1.0,0.0,kepco_hybrid_moe_load_v1,635021.51,,635021.51,kepco_hybrid_forecast_v1
2023-07,2023,7,서울,1463672.02,estimated,1463672.02,0.0,1.0,0.0,kepco_hybrid_moe_load_v1,1463672.02,,1463672.02,kepco_hybrid_forecast_v1
2023-07,2023,7,세종,166782.81,estimated,166782.81,0.0,1.0,0.0,kepco_hybrid_moe_load_v1,166782.81,,166782.81,kepco_hybrid_forecast_v1
2023-07,2023,7,울산,165666.98,estimated,165666.98,0.0,1.0,0.0,kepco_hybrid_moe_load_v1,165666.98,,165666.98,kepco_hybrid_forecast_v1
2023-07,2023,7,인천,714326.95,estimated,714326.95,0.0,1.0,0.0,kepco_hybrid_moe_load_v1,714326.95,,714326.95,kepco_hybrid_forecast_v1
2023-07,2023,7,전남,1258270.72,estimated,1258270.72,0.0,1.0,0.0,kepco_hybrid_moe_load_v1,1258270.72,,1258270.72,kepco_hybrid_forecast_v1
2023-07,2023,7,전북,565521.35,estimated,565521.35,0.0,1.0,0.0,kepco_hybrid_moe_load_v1,565521.35,,565521.35,kepco_hybrid_forecast_v1
2023-07,2023,7,제주,1464000.17,estimated,1464000.17,0.0,1.0,0.0,kepco_hybrid_moe_load_v1,1464000.17,,1464000.17,kepco_hybrid_forecast_v1
2023-07,2023,7,충남,502346.92,estimated,502346.92,0.0,1.0,0.0,kepco_hybrid_moe_load_v1,502346.92,,502346.92,kepco_hybrid_forecast_v1
2023-07,2023,7,충북,762913.62,estimated,762913.62,0.0,1.0,0.0,kepco_hybrid_moe_load_v1,762913.62,,762913.62,kepco_hybrid_forecast_v1
2023-08,2023,8,강원,1187491.58,estimated,1187491.58,0.0,1.0,0.0,kepco_hybrid_moe_load_v1,1187491.58,,1187491.58,kepco_hybrid_forecast_v1
2023-08,2023,8,경기,2490158.16,estimated,2490158.16,0.0,1.0,0.0,kepco_hybrid_moe_load_v1,2490158.16,,2490158.16,kepco_hybrid_forecast_v1
2023-08,2023,8,경남,1664693.5,estimated,1664693.5,0.0,1.0,0.0,kepco_hybrid_moe_load_v1,1664693.5,,1664693.5,kepco_hybrid_forecast_v1
2023-08,2023,8,경북,1007026.37,estimated,1007026.37,0.0,1.0,0.0,kepco_hybrid_moe_load_v1,1007026.37,,1007026.37,kepco_hybrid_forecast_v1
2023-08,2023,8,광주,554159.14,estimated,554159.14,0.0,1.0,0.0,kepco_hybrid_moe_load_v1,554159.14,,554159.14,kepco_hybrid_forecast_v1
2023-08,2023,8,대구,804482.59,estimated,804482.59,0.0,1.0,0.0,kepco_hybrid_moe_load_v1,804482.59,,804482.59,kepco_hybrid_forecast_v1
2023-08,2023,8,대전,721449.93,estimated,721449.93,0.0,1.0,0.0,kepco_hybrid_moe_load_v1,721449.93,,721449.93,kepco_hybrid_forecast_v1
2023-08,2023,8,부산,715460.72,estimated,715460.72,0.0,1.0,0.0,kepco_hybrid_moe_load_v1,715460.72,,715460.72,kepco_hybrid_forecast_v1
2023-08,2023,8,서울,1515628.47,estimated,1515628.47,0.0,1.0,0.0,kepco_hybrid_moe_load_v1,1515628.47,,1515628.47,kepco_hybrid_forecast_v1
2023-08,2023,8,세종,176375.99,estimated,176375.99,0.0,1.0,0.0,kepco_hybrid_moe_load_v1,176375.99,,176375.99,kepco_hybrid_forecast_v1
2023-08,2023,8,울산,172305.94,estimated,172305.94,0.0,1.0,0.0,kepco_hybrid_moe_load_v1,172305.94,,172305.94,kepco_hybrid_forecast_v1
2023-08,2023,8,인천,727427.72,estimated,727427.72,0.0,1.0,0.0,kepco_hybrid_moe_load_v1,727427.72,,727427.72,kepco_hybrid_forecast_v1
2023-08,2023,8,전남,1418329.46,estimated,1418329.46,0.0,1.0,0.0,kepco_hybrid_moe_load_v1,1418329.46,,1418329.46,kepco_hybrid_forecast_v1
2023-08,2023,8,전북,600744.28,estimated,600744.28,0.0,1.0,0.0,kepco_hybrid_moe_load_v1,600744.28,,600744.28,kepco_hybrid_forecast_v1
2023-08,2023,8,제주,1699798.34,estimated,1699798.34,0.0,1.0,0.0,kepco_hybrid_moe_load_v1,1699798.34,,1699798.34,kepco_hybrid_forecast_v1
2023-08,2023,8,충남,553643.9,estimated,553643.9,0.0,1.0,0.0,kepco_hybrid_moe_load_v1,553643.9,,553643.9,kepco_hybrid_forecast_v1
2023-08,2023,8,충북,819265.43,estimated,819265.43,0.0,1.0,0.0,kepco_hybrid_moe_load_v1,819265.43,,819265.43,kepco_hybrid_forecast_v1
2023-09,2023,9,강원,946573.43,estimated,946573.43,0.0,1.0,0.0,kepco_hybrid_moe_load_v1,946573.43,,946573.43,kepco_hybrid_forecast_v1
2023-09,2023,9,경기,2170198.97,estimated,2170198.97,0.0,1.0,0.0,kepco_hybrid_moe_load_v1,2170198.97,,2170198.97,kepco_hybrid_forecast_v1
2023-09,2023,9,경남,1376807.18,estimated,1376807.18,0.0,1.0,0.0,kepco_hybrid_moe_load_v1,1376807.18,,1376807.18,kepco_hybrid_forecast_v1
2023-09,2023,9,경북,872815.89,estimated,872815.89,0.0,1.0,0.0,kepco_hybrid_moe_load_v1,872815.89,,872815.89,kepco_hybrid_forecast_v1
2023-09,2023,9,광주,479851.4,estimated,479851.4,0.0,1.0,0.0,kepco_hybrid_moe_load_v1,479851.4,,479851.4,kepco_hybrid_forecast_v1
2023-09,2023,9,대구,676107.53,estimated,676107.53,0.0,1.0,0.0,kepco_hybrid_moe_load_v1,676107.53,,676107.53,kepco_hybrid_forecast_v1
2023-09,2023,9,대전,591844.74,estimated,591844.74,0.0,1.0,0.0,kepco_hybrid_moe_load_v1,591844.74,,591844.74,kepco_hybrid_forecast_v1
2023-09,2023,9,부산,599675.53,estimated,599675.53,0.0,1.0,0.0,kepco_hybrid_moe_load_v1,599675.53,,599675.53,kepco_hybrid_forecast_v1
2023-09,2023,9,서울,1258405.47,estimated,1258405.47,0.0,1.0,0.0,kepco_hybrid_moe_load_v1,1258405.47,,1258405.47,kepco_hybrid_forecast_v1
2023-09,2023,9,세종,147857.78,estimated,147857.78,0.0,1.0,0.0,kepco_hybrid_moe_load_v1,147857.78,,147857.78,kepco_hybrid_forecast_v1
2023-09,2023,9,울산,143959.11,estimated,143959.11,0.0,1.0,0.0,kepco_hybrid_moe_load_v1,143959.11,,143959.11,kepco_hybrid_forecast_v1
2023-09,2023,9,인천,611200.7,estimated,611200.7,0.0,1.0,0.0,kepco_hybrid_moe_load_v1,611200.7,,611200.7,kepco_hybrid_forecast_v1
2023-09,2023,9,전남,1247872.93,estimated,1247872.93,0.0,1.0,0.0,kepco_hybrid_moe_load_v1,1247872.93,,1247872.93,kepco_hybrid_forecast_v1
2023-09,2023,9,전북,511591.63,estimated,511591.63,0.0,1.0,0.0,kepco_hybrid_moe_load_v1,511591.63,,511591.63,kepco_hybrid_forecast_v1
2023-09,2023,9,제주,1297756.56,estimated,1297756.56,0.0,1.0,0.0,kepco_hybrid_moe_load_v1,1297756.56,,1297756.56,kepco_hybrid_forecast_v1
2023-09,2023,9,충남,483709.46,estimated,483709.46,0.0,1.0,0.0,kepco_hybrid_moe_load_v1,483709.46,,483709.46,kepco_hybrid_forecast_v1
2023-09,2023,9,충북,710855.07,estimated,710855.07,0.0,1.0,0.0,kepco_hybrid_moe_load_v1,710855.07,,710855.07,kepco_hybrid_forecast_v1
2023-10,2023,10,강원,1093190.08,estimated,1093190.08,0.0,1.0,0.0,kepco_hybrid_moe_load_v1,1093190.08,,1093190.08,kepco_hybrid_forecast_v1
2023-10,2023,10,경기,2403659.83,estimated,2403659.83,0.0,1.0,0.0,kepco_hybrid_moe_load_v1,2403659.83,,2403659.83,kepco_hybrid_forecast_v1
2023-10,2023,10,경남,1482347.83,estimated,1482347.83,0.0,1.0,0.0,kepco_hybrid_moe_load_v1,1482347.83,,1482347.83,kepco_hybrid_forecast_v1
2023-10,2023,10,경북,939196.09,estimated,939196.09,0.0,1.0,0.0,kepco_hybrid_moe_load_v1,939196.09,,939196.09,kepco_hybrid_forecast_v1
2023-10,2023,10,광주,469748.79,estimated,469748.79,0.0,1.0,0.0,kepco_hybrid_moe_load_v1,469748.79,,469748.79,kepco_hybrid_forecast_v1
2023-10,2023,10,대구,706310.11,estimated,706310.11,0.0,1.0,0.0,kepco_hybrid_moe_load_v1,706310.11,,706310.11,kepco_hybrid_forecast_v1
2023-10,2023,10,대전,615295.55,estimated,615295.55,0.0,1.0,0.0,kepco_hybrid_moe_load_v1,615295.55,,615295.55,kepco_hybrid_forecast_v1
2023-10,2023,10,부산,599036.31,estimated,599036.31,0.0,1.0,0.0,kepco_hybrid_moe_load_v1,599036.31,,599036.31,kepco_hybrid_forecast_v1
2023-10,2023,10,서울,1352488.28,estimated,1352488.28,0.0,1.0,0.0,kepco_hybrid_moe_load_v1,1352488.28,,1352488.28,kepco_hybrid_forecast_v1
2023-10,2023,10,세종,170381.37,estimated,170381.37,0.0,1.0,0.0,kepco_hybrid_moe_load_v1,170381.37,,170381.37,kepco_hybrid_forecast_v1
2023-10,2023,10,울산,143460.08,estimated,143460.08,0.0,1.0,0.0,kepco_hybrid_moe_load_v1,143460.08,,143460.08,kepco_hybrid_forecast_v1
2023-10,2023,10,인천,645106.35,estimated,645106.35,0.0,1.0,0.0,kepco_hybrid_moe_load_v1,645106.35,,645106.35,kepco_hybrid_forecast_v1
2023-10,2023,10,전남,1317251.21,estimated,1317251.21,0.0,1.0,0.0,kepco_hybrid_moe_load_v1,1317251.21,,1317251.21,kepco_hybrid_forecast_v1
2023-10,2023,10,전북,555346.18,estimated,555346.18,0.0,1.0,0.0,kepco_hybrid_moe_load_v1,555346.18,,555346.18,kepco_hybrid_forecast_v1
2023-10,2023,10,제주,1286218.96,estimated,1286218.96,0.0,1.0,0.0,kepco_hybrid_moe_load_v1,1286218.96,,1286218.96,kepco_hybrid_forecast_v1
2023-10,2023,10,충남,535635.79,estimated,535635.79,0.0,1.0,0.0,kepco_hybrid_moe_load_v1,535635.79,,535635.79,kepco_hybrid_forecast_v1
2023-10,2023,10,충북,804797.78,estimated,804797.78,0.0,1.0,0.0,kepco_hybrid_moe_load_v1,804797.78,,804797.78,kepco_hybrid_forecast_v1
2023-11,2023,11,강원,1067026.69,estimated,1067026.69,0.0,1.0,0.0,kepco_hybrid_moe_load_v1,1067026.69,,1067026.69,kepco_hybrid_forecast_v1
2023-11,2023,11,경기,2730548.54,estimated,2730548.54,0.0,1.0,0.0,kepco_hybrid_moe_load_v1,2730548.54,,2730548.54,kepco_hybrid_forecast_v1
2023-11,2023,11,경남,1572073.82,estimated,1572073.82,0.0,1.0,0.0,kepco_hybrid_moe_load_v1,1572073.82,,1572073.82,kepco_hybrid_forecast_v1
2023-11,2023,11,경북,982279.66,estimated,982279.66,0.0,1.0,0.0,kepco_hybrid_moe_load_v1,982279.66,,982279.66,kepco_hybrid_forecast_v1
2023-11,2023,11,광주,519085.19,estimated,519085.19,0.0,1.0,0.0,kepco_hybrid_moe_load_v1,519085.19,,519085.19,kepco_hybrid_forecast_v1
2023-11,2023,11,대구,811396.21,estimated,811396.21,0.0,1.0,0.0,kepco_hybrid_moe_load_v1,811396.21,,811396.21,kepco_hybrid_forecast_v1
2023-11,2023,11,대전,711977.16,estimated,711977.16,0.0,1.0,0.0,kepco_hybrid_moe_load_v1,711977.16,,711977.16,kepco_hybrid_forecast_v1
2023-11,2023,11,부산,621332.89,estimated,621332.89,0.0,1.0,0.0,kepco_hybrid_moe_load_v1,621332.89,,621332.89,kepco_hybrid_forecast_v1
2023-11,2023,11,서울,1572144.82,estimated,1572144.82,0.0,1.0,0.0,kepco_hybrid_moe_load_v1,1572144.82,,1572144.82,kepco_hybrid_forecast_v1
2023-11,2023,11,세종,188486.87,estimated,188486.87,0.0,1.0,0.0,kepco_hybrid_moe_load_v1,188486.87,,188486.87,kepco_hybrid_forecast_v1
2023-11,2023,11,울산,153454.89,estimated,153454.89,0.0,1.0,0.0,kepco_hybrid_moe_load_v1,153454.89,,153454.89,kepco_hybrid_forecast_v1
2023-11,2023,11,인천,760564.16,estimated,760564.16,0.0,1.0,0.0,kepco_hybrid_moe_load_v1,760564.16,,760564.16,kepco_hybrid_forecast_v1
2023-11,2023,11,전남,1352622.52,estimated,1352622.52,0.0,1.0,0.0,kepco_hybrid_moe_load_v1,1352622.52,,1352622.52,kepco_hybrid_forecast_v1
2023-11,2023,11,전북,613915.43,estimated,613915.43,0.0,1.0,0.0,kepco_hybrid_moe_load_v1,613915.43,,613915.43,kepco_hybrid_forecast_v1
2023-11,2023,11,제주,1373630.22,estimated,1373630.22,0.0,1.0,0.0,kepco_hybrid_moe_load_v1,1373630.22,,1373630.22,kepco_hybrid_forecast_v1
2023-11,2023,11,충남,583797.57,estimated,583797.57,0.0,1.0,0.0,kepco_hybrid_moe_load_v1,583797.57,,583797.57,kepco_hybrid_forecast_v1
2023-11,2023,11,충북,874802.69,estimated,874802.69,0.0,1.0,0.0,kepco_hybrid_moe_load_v1,874802.69,,874802.69,kepco_hybrid_forecast_v1
2023-12,2023,12,강원,1106015.07,estimated,1106015.07,0.0,1.0,0.0,kepco_hybrid_moe_load_v1,1106015.07,,1106015.07,kepco_hybrid_forecast_v1
2023-12,2023,12,경기,2803661.14,estimated,2803661.14,0.0,1.0,0.0,kepco_hybrid_moe_load_v1,2803661.14,,2803661.14,kepco_hybrid_forecast_v1
2023-12,2023,12,경남,1688401.64,estimated,1688401.64,0.0,1.0,0.0,kepco_hybrid_moe_load_v1,1688401.64,,1688401.64,kepco_hybrid_forecast_v1
2023-12,2023,12,경북,1038289.75,estimated,1038289.75,0.0,1.0,0.0,kepco_hybrid_moe_load_v1,1038289.75,,1038289.75,kepco_hybrid_forecast_v1
2023-12,2023,12,광주,566064.78,estimated,566064.78,0.0,1.0,0.0,kepco_hybrid_moe_load_v1,566064.78,,566064.78,kepco_hybrid_forecast_v1
2023-12,2023,12,대구,895154.54,estimated,895154.54,0.0,1.0,0.0,kepco_hybrid_moe_load_v1,895154.54,,895154.54,kepco_hybrid_forecast_v1
2023-12,2023,12,대전,739416.52,estimated,739416.52,0.0,1.0,0.0,kepco_hybrid_moe_load_v1,739416.52,,739416.52,kepco_hybrid_forecast_v1
2023-12,2023,12,부산,698255.49,estimated,698255.49,0.0,1.0,0.0,kepco_hybrid_moe_load_v1,698255.49,,698255.49,kepco_hybrid_forecast_v1
2023-12,2023,12,서울,1697611.75,estimated,1697611.75,0.0,1.0,0.0,kepco_hybrid_moe_load_v1,1697611.75,,1697611.75,kepco_hybrid_forecast_v1
2023-12,2023,12,세종,206970.62,estimated,206970.62,0.0,1.0,0.0,kepco_hybrid_moe_load_v1,206970.62,,206970.62,kepco_hybrid_forecast_v1
2023-12,2023,12,울산,166526.22,estimated,166526.22,0.0,1.0,0.0,kepco_hybrid_moe_load_v1,166526.22,,166526.22,kepco_hybrid_forecast_v1
2023-12,2023,12,인천,820110.83,estimated,820110.83,0.0,1.0,0.0,kepco_hybrid_moe_load_v1,820110.83,,820110.83,kepco_hybrid_forecast_v1
2023-12,2023,12,전남,1377406.75,estimated,1377406.75,0.0,1.0,0.0,kepco_hybrid_moe_load_v1,1377406.75,,1377406.75,kepco_hybrid_forecast_v1
2023-12,2023,12,전북,629981.88,estimated,629981.88,0.0,1.0,0.0,kepco_hybrid_moe_load_v1,629981.88,,629981.88,kepco_hybrid_forecast_v1
2023-12,2023,12,제주,1502150.65,estimated,1502150.65,0.0,1.0,0.0,kepco_hybrid_moe_load_v1,1502150.65,,1502150.65,kepco_hybrid_forecast_v1
2023-12,2023,12,충남,585144.6,estimated,585144.6,0.0,1.0,0.0,kepco_hybrid_moe_load_v1,585144.6,,585144.6,kepco_hybrid_forecast_v1
2023-12,2023,12,충북,877378.03,estimated,877378.03,0.0,1.0,0.0,kepco_hybrid_moe_load_v1,877378.03,,877378.03,kepco_hybrid_forecast_v1
2024-01,2024,1,강원,1012109.24,estimated,1012109.24,405940.4,1.0,0.0,kepco_hybrid_moe_load_v1,1012109.24,,1012109.24,kepco_hybrid_forecast_v1
2024-01,2024,1,경기,2572211.82,estimated,2572211.82,1194220.02,1.0,0.0,kepco_hybrid_moe_load_v1,2572211.82,,2572211.82,kepco_hybrid_forecast_v1
2024-01,2024,1,경남,1537593.73,estimated,1537593.73,550694.34,1.0,0.0,kepco_hybrid_moe_load_v1,1537593.73,,1537593.73,kepco_hybrid_forecast_v1
2024-01,2024,1,경북,898641.06,estimated,898641.06,601043.54,1.0,0.0,kepco_hybrid_moe_load_v1,898641.06,,898641.06,kepco_hybrid_forecast_v1
2024-01,2024,1,광주,520431.34,estimated,520431.34,184089.25,1.0,0.0,kepco_hybrid_moe_load_v1,520431.34,,520431.34,kepco_hybrid_forecast_v1
2024-01,2024,1,대구,819316.74,estimated,819316.74,302095.18,1.0,0.0,kepco_hybrid_moe_load_v1,819316.74,,819316.74,kepco_hybrid_forecast_v1
2024-01,2024,1,대전,727641.76,estimated,727641.76,190382.9,1.0,0.0,kepco_hybrid_moe_load_v1,727641.76,,727641.76,kepco_hybrid_forecast_v1
2024-01,2024,1,부산,606416.88,estimated,606416.88,297374.94,1.0,0.0,kepco_hybrid_moe_load_v1,606416.88,,606416.88,kepco_hybrid_forecast_v1
2024-01,2024,1,서울,1636626.2,estimated,1636626.2,841775.64,1.0,0.0,kepco_hybrid_moe_load_v1,1636626.2,,1636626.2,kepco_hybrid_forecast_v1
2024-01,2024,1,세종,210575.15,estimated,210575.15,111712.28,1.0,0.0,kepco_hybrid_moe_load_v1,210575.15,,210575.15,kepco_hybrid_forecast_v1
2024-01,2024,1,울산,154584.66,estimated,154584.66,86537.68,1.0,0.0,kepco_hybrid_moe_load_v1,154584.66,,154584.66,kepco_hybrid_forecast_v1
2024-01,2024,1,인천,801508.11,estimated,801508.11,278494.0,1.0,0.0,kepco_hybrid_moe_load_v1,801508.11,,801508.11,kepco_hybrid_forecast_v1
2024-01,2024,1,전남,1235589.16,estimated,1235589.16,421674.52,1.0,0.0,kepco_hybrid_moe_load_v1,1235589.16,,1235589.16,kepco_hybrid_forecast_v1
2024-01,2024,1,전북,571506.01,estimated,571506.01,316255.89,1.0,0.0,kepco_hybrid_moe_load_v1,571506.01,,571506.01,kepco_hybrid_forecast_v1
2024-01,2024,1,제주,1502734.75,estimated,1502734.75,316255.89,1.0,0.0,kepco_hybrid_moe_load_v1,1502734.75,,1502734.75,kepco_hybrid_forecast_v1
2024-01,2024,1,충남,557471.59,estimated,557471.59,339857.08,1.0,0.0,kepco_hybrid_moe_load_v1,557471.59,,557471.59,kepco_hybrid_forecast_v1
2024-01,2024,1,충북,802101.22,estimated,802101.22,306815.42,1.0,0.0,kepco_hybrid_moe_load_v1,802101.22,,802101.22,kepco_hybrid_forecast_v1
2024-02,2024,2,강원,838352.58,estimated,838352.58,349447.63,1.0,0.0,kepco_hybrid_moe_load_v1,838352.58,,838352.58,kepco_hybrid_forecast_v1
2024-02,2024,2,경기,2068345.01,estimated,2068345.01,1028026.18,1.0,0.0,kepco_hybrid_moe_load_v1,2068345.01,,2068345.01,kepco_hybrid_forecast_v1
2024-02,2024,2,경남,1366884.68,estimated,1366884.68,474056.87,1.0,0.0,kepco_hybrid_moe_load_v1,1366884.68,,1366884.68,kepco_hybrid_forecast_v1
2024-02,2024,2,경북,843057.12,estimated,843057.12,517399.21,1.0,0.0,kepco_hybrid_moe_load_v1,843057.12,,843057.12,kepco_hybrid_forecast_v1
2024-02,2024,2,광주,448539.53,estimated,448539.53,158470.44,1.0,0.0,kepco_hybrid_moe_load_v1,448539.53,,448539.53,kepco_hybrid_forecast_v1
2024-02,2024,2,대구,675894.37,estimated,675894.37,260054.05,1.0,0.0,kepco_hybrid_moe_load_v1,675894.37,,675894.37,kepco_hybrid_forecast_v1
2024-02,2024,2,대전,589016.05,estimated,589016.05,163888.23,1.0,0.0,kepco_hybrid_moe_load_v1,589016.05,,589016.05,kepco_hybrid_forecast_v1
2024-02,2024,2,부산,524085.63,estimated,524085.63,255990.71,1.0,0.0,kepco_hybrid_moe_load_v1,524085.63,,524085.63,kepco_hybrid_forecast_v1
2024-02,2024,2,서울,1272363.78,estimated,1272363.78,724629.78,1.0,0.0,kepco_hybrid_moe_load_v1,1272363.78,,1272363.78,kepco_hybrid_forecast_v1
2024-02,2024,2,세종,172083.43,estimated,172083.43,96165.82,1.0,0.0,kepco_hybrid_moe_load_v1,172083.43,,172083.43,kepco_hybrid_forecast_v1
2024-02,2024,2,울산,132856.46,estimated,132856.46,74494.65,1.0,0.0,kepco_hybrid_moe_load_v1,132856.46,,132856.46,kepco_hybrid_forecast_v1
2024-02,2024,2,인천,650206.49,estimated,650206.49,239737.33,1.0,0.0,kepco_hybrid_moe_load_v1,650206.49,,650206.49,kepco_hybrid_forecast_v1
2024-02,2024,2,전남,1173606.44,estimated,1173606.44,362992.11,1.0,0.0,kepco_hybrid_moe_load_v1,1173606.44,,1173606.44,kepco_hybrid_forecast_v1
2024-02,2024,2,전북,534533.31,estimated,534533.31,272244.09,1.0,0.0,kepco_hybrid_moe_load_v1,534533.31,,534533.31,kepco_hybrid_forecast_v1
2024-02,2024,2,제주,1364268.77,estimated,1364268.77,272244.09,1.0,0.0,kepco_hybrid_moe_load_v1,1364268.77,,1364268.77,kepco_hybrid_forecast_v1
2024-02,2024,2,충남,510922.62,estimated,510922.62,292560.81,1.0,0.0,kepco_hybrid_moe_load_v1,510922.62,,510922.62,kepco_hybrid_forecast_v1
2024-02,2024,2,충북,704701.14,estimated,704701.14,264117.4,1.0,0.0,kepco_hybrid_moe_load_v1,704701.14,,704701.14,kepco_hybrid_forecast_v1
2024-03,2024,3,강원,820395.0,estimated,820395.0,343654.55,1.0,0.0,kepco_hybrid_moe_load_v1,820395.0,,820395.0,kepco_hybrid_forecast_v1
2024-03,2024,3,경기,2082219.47,estimated,2082219.47,1010983.72,1.0,0.0,kepco_hybrid_moe_load_v1,2082219.47,,2082219.47,kepco_hybrid_forecast_v1
2024-03,2024,3,경남,1402778.94,estimated,1402778.94,466198.03,1.0,0.0,kepco_hybrid_moe_load_v1,1402778.94,,1402778.94,kepco_hybrid_forecast_v1
2024-03,2024,3,경북,828317.0,estimated,828317.0,508821.85,1.0,0.0,kepco_hybrid_moe_load_v1,828317.0,,828317.0,kepco_hybrid_forecast_v1
2024-03,2024,3,광주,438607.01,estimated,438607.01,155843.34,1.0,0.0,kepco_hybrid_moe_load_v1,438607.01,,438607.01,kepco_hybrid_forecast_v1
2024-03,2024,3,대구,653972.39,estimated,653972.39,255742.92,1.0,0.0,kepco_hybrid_moe_load_v1,653972.39,,653972.39,kepco_hybrid_forecast_v1
2024-03,2024,3,대전,592265.79,estimated,592265.79,161171.32,1.0,0.0,kepco_hybrid_moe_load_v1,592265.79,,592265.79,kepco_hybrid_forecast_v1
2024-03,2024,3,부산,532297.59,estimated,532297.59,251746.94,1.0,0.0,kepco_hybrid_moe_load_v1,532297.59,,532297.59,kepco_hybrid_forecast_v1
2024-03,2024,3,서울,1234398.49,estimated,1234398.49,712616.99,1.0,0.0,kepco_hybrid_moe_load_v1,1234398.49,,1234398.49,kepco_hybrid_forecast_v1
2024-03,2024,3,세종,179295.1,estimated,179295.1,94571.6,1.0,0.0,kepco_hybrid_moe_load_v1,179295.1,,179295.1,kepco_hybrid_forecast_v1
2024-03,2024,3,울산,127482.45,estimated,127482.45,73259.69,1.0,0.0,kepco_hybrid_moe_load_v1,127482.45,,127482.45,kepco_hybrid_forecast_v1
2024-03,2024,3,인천,650360.38,estimated,650360.38,235763.0,1.0,0.0,kepco_hybrid_moe_load_v1,650360.38,,650360.38,kepco_hybrid_forecast_v1
2024-03,2024,3,전남,1278453.96,estimated,1278453.96,356974.49,1.0,0.0,kepco_hybrid_moe_load_v1,1278453.96,,1278453.96,kepco_hybrid_forecast_v1
2024-03,2024,3,전북,538465.02,estimated,538465.02,267730.87,1.0,0.0,kepco_hybrid_moe_load_v1,538465.02,,538465.02,kepco_hybrid_forecast_v1
2024-03,2024,3,제주,1425964.62,estimated,1425964.62,267730.87,1.0,0.0,kepco_hybrid_moe_load_v1,1425964.62,,1425964.62,kepco_hybrid_forecast_v1
2024-03,2024,3,충남,538654.51,estimated,538654.51,287710.78,1.0,0.0,kepco_hybrid_moe_load_v1,538654.51,,538654.51,kepco_hybrid_forecast_v1
2024-03,2024,3,충북,702010.29,estimated,702010.29,259738.9,1.0,0.0,kepco_hybrid_moe_load_v1,702010.29,,702010.29,kepco_hybrid_forecast_v1
2024-04,2024,4,강원,745312.59,estimated,745312.59,304166.68,1.0,0.0,kepco_hybrid_moe_load_v1,745312.59,,745312.59,kepco_hybrid_forecast_v1
2024-04,2024,4,경기,1867555.92,estimated,1867555.92,894815.92,1.0,0.0,kepco_hybrid_moe_load_v1,1867555.92,,1867555.92,kepco_hybrid_forecast_v1
2024-04,2024,4,경남,1221067.7,estimated,1221067.7,412629.21,1.0,0.0,kepco_hybrid_moe_load_v1,1221067.7,,1221067.7,kepco_hybrid_forecast_v1
2024-04,2024,4,경북,747283.12,estimated,747283.12,450355.31,1.0,0.0,kepco_hybrid_moe_load_v1,747283.12,,747283.12,kepco_hybrid_forecast_v1
2024-04,2024,4,광주,403037.7,estimated,403037.7,137936.05,1.0,0.0,kepco_hybrid_moe_load_v1,403037.7,,403037.7,kepco_hybrid_forecast_v1
2024-04,2024,4,대구,618230.03,estimated,618230.03,226356.6,1.0,0.0,kepco_hybrid_moe_load_v1,618230.03,,618230.03,kepco_hybrid_forecast_v1
2024-04,2024,4,대전,511016.18,estimated,511016.18,142651.81,1.0,0.0,kepco_hybrid_moe_load_v1,511016.18,,511016.18,kepco_hybrid_forecast_v1
2024-04,2024,4,부산,461738.77,estimated,461738.77,222819.77,1.0,0.0,kepco_hybrid_moe_load_v1,461738.77,,461738.77,kepco_hybrid_forecast_v1
2024-04,2024,4,서울,1015337.65,estimated,1015337.65,630733.22,1.0,0.0,kepco_hybrid_moe_load_v1,1015337.65,,1015337.65,kepco_hybrid_forecast_v1
2024-04,2024,4,세종,169738.89,estimated,169738.89,83704.78,1.0,0.0,kepco_hybrid_moe_load_v1,169738.89,,169738.89,kepco_hybrid_forecast_v1
2024-04,2024,4,울산,118933.84,estimated,118933.84,64841.73,1.0,0.0,kepco_hybrid_moe_load_v1,118933.84,,118933.84,kepco_hybrid_forecast_v1
2024-04,2024,4,인천,552304.34,estimated,552304.34,208672.49,1.0,0.0,kepco_hybrid_moe_load_v1,552304.34,,552304.34,kepco_hybrid_forecast_v1
2024-04,2024,4,전남,1107255.98,estimated,1107255.98,315956.08,1.0,0.0,kepco_hybrid_moe_load_v1,1107255.98,,1107255.98,kepco_hybrid_forecast_v1
2024-04,2024,4,전북,474627.66,estimated,474627.66,236967.06,1.0,0.0,kepco_hybrid_moe_load_v1,474627.66,,474627.66,kepco_hybrid_forecast_v1
2024-04,2024,4,제주,1294288.18,estimated,1294288.18,236967.06,1.0,0.0,kepco_hybrid_moe_load_v1,1294288.18,,1294288.18,kepco_hybrid_forecast_v1
2024-04,2024,4,충남,482544.62,estimated,482544.62,254651.17,1.0,0.0,kepco_hybrid_moe_load_v1,482544.62,,482544.62,kepco_hybrid_forecast_v1
2024-04,2024,4,충북,637355.85,estimated,637355.85,229893.42,1.0,0.0,kepco_hybrid_moe_load_v1,637355.85,,637355.85,kepco_hybrid_forecast_v1
2024-05,2024,5,강원,818522.82,estimated,818522.82,313665.03,1.0,0.0,kepco_hybrid_moe_load_v1,818522.82,,818522.82,kepco_hybrid_forecast_v1
2024-05,2024,5,경기,1943108.23,estimated,1943108.23,922758.76,1.0,0.0,kepco_hybrid_moe_load_v1,1943108.23,,1943108.23,kepco_hybrid_forecast_v1
2024-05,2024,5,경남,1299157.47,estimated,1299157.47,425514.58,1.0,0.0,kepco_hybrid_moe_load_v1,1299157.47,,1299157.47,kepco_hybrid_forecast_v1
2024-05,2024,5,경북,766056.12,estimated,766056.12,464418.77,1.0,0.0,kepco_hybrid_moe_load_v1,766056.12,,766056.12,kepco_hybrid_forecast_v1
2024-05,2024,5,광주,431335.82,estimated,431335.82,142243.45,1.0,0.0,kepco_hybrid_moe_load_v1,431335.82,,431335.82,kepco_hybrid_forecast_v1
2024-05,2024,5,대구,624329.87,estimated,624329.87,233425.14,1.0,0.0,kepco_hybrid_moe_load_v1,624329.87,,624329.87,kepco_hybrid_forecast_v1
2024-05,2024,5,대전,525329.38,estimated,525329.38,147106.47,1.0,0.0,kepco_hybrid_moe_load_v1,525329.38,,525329.38,kepco_hybrid_forecast_v1
2024-05,2024,5,부산,468617.68,estimated,468617.68,229777.87,1.0,0.0,kepco_hybrid_moe_load_v1,468617.68,,468617.68,kepco_hybrid_forecast_v1
2024-05,2024,5,서울,1048224.04,estimated,1048224.04,650429.43,1.0,0.0,kepco_hybrid_moe_load_v1,1048224.04,,1048224.04,kepco_hybrid_forecast_v1
2024-05,2024,5,세종,175468.54,estimated,175468.54,86318.67,1.0,0.0,kepco_hybrid_moe_load_v1,175468.54,,175468.54,kepco_hybrid_forecast_v1
2024-05,2024,5,울산,121517.62,estimated,121517.62,66866.58,1.0,0.0,kepco_hybrid_moe_load_v1,121517.62,,121517.62,kepco_hybrid_forecast_v1
2024-05,2024,5,인천,550863.79,estimated,550863.79,215188.8,1.0,0.0,kepco_hybrid_moe_load_v1,550863.79,,550863.79,kepco_hybrid_forecast_v1
2024-05,2024,5,전남,1156195.11,estimated,1156195.11,325822.59,1.0,0.0,kepco_hybrid_moe_load_v1,1156195.11,,1156195.11,kepco_hybrid_forecast_v1
2024-05,2024,5,전북,498094.54,estimated,498094.54,244366.94,1.0,0.0,kepco_hybrid_moe_load_v1,498094.54,,498094.54,kepco_hybrid_forecast_v1
2024-05,2024,5,제주,1370903.14,estimated,1370903.14,244366.94,1.0,0.0,kepco_hybrid_moe_load_v1,1370903.14,,1370903.14,kepco_hybrid_forecast_v1
2024-05,2024,5,충남,497933.92,estimated,497933.92,262603.28,1.0,0.0,kepco_hybrid_moe_load_v1,497933.92,,497933.92,kepco_hybrid_forecast_v1
2024-05,2024,5,충북,660129.29,estimated,660129.29,237072.41,1.0,0.0,kepco_hybrid_moe_load_v1,660129.29,,660129.29,kepco_hybrid_forecast_v1
2024-06,2024,6,강원,831680.75,estimated,831680.75,622906.17,1.0,0.0,kepco_hybrid_moe_load_v1,831680.75,,831680.75,kepco_hybrid_forecast_v1
2024-06,2024,6,경기,1956152.07,estimated,1956152.07,1832503.04,1.0,0.0,kepco_hybrid_moe_load_v1,1956152.07,,1956152.07,kepco_hybrid_forecast_v1
2024-06,2024,6,경남,1251326.85,estimated,1251326.85,845027.75,1.0,0.0,kepco_hybrid_moe_load_v1,1251326.85,,1251326.85,kepco_hybrid_forecast_v1
2024-06,2024,6,경북,734138.79,estimated,734138.79,922287.43,1.0,0.0,kepco_hybrid_moe_load_v1,734138.79,,734138.79,kepco_hybrid_forecast_v1
2024-06,2024,6,광주,430729.92,estimated,430729.92,282480.71,1.0,0.0,kepco_hybrid_moe_load_v1,430729.92,,430729.92,kepco_hybrid_forecast_v1
2024-06,2024,6,대구,633993.69,estimated,633993.69,463558.08,1.0,0.0,kepco_hybrid_moe_load_v1,633993.69,,633993.69,kepco_hybrid_forecast_v1
2024-06,2024,6,대전,445811.05,estimated,445811.05,292138.17,1.0,0.0,kepco_hybrid_moe_load_v1,445811.05,,445811.05,kepco_hybrid_forecast_v1
2024-06,2024,6,부산,471656.87,estimated,471656.87,456314.99,1.0,0.0,kepco_hybrid_moe_load_v1,471656.87,,471656.87,kepco_hybrid_forecast_v1
2024-06,2024,6,서울,1113517.2,estimated,1113517.2,1291685.28,1.0,0.0,kepco_hybrid_moe_load_v1,1113517.2,,1113517.2,kepco_hybrid_forecast_v1
2024-06,2024,6,세종,184458.73,estimated,184458.73,171419.92,1.0,0.0,kepco_hybrid_moe_load_v1,184458.73,,184458.73,kepco_hybrid_forecast_v1
2024-06,2024,6,울산,120459.9,estimated,120459.9,132790.08,1.0,0.0,kepco_hybrid_moe_load_v1,120459.9,,120459.9,kepco_hybrid_forecast_v1
2024-06,2024,6,인천,561730.17,estimated,561730.17,427342.61,1.0,0.0,kepco_hybrid_moe_load_v1,561730.17,,561730.17,kepco_hybrid_forecast_v1
2024-06,2024,6,전남,1100264.36,estimated,1100264.36,647049.82,1.0,0.0,kepco_hybrid_moe_load_v1,1100264.36,,1100264.36,kepco_hybrid_forecast_v1
2024-06,2024,6,전북,465510.91,estimated,465510.91,485287.37,1.0,0.0,kepco_hybrid_moe_load_v1,465510.91,,465510.91,kepco_hybrid_forecast_v1
2024-06,2024,6,제주,1360790.73,estimated,1360790.73,485287.37,1.0,0.0,kepco_hybrid_moe_load_v1,1360790.73,,1360790.73,kepco_hybrid_forecast_v1
2024-06,2024,6,충남,482669.25,estimated,482669.25,521502.84,1.0,0.0,kepco_hybrid_moe_load_v1,482669.25,,482669.25,kepco_hybrid_forecast_v1
2024-06,2024,6,충북,639258.06,estimated,639258.06,470801.18,1.0,0.0,kepco_hybrid_moe_load_v1,639258.06,,639258.06,kepco_hybrid_forecast_v1
2024-07,2024,7,강원,851907.93,estimated,851907.93,0.0,1.0,0.0,kepco_hybrid_moe_load_v1,851907.93,,851907.93,kepco_hybrid_forecast_v1
2024-07,2024,7,경기,2054525.23,estimated,2054525.23,0.0,1.0,0.0,kepco_hybrid_moe_load_v1,2054525.23,,2054525.23,kepco_hybrid_forecast_v1
2024-07,2024,7,경남,1392544.59,estimated,1392544.59,0.0,1.0,0.0,kepco_hybrid_moe_load_v1,1392544.59,,1392544.59,kepco_hybrid_forecast_v1
2024-07,2024,7,경북,772305.79,estimated,772305.79,0.0,1.0,0.0,kepco_hybrid_moe_load_v1,772305.79,,772305.79,kepco_hybrid_forecast_v1
2024-07,2024,7,광주,475817.21,estimated,475817.21,0.0,1.0,0.0,kepco_hybrid_moe_load_v1,475817.21,,475817.21,kepco_hybrid_forecast_v1
2024-07,2024,7,대구,689735.6,estimated,689735.6,0.0,1.0,0.0,kepco_hybrid_moe_load_v1,689735.6,,689735.6,kepco_hybrid_forecast_v1
2024-07,2024,7,대전,448532.45,estimated,448532.45,0.0,1.0,0.0,kepco_hybrid_moe_load_v1,448532.45,,448532.45,kepco_hybrid_forecast_v1
2024-07,2024,7,부산,499390.84,estimated,499390.84,0.0,1.0,0.0,kepco_hybrid_moe_load_v1,499390.84,,499390.84,kepco_hybrid_forecast_v1
2024-07,2024,7,서울,1176678.39,estimated,1176678.39,0.0,1.0,0.0,kepco_hybrid_moe_load_v1,1176678.39,,1176678.39,kepco_hybrid_forecast_v1
2024-07,2024,7,세종,197499.97,estimated,197499.97,0.0,1.0,0.0,kepco_hybrid_moe_load_v1,197499.97,,197499.97,kepco_hybrid_forecast_v1
2024-07,2024,7,울산,128907.5,estimated,128907.5,0.0,1.0,0.0,kepco_hybrid_moe_load_v1,128907.5,,128907.5,kepco_hybrid_forecast_v1
2024-07,2024,7,인천,577997.38,estimated,577997.38,0.0,1.0,0.0,kepco_hybrid_moe_load_v1,577997.38,,577997.38,kepco_hybrid_forecast_v1
2024-07,2024,7,전남,1201253.14,estimated,1201253.14,0.0,1.0,0.0,kepco_hybrid_moe_load_v1,1201253.14,,1201253.14,kepco_hybrid_forecast_v1
2024-07,2024,7,전북,492441.98,estimated,492441.98,0.0,1.0,0.0,kepco_hybrid_moe_load_v1,492441.98,,492441.98,kepco_hybrid_forecast_v1
2024-07,2024,7,제주,1715876.54,estimated,1715876.54,0.0,1.0,0.0,kepco_hybrid_moe_load_v1,1715876.54,,1715876.54,kepco_hybrid_forecast_v1
2024-07,2024,7,충남,486514.47,estimated,486514.47,0.0,1.0,0.0,kepco_hybrid_moe_load_v1,486514.47,,486514.47,kepco_hybrid_forecast_v1
2024-07,2024,7,충북,645820.51,estimated,645820.51,0.0,1.0,0.0,kepco_hybrid_moe_load_v1,645820.51,,645820.51,kepco_hybrid_forecast_v1
2024-08,2024,8,강원,1081493.41,estimated,1081493.41,0.0,1.0,0.0,kepco_hybrid_moe_load_v1,1081493.41,,1081493.41,kepco_hybrid_forecast_v1
2024-08,2024,8,경기,2356279.55,estimated,2356279.55,0.0,1.0,0.0,kepco_hybrid_moe_load_v1,2356279.55,,2356279.55,kepco_hybrid_forecast_v1
2024-08,2024,8,경남,1569952.74,estimated,1569952.74,0.0,1.0,0.0,kepco_hybrid_moe_load_v1,1569952.74,,1569952.74,kepco_hybrid_forecast_v1
2024-08,2024,8,경북,853671.9,estimated,853671.9,0.0,1.0,0.0,kepco_hybrid_moe_load_v1,853671.9,,853671.9,kepco_hybrid_forecast_v1
2024-08,2024,8,광주,517686.54,estimated,517686.54,0.0,1.0,0.0,kepco_hybrid_moe_load_v1,517686.54,,517686.54,kepco_hybrid_forecast_v1
2024-08,2024,8,대구,714001.09,estimated,714001.09,0.0,1.0,0.0,kepco_hybrid_moe_load_v1,714001.09,,714001.09,kepco_hybrid_forecast_v1
2024-08,2024,8,대전,501299.23,estimated,501299.23,0.0,1.0,0.0,kepco_hybrid_moe_load_v1,501299.23,,501299.23,kepco_hybrid_forecast_v1
2024-08,2024,8,부산,536365.39,estimated,536365.39,0.0,1.0,0.0,kepco_hybrid_moe_load_v1,536365.39,,536365.39,kepco_hybrid_forecast_v1
2024-08,2024,8,서울,1268163.24,estimated,1268163.24,0.0,1.0,0.0,kepco_hybrid_moe_load_v1,1268163.24,,1268163.24,kepco_hybrid_forecast_v1
2024-08,2024,8,세종,213388.55,estimated,213388.55,0.0,1.0,0.0,kepco_hybrid_moe_load_v1,213388.55,,213388.55,kepco_hybrid_forecast_v1
2024-08,2024,8,울산,136928.38,estimated,136928.38,0.0,1.0,0.0,kepco_hybrid_moe_load_v1,136928.38,,136928.38,kepco_hybrid_forecast_v1
2024-08,2024,8,인천,644913.83,estimated,644913.83,0.0,1.0,0.0,kepco_hybrid_moe_load_v1,644913.83,,644913.83,kepco_hybrid_forecast_v1
2024-08,2024,8,전남,1393995.41,estimated,1393995.41,0.0,1.0,0.0,kepco_hybrid_moe_load_v1,1393995.41,,1393995.41,kepco_hybrid_forecast_v1
2024-08,2024,8,전북,570541.97,estimated,570541.97,0.0,1.0,0.0,kepco_hybrid_moe_load_v1,570541.97,,570541.97,kepco_hybrid_forecast_v1
2024-08,2024,8,제주,1912723.59,estimated,1912723.59,0.0,1.0,0.0,kepco_hybrid_moe_load_v1,1912723.59,,1912723.59,kepco_hybrid_forecast_v1
2024-08,2024,8,충남,573348.54,estimated,573348.54,0.0,1.0,0.0,kepco_hybrid_moe_load_v1,573348.54,,573348.54,kepco_hybrid_forecast_v1
2024-08,2024,8,충북,754332.78,estimated,754332.78,0.0,1.0,0.0,kepco_hybrid_moe_load_v1,754332.78,,754332.78,kepco_hybrid_forecast_v1
2024-09,2024,9,강원,840348.53,estimated,840348.53,0.0,1.0,0.0,kepco_hybrid_moe_load_v1,840348.53,,840348.53,kepco_hybrid_forecast_v1
2024-09,2024,9,경기,2135176.55,estimated,2135176.55,0.0,1.0,0.0,kepco_hybrid_moe_load_v1,2135176.55,,2135176.55,kepco_hybrid_forecast_v1
2024-09,2024,9,경남,1434213.09,estimated,1434213.09,0.0,1.0,0.0,kepco_hybrid_moe_load_v1,1434213.09,,1434213.09,kepco_hybrid_forecast_v1
2024-09,2024,9,경북,796984.48,estimated,796984.48,0.0,1.0,0.0,kepco_hybrid_moe_load_v1,796984.48,,796984.48,kepco_hybrid_forecast_v1
2024-09,2024,9,광주,489363.52,estimated,489363.52,0.0,1.0,0.0,kepco_hybrid_moe_load_v1,489363.52,,489363.52,kepco_hybrid_forecast_v1
2024-09,2024,9,대구,671813.74,estimated,671813.74,0.0,1.0,0.0,kepco_hybrid_moe_load_v1,671813.74,,671813.74,kepco_hybrid_forecast_v1
2024-09,2024,9,대전,456367.66,estimated,456367.66,0.0,1.0,0.0,kepco_hybrid_moe_load_v1,456367.66,,456367.66,kepco_hybrid_forecast_v1
2024-09,2024,9,부산,486350.76,estimated,486350.76,0.0,1.0,0.0,kepco_hybrid_moe_load_v1,486350.76,,486350.76,kepco_hybrid_forecast_v1
2024-09,2024,9,서울,1153825.54,estimated,1153825.54,0.0,1.0,0.0,kepco_hybrid_moe_load_v1,1153825.54,,1153825.54,kepco_hybrid_forecast_v1
2024-09,2024,9,세종,199622.77,estimated,199622.77,0.0,1.0,0.0,kepco_hybrid_moe_load_v1,199622.77,,199622.77,kepco_hybrid_forecast_v1
2024-09,2024,9,울산,124374.35,estimated,124374.35,0.0,1.0,0.0,kepco_hybrid_moe_load_v1,124374.35,,124374.35,kepco_hybrid_forecast_v1
2024-09,2024,9,인천,581069.65,estimated,581069.65,0.0,1.0,0.0,kepco_hybrid_moe_load_v1,581069.65,,581069.65,kepco_hybrid_forecast_v1
2024-09,2024,9,전남,1372021.95,estimated,1372021.95,0.0,1.0,0.0,kepco_hybrid_moe_load_v1,1372021.95,,1372021.95,kepco_hybrid_forecast_v1
2024-09,2024,9,전북,549808.63,estimated,549808.63,0.0,1.0,0.0,kepco_hybrid_moe_load_v1,549808.63,,549808.63,kepco_hybrid_forecast_v1
2024-09,2024,9,제주,1631234.52,estimated,1631234.52,0.0,1.0,0.0,kepco_hybrid_moe_load_v1,1631234.52,,1631234.52,kepco_hybrid_forecast_v1
2024-09,2024,9,충남,563618.88,estimated,563618.88,0.0,1.0,0.0,kepco_hybrid_moe_load_v1,563618.88,,563618.88,kepco_hybrid_forecast_v1
2024-09,2024,9,충북,707394.28,estimated,707394.28,0.0,1.0,0.0,kepco_hybrid_moe_load_v1,707394.28,,707394.28,kepco_hybrid_forecast_v1
2024-10,2024,10,강원,901800.21,estimated,901800.21,0.0,1.0,0.0,kepco_hybrid_moe_load_v1,901800.21,,901800.21,kepco_hybrid_forecast_v1
2024-10,2024,10,경기,2146219.45,estimated,2146219.45,0.0,1.0,0.0,kepco_hybrid_moe_load_v1,2146219.45,,2146219.45,kepco_hybrid_forecast_v1
2024-10,2024,10,경남,1386344.21,estimated,1386344.21,0.0,1.0,0.0,kepco_hybrid_moe_load_v1,1386344.21,,1386344.21,kepco_hybrid_forecast_v1
2024-10,2024,10,경북,770234.81,estimated,770234.81,0.0,1.0,0.0,kepco_hybrid_moe_load_v1,770234.81,,770234.81,kepco_hybrid_forecast_v1
2024-10,2024,10,광주,434836.98,estimated,434836.98,0.0,1.0,0.0,kepco_hybrid_moe_load_v1,434836.98,,434836.98,kepco_hybrid_forecast_v1
2024-10,2024,10,대구,654532.25,estimated,654532.25,0.0,1.0,0.0,kepco_hybrid_moe_load_v1,654532.25,,654532.25,kepco_hybrid_forecast_v1
2024-10,2024,10,대전,434395.85,estimated,434395.85,0.0,1.0,0.0,kepco_hybrid_moe_load_v1,434395.85,,434395.85,kepco_hybrid_forecast_v1
2024-10,2024,10,부산,457648.79,estimated,457648.79,0.0,1.0,0.0,kepco_hybrid_moe_load_v1,457648.79,,457648.79,kepco_hybrid_forecast_v1
2024-10,2024,10,서울,1128968.86,estimated,1128968.86,0.0,1.0,0.0,kepco_hybrid_moe_load_v1,1128968.86,,1128968.86,kepco_hybrid_forecast_v1
2024-10,2024,10,세종,196466.25,estimated,196466.25,0.0,1.0,0.0,kepco_hybrid_moe_load_v1,196466.25,,196466.25,kepco_hybrid_forecast_v1
2024-10,2024,10,울산,117822.21,estimated,117822.21,0.0,1.0,0.0,kepco_hybrid_moe_load_v1,117822.21,,117822.21,kepco_hybrid_forecast_v1
2024-10,2024,10,인천,577008.22,estimated,577008.22,0.0,1.0,0.0,kepco_hybrid_moe_load_v1,577008.22,,577008.22,kepco_hybrid_forecast_v1
2024-10,2024,10,전남,1238843.55,estimated,1238843.55,0.0,1.0,0.0,kepco_hybrid_moe_load_v1,1238843.55,,1238843.55,kepco_hybrid_forecast_v1
2024-10,2024,10,전북,519512.27,estimated,519512.27,0.0,1.0,0.0,kepco_hybrid_moe_load_v1,519512.27,,519512.27,kepco_hybrid_forecast_v1
2024-10,2024,10,제주,1497760.57,estimated,1497760.57,0.0,1.0,0.0,kepco_hybrid_moe_load_v1,1497760.57,,1497760.57,kepco_hybrid_forecast_v1
2024-10,2024,10,충남,553266.34,estimated,553266.34,0.0,1.0,0.0,kepco_hybrid_moe_load_v1,553266.34,,553266.34,kepco_hybrid_forecast_v1
2024-10,2024,10,충북,715467.97,estimated,715467.97,0.0,1.0,0.0,kepco_hybrid_moe_load_v1,715467.97,,715467.97,kepco_hybrid_forecast_v1
2024-11,2024,11,강원,881898.09,estimated,881898.09,0.0,1.0,0.0,kepco_hybrid_moe_load_v1,881898.09,,881898.09,kepco_hybrid_forecast_v1
2024-11,2024,11,경기,2304242.33,estimated,2304242.33,0.0,1.0,0.0,kepco_hybrid_moe_load_v1,2304242.33,,2304242.33,kepco_hybrid_forecast_v1
2024-11,2024,11,경남,1432765.69,estimated,1432765.69,0.0,1.0,0.0,kepco_hybrid_moe_load_v1,1432765.69,,1432765.69,kepco_hybrid_forecast_v1
2024-11,2024,11,경북,826721.61,estimated,826721.61,0.0,1.0,0.0,kepco_hybrid_moe_load_v1,826721.61,,826721.61,kepco_hybrid_forecast_v1
2024-11,2024,11,광주,481025.77,estimated,481025.77,0.0,1.0,0.0,kepco_hybrid_moe_load_v1,481025.77,,481025.77,kepco_hybrid_forecast_v1
2024-11,2024,11,대구,690023.29,estimated,690023.29,0.0,1.0,0.0,kepco_hybrid_moe_load_v1,690023.29,,690023.29,kepco_hybrid_forecast_v1
2024-11,2024,11,대전,490615.12,estimated,490615.12,0.0,1.0,0.0,kepco_hybrid_moe_load_v1,490615.12,,490615.12,kepco_hybrid_forecast_v1
2024-11,2024,11,부산,469951.61,estimated,469951.61,0.0,1.0,0.0,kepco_hybrid_moe_load_v1,469951.61,,469951.61,kepco_hybrid_forecast_v1
2024-11,2024,11,서울,1239961.04,estimated,1239961.04,0.0,1.0,0.0,kepco_hybrid_moe_load_v1,1239961.04,,1239961.04,kepco_hybrid_forecast_v1
2024-11,2024,11,세종,211934.85,estimated,211934.85,0.0,1.0,0.0,kepco_hybrid_moe_load_v1,211934.85,,211934.85,kepco_hybrid_forecast_v1
2024-11,2024,11,울산,124290.49,estimated,124290.49,0.0,1.0,0.0,kepco_hybrid_moe_load_v1,124290.49,,124290.49,kepco_hybrid_forecast_v1
2024-11,2024,11,인천,640517.12,estimated,640517.12,0.0,1.0,0.0,kepco_hybrid_moe_load_v1,640517.12,,640517.12,kepco_hybrid_forecast_v1
2024-11,2024,11,전남,1344348.14,estimated,1344348.14,0.0,1.0,0.0,kepco_hybrid_moe_load_v1,1344348.14,,1344348.14,kepco_hybrid_forecast_v1
2024-11,2024,11,전북,559103.26,estimated,559103.26,0.0,1.0,0.0,kepco_hybrid_moe_load_v1,559103.26,,559103.26,kepco_hybrid_forecast_v1
2024-11,2024,11,제주,1498455.91,estimated,1498455.91,0.0,1.0,0.0,kepco_hybrid_moe_load_v1,1498455.91,,1498455.91,kepco_hybrid_forecast_v1
2024-11,2024,11,충남,581183.32,estimated,581183.32,0.0,1.0,0.0,kepco_hybrid_moe_load_v1,581183.32,,581183.32,kepco_hybrid_forecast_v1
2024-11,2024,11,충북,788670.21,estimated,788670.21,0.0,1.0,0.0,kepco_hybrid_moe_load_v1,788670.21,,788670.21,kepco_hybrid_forecast_v1
2024-12,2024,12,강원,990541.72,estimated,990541.72,0.0,1.0,0.0,kepco_hybrid_moe_load_v1,990541.72,,990541.72,kepco_hybrid_forecast_v1
2024-12,2024,12,경기,2692992.01,estimated,2692992.01,0.0,1.0,0.0,kepco_hybrid_moe_load_v1,2692992.01,,2692992.01,kepco_hybrid_forecast_v1
2024-12,2024,12,경남,1579897.68,estimated,1579897.68,0.0,1.0,0.0,kepco_hybrid_moe_load_v1,1579897.68,,1579897.68,kepco_hybrid_forecast_v1
2024-12,2024,12,경북,904507.92,estimated,904507.92,0.0,1.0,0.0,kepco_hybrid_moe_load_v1,904507.92,,904507.92,kepco_hybrid_forecast_v1
2024-12,2024,12,광주,544998.63,estimated,544998.63,0.0,1.0,0.0,kepco_hybrid_moe_load_v1,544998.63,,544998.63,kepco_hybrid_forecast_v1
2024-12,2024,12,대구,797660.85,estimated,797660.85,0.0,1.0,0.0,kepco_hybrid_moe_load_v1,797660.85,,797660.85,kepco_hybrid_forecast_v1
2024-12,2024,12,대전,582928.81,estimated,582928.81,0.0,1.0,0.0,kepco_hybrid_moe_load_v1,582928.81,,582928.81,kepco_hybrid_forecast_v1
2024-12,2024,12,부산,520402.66,estimated,520402.66,0.0,1.0,0.0,kepco_hybrid_moe_load_v1,520402.66,,520402.66,kepco_hybrid_forecast_v1
2024-12,2024,12,서울,1505505.66,estimated,1505505.66,0.0,1.0,0.0,kepco_hybrid_moe_load_v1,1505505.66,,1505505.66,kepco_hybrid_forecast_v1
2024-12,2024,12,세종,235920.32,estimated,235920.32,0.0,1.0,0.0,kepco_hybrid_moe_load_v1,235920.32,,235920.32,kepco_hybrid_forecast_v1
2024-12,2024,12,울산,141434.1,estimated,141434.1,0.0,1.0,0.0,kepco_hybrid_moe_load_v1,141434.1,,141434.1,kepco_hybrid_forecast_v1
2024-12,2024,12,인천,754916.89,estimated,754916.89,0.0,1.0,0.0,kepco_hybrid_moe_load_v1,754916.89,,754916.89,kepco_hybrid_forecast_v1
2024-12,2024,12,전남,1439351.8,estimated,1439351.8,0.0,1.0,0.0,kepco_hybrid_moe_load_v1,1439351.8,,1439351.8,kepco_hybrid_forecast_v1
2024-12,2024,12,전북,585828.09,estimated,585828.09,0.0,1.0,0.0,kepco_hybrid_moe_load_v1,585828.09,,585828.09,kepco_hybrid_forecast_v1
2024-12,2024,12,제주,1709433.8,estimated,1709433.8,0.0,1.0,0.0,kepco_hybrid_moe_load_v1,1709433.8,,1709433.8,kepco_hybrid_forecast_v1
2024-12,2024,12,충남,624557.54,estimated,624557.54,0.0,1.0,0.0,kepco_hybrid_moe_load_v1,624557.54,,624557.54,kepco_hybrid_forecast_v1
2024-12,2024,12,충북,841513.85,estimated,841513.85,0.0,1.0,0.0,kepco_hybrid_moe_load_v1,841513.85,,841513.85,kepco_hybrid_forecast_v1
2025-01,2025,1,강원,1026027.72,estimated,1026027.72,979980.62,1.0,0.0,kepco_hybrid_moe_load_v1,1026027.72,,1026027.72,kepco_hybrid_forecast_v1
2025-01,2025,1,경기,2507712.29,estimated,2507712.29,2932345.1,1.0,0.0,kepco_hybrid_moe_load_v1,2507712.29,,2507712.29,kepco_hybrid_forecast_v1
2025-01,2025,1,경남,1563432.28,estimated,1563432.28,1340826.19,1.0,0.0,kepco_hybrid_moe_load_v1,1563432.28,,1563432.28,kepco_hybrid_forecast_v1
2025-01,2025,1,경북,917049.39,estimated,917049.39,1458575.8,1.0,0.0,kepco_hybrid_moe_load_v1,917049.39,,917049.39,kepco_hybrid_forecast_v1
2025-01,2025,1,광주,513764.92,estimated,513764.92,455804.94,1.0,0.0,kepco_hybrid_moe_load_v1,513764.92,,513764.92,kepco_hybrid_forecast_v1
2025-01,2025,1,대구,758148.17,estimated,758148.17,736884.65,1.0,0.0,kepco_hybrid_moe_load_v1,758148.17,,758148.17,kepco_hybrid_forecast_v1
2025-01,2025,1,대전,621530.16,estimated,621530.16,459603.31,1.0,0.0,kepco_hybrid_moe_load_v1,621530.16,,621530.16,kepco_hybrid_forecast_v1
2025-01,2025,1,부산,498072.96,estimated,498072.96,725489.53,1.0,0.0,kepco_hybrid_moe_load_v1,498072.96,,498072.96,kepco_hybrid_forecast_v1
2025-01,2025,1,서울,1407274.93,estimated,1407274.93,2043525.47,1.0,0.0,kepco_hybrid_moe_load_v1,1407274.93,,1407274.93,kepco_hybrid_forecast_v1
2025-01,2025,1,세종,218874.51,estimated,218874.51,273482.96,1.0,0.0,kepco_hybrid_moe_load_v1,218874.51,,218874.51,kepco_hybrid_forecast_v1
2025-01,2025,1,울산,137052.78,estimated,137052.78,212708.97,1.0,0.0,kepco_hybrid_moe_load_v1,137052.78,,137052.78,kepco_hybrid_forecast_v1
2025-01,2025,1,인천,711146.27,estimated,711146.27,672312.28,1.0,0.0,kepco_hybrid_moe_load_v1,711146.27,,711146.27,kepco_hybrid_forecast_v1
2025-01,2025,1,전남,1445312.15,estimated,1445312.15,1036956.23,1.0,0.0,kepco_hybrid_moe_load_v1,1445312.15,,1445312.15,kepco_hybrid_forecast_v1
2025-01,2025,1,전북,589097.35,estimated,589097.35,778666.77,1.0,0.0,kepco_hybrid_moe_load_v1,589097.35,,589097.35,kepco_hybrid_forecast_v1
2025-01,2025,1,제주,1661634.33,estimated,1661634.33,767271.64,1.0,0.0,kepco_hybrid_moe_load_v1,1661634.33,,1661634.33,kepco_hybrid_forecast_v1
2025-01,2025,1,충남,590689.0,estimated,590689.0,824247.26,1.0,0.0,kepco_hybrid_moe_load_v1,590689.0,,590689.0,kepco_hybrid_forecast_v1
2025-01,2025,1,충북,790950.33,estimated,790950.33,740683.02,1.0,0.0,kepco_hybrid_moe_load_v1,790950.33,,790950.33,kepco_hybrid_forecast_v1
2025-02,2025,2,강원,837043.0,estimated,837043.0,2788047.8,1.0,0.0,kepco_hybrid_moe_load_v1,837043.0,,837043.0,kepco_hybrid_forecast_v1
2025-02,2025,2,경기,2359231.48,estimated,2359231.48,8342530.62,1.0,0.0,kepco_hybrid_moe_load_v1,2359231.48,,2359231.48,kepco_hybrid_forecast_v1
2025-02,2025,2,경남,1380824.55,estimated,1380824.55,3814654.54,1.0,0.0,kepco_hybrid_moe_load_v1,1380824.55,,1380824.55,kepco_hybrid_forecast_v1
2025-02,2025,2,경북,781587.17,estimated,781587.17,4149652.53,1.0,0.0,kepco_hybrid_moe_load_v1,781587.17,,781587.17,kepco_hybrid_forecast_v1
2025-02,2025,2,광주,478406.21,estimated,478406.21,1296766.42,1.0,0.0,kepco_hybrid_moe_load_v1,478406.21,,478406.21,kepco_hybrid_forecast_v1
2025-02,2025,2,대구,681822.92,estimated,681822.92,2096439.04,1.0,0.0,kepco_hybrid_moe_load_v1,681822.92,,681822.92,kepco_hybrid_forecast_v1
2025-02,2025,2,대전,580952.71,estimated,580952.71,1307572.8,1.0,0.0,kepco_hybrid_moe_load_v1,580952.71,,580952.71,kepco_hybrid_forecast_v1
2025-02,2025,2,부산,472444.55,estimated,472444.55,2064019.88,1.0,0.0,kepco_hybrid_moe_load_v1,472444.55,,472444.55,kepco_hybrid_forecast_v1
2025-02,2025,2,서울,1387319.58,estimated,1387319.58,5813836.1,1.0,0.0,kepco_hybrid_moe_load_v1,1387319.58,,1387319.58,kepco_hybrid_forecast_v1
2025-02,2025,2,세종,222343.76,estimated,222343.76,778059.85,1.0,0.0,kepco_hybrid_moe_load_v1,222343.76,,222343.76,kepco_hybrid_forecast_v1
2025-02,2025,2,울산,123779.33,estimated,123779.33,605157.66,1.0,0.0,kepco_hybrid_moe_load_v1,123779.33,,123779.33,kepco_hybrid_forecast_v1
2025-02,2025,2,인천,652742.79,estimated,652742.79,1912730.47,1.0,0.0,kepco_hybrid_moe_load_v1,652742.79,,652742.79,kepco_hybrid_forecast_v1
2025-02,2025,2,전남,1193946.45,estimated,1193946.45,2950143.6,1.0,0.0,kepco_hybrid_moe_load_v1,1193946.45,,1193946.45,kepco_hybrid_forecast_v1
2025-02,2025,2,전북,492222.59,estimated,492222.59,2215309.3,1.0,0.0,kepco_hybrid_moe_load_v1,492222.59,,492222.59,kepco_hybrid_forecast_v1
2025-02,2025,2,제주,1540841.62,estimated,1540841.62,2182890.14,1.0,0.0,kepco_hybrid_moe_load_v1,1540841.62,,1540841.62,kepco_hybrid_forecast_v1
2025-02,2025,2,충남,547467.56,estimated,547467.56,2344985.94,1.0,0.0,kepco_hybrid_moe_load_v1,547467.56,,547467.56,kepco_hybrid_forecast_v1
2025-02,2025,2,충북,719068.93,estimated,719068.93,2107245.43,1.0,0.0,kepco_hybrid_moe_load_v1,719068.93,,719068.93,kepco_hybrid_forecast_v1
2025-03,2025,3,강원,774772.55,estimated,774772.55,1536878.93,1.0,0.0,kepco_hybrid_moe_load_v1,774772.55,,774772.55,kepco_hybrid_forecast_v1
2025-03,2025,3,경기,2101419.02,estimated,2101419.02,4598723.0,1.0,0.0,kepco_hybrid_moe_load_v1,2101419.02,,2101419.02,kepco_hybrid_forecast_v1
2025-03,2025,3,경남,1303391.81,estimated,1303391.81,2102783.96,1.0,0.0,kepco_hybrid_moe_load_v1,1303391.81,,1303391.81,kepco_hybrid_forecast_v1
2025-03,2025,3,경북,747402.29,estimated,747402.29,2287447.71,1.0,0.0,kepco_hybrid_moe_load_v1,747402.29,,747402.29,kepco_hybrid_forecast_v1
2025-03,2025,3,광주,433888.64,estimated,433888.64,714827.41,1.0,0.0,kepco_hybrid_moe_load_v1,433888.64,,433888.64,kepco_hybrid_forecast_v1
2025-03,2025,3,대구,632437.14,estimated,632437.14,1155637.65,1.0,0.0,kepco_hybrid_moe_load_v1,632437.14,,632437.14,kepco_hybrid_forecast_v1
2025-03,2025,3,대전,514336.17,estimated,514336.17,720784.3,1.0,0.0,kepco_hybrid_moe_load_v1,514336.17,,514336.17,kepco_hybrid_forecast_v1
2025-03,2025,3,부산,415329.01,estimated,415329.01,1137766.96,1.0,0.0,kepco_hybrid_moe_load_v1,415329.01,,415329.01,kepco_hybrid_forecast_v1
2025-03,2025,3,서울,1139461.94,estimated,1139461.94,3204809.55,1.0,0.0,kepco_hybrid_moe_load_v1,1139461.94,,1139461.94,kepco_hybrid_forecast_v1
2025-03,2025,3,세종,204304.15,estimated,204304.15,428896.45,1.0,0.0,kepco_hybrid_moe_load_v1,204304.15,,204304.15,kepco_hybrid_forecast_v1
2025-03,2025,3,울산,112467.17,estimated,112467.17,333586.12,1.0,0.0,kepco_hybrid_moe_load_v1,112467.17,,112467.17,kepco_hybrid_forecast_v1
2025-03,2025,3,인천,580723.04,estimated,580723.04,1054370.43,1.0,0.0,kepco_hybrid_moe_load_v1,580723.04,,580723.04,kepco_hybrid_forecast_v1
2025-03,2025,3,전남,1291317.92,estimated,1291317.92,1626232.36,1.0,0.0,kepco_hybrid_moe_load_v1,1291317.92,,1291317.92,kepco_hybrid_forecast_v1
2025-03,2025,3,전북,479095.56,estimated,479095.56,1221163.49,1.0,0.0,kepco_hybrid_moe_load_v1,479095.56,,479095.56,kepco_hybrid_forecast_v1
2025-03,2025,3,제주,1501961.5,estimated,1501961.5,1203292.81,1.0,0.0,kepco_hybrid_moe_load_v1,1501961.5,,1501961.5,kepco_hybrid_forecast_v1
2025-03,2025,3,충남,525116.71,estimated,525116.71,1292646.23,1.0,0.0,kepco_hybrid_moe_load_v1,525116.71,,525116.71,kepco_hybrid_forecast_v1
2025-03,2025,3,충북,671916.17,estimated,671916.17,1161594.54,1.0,0.0,kepco_hybrid_moe_load_v1,671916.17,,671916.17,kepco_hybrid_forecast_v1
2025-04,2025,4,강원,739332.46,estimated,739332.46,781335.84,1.0,0.0,kepco_hybrid_moe_load_v1,739332.46,,739332.46,kepco_hybrid_forecast_v1
2025-04,2025,4,경기,2068803.07,estimated,2068803.07,2337950.64,1.0,0.0,kepco_hybrid_moe_load_v1,2068803.07,,2068803.07,kepco_hybrid_forecast_v1
2025-04,2025,4,경남,1260581.53,estimated,1260581.53,1069037.02,1.0,0.0,kepco_hybrid_moe_load_v1,1260581.53,,1260581.53,kepco_hybrid_forecast_v1
2025-04,2025,4,경북,732261.77,estimated,732261.77,1162918.45,1.0,0.0,kepco_hybrid_moe_load_v1,732261.77,,732261.77,kepco_hybrid_forecast_v1
2025-04,2025,4,광주,409191.73,estimated,409191.73,363412.02,1.0,0.0,kepco_hybrid_moe_load_v1,409191.73,,409191.73,kepco_hybrid_forecast_v1
2025-04,2025,4,대구,591466.14,estimated,591466.14,587516.09,1.0,0.0,kepco_hybrid_moe_load_v1,591466.14,,591466.14,kepco_hybrid_forecast_v1
2025-04,2025,4,대전,483471.07,estimated,483471.07,366440.45,1.0,0.0,kepco_hybrid_moe_load_v1,483471.07,,483471.07,kepco_hybrid_forecast_v1
2025-04,2025,4,부산,389518.76,estimated,389518.76,578430.79,1.0,0.0,kepco_hybrid_moe_load_v1,389518.76,,389518.76,kepco_hybrid_forecast_v1
2025-04,2025,4,서울,1035158.73,estimated,1035158.73,1629297.21,1.0,0.0,kepco_hybrid_moe_load_v1,1035158.73,,1035158.73,kepco_hybrid_forecast_v1
2025-04,2025,4,세종,188618.15,estimated,188618.15,218047.21,1.0,0.0,kepco_hybrid_moe_load_v1,188618.15,,188618.15,kepco_hybrid_forecast_v1
2025-04,2025,4,울산,107705.73,estimated,107705.73,169592.27,1.0,0.0,kepco_hybrid_moe_load_v1,107705.73,,107705.73,kepco_hybrid_forecast_v1
2025-04,2025,4,인천,557867.87,estimated,557867.87,536032.72,1.0,0.0,kepco_hybrid_moe_load_v1,557867.87,,557867.87,kepco_hybrid_forecast_v1
2025-04,2025,4,전남,1287144.89,estimated,1287144.89,826762.34,1.0,0.0,kepco_hybrid_moe_load_v1,1287144.89,,1287144.89,kepco_hybrid_forecast_v1
2025-04,2025,4,전북,484780.86,estimated,484780.86,620828.86,1.0,0.0,kepco_hybrid_moe_load_v1,484780.86,,484780.86,kepco_hybrid_forecast_v1
2025-04,2025,4,제주,1490789.67,estimated,1490789.67,611743.56,1.0,0.0,kepco_hybrid_moe_load_v1,1490789.67,,1490789.67,kepco_hybrid_forecast_v1
2025-04,2025,4,충남,521991.73,estimated,521991.73,657170.06,1.0,0.0,kepco_hybrid_moe_load_v1,521991.73,,521991.73,kepco_hybrid_forecast_v1
2025-04,2025,4,충북,633965.46,estimated,633965.46,590544.53,1.0,0.0,kepco_hybrid_moe_load_v1,633965.46,,633965.46,kepco_hybrid_forecast_v1
2025-05,2025,5,강원,892564.87,estimated,892564.87,258919.67,1.0,0.0,kepco_hybrid_moe_load_v1,892564.87,,892564.87,kepco_hybrid_forecast_v1
2025-05,2025,5,경기,2076579.98,estimated,2076579.98,774751.87,1.0,0.0,kepco_hybrid_moe_load_v1,2076579.98,,2076579.98,kepco_hybrid_forecast_v1
2025-05,2025,5,경남,1355878.31,estimated,1355878.31,354258.3,1.0,0.0,kepco_hybrid_moe_load_v1,1355878.31,,1355878.31,kepco_hybrid_forecast_v1
2025-05,2025,5,경북,810280.32,estimated,810280.32,385368.81,1.0,0.0,kepco_hybrid_moe_load_v1,810280.32,,810280.32,kepco_hybrid_forecast_v1
2025-05,2025,5,광주,412497.69,estimated,412497.69,120427.75,1.0,0.0,kepco_hybrid_moe_load_v1,412497.69,,412497.69,kepco_hybrid_forecast_v1
2025-05,2025,5,대구,603534.01,estimated,603534.01,194691.53,1.0,0.0,kepco_hybrid_moe_load_v1,603534.01,,603534.01,kepco_hybrid_forecast_v1
2025-05,2025,5,대전,493819.7,estimated,493819.7,121431.32,1.0,0.0,kepco_hybrid_moe_load_v1,493819.7,,493819.7,kepco_hybrid_forecast_v1
2025-05,2025,5,부산,411821.77,estimated,411821.77,191680.84,1.0,0.0,kepco_hybrid_moe_load_v1,411821.77,,411821.77,kepco_hybrid_forecast_v1
2025-05,2025,5,서울,1019854.95,estimated,1019854.95,539917.75,1.0,0.0,kepco_hybrid_moe_load_v1,1019854.95,,1019854.95,kepco_hybrid_forecast_v1
2025-05,2025,5,세종,188409.1,estimated,188409.1,72256.65,1.0,0.0,kepco_hybrid_moe_load_v1,188409.1,,188409.1,kepco_hybrid_forecast_v1
2025-05,2025,5,울산,117348.36,estimated,117348.36,56199.62,1.0,0.0,kepco_hybrid_moe_load_v1,117348.36,,117348.36,kepco_hybrid_forecast_v1
2025-05,2025,5,인천,561437.22,estimated,561437.22,177630.93,1.0,0.0,kepco_hybrid_moe_load_v1,561437.22,,561437.22,kepco_hybrid_forecast_v1
2025-05,2025,5,전남,1407073.17,estimated,1407073.17,273973.14,1.0,0.0,kepco_hybrid_moe_load_v1,1407073.17,,1407073.17,kepco_hybrid_forecast_v1
2025-05,2025,5,전북,529541.22,estimated,529541.22,205730.74,1.0,0.0,kepco_hybrid_moe_load_v1,529541.22,,529541.22,kepco_hybrid_forecast_v1
2025-05,2025,5,제주,1558550.38,estimated,1558550.38,202720.05,1.0,0.0,kepco_hybrid_moe_load_v1,1558550.38,,1558550.38,kepco_hybrid_forecast_v1
2025-05,2025,5,충남,543241.06,estimated,543241.06,217773.52,1.0,0.0,kepco_hybrid_moe_load_v1,543241.06,,543241.06,kepco_hybrid_forecast_v1
2025-05,2025,5,충북,675737.33,estimated,675737.33,195695.1,1.0,0.0,kepco_hybrid_moe_load_v1,675737.33,,675737.33,kepco_hybrid_forecast_v1
2025-06,2025,6,강원,870486.94,estimated,870486.94,363346.64,1.0,0.0,kepco_hybrid_moe_load_v1,870486.94,,870486.94,kepco_hybrid_forecast_v1
2025-06,2025,6,경기,2089034.58,estimated,2089034.58,1087223.27,1.0,0.0,kepco_hybrid_moe_load_v1,2089034.58,,2089034.58,kepco_hybrid_forecast_v1
2025-06,2025,6,경남,1316176.92,estimated,1316176.92,497137.06,1.0,0.0,kepco_hybrid_moe_load_v1,1316176.92,,1316176.92,kepco_hybrid_forecast_v1
2025-06,2025,6,경북,773278.5,estimated,773278.5,540794.99,1.0,0.0,kepco_hybrid_moe_load_v1,773278.5,,773278.5,kepco_hybrid_forecast_v1
2025-06,2025,6,광주,443568.29,estimated,443568.29,168998.44,1.0,0.0,kepco_hybrid_moe_load_v1,443568.29,,443568.29,kepco_hybrid_forecast_v1
2025-06,2025,6,대구,621111.02,estimated,621111.02,273214.14,1.0,0.0,kepco_hybrid_moe_load_v1,621111.02,,621111.02,kepco_hybrid_forecast_v1
2025-06,2025,6,대전,497153.69,estimated,497153.69,170406.76,1.0,0.0,kepco_hybrid_moe_load_v1,497153.69,,497153.69,kepco_hybrid_forecast_v1
2025-06,2025,6,부산,411309.77,estimated,411309.77,268989.18,1.0,0.0,kepco_hybrid_moe_load_v1,411309.77,,411309.77,kepco_hybrid_forecast_v1
2025-06,2025,6,서울,1046033.35,estimated,1046033.35,757676.32,1.0,0.0,kepco_hybrid_moe_load_v1,1046033.35,,1046033.35,kepco_hybrid_forecast_v1
2025-06,2025,6,세종,185670.86,estimated,185670.86,101399.06,1.0,0.0,kepco_hybrid_moe_load_v1,185670.86,,185670.86,kepco_hybrid_forecast_v1
2025-06,2025,6,울산,117406.15,estimated,117406.15,78865.94,1.0,0.0,kepco_hybrid_moe_load_v1,117406.15,,117406.15,kepco_hybrid_forecast_v1
2025-06,2025,6,인천,545267.76,estimated,545267.76,249272.69,1.0,0.0,kepco_hybrid_moe_load_v1,545267.76,,545267.76,kepco_hybrid_forecast_v1
2025-06,2025,6,전남,1294913.59,estimated,1294913.59,384471.44,1.0,0.0,kepco_hybrid_moe_load_v1,1294913.59,,1294913.59,kepco_hybrid_forecast_v1
2025-06,2025,6,전북,476163.42,estimated,476163.42,288705.66,1.0,0.0,kepco_hybrid_moe_load_v1,476163.42,,476163.42,kepco_hybrid_forecast_v1
2025-06,2025,6,제주,1626076.57,estimated,1626076.57,284480.7,1.0,0.0,kepco_hybrid_moe_load_v1,1626076.57,,1626076.57,kepco_hybrid_forecast_v1
2025-06,2025,6,충남,510220.95,estimated,510220.95,305605.5,1.0,0.0,kepco_hybrid_moe_load_v1,510220.95,,510220.95,kepco_hybrid_forecast_v1
2025-06,2025,6,충북,638805.38,estimated,638805.38,274622.46,1.0,0.0,kepco_hybrid_moe_load_v1,638805.38,,638805.38,kepco_hybrid_forecast_v1
2025-07,2025,7,강원,1058734.09,estimated,1058734.09,0.0,1.0,0.0,kepco_hybrid_moe_load_v1,1058734.09,,1058734.09,kepco_hybrid_forecast_v1
2025-07,2025,7,경기,2451434.61,estimated,2451434.61,0.0,1.0,0.0,kepco_hybrid_moe_load_v1,2451434.61,,2451434.61,kepco_hybrid_forecast_v1
2025-07,2025,7,경남,1585124.42,estimated,1585124.42,0.0,1.0,0.0,kepco_hybrid_moe_load_v1,1585124.42,,1585124.42,kepco_hybrid_forecast_v1
2025-07,2025,7,경북,905495.56,estimated,905495.56,0.0,1.0,0.0,kepco_hybrid_moe_load_v1,905495.56,,905495.56,kepco_hybrid_forecast_v1
2025-07,2025,7,광주,534673.82,estimated,534673.82,0.0,1.0,0.0,kepco_hybrid_moe_load_v1,534673.82,,534673.82,kepco_hybrid_forecast_v1
2025-07,2025,7,대구,751312.72,estimated,751312.72,0.0,1.0,0.0,kepco_hybrid_moe_load_v1,751312.72,,751312.72,kepco_hybrid_forecast_v1
2025-07,2025,7,대전,579393.86,estimated,579393.86,0.0,1.0,0.0,kepco_hybrid_moe_load_v1,579393.86,,579393.86,kepco_hybrid_forecast_v1
2025-07,2025,7,부산,508542.67,estimated,508542.67,0.0,1.0,0.0,kepco_hybrid_moe_load_v1,508542.67,,508542.67,kepco_hybrid_forecast_v1
2025-07,2025,7,서울,1274342.65,estimated,1274342.65,0.0,1.0,0.0,kepco_hybrid_moe_load_v1,1274342.65,,1274342.65,kepco_hybrid_forecast_v1
2025-07,2025,7,세종,225847.45,estimated,225847.45,0.0,1.0,0.0,kepco_hybrid_moe_load_v1,225847.45,,225847.45,kepco_hybrid_forecast_v1
2025-07,2025,7,울산,144339.8,estimated,144339.8,0.0,1.0,0.0,kepco_hybrid_moe_load_v1,144339.8,,144339.8,kepco_hybrid_forecast_v1
2025-07,2025,7,인천,663743.57,estimated,663743.57,0.0,1.0,0.0,kepco_hybrid_moe_load_v1,663743.57,,663743.57,kepco_hybrid_forecast_v1
2025-07,2025,7,전남,1497382.87,estimated,1497382.87,0.0,1.0,0.0,kepco_hybrid_moe_load_v1,1497382.87,,1497382.87,kepco_hybrid_forecast_v1
2025-07,2025,7,전북,535639.86,estimated,535639.86,0.0,1.0,0.0,kepco_hybrid_moe_load_v1,535639.86,,535639.86,kepco_hybrid_forecast_v1
2025-07,2025,7,제주,2064530.82,estimated,2064530.82,0.0,1.0,0.0,kepco_hybrid_moe_load_v1,2064530.82,,2064530.82,kepco_hybrid_forecast_v1
2025-07,2025,7,충남,585463.94,estimated,585463.94,0.0,1.0,0.0,kepco_hybrid_moe_load_v1,585463.94,,585463.94,kepco_hybrid_forecast_v1
2025-07,2025,7,충북,725450.19,estimated,725450.19,0.0,1.0,0.0,kepco_hybrid_moe_load_v1,725450.19,,725450.19,kepco_hybrid_forecast_v1
2025-08,2025,8,강원,1186146.92,estimated,1186146.92,0.0,1.0,0.0,kepco_hybrid_moe_load_v1,1186146.92,,1186146.92,kepco_hybrid_forecast_v1
2025-08,2025,8,경기,2411972.23,estimated,2411972.23,0.0,1.0,0.0,kepco_hybrid_moe_load_v1,2411972.23,,2411972.23,kepco_hybrid_forecast_v1
2025-08,2025,8,경남,1562531.56,estimated,1562531.56,0.0,1.0,0.0,kepco_hybrid_moe_load_v1,1562531.56,,1562531.56,kepco_hybrid_forecast_v1
2025-08,2025,8,경북,975242.66,estimated,975242.66,0.0,1.0,0.0,kepco_hybrid_moe_load_v1,975242.66,,975242.66,kepco_hybrid_forecast_v1
2025-08,2025,8,광주,489892.57,estimated,489892.57,0.0,1.0,0.0,kepco_hybrid_moe_load_v1,489892.57,,489892.57,kepco_hybrid_forecast_v1
2025-08,2025,8,대구,787990.55,estimated,787990.55,0.0,1.0,0.0,kepco_hybrid_moe_load_v1,787990.55,,787990.55,kepco_hybrid_forecast_v1
2025-08,2025,8,대전,588273.95,estimated,588273.95,0.0,1.0,0.0,kepco_hybrid_moe_load_v1,588273.95,,588273.95,kepco_hybrid_forecast_v1
2025-08,2025,8,부산,530197.31,estimated,530197.31,0.0,1.0,0.0,kepco_hybrid_moe_load_v1,530197.31,,530197.31,kepco_hybrid_forecast_v1
2025-08,2025,8,서울,1226502.18,estimated,1226502.18,0.0,1.0,0.0,kepco_hybrid_moe_load_v1,1226502.18,,1226502.18,kepco_hybrid_forecast_v1
2025-08,2025,8,세종,224885.56,estimated,224885.56,0.0,1.0,0.0,kepco_hybrid_moe_load_v1,224885.56,,224885.56,kepco_hybrid_forecast_v1
2025-08,2025,8,울산,138674.54,estimated,138674.54,0.0,1.0,0.0,kepco_hybrid_moe_load_v1,138674.54,,138674.54,kepco_hybrid_forecast_v1
2025-08,2025,8,인천,655510.68,estimated,655510.68,0.0,1.0,0.0,kepco_hybrid_moe_load_v1,655510.68,,655510.68,kepco_hybrid_forecast_v1
2025-08,2025,8,전남,1546842.29,estimated,1546842.29,0.0,1.0,0.0,kepco_hybrid_moe_load_v1,1546842.29,,1546842.29,kepco_hybrid_forecast_v1
2025-08,2025,8,전북,569455.33,estimated,569455.33,0.0,1.0,0.0,kepco_hybrid_moe_load_v1,569455.33,,569455.33,kepco_hybrid_forecast_v1
2025-08,2025,8,제주,2132680.21,estimated,2132680.21,0.0,1.0,0.0,kepco_hybrid_moe_load_v1,2132680.21,,2132680.21,kepco_hybrid_forecast_v1
2025-08,2025,8,충남,616334.71,estimated,616334.71,0.0,1.0,0.0,kepco_hybrid_moe_load_v1,616334.71,,616334.71,kepco_hybrid_forecast_v1
2025-08,2025,8,충북,762729.58,estimated,762729.58,0.0,1.0,0.0,kepco_hybrid_moe_load_v1,762729.58,,762729.58,kepco_hybrid_forecast_v1
2025-09,2025,9,강원,0.0,estimated,0.0,0.0,0.0,1.0,kepco_hybrid_moe_load_v1,0.0,,0.0,kepco_hybrid_forecast_v1
2025-09,2025,9,경기,0.0,estimated,0.0,0.0,0.0,1.0,kepco_hybrid_moe_load_v1,0.0,,0.0,kepco_hybrid_forecast_v1
2025-09,2025,9,경남,0.0,estimated,0.0,0.0,0.0,1.0,kepco_hybrid_moe_load_v1,0.0,,0.0,kepco_hybrid_forecast_v1
2025-09,2025,9,경북,0.0,estimated,0.0,0.0,0.0,1.0,kepco_hybrid_moe_load_v1,0.0,,0.0,kepco_hybrid_forecast_v1
2025-09,2025,9,광주,0.0,estimated,0.0,0.0,0.0,1.0,kepco_hybrid_moe_load_v1,0.0,,0.0,kepco_hybrid_forecast_v1
2025-09,2025,9,대구,0.0,estimated,0.0,0.0,0.0,1.0,kepco_hybrid_moe_load_v1,0.0,,0.0,kepco_hybrid_forecast_v1
2025-09,2025,9,대전,0.0,estimated,0.0,0.0,0.0,1.0,kepco_hybrid_moe_load_v1,0.0,,0.0,kepco_hybrid_forecast_v1
2025-09,2025,9,부산,0.0,estimated,0.0,0.0,0.0,1.0,kepco_hybrid_moe_load_v1,0.0,,0.0,kepco_hybrid_forecast_v1
2025-09,2025,9,서울,0.0,estimated,0.0,0.0,0.0,1.0,kepco_hybrid_moe_load_v1,0.0,,0.0,kepco_hybrid_forecast_v1
2025-09,2025,9,세종,0.0,estimated,0.0,0.0,0.0,1.0,kepco_hybrid_moe_load_v1,0.0,,0.0,kepco_hybrid_forecast_v1
2025-09,2025,9,울산,0.0,estimated,0.0,0.0,0.0,1.0,kepco_hybrid_moe_load_v1,0.0,,0.0,kepco_hybrid_forecast_v1
2025-09,2025,9,인천,0.0,estimated,0.0,0.0,0.0,1.0,kepco_hybrid_moe_load_v1,0.0,,0.0,kepco_hybrid_forecast_v1
2025-09,2025,9,전남,0.0,estimated,0.0,0.0,0.0,1.0,kepco_hybrid_moe_load_v1,0.0,,0.0,kepco_hybrid_forecast_v1
2025-09,2025,9,전북,0.0,estimated,0.0,0.0,0.0,1.0,kepco_hybrid_moe_load_v1,0.0,,0.0,kepco_hybrid_forecast_v1
2025-09,2025,9,제주,0.0,estimated,0.0,0.0,0.0,1.0,kepco_hybrid_moe_load_v1,0.0,,0.0,kepco_hybrid_forecast_v1
2025-09,2025,9,충남,0.0,estimated,0.0,0.0,0.0,1.0,kepco_hybrid_moe_load_v1,0.0,,0.0,kepco_hybrid_forecast_v1
2025-09,2025,9,충북,0.0,estimated,0.0,0.0,0.0,1.0,kepco_hybrid_moe_load_v1,0.0,,0.0,kepco_hybrid_forecast_v1
2025-10,2025,10,강원,0.0,estimated,0.0,0.0,0.0,1.0,kepco_hybrid_moe_load_v1,0.0,,0.0,kepco_hybrid_forecast_v1
2025-10,2025,10,경기,0.0,estimated,0.0,0.0,0.0,1.0,kepco_hybrid_moe_load_v1,0.0,,0.0,kepco_hybrid_forecast_v1
2025-10,2025,10,경남,0.0,estimated,0.0,0.0,0.0,1.0,kepco_hybrid_moe_load_v1,0.0,,0.0,kepco_hybrid_forecast_v1
2025-10,2025,10,경북,0.0,estimated,0.0,0.0,0.0,1.0,kepco_hybrid_moe_load_v1,0.0,,0.0,kepco_hybrid_forecast_v1
2025-10,2025,10,광주,0.0,estimated,0.0,0.0,0.0,1.0,kepco_hybrid_moe_load_v1,0.0,,0.0,kepco_hybrid_forecast_v1
2025-10,2025,10,대구,0.0,estimated,0.0,0.0,0.0,1.0,kepco_hybrid_moe_load_v1,0.0,,0.0,kepco_hybrid_forecast_v1
2025-10,2025,10,대전,0.0,estimated,0.0,0.0,0.0,1.0,kepco_hybrid_moe_load_v1,0.0,,0.0,kepco_hybrid_forecast_v1
2025-10,2025,10,부산,0.0,estimated,0.0,0.0,0.0,1.0,kepco_hybrid_moe_load_v1,0.0,,0.0,kepco_hybrid_forecast_v1
2025-10,2025,10,서울,0.0,estimated,0.0,0.0,0.0,1.0,kepco_hybrid_moe_load_v1,0.0,,0.0,kepco_hybrid_forecast_v1
2025-10,2025,10,세종,0.0,estimated,0.0,0.0,0.0,1.0,kepco_hybrid_moe_load_v1,0.0,,0.0,kepco_hybrid_forecast_v1
2025-10,2025,10,울산,0.0,estimated,0.0,0.0,0.0,1.0,kepco_hybrid_moe_load_v1,0.0,,0.0,kepco_hybrid_forecast_v1
2025-10,2025,10,인천,0.0,estimated,0.0,0.0,0.0,1.0,kepco_hybrid_moe_load_v1,0.0,,0.0,kepco_hybrid_forecast_v1
2025-10,2025,10,전남,0.0,estimated,0.0,0.0,0.0,1.0,kepco_hybrid_moe_load_v1,0.0,,0.0,kepco_hybrid_forecast_v1
2025-10,2025,10,전북,0.0,estimated,0.0,0.0,0.0,1.0,kepco_hybrid_moe_load_v1,0.0,,0.0,kepco_hybrid_forecast_v1
2025-10,2025,10,제주,0.0,estimated,0.0,0.0,0.0,1.0,kepco_hybrid_moe_load_v1,0.0,,0.0,kepco_hybrid_forecast_v1
2025-10,2025,10,충남,0.0,estimated,0.0,0.0,0.0,1.0,kepco_hybrid_moe_load_v1,0.0,,0.0,kepco_hybrid_forecast_v1
2025-10,2025,10,충북,0.0,estimated,0.0,0.0,0.0,1.0,kepco_hybrid_moe_load_v1,0.0,,0.0,kepco_hybrid_forecast_v1
2025-11,2025,11,강원,0.0,estimated,0.0,0.0,0.0,1.0,kepco_hybrid_moe_load_v1,0.0,,0.0,kepco_hybrid_forecast_v1
2025-11,2025,11,경기,0.0,estimated,0.0,0.0,0.0,1.0,kepco_hybrid_moe_load_v1,0.0,,0.0,kepco_hybrid_forecast_v1
2025-11,2025,11,경남,0.0,estimated,0.0,0.0,0.0,1.0,kepco_hybrid_moe_load_v1,0.0,,0.0,kepco_hybrid_forecast_v1
2025-11,2025,11,경북,0.0,estimated,0.0,0.0,0.0,1.0,kepco_hybrid_moe_load_v1,0.0,,0.0,kepco_hybrid_forecast_v1
2025-11,2025,11,광주,0.0,estimated,0.0,0.0,0.0,1.0,kepco_hybrid_moe_load_v1,0.0,,0.0,kepco_hybrid_forecast_v1
2025-11,2025,11,대구,0.0,estimated,0.0,0.0,0.0,1.0,kepco_hybrid_moe_load_v1,0.0,,0.0,kepco_hybrid_forecast_v1
2025-11,2025,11,대전,0.0,estimated,0.0,0.0,0.0,1.0,kepco_hybrid_moe_load_v1,0.0,,0.0,kepco_hybrid_forecast_v1
2025-11,2025,11,부산,0.0,estimated,0.0,0.0,0.0,1.0,kepco_hybrid_moe_load_v1,0.0,,0.0,kepco_hybrid_forecast_v1
2025-11,2025,11,서울,0.0,estimated,0.0,0.0,0.0,1.0,kepco_hybrid_moe_load_v1,0.0,,0.0,kepco_hybrid_forecast_v1
2025-11,2025,11,세종,0.0,estimated,0.0,0.0,0.0,1.0,kepco_hybrid_moe_load_v1,0.0,,0.0,kepco_hybrid_forecast_v1
2025-11,2025,11,울산,0.0,estimated,0.0,0.0,0.0,1.0,kepco_hybrid_moe_load_v1,0.0,,0.0,kepco_hybrid_forecast_v1
2025-11,2025,11,인천,0.0,estimated,0.0,0.0,0.0,1.0,kepco_hybrid_moe_load_v1,0.0,,0.0,kepco_hybrid_forecast_v1
2025-11,2025,11,전남,0.0,estimated,0.0,0.0,0.0,1.0,kepco_hybrid_moe_load_v1,0.0,,0.0,kepco_hybrid_forecast_v1
2025-11,2025,11,전북,0.0,estimated,0.0,0.0,0.0,1.0,kepco_hybrid_moe_load_v1,0.0,,0.0,kepco_hybrid_forecast_v1
2025-11,2025,11,제주,0.0,estimated,0.0,0.0,0.0,1.0,kepco_hybrid_moe_load_v1,0.0,,0.0,kepco_hybrid_forecast_v1
2025-11,2025,11,충남,0.0,estimated,0.0,0.0,0.0,1.0,kepco_hybrid_moe_load_v1,0.0,,0.0,kepco_hybrid_forecast_v1
2025-11,2025,11,충북,0.0,estimated,0.0,0.0,0.0,1.0,kepco_hybrid_moe_load_v1,0.0,,0.0,kepco_hybrid_forecast_v1
2025-12,2025,12,강원,0.0,estimated,0.0,0.0,0.0,1.0,kepco_hybrid_moe_load_v1,0.0,,0.0,kepco_hybrid_forecast_v1
2025-12,2025,12,경기,0.0,estimated,0.0,0.0,0.0,1.0,kepco_hybrid_moe_load_v1,0.0,,0.0,kepco_hybrid_forecast_v1
2025-12,2025,12,경남,0.0,estimated,0.0,0.0,0.0,1.0,kepco_hybrid_moe_load_v1,0.0,,0.0,kepco_hybrid_forecast_v1
2025-12,2025,12,경북,0.0,estimated,0.0,0.0,0.0,1.0,kepco_hybrid_moe_load_v1,0.0,,0.0,kepco_hybrid_forecast_v1
2025-12,2025,12,광주,0.0,estimated,0.0,0.0,0.0,1.0,kepco_hybrid_moe_load_v1,0.0,,0.0,kepco_hybrid_forecast_v1
2025-12,2025,12,대구,0.0,estimated,0.0,0.0,0.0,1.0,kepco_hybrid_moe_load_v1,0.0,,0.0,kepco_hybrid_forecast_v1
2025-12,2025,12,대전,0.0,estimated,0.0,0.0,0.0,1.0,kepco_hybrid_moe_load_v1,0.0,,0.0,kepco_hybrid_forecast_v1
2025-12,2025,12,부산,0.0,estimated,0.0,0.0,0.0,1.0,kepco_hybrid_moe_load_v1,0.0,,0.0,kepco_hybrid_forecast_v1
2025-12,2025,12,서울,0.0,estimated,0.0,0.0,0.0,1.0,kepco_hybrid_moe_load_v1,0.0,,0.0,kepco_hybrid_forecast_v1
2025-12,2025,12,세종,0.0,estimated,0.0,0.0,0.0,1.0,kepco_hybrid_moe_load_v1,0.0,,0.0,kepco_hybrid_forecast_v1
2025-12,2025,12,울산,0.0,estimated,0.0,0.0,0.0,1.0,kepco_hybrid_moe_load_v1,0.0,,0.0,kepco_hybrid_forecast_v1
2025-12,2025,12,인천,0.0,estimated,0.0,0.0,0.0,1.0,kepco_hybrid_moe_load_v1,0.0,,0.0,kepco_hybrid_forecast_v1
2025-12,2025,12,전남,0.0,estimated,0.0,0.0,0.0,1.0,kepco_hybrid_moe_load_v1,0.0,,0.0,kepco_hybrid_forecast_v1
2025-12,2025,12,전북,0.0,estimated,0.0,0.0,0.0,1.0,kepco_hybrid_moe_load_v1,0.0,,0.0,kepco_hybrid_forecast_v1
2025-12,2025,12,제주,0.0,estimated,0.0,0.0,0.0,1.0,kepco_hybrid_moe_load_v1,0.0,,0.0,kepco_hybrid_forecast_v1
2025-12,2025,12,충남,0.0,estimated,0.0,0.0,0.0,1.0,kepco_hybrid_moe_load_v1,0.0,,0.0,kepco_hybrid_forecast_v1
2025-12,2025,12,충북,0.0,estimated,0.0,0.0,0.0,1.0,kepco_hybrid_moe_load_v1,0.0,,0.0,kepco_hybrid_forecast_v1
