{"type":"FeatureCollection","features":[{"type":"Feature","properties":{"sido_short":"서울","sido_nm":"서울특별시","시도":"서울"},"geometry":{"type":"MultiPolygon","coordinates":[[[[127.022,37.7],[127.027,37.7],[127.029,37.699],[127.03,37.698],[127.034,37.692],[127.039,37.694],[127.041,37.695],[127.045,37.692],[127.05,37.688],[127.051,37.686],[127.051,37.686],[127.052,37.687],[127.056,37.689],[127.062,37.693],[127.063,37.695],[127.069,37.694],[127.073,37.694],[127.074,37.695],[127.084,37.694],[127.089,37.69],[127.093,37.69],[127.096,37.687],[127.096,37.685],[127.093,37.682],[127.092,37.678],[127.096,37.671],[127.095,37.664],[127.092,37.661],[127.092,37.655],[127.094,37.652],[127.092,37.65],[127.098,37.644],[127.105,37.645],[127.107,37.645],[127.109,37.643],[127.112,37.636],[127.111,37.631],[127.106,37.627],[127.104,37.622],[127.106,37.62],[127.115,37.62],[127.117,37.616],[127.117,37.614],[127.117,37.609],[127.118,37.605],[127.115,37.598],[127.117,37.594],[127.115,37.594],[127.113,37.593],[127.11,37.585],[127.105,37.582],[127.103,37.58],[127.101,37.576],[127.103,37.572],[127.104,37.571],[127.101,37.562],[127.101,37.561],[127.102,37.56],[127.102,37.559],[127.106,37.556],[127.108,37.558],[127.112,37.559],[127.113,37.559],[127.116,37.558],[127.128,37.566],[127.134,37.568],[127.146,37.568],[127.153,37.571],[127.161,37.576],[127.163,37.577],[127.17,37.579],[127.175,37.58],[127.176,37.581],[127.177,37.58],[127.177,37.579],[127.175,37.578],[127.175,37.578],[127.175,37.577],[127.176,37.574],[127.178,37.572],[127.179,37.568],[127.181,37.564],[127.182,37.561],[127.182,37.56],[127.181,37.553],[127.182,37.553],[127.183,37.548],[127.181,37.547],[127.177,37.546],[127.167,37.545],[127.16,37.541],[127.154,37.534],[127.153,37.529],[127.148,37.522],[127.145,37.519],[127.141,37.515],[127.14,37.509],[127.142,37.507],[127.141,37.506],[127.141,37.505],[127.144,37.504],[127.152,37.503],[127.156,37.502],[127.158,37.503],[127.161,37.5],[127.161,37.5],[127.16,37.495],[127.16,37.494],[127.158,37.49],[127.15,37.485],[127.148,37.483],[127.148,37.482],[127.147,37.482],[127.147,37.477],[127.146,37.477],[127.144,37.475],[127.144,37.475],[127.138,37.474],[127.136,37.474],[127.133,37.475],[127.133,37.473],[127.133,37.47],[127.131,37.468],[127.131,37.468],[127.13,37.468],[127.126,37.469],[127.125,37.47],[127.125,37.47],[127.125,37.469],[127.125,37.467],[127.124,37.467],[127.124,37.466],[127.117,37.462],[127.117,37.461],[127.117,37.459],[127.116,37.459],[127.114,37.46],[127.113,37.461],[127.113,37.461],[127.112,37.462],[127.107,37.462],[127.104,37.462],[127.104,37.46],[127.094,37.456],[127.089,37.45],[127.088,37.449],[127.088,37.445],[127.082,37.442],[127.079,37.441],[127.075,37.442],[127.072,37.442],[127.074,37.438],[127.071,37.433],[127.06,37.43],[127.047,37.431],[127.044,37.435],[127.04,37.438],[127.037,37.438],[127.035,37.44],[127.035,37.441],[127.037,37.442],[127.038,37.445],[127.038,37.449],[127.036,37.452],[127.037,37.455],[127.034,37.461],[127.035,37.463],[127.033,37.465],[127.031,37.466],[127.029,37.462],[127.025,37.458],[127.015,37.455],[127.011,37.456],[127.005,37.463],[127.005,37.467],[127.002,37.467],[126.997,37.467],[126.997,37.464],[126.994,37.461],[126.987,37.458],[126.982,37.457],[126.97,37.449],[126.964,37.445],[126.964,37.441],[126.959,37.439],[126.946,37.437],[126.939,37.436],[126.937,37.439],[126.938,37.44],[126.937,37.442],[126.931,37.445],[126.93,37.446],[126.928,37.45],[126.924,37.446],[126.923,37.445],[126.918,37.44],[126.912,37.439],[126.911,37.436],[126.909,37.434],[126.907,37.434],[126.899,37.439],[126.896,37.448],[126.891,37.452],[126.89,37.452],[126.89,37.453],[126.89,37.454],[126.888,37.455],[126.886,37.458],[126.885,37.46],[126.886,37.46],[126.886,37.461],[126.888,37.461],[126.889,37.461],[126.889,37.461],[126.887,37.463],[126.886,37.463],[126.884,37.467],[126.88,37.472],[126.879,37.473],[126.876,37.477],[126.875,37.479],[126.873,37.482],[126.872,37.485],[126.873,37.486],[126.875,37.485],[126.877,37.488],[126.876,37.489],[126.876,37.489],[126.87,37.49],[126.87,37.49],[126.87,37.494],[126.865,37.491],[126.863,37.491],[126.862,37.491],[126.862,37.49],[126.861,37.49],[126.861,37.49],[126.86,37.488],[126.858,37.486],[126.857,37.486],[126.857,37.486],[126.857,37.486],[126.853,37.482],[126.852,37.482],[126.851,37.482],[126.847,37.482],[126.846,37.481],[126.846,37.481],[126.846,37.481],[126.845,37.474],[126.843,37.475],[126.838,37.475],[126.833,37.477],[126.823,37.476],[126.819,37.476],[126.818,37.475],[126.817,37.473],[126.815,37.476],[126.817,37.478],[126.818,37.478],[126.82,37.48],[126.822,37.487],[126.821,37.491],[126.82,37.491],[126.813,37.496],[126.815,37.498],[126.816,37.498],[126.82,37.499],[126.822,37.506],[126.824,37.509],[126.825,37.52],[126.826,37.52],[126.825,37.523],[126.828,37.526],[126.827,37.53],[126.826,37.53],[126.825,37.531],[126.822,37.541],[126.821,37.541],[126.818,37.541],[126.816,37.541],[126.813,37.541],[126.808,37.544],[126.807,37.544],[126.803,37.543],[126.8,37.542],[126.799,37.54],[126.799,37.538],[126.795,37.536],[126.794,37.536],[126.791,37.544],[126.783,37.546],[126.776,37.549],[126.775,37.549],[126.774,37.549],[126.773,37.549],[126.772,37.548],[126.767,37.552],[126.765,37.555],[126.767,37.557],[126.769,37.557],[126.771,37.557],[126.776,37.562],[126.777,37.56],[126.778,37.56],[126.778,37.562],[126.775,37.567],[126.776,37.568],[126.78,37.568],[126.782,37.573],[126.787,37.575],[126.791,37.581],[126.794,37.582],[126.8,37.588],[126.801,37.589],[126.798,37.594],[126.798,37.595],[126.798,37.595],[126.797,37.595],[126.797,37.598],[126.8,37.603],[126.809,37.601],[126.811,37.599],[126.818,37.594],[126.823,37.591],[126.832,37.586],[126.842,37.579],[126.854,37.572],[126.856,37.574],[126.866,37.577],[126.873,37.578],[126.877,37.579],[126.878,37.58],[126.877,37.582],[126.88,37.59],[126.882,37.591],[126.887,37.594],[126.887,37.594],[126.886,37.591],[126.885,37.591],[126.891,37.588],[126.9,37.594],[126.901,37.599],[126.9,37.602],[126.902,37.604],[126.901,37.608],[126.901,37.612],[126.904,37.619],[126.906,37.621],[126.907,37.622],[126.908,37.626],[126.909,37.629],[126.906,37.633],[126.911,37.635],[126.906,37.648],[126.906,37.649],[126.91,37.646],[126.912,37.645],[126.923,37.646],[126.924,37.646],[126.927,37.648],[126.934,37.651],[126.936,37.651],[126.937,37.652],[126.937,37.653],[126.939,37.655],[126.94,37.656],[126.942,37.658],[126.948,37.659],[126.95,37.656],[126.952,37.655],[126.955,37.654],[126.959,37.645],[126.963,37.636],[126.959,37.63],[126.967,37.631],[126.977,37.633],[126.986,37.641],[126.983,37.644],[126.985,37.646],[126.982,37.651],[126.98,37.655],[126.986,37.659],[126.987,37.661],[126.988,37.664],[126.99,37.665],[126.994,37.667],[126.993,37.678],[126.994,37.68],[127.004,37.685],[127.008,37.685],[127.012,37.697],[127.015,37.701],[127.022,37.7]]]]}},{"type":"Feature","properties":{"sido_short":"부산","sido_nm":"부산광역시","시도":"부산"},"geometry":{"type":"MultiPolygon","coordinates":[[[[128.846,35.059],[128.846,35.06],[128.846,35.06],[128.846,35.059]]],[[[128.846,35.06],[128.846,35.064],[128.846,35.064],[128.843,35.064],[128.84,35.065],[128.837,35.074],[128.838,35.075],[128.839,35.075],[128.84,35.074],[128.841,35.072],[128.841,35.071],[128.841,35.071],[128.842,35.07],[128.842,35.07],[128.847,35.069],[128.849,35.068],[128.85,35.068],[128.85,35.069],[128.851,35.069],[128.859,35.064],[128.859,35.064],[128.859,35.064],[128.858,35.064],[128.85,35.062],[128.85,35.062],[128.849,35.062],[128.848,35.062],[128.847,35.061],[128.846,35.06],[128.846,35.06]]],[[[128.846,35.059],[128.846,35.058],[128.847,35.056],[128.847,35.056],[128.85,35.052],[128.85,35.052],[128.85,35.048],[128.851,35.044],[128.85,35.043],[128.851,35.042],[128.851,35.042],[128.849,35.036],[128.849,35.036],[128.849,35.034],[128.849,35.034],[128.846,35.033],[128.846,35.033],[128.846,35.033],[128.846,35.033],[128.845,35.033],[128.844,35.032],[128.843,35.031],[128.843,35.031],[128.843,35.03],[128.843,35.03],[128.843,35.029],[128.844,35.028],[128.842,35.024],[128.842,35.024],[128.841,35.024],[128.84,35.023],[128.84,35.023],[128.84,35.022],[128.84,35.021],[128.84,35.021],[128.84,35.021],[128.84,35.021],[128.84,35.021],[128.84,35.021],[128.84,35.021],[128.84,35.02],[128.839,35.018],[128.839,35.018],[128.838,35.018],[128.838,35.018],[128.838,35.018],[128.836,35.017],[128.835,35.016],[128.835,35.016],[128.834,35.012],[128.834,35.012],[128.835,35.011],[128.835,35.011],[128.837,35.01],[128.838,35.009],[128.839,35.009],[128.839,35.009],[128.84,35.008],[128.841,35.007],[128.841,35.006],[128.841,35.005],[128.841,35.005],[128.841,35.005],[128.841,35.005],[128.839,35.003],[128.839,35.001],[128.838,35.0],[128.837,35.0],[128.837,35.0],[128.837,35.0],[128.84,34.997],[128.83,34.99],[128.83,34.989],[128.83,34.989],[128.828,34.989],[128.827,34.989],[128.829,34.992],[128.83,34.995],[128.83,34.995],[128.83,34.995],[128.825,34.995],[128.823,34.995],[128.822,34.995],[128.822,34.995],[128.822,34.995],[128.822,34.995],[128.823,34.999],[128.821,35.001],[128.821,35.001],[128.821,35.001],[128.82,35.001],[128.82,35.001],[128.819,35.002],[128.818,35.003],[128.818,35.004],[128.818,35.004],[128.818,35.004],[128.819,35.005],[128.819,35.005],[128.819,35.005],[128.819,35.005],[128.819,35.004],[128.819,35.004],[128.819,35.004],[128.823,35.005],[128.823,35.005],[128.823,35.005],[128.824,35.005],[128.824,35.005],[128.824,35.006],[128.824,35.007],[128.824,35.007],[128.824,35.007],[128.824,35.007],[128.823,35.007],[128.822,35.008],[128.82,35.009],[128.82,35.009],[128.82,35.009],[128.82,35.009],[128.825,35.01],[128.826,35.01],[128.826,35.01],[128.826,35.01],[128.826,35.01],[128.827,35.011],[128.827,35.011],[128.827,35.012],[128.827,35.013],[128.827,35.013],[128.827,35.014],[128.824,35.017],[128.823,35.017],[128.818,35.018],[128.805,35.024],[128.805,35.024],[128.805,35.024],[128.807,35.025],[128.807,35.025],[128.808,35.025],[128.81,35.023],[128.811,35.023],[128.813,35.024],[128.813,35.024],[128.815,35.025],[128.815,35.028],[128.81,35.03],[128.808,35.034],[128.808,35.034],[128.808,35.034],[128.808,35.034],[128.808,35.034],[128.808,35.034],[128.808,35.034],[128.809,35.034],[128.811,35.033],[128.811,35.033],[128.811,35.034],[128.811,35.034],[128.812,35.035],[128.812,35.035],[128.812,35.036],[128.813,35.037],[128.813,35.037],[128.813,35.038],[128.813,35.039],[128.813,35.039],[128.812,35.04],[128.812,35.04],[128.812,35.041],[128.811,35.042],[128.809,35.043],[128.806,35.047],[128.806,35.047],[128.805,35.048],[128.804,35.048],[128.802,35.048],[128.802,35.048],[128.801,35.048],[128.801,35.048],[128.8,35.048],[128.798,35.049],[128.797,35.05],[128.797,35.05],[128.797,35.05],[128.797,35.051],[128.797,35.051],[128.797,35.051],[128.798,35.051],[128.798,35.051],[128.798,35.052],[128.798,35.052],[128.797,35.053],[128.797,35.053],[128.797,35.053],[128.797,35.053],[128.797,35.053],[128.797,35.053],[128.797,35.053],[128.797,35.053],[128.797,35.053],[128.797,35.053],[128.797,35.053],[128.797,35.053],[128.797,35.053],[128.797,35.053],[128.797,35.053],[128.797,35.053],[128.797,35.053],[128.797,35.053],[128.797,35.054],[128.797,35.054],[128.797,35.054],[128.797,35.054],[128.797,35.054],[128.797,35.054],[128.797,35.054],[128.797,35.054],[128.797,35.054],[128.797,35.054],[128.797,35.054],[128.797,35.054],[128.798,35.054],[128.798,35.054],[128.799,35.054],[128.799,35.054],[128.803,35.055],[128.803,35.055],[128.802,35.055],[128.797,35.055],[128.797,35.054],[128.796,35.054],[128.796,35.054],[128.796,35.053],[128.796,35.053],[128.796,35.053],[128.791,35.053],[128.791,35.053],[128.791,35.054],[128.791,35.062],[128.805,35.067],[128.812,35.068],[128.83,35.071],[128.832,35.072],[128.82,35.078],[128.812,35.083],[128.822,35.085],[128.825,35.086],[128.832,35.087],[128.835,35.087],[128.835,35.086],[128.835,35.067],[128.835,35.063],[128.833,35.062],[128.833,35.058],[128.833,35.058],[128.834,35.056],[128.837,35.054],[128.845,35.056],[128.846,35.056],[128.846,35.058],[128.846,35.059]]],[[[128.821,35.097],[128.82,35.096],[128.82,35.097],[128.82,35.097],[128.821,35.097]]],[[[128.959,35.05],[128.959,35.05],[128.959,35.05],[128.958,35.053],[128.958,35.053],[128.955,35.063],[128.953,35.072],[128.955,35.073],[128.953,35.072],[128.951,35.08],[128.951,35.081],[128.95,35.082],[128.95,35.084],[128.951,35.085],[128.952,35.087],[128.953,35.089],[128.954,35.09],[128.954,35.092],[128.955,35.093],[128.955,35.094],[128.955,35.095],[128.956,35.103],[128.956,35.106],[128.952,35.107],[128.947,35.102],[128.947,35.101],[128.947,35.1],[128.948,35.099],[128.945,35.091],[128.943,35.086],[128.943,35.086],[128.942,35.086],[128.933,35.074],[128.931,35.074],[128.93,35.074],[128.929,35.074],[128.929,35.074],[128.929,35.076],[128.929,35.078],[128.929,35.079],[128.93,35.081],[128.932,35.088],[128.932,35.092],[128.935,35.103],[128.936,35.105],[128.936,35.106],[128.936,35.106],[128.936,35.106],[128.936,35.106],[128.937,35.107],[128.937,35.107],[128.937,35.107],[128.937,35.107],[128.937,35.107],[128.937,35.107],[128.937,35.107],[128.937,35.107],[128.937,35.107],[128.937,35.107],[128.938,35.107],[128.938,35.107],[128.938,35.107],[128.938,35.107],[128.938,35.107],[128.938,35.107],[128.938,35.107],[128.938,35.107],[128.939,35.108],[128.939,35.108],[128.939,35.108],[128.939,35.108],[128.939,35.108],[128.939,35.108],[128.939,35.108],[128.935,35.11],[128.933,35.11],[128.933,35.11],[128.933,35.108],[128.932,35.106],[128.93,35.1],[128.93,35.093],[128.929,35.092],[128.925,35.092],[128.924,35.092],[128.921,35.09],[128.92,35.09],[128.92,35.09],[128.92,35.091],[128.92,35.091],[128.917,35.09],[128.916,35.089],[128.912,35.086],[128.912,35.081],[128.912,35.079],[128.91,35.079],[128.895,35.079],[128.895,35.079],[128.896,35.089],[128.897,35.092],[128.899,35.092],[128.899,35.093],[128.9,35.103],[128.901,35.108],[128.901,35.109],[128.9,35.11],[128.901,35.111],[128.901,35.112],[128.902,35.114],[128.904,35.115],[128.905,35.116],[128.906,35.118],[128.903,35.119],[128.9,35.12],[128.897,35.12],[128.894,35.113],[128.893,35.111],[128.89,35.109],[128.889,35.105],[128.888,35.095],[128.888,35.089],[128.888,35.089],[128.884,35.084],[128.883,35.082],[128.884,35.08],[128.884,35.08],[128.884,35.079],[128.884,35.079],[128.874,35.08],[128.87,35.081],[128.869,35.081],[128.869,35.082],[128.87,35.084],[128.871,35.084],[128.872,35.084],[128.872,35.083],[128.872,35.083],[128.872,35.087],[128.871,35.089],[128.871,35.089],[128.871,35.089],[128.871,35.085],[128.868,35.083],[128.868,35.083],[128.852,35.083],[128.84,35.083],[128.84,35.082],[128.837,35.084],[128.836,35.087],[128.835,35.088],[128.833,35.088],[128.832,35.088],[128.824,35.095],[128.824,35.096],[128.822,35.098],[128.821,35.097],[128.821,35.097],[128.823,35.102],[128.825,35.102],[128.832,35.103],[128.832,35.102],[128.834,35.102],[128.842,35.106],[128.843,35.11],[128.843,35.111],[128.842,35.115],[128.84,35.115],[128.84,35.115],[128.839,35.115],[128.838,35.116],[128.836,35.119],[128.836,35.12],[128.837,35.121],[128.838,35.123],[128.836,35.125],[128.835,35.128],[128.832,35.13],[128.83,35.128],[128.825,35.131],[128.824,35.131],[128.816,35.133],[128.81,35.137],[128.808,35.14],[128.806,35.142],[128.803,35.142],[128.802,35.142],[128.802,35.146],[128.795,35.156],[128.795,35.159],[128.798,35.158],[128.802,35.159],[128.806,35.16],[128.807,35.159],[128.816,35.16],[128.823,35.156],[128.827,35.156],[128.83,35.157],[128.838,35.159],[128.843,35.158],[128.844,35.16],[128.846,35.164],[128.859,35.168],[128.871,35.166],[128.872,35.164],[128.869,35.159],[128.867,35.159],[128.867,35.16],[128.867,35.16],[128.866,35.158],[128.876,35.151],[128.876,35.152],[128.874,35.159],[128.879,35.16],[128.881,35.161],[128.876,35.17],[128.873,35.173],[128.881,35.171],[128.88,35.174],[128.88,35.18],[128.881,35.182],[128.882,35.183],[128.881,35.184],[128.877,35.187],[128.876,35.188],[128.876,35.191],[128.876,35.193],[128.871,35.202],[128.873,35.204],[128.876,35.207],[128.879,35.21],[128.88,35.21],[128.881,35.21],[128.884,35.213],[128.884,35.213],[128.885,35.214],[128.887,35.214],[128.888,35.215],[128.889,35.215],[128.892,35.214],[128.908,35.217],[128.905,35.22],[128.909,35.222],[128.909,35.221],[128.91,35.222],[128.913,35.222],[128.917,35.217],[128.924,35.218],[128.927,35.219],[128.929,35.22],[128.935,35.223],[128.937,35.226],[128.94,35.227],[128.944,35.228],[128.947,35.227],[128.949,35.225],[128.957,35.225],[128.968,35.227],[128.974,35.227],[128.99,35.232],[128.997,35.236],[129.001,35.242],[129.012,35.263],[129.014,35.268],[129.013,35.274],[129.017,35.275],[129.024,35.276],[129.03,35.277],[129.039,35.275],[129.043,35.275],[129.047,35.275],[129.048,35.274],[129.049,35.278],[129.054,35.283],[129.052,35.286],[129.058,35.295],[129.061,35.295],[129.074,35.291],[129.075,35.292],[129.084,35.299],[129.085,35.3],[129.087,35.302],[129.091,35.303],[129.099,35.304],[129.106,35.306],[129.109,35.306],[129.11,35.306],[129.111,35.307],[129.111,35.308],[129.112,35.311],[129.112,35.313],[129.112,35.315],[129.112,35.317],[129.115,35.321],[129.118,35.322],[129.119,35.323],[129.12,35.326],[129.121,35.329],[129.122,35.33],[129.124,35.331],[129.126,35.332],[129.126,35.334],[129.125,35.336],[129.125,35.336],[129.124,35.337],[129.124,35.338],[129.127,35.345],[129.129,35.348],[129.13,35.349],[129.131,35.349],[129.134,35.35],[129.135,35.351],[129.135,35.353],[129.127,35.363],[129.125,35.363],[129.124,35.363],[129.122,35.364],[129.118,35.369],[129.124,35.368],[129.131,35.366],[129.135,35.366],[129.147,35.364],[129.15,35.364],[129.161,35.359],[129.161,35.358],[129.17,35.354],[129.172,35.353],[129.178,35.352],[129.185,35.358],[129.189,35.36],[129.194,35.363],[129.199,35.367],[129.198,35.373],[129.196,35.38],[129.194,35.383],[129.196,35.385],[129.199,35.389],[129.201,35.388],[129.203,35.387],[129.208,35.382],[129.215,35.38],[129.22,35.379],[129.225,35.38],[129.232,35.381],[129.236,35.382],[129.24,35.384],[129.247,35.383],[129.249,35.383],[129.251,35.385],[129.253,35.387],[129.255,35.386],[129.256,35.385],[129.258,35.384],[129.266,35.387],[129.268,35.381],[129.277,35.372],[129.278,35.37],[129.281,35.366],[129.282,35.362],[129.281,35.359],[129.283,35.354],[129.284,35.353],[129.284,35.346],[129.28,35.341],[129.286,35.339],[129.292,35.337],[129.302,35.334],[129.302,35.333],[129.303,35.332],[129.305,35.33],[129.306,35.325],[129.306,35.324],[129.304,35.322],[129.304,35.322],[129.304,35.322],[129.304,35.323],[129.304,35.323],[129.304,35.323],[129.305,35.324],[129.305,35.324],[129.305,35.325],[129.304,35.33],[129.304,35.329],[129.304,35.325],[129.302,35.321],[129.299,35.318],[129.294,35.318],[129.287,35.32],[129.287,35.32],[129.287,35.32],[129.286,35.32],[129.287,35.321],[129.287,35.321],[129.287,35.321],[129.287,35.321],[129.287,35.32],[129.288,35.32],[129.288,35.323],[129.287,35.324],[129.285,35.326],[129.284,35.327],[129.282,35.327],[129.282,35.327],[129.281,35.327],[129.277,35.325],[129.274,35.323],[129.272,35.323],[129.271,35.323],[129.271,35.322],[129.268,35.322],[129.268,35.322],[129.268,35.322],[129.267,35.321],[129.266,35.32],[129.266,35.32],[129.266,35.32],[129.265,35.319],[129.262,35.315],[129.259,35.307],[129.258,35.306],[129.26,35.301],[129.26,35.3],[129.26,35.3],[129.261,35.298],[129.261,35.292],[129.258,35.29],[129.258,35.289],[129.258,35.289],[129.258,35.289],[129.258,35.289],[129.257,35.289],[129.257,35.289],[129.257,35.289],[129.257,35.289],[129.257,35.289],[129.257,35.289],[129.257,35.288],[129.259,35.285],[129.259,35.285],[129.259,35.284],[129.259,35.284],[129.257,35.282],[129.257,35.282],[129.257,35.282],[129.256,35.282],[129.256,35.28],[129.256,35.28],[129.256,35.28],[129.256,35.275],[129.253,35.271],[129.252,35.271],[129.248,35.272],[129.248,35.272],[129.247,35.272],[129.247,35.27],[129.247,35.27],[129.247,35.27],[129.247,35.27],[129.247,35.27],[129.247,35.27],[129.247,35.27],[129.247,35.27],[129.246,35.27],[129.246,35.27],[129.246,35.27],[129.247,35.272],[129.246,35.273],[129.246,35.272],[129.244,35.271],[129.244,35.271],[129.244,35.271],[129.244,35.27],[129.244,35.27],[129.243,35.27],[129.244,35.27],[129.244,35.269],[129.244,35.269],[129.244,35.269],[129.244,35.269],[129.244,35.269],[129.244,35.269],[129.245,35.268],[129.245,35.268],[129.245,35.268],[129.245,35.268],[129.244,35.266],[129.244,35.266],[129.243,35.264],[129.237,35.265],[129.237,35.265],[129.236,35.265],[129.234,35.263],[129.234,35.263],[129.234,35.263],[129.234,35.262],[129.234,35.26],[129.234,35.26],[129.235,35.259],[129.235,35.259],[129.235,35.259],[129.235,35.258],[129.235,35.258],[129.235,35.258],[129.236,35.258],[129.236,35.258],[129.236,35.258],[129.236,35.258],[129.239,35.257],[129.239,35.257],[129.239,35.257],[129.239,35.257],[129.24,35.257],[129.24,35.257],[129.245,35.258],[129.246,35.258],[129.246,35.258],[129.248,35.26],[129.248,35.26],[129.251,35.259],[129.251,35.259],[129.251,35.26],[129.252,35.26],[129.252,35.26],[129.253,35.259],[129.253,35.259],[129.252,35.258],[129.252,35.258],[129.252,35.258],[129.252,35.258],[129.252,35.258],[129.252,35.257],[129.252,35.257],[129.252,35.257],[129.252,35.257],[129.253,35.257],[129.253,35.257],[129.253,35.257],[129.253,35.257],[129.253,35.257],[129.252,35.256],[129.252,35.256],[129.252,35.256],[129.252,35.256],[129.252,35.256],[129.252,35.256],[129.252,35.256],[129.252,35.256],[129.252,35.256],[129.252,35.255],[129.252,35.255],[129.252,35.255],[129.252,35.255],[129.252,35.255],[129.252,35.255],[129.252,35.255],[129.253,35.247],[129.253,35.247],[129.253,35.247],[129.253,35.247],[129.254,35.247],[129.254,35.247],[129.254,35.246],[129.254,35.246],[129.253,35.246],[129.253,35.246],[129.252,35.245],[129.252,35.245],[129.25,35.244],[129.248,35.245],[129.244,35.244],[129.245,35.243],[129.246,35.242],[129.246,35.242],[129.25,35.241],[129.25,35.241],[129.245,35.238],[129.244,35.238],[129.243,35.237],[129.243,35.237],[129.243,35.237],[129.245,35.235],[129.243,35.229],[129.24,35.223],[129.235,35.218],[129.229,35.221],[129.229,35.222],[129.23,35.224],[129.227,35.224],[129.226,35.217],[129.222,35.213],[129.222,35.213],[129.222,35.213],[129.224,35.209],[129.225,35.208],[129.225,35.207],[129.227,35.207],[129.23,35.197],[129.227,35.196],[129.226,35.197],[129.224,35.189],[129.224,35.186],[129.223,35.185],[129.22,35.184],[129.219,35.184],[129.218,35.185],[129.218,35.186],[129.218,35.186],[129.217,35.187],[129.216,35.187],[129.215,35.187],[129.209,35.182],[129.204,35.18],[129.204,35.18],[129.203,35.18],[129.202,35.18],[129.201,35.179],[129.2,35.178],[129.198,35.176],[129.198,35.175],[129.198,35.171],[129.197,35.166],[129.197,35.166],[129.196,35.164],[129.196,35.164],[129.196,35.164],[129.196,35.163],[129.195,35.163],[129.195,35.163],[129.195,35.161],[129.194,35.16],[129.194,35.16],[129.194,35.16],[129.194,35.16],[129.194,35.16],[129.194,35.16],[129.194,35.16],[129.194,35.16],[129.188,35.16],[129.187,35.16],[129.187,35.159],[129.185,35.157],[129.185,35.157],[129.183,35.156],[129.182,35.155],[129.178,35.155],[129.176,35.156],[129.174,35.157],[129.17,35.159],[129.17,35.159],[129.169,35.159],[129.168,35.159],[129.164,35.159],[129.162,35.159],[129.161,35.158],[129.158,35.158],[129.157,35.157],[129.156,35.157],[129.155,35.156],[129.154,35.153],[129.15,35.151],[129.15,35.151],[129.15,35.152],[129.15,35.152],[129.151,35.156],[129.153,35.158],[129.149,35.157],[129.148,35.156],[129.148,35.156],[129.147,35.155],[129.147,35.154],[129.147,35.153],[129.143,35.154],[129.142,35.155],[129.141,35.155],[129.141,35.157],[129.139,35.161],[129.131,35.161],[129.135,35.157],[129.135,35.156],[129.135,35.156],[129.135,35.156],[129.135,35.155],[129.135,35.155],[129.134,35.155],[129.128,35.154],[129.13,35.153],[129.124,35.153],[129.124,35.154],[129.123,35.155],[129.122,35.155],[129.12,35.154],[129.119,35.153],[129.118,35.152],[129.117,35.151],[129.116,35.15],[129.116,35.15],[129.115,35.148],[129.115,35.148],[129.115,35.148],[129.115,35.147],[129.115,35.147],[129.115,35.146],[129.118,35.145],[129.112,35.136],[129.111,35.135],[129.113,35.135],[129.117,35.13],[129.115,35.128],[129.113,35.125],[129.121,35.134],[129.121,35.133],[129.122,35.131],[129.125,35.122],[129.129,35.118],[129.128,35.112],[129.127,35.109],[129.127,35.109],[129.127,35.109],[129.127,35.109],[129.127,35.108],[129.127,35.108],[129.127,35.107],[129.126,35.106],[129.126,35.106],[129.126,35.106],[129.125,35.103],[129.124,35.102],[129.124,35.102],[129.124,35.102],[129.124,35.102],[129.124,35.102],[129.124,35.101],[129.124,35.101],[129.124,35.101],[129.124,35.101],[129.124,35.101],[129.124,35.101],[129.125,35.101],[129.125,35.101],[129.125,35.101],[129.125,35.101],[129.125,35.101],[129.125,35.1],[129.125,35.1],[129.125,35.1],[129.125,35.1],[129.124,35.099],[129.124,35.099],[129.124,35.099],[129.124,35.099],[129.124,35.099],[129.124,35.099],[129.124,35.099],[129.124,35.099],[129.124,35.099],[129.124,35.099],[129.12,35.1],[129.119,35.099],[129.119,35.1],[129.118,35.1],[129.117,35.1],[129.117,35.1],[129.117,35.1],[129.116,35.1],[129.116,35.1],[129.116,35.1],[129.116,35.1],[129.115,35.1],[129.115,35.1],[129.115,35.1],[129.115,35.1],[129.115,35.1],[129.115,35.101],[129.113,35.103],[129.113,35.103],[129.113,35.103],[129.113,35.103],[129.11,35.101],[129.114,35.098],[129.115,35.098],[129.109,35.092],[129.111,35.101],[129.105,35.092],[129.099,35.091],[129.096,35.094],[129.094,35.106],[129.094,35.108],[129.09,35.109],[129.075,35.104],[129.067,35.108],[129.068,35.112],[129.071,35.115],[129.074,35.117],[129.071,35.117],[129.073,35.122],[129.071,35.123],[129.069,35.122],[129.066,35.128],[129.056,35.118],[129.052,35.121],[129.055,35.124],[129.055,35.126],[129.053,35.125],[129.05,35.123],[129.05,35.119],[129.055,35.116],[129.054,35.115],[129.047,35.117],[129.05,35.115],[129.049,35.11],[129.047,35.108],[129.046,35.108],[129.044,35.107],[129.044,35.106],[129.045,35.106],[129.046,35.106],[129.045,35.105],[129.041,35.107],[129.043,35.104],[129.042,35.102],[129.04,35.104],[129.038,35.104],[129.039,35.102],[129.038,35.097],[129.038,35.097],[129.037,35.097],[129.036,35.096],[129.025,35.094],[129.026,35.083],[129.024,35.076],[129.023,35.076],[129.023,35.076],[129.022,35.076],[129.021,35.077],[129.021,35.077],[129.022,35.077],[129.022,35.077],[129.022,35.077],[129.022,35.077],[129.022,35.076],[129.022,35.077],[129.022,35.077],[129.022,35.077],[129.02,35.077],[129.019,35.077],[129.018,35.076],[129.018,35.076],[129.017,35.075],[129.017,35.074],[129.017,35.074],[129.018,35.072],[129.019,35.071],[129.02,35.071],[129.021,35.066],[129.022,35.062],[129.022,35.062],[129.022,35.061],[129.016,35.054],[129.016,35.054],[129.016,35.054],[129.016,35.053],[129.015,35.053],[129.009,35.06],[129.009,35.066],[129.005,35.072],[129.004,35.078],[129.005,35.083],[129.004,35.086],[129.003,35.086],[129.0,35.084],[129.002,35.081],[128.998,35.08],[128.994,35.084],[128.993,35.08],[128.995,35.076],[128.995,35.063],[128.997,35.06],[129.001,35.051],[129.006,35.049],[129.007,35.049],[129.0,35.048],[129.0,35.047],[129.0,35.047],[128.999,35.044],[128.998,35.044],[128.992,35.045],[128.992,35.045],[128.992,35.047],[128.992,35.047],[128.992,35.047],[128.993,35.048],[128.992,35.05],[128.989,35.057],[128.985,35.06],[128.978,35.057],[128.975,35.057],[128.973,35.057],[128.972,35.054],[128.973,35.054],[128.977,35.053],[128.983,35.052],[128.98,35.048],[128.98,35.048],[128.978,35.048],[128.971,35.049],[128.97,35.048],[128.97,35.047],[128.97,35.047],[128.969,35.046],[128.969,35.046],[128.969,35.046],[128.969,35.046],[128.97,35.045],[128.976,35.042],[128.977,35.042],[128.978,35.04],[128.978,35.04],[128.976,35.04],[128.976,35.04],[128.976,35.041],[128.975,35.041],[128.974,35.041],[128.973,35.041],[128.973,35.041],[128.967,35.036],[128.967,35.036],[128.967,35.035],[128.967,35.034],[128.966,35.033],[128.966,35.032],[128.966,35.032],[128.965,35.034],[128.964,35.035],[128.967,35.039],[128.968,35.044],[128.967,35.044],[128.966,35.045],[128.966,35.045],[128.963,35.046],[128.96,35.048],[128.959,35.05],[128.959,35.05],[128.959,35.05]],[[129.099,35.092],[129.103,35.093],[129.102,35.094],[129.099,35.092]]]]}},{"type":"Feature","properties":{"sido_short":"대구","sido_nm":"대구광역시","시도":"대구"},"geometry":{"type":"MultiPolygon","coordinates":[[[[128.696,36.016],[128.704,36.01],[128.716,36.009],[128.723,36.006],[128.729,36.001],[128.733,35.997],[128.735,35.993],[128.733,35.991],[128.732,35.989],[128.733,35.983],[128.736,35.982],[128.738,35.978],[128.743,35.975],[128.746,35.973],[128.743,35.963],[128.742,35.959],[128.74,35.958],[128.738,35.956],[128.739,35.955],[128.742,35.949],[128.744,35.944],[128.74,35.937],[128.738,35.931],[128.738,35.928],[128.74,35.926],[128.743,35.921],[128.748,35.918],[128.751,35.917],[128.755,35.915],[128.757,35.913],[128.759,35.907],[128.757,35.904],[128.757,35.897],[128.761,35.884],[128.757,35.878],[128.761,35.875],[128.761,35.874],[128.759,35.871],[128.758,35.87],[128.76,35.866],[128.758,35.865],[128.757,35.865],[128.756,35.864],[128.755,35.864],[128.752,35.86],[128.748,35.857],[128.745,35.856],[128.739,35.851],[128.738,35.851],[128.736,35.851],[128.734,35.852],[128.73,35.855],[128.725,35.858],[128.723,35.858],[128.724,35.855],[128.725,35.854],[128.727,35.847],[128.726,35.843],[128.724,35.838],[128.724,35.838],[128.725,35.836],[128.724,35.836],[128.722,35.835],[128.721,35.836],[128.721,35.836],[128.719,35.836],[128.712,35.83],[128.71,35.828],[128.71,35.828],[128.709,35.826],[128.709,35.822],[128.712,35.819],[128.714,35.817],[128.715,35.813],[128.717,35.807],[128.708,35.802],[128.704,35.799],[128.701,35.797],[128.7,35.796],[128.7,35.795],[128.695,35.796],[128.691,35.796],[128.691,35.794],[128.689,35.793],[128.683,35.79],[128.681,35.785],[128.683,35.781],[128.686,35.778],[128.687,35.774],[128.686,35.772],[128.686,35.769],[128.687,35.768],[128.691,35.764],[128.691,35.763],[128.695,35.758],[128.695,35.755],[128.694,35.752],[128.694,35.749],[128.692,35.747],[128.69,35.741],[128.69,35.737],[128.691,35.731],[128.688,35.729],[128.683,35.725],[128.684,35.722],[128.68,35.721],[128.675,35.721],[128.671,35.719],[128.666,35.719],[128.656,35.716],[128.653,35.714],[128.646,35.708],[128.637,35.706],[128.631,35.707],[128.62,35.703],[128.617,35.706],[128.614,35.714],[128.615,35.715],[128.617,35.718],[128.614,35.722],[128.61,35.725],[128.613,35.729],[128.615,35.731],[128.614,35.732],[128.613,35.738],[128.609,35.739],[128.603,35.737],[128.596,35.737],[128.594,35.736],[128.589,35.732],[128.585,35.735],[128.581,35.739],[128.571,35.735],[128.565,35.737],[128.563,35.734],[128.557,35.728],[128.552,35.726],[128.544,35.719],[128.538,35.718],[128.529,35.712],[128.53,35.71],[128.533,35.704],[128.534,35.695],[128.531,35.688],[128.532,35.684],[128.524,35.682],[128.516,35.677],[128.51,35.675],[128.508,35.673],[128.508,35.672],[128.509,35.67],[128.508,35.664],[128.508,35.658],[128.507,35.65],[128.511,35.647],[128.51,35.643],[128.507,35.64],[128.505,35.639],[128.501,35.639],[128.495,35.639],[128.483,35.635],[128.481,35.635],[128.481,35.638],[128.48,35.64],[128.478,35.641],[128.476,35.64],[128.471,35.637],[128.466,35.637],[128.46,35.641],[128.459,35.64],[128.457,35.64],[128.457,35.639],[128.453,35.637],[128.447,35.638],[128.447,35.638],[128.446,35.637],[128.44,35.631],[128.439,35.63],[128.437,35.63],[128.431,35.622],[128.428,35.623],[128.425,35.625],[128.423,35.625],[128.422,35.624],[128.416,35.62],[128.407,35.615],[128.404,35.617],[128.396,35.614],[128.39,35.612],[128.386,35.61],[128.384,35.61],[128.378,35.607],[128.372,35.609],[128.372,35.611],[128.376,35.613],[128.389,35.619],[128.394,35.625],[128.401,35.633],[128.402,35.636],[128.401,35.639],[128.393,35.653],[128.375,35.665],[128.362,35.676],[128.358,35.681],[128.357,35.682],[128.355,35.686],[128.353,35.691],[128.352,35.694],[128.352,35.703],[128.357,35.708],[128.363,35.708],[128.377,35.703],[128.385,35.701],[128.393,35.701],[128.415,35.696],[128.422,35.697],[128.423,35.698],[128.433,35.706],[128.434,35.707],[128.435,35.712],[128.434,35.722],[128.433,35.723],[128.432,35.726],[128.424,35.731],[128.422,35.732],[128.397,35.745],[128.392,35.748],[128.388,35.754],[128.384,35.758],[128.383,35.759],[128.388,35.767],[128.391,35.772],[128.393,35.774],[128.395,35.776],[128.397,35.778],[128.399,35.781],[128.399,35.783],[128.403,35.79],[128.411,35.799],[128.412,35.802],[128.414,35.803],[128.416,35.806],[128.421,35.806],[128.421,35.809],[128.441,35.806],[128.47,35.806],[128.474,35.807],[128.478,35.812],[128.481,35.815],[128.483,35.816],[128.483,35.819],[128.483,35.823],[128.482,35.827],[128.475,35.832],[128.473,35.833],[128.469,35.84],[128.459,35.842],[128.455,35.844],[128.443,35.848],[128.435,35.849],[128.419,35.851],[128.397,35.852],[128.384,35.853],[128.383,35.861],[128.385,35.868],[128.387,35.869],[128.388,35.872],[128.391,35.879],[128.396,35.891],[128.398,35.892],[128.399,35.896],[128.402,35.9],[128.409,35.903],[128.41,35.906],[128.415,35.912],[128.418,35.918],[128.421,35.922],[128.425,35.925],[128.427,35.927],[128.428,35.928],[128.428,35.928],[128.431,35.931],[128.438,35.932],[128.44,35.933],[128.442,35.935],[128.449,35.935],[128.452,35.936],[128.454,35.942],[128.457,35.942],[128.462,35.94],[128.472,35.937],[128.476,35.935],[128.477,35.932],[128.474,35.925],[128.473,35.922],[128.474,35.917],[128.471,35.913],[128.466,35.91],[128.467,35.906],[128.468,35.9],[128.469,35.899],[128.473,35.895],[128.476,35.895],[128.479,35.897],[128.485,35.896],[128.488,35.898],[128.491,35.898],[128.495,35.892],[128.499,35.89],[128.5,35.888],[128.5,35.886],[128.501,35.887],[128.504,35.888],[128.505,35.891],[128.506,35.902],[128.514,35.912],[128.523,35.918],[128.526,35.922],[128.529,35.924],[128.53,35.928],[128.534,35.935],[128.534,35.937],[128.533,35.946],[128.533,35.95],[128.533,35.954],[128.534,35.956],[128.535,35.958],[128.53,35.962],[128.528,35.97],[128.529,35.98],[128.541,35.976],[128.546,35.969],[128.549,35.963],[128.554,35.963],[128.557,35.972],[128.565,35.973],[128.573,35.978],[128.59,35.979],[128.598,35.985],[128.604,35.989],[128.616,36.001],[128.617,36.006],[128.624,36.006],[128.625,36.008],[128.633,36.008],[128.638,36.009],[128.641,36.011],[128.644,36.011],[128.648,36.009],[128.651,36.007],[128.658,36.01],[128.665,36.011],[128.67,36.013],[128.68,36.014],[128.696,36.016],[128.696,36.016]]]]}},{"type":"Feature","properties":{"sido_short":"인천","sido_nm":"인천광역시","시도":"인천"},"geometry":{"type":"MultiPolygon","coordinates":[[[[126.483,37.243],[126.482,37.244],[126.483,37.242],[126.483,37.243]]],[[[126.108,37.272],[126.108,37.272],[126.108,37.272],[126.109,37.272],[126.109,37.273],[126.11,37.269],[126.11,37.269],[126.11,37.269],[126.11,37.269],[126.11,37.269],[126.11,37.27],[126.11,37.27],[126.109,37.269],[126.109,37.269],[126.109,37.269],[126.109,37.269],[126.109,37.269],[126.109,37.269],[126.109,37.269],[126.109,37.268],[126.109,37.268],[126.109,37.266],[126.109,37.266],[126.109,37.266],[126.109,37.265],[126.109,37.265],[126.11,37.265],[126.112,37.258],[126.112,37.258],[126.112,37.257],[126.112,37.257],[126.113,37.257],[126.113,37.257],[126.113,37.257],[126.113,37.257],[126.118,37.258],[126.118,37.258],[126.116,37.251],[126.116,37.251],[126.116,37.25],[126.118,37.248],[126.119,37.247],[126.124,37.25],[126.126,37.252],[126.126,37.252],[126.126,37.252],[126.126,37.252],[126.126,37.252],[126.126,37.252],[126.126,37.252],[126.127,37.252],[126.129,37.252],[126.129,37.252],[126.129,37.251],[126.129,37.251],[126.129,37.251],[126.131,37.249],[126.131,37.249],[126.131,37.249],[126.131,37.248],[126.132,37.248],[126.132,37.248],[126.133,37.248],[126.133,37.248],[126.133,37.248],[126.134,37.248],[126.135,37.248],[126.135,37.248],[126.135,37.248],[126.136,37.247],[126.138,37.247],[126.138,37.246],[126.138,37.244],[126.138,37.243],[126.14,37.242],[126.141,37.238],[126.144,37.238],[126.145,37.238],[126.147,37.239],[126.147,37.239],[126.15,37.239],[126.152,37.239],[126.154,37.237],[126.154,37.237],[126.16,37.235],[126.161,37.235],[126.166,37.233],[126.166,37.233],[126.166,37.231],[126.166,37.231],[126.161,37.229],[126.16,37.229],[126.16,37.229],[126.159,37.228],[126.159,37.228],[126.159,37.229],[126.159,37.229],[126.156,37.228],[126.156,37.228],[126.155,37.228],[126.154,37.225],[126.151,37.225],[126.15,37.225],[126.149,37.225],[126.148,37.225],[126.145,37.223],[126.143,37.222],[126.143,37.222],[126.144,37.219],[126.146,37.217],[126.148,37.216],[126.148,37.217],[126.148,37.217],[126.149,37.215],[126.149,37.215],[126.149,37.214],[126.146,37.214],[126.145,37.214],[126.145,37.215],[126.145,37.215],[126.145,37.215],[126.144,37.215],[126.144,37.215],[126.144,37.215],[126.142,37.215],[126.128,37.213],[126.126,37.213],[126.126,37.212],[126.126,37.212],[126.125,37.212],[126.125,37.212],[126.125,37.211],[126.125,37.211],[126.125,37.211],[126.119,37.21],[126.119,37.21],[126.11,37.213],[126.11,37.214],[126.112,37.214],[126.112,37.214],[126.113,37.214],[126.113,37.214],[126.116,37.216],[126.116,37.217],[126.116,37.219],[126.115,37.22],[126.114,37.222],[126.11,37.223],[126.11,37.223],[126.11,37.223],[126.11,37.223],[126.11,37.222],[126.105,37.22],[126.104,37.22],[126.101,37.222],[126.104,37.226],[126.105,37.227],[126.105,37.227],[126.105,37.227],[126.105,37.228],[126.105,37.228],[126.103,37.23],[126.102,37.23],[126.097,37.231],[126.097,37.231],[126.094,37.225],[126.091,37.222],[126.089,37.221],[126.085,37.222],[126.085,37.222],[126.085,37.222],[126.085,37.222],[126.085,37.222],[126.085,37.223],[126.085,37.224],[126.085,37.224],[126.086,37.224],[126.087,37.226],[126.088,37.227],[126.089,37.227],[126.089,37.227],[126.089,37.227],[126.089,37.227],[126.092,37.232],[126.093,37.238],[126.093,37.239],[126.093,37.239],[126.093,37.239],[126.092,37.239],[126.092,37.239],[126.092,37.239],[126.091,37.239],[126.091,37.239],[126.091,37.239],[126.091,37.238],[126.09,37.238],[126.09,37.238],[126.09,37.238],[126.09,37.238],[126.09,37.238],[126.089,37.244],[126.091,37.249],[126.093,37.251],[126.097,37.259],[126.097,37.26],[126.099,37.263],[126.101,37.264],[126.101,37.264],[126.102,37.264],[126.102,37.265],[126.102,37.265],[126.102,37.265],[126.102,37.265],[126.102,37.265],[126.103,37.266],[126.103,37.267],[126.102,37.269],[126.102,37.269],[126.102,37.269],[126.1,37.272],[126.1,37.272],[126.1,37.272],[126.1,37.272],[126.1,37.272],[126.102,37.274],[126.106,37.273],[126.108,37.272],[126.108,37.272]]],[[[126.482,37.244],[126.481,37.245],[126.481,37.246],[126.481,37.246],[126.48,37.245],[126.48,37.245],[126.481,37.244],[126.481,37.244],[126.482,37.244],[126.482,37.244],[126.481,37.244],[126.482,37.244],[126.482,37.244],[126.483,37.243],[126.482,37.242],[126.476,37.24],[126.475,37.241],[126.473,37.24],[126.471,37.239],[126.469,37.237],[126.469,37.236],[126.467,37.232],[126.46,37.225],[126.46,37.225],[126.459,37.224],[126.459,37.224],[126.452,37.231],[126.439,37.231],[126.433,37.232],[126.431,37.245],[126.43,37.256],[126.43,37.258],[126.43,37.257],[126.433,37.257],[126.433,37.258],[126.432,37.261],[126.429,37.262],[126.428,37.263],[126.43,37.264],[126.431,37.264],[126.431,37.263],[126.431,37.263],[126.435,37.265],[126.436,37.266],[126.436,37.267],[126.436,37.267],[126.434,37.269],[126.434,37.271],[126.434,37.274],[126.435,37.275],[126.437,37.273],[126.444,37.273],[126.447,37.272],[126.448,37.272],[126.449,37.272],[126.449,37.273],[126.453,37.276],[126.454,37.277],[126.454,37.278],[126.453,37.279],[126.457,37.283],[126.457,37.283],[126.467,37.284],[126.469,37.286],[126.47,37.288],[126.47,37.288],[126.473,37.284],[126.476,37.282],[126.482,37.281],[126.483,37.282],[126.488,37.283],[126.494,37.278],[126.496,37.277],[126.496,37.277],[126.497,37.277],[126.498,37.277],[126.494,37.273],[126.494,37.272],[126.494,37.27],[126.495,37.269],[126.497,37.264],[126.497,37.263],[126.497,37.263],[126.499,37.261],[126.502,37.258],[126.5,37.256],[126.492,37.259],[126.491,37.259],[126.487,37.26],[126.485,37.259],[126.485,37.259],[126.487,37.254],[126.482,37.255],[126.477,37.254],[126.476,37.253],[126.476,37.252],[126.477,37.251],[126.482,37.248],[126.482,37.248],[126.482,37.245],[126.482,37.244]]],[[[126.417,37.421],[126.416,37.42],[126.416,37.418],[126.413,37.416],[126.413,37.416],[126.412,37.417],[126.412,37.419],[126.412,37.42],[126.417,37.421]]],[[[126.417,37.421],[126.418,37.422],[126.418,37.422],[126.419,37.422],[126.417,37.421]]],[[[126.359,37.459],[126.357,37.456],[126.361,37.455],[126.359,37.454],[126.359,37.454],[126.359,37.454],[126.359,37.454],[126.359,37.454],[126.358,37.454],[126.358,37.454],[126.358,37.454],[126.358,37.454],[126.356,37.456],[126.356,37.456],[126.356,37.456],[126.356,37.457],[126.356,37.457],[126.356,37.457],[126.356,37.457],[126.356,37.457],[126.356,37.457],[126.359,37.459]]],[[[126.419,37.422],[126.42,37.422],[126.42,37.423],[126.419,37.426],[126.418,37.428],[126.416,37.432],[126.414,37.434],[126.413,37.436],[126.411,37.437],[126.409,37.438],[126.407,37.439],[126.405,37.438],[126.405,37.437],[126.405,37.437],[126.405,37.436],[126.405,37.436],[126.405,37.435],[126.401,37.433],[126.4,37.434],[126.4,37.434],[126.4,37.435],[126.402,37.438],[126.403,37.438],[126.404,37.439],[126.404,37.439],[126.404,37.44],[126.403,37.441],[126.402,37.442],[126.401,37.443],[126.4,37.444],[126.397,37.445],[126.395,37.446],[126.39,37.443],[126.385,37.44],[126.385,37.44],[126.384,37.44],[126.384,37.44],[126.383,37.44],[126.383,37.44],[126.381,37.439],[126.379,37.438],[126.379,37.44],[126.379,37.44],[126.379,37.44],[126.379,37.44],[126.378,37.44],[126.377,37.442],[126.376,37.442],[126.376,37.442],[126.376,37.442],[126.376,37.442],[126.376,37.442],[126.375,37.442],[126.375,37.442],[126.375,37.441],[126.373,37.441],[126.372,37.441],[126.364,37.442],[126.364,37.442],[126.364,37.442],[126.364,37.443],[126.364,37.443],[126.368,37.445],[126.368,37.445],[126.368,37.445],[126.369,37.444],[126.37,37.444],[126.37,37.444],[126.371,37.445],[126.371,37.445],[126.372,37.445],[126.372,37.446],[126.372,37.446],[126.372,37.446],[126.372,37.447],[126.372,37.447],[126.372,37.447],[126.372,37.447],[126.372,37.447],[126.372,37.447],[126.371,37.448],[126.371,37.448],[126.371,37.448],[126.371,37.448],[126.371,37.448],[126.371,37.448],[126.371,37.448],[126.37,37.448],[126.37,37.448],[126.37,37.448],[126.37,37.448],[126.37,37.448],[126.37,37.448],[126.369,37.451],[126.369,37.451],[126.37,37.452],[126.37,37.452],[126.37,37.453],[126.37,37.453],[126.37,37.453],[126.37,37.453],[126.37,37.453],[126.369,37.454],[126.369,37.454],[126.369,37.455],[126.369,37.455],[126.369,37.456],[126.368,37.456],[126.368,37.457],[126.368,37.457],[126.368,37.457],[126.368,37.457],[126.367,37.457],[126.367,37.457],[126.367,37.458],[126.365,37.458],[126.365,37.458],[126.365,37.457],[126.365,37.457],[126.365,37.457],[126.365,37.457],[126.365,37.457],[126.366,37.457],[126.366,37.457],[126.366,37.457],[126.365,37.456],[126.365,37.456],[126.361,37.458],[126.359,37.46],[126.355,37.467],[126.355,37.468],[126.359,37.473],[126.36,37.474],[126.366,37.475],[126.373,37.472],[126.387,37.479],[126.4,37.487],[126.417,37.496],[126.418,37.497],[126.419,37.497],[126.434,37.498],[126.437,37.499],[126.439,37.499],[126.452,37.5],[126.47,37.499],[126.471,37.499],[126.475,37.5],[126.493,37.507],[126.494,37.508],[126.496,37.512],[126.497,37.513],[126.496,37.513],[126.496,37.513],[126.495,37.514],[126.495,37.514],[126.496,37.525],[126.498,37.53],[126.499,37.531],[126.5,37.531],[126.5,37.531],[126.501,37.531],[126.502,37.532],[126.502,37.534],[126.503,37.533],[126.508,37.532],[126.512,37.534],[126.517,37.534],[126.517,37.534],[126.517,37.533],[126.518,37.531],[126.522,37.531],[126.525,37.527],[126.526,37.527],[126.525,37.525],[126.525,37.525],[126.53,37.524],[126.53,37.525],[126.532,37.525],[126.542,37.52],[126.542,37.52],[126.547,37.518],[126.548,37.518],[126.554,37.518],[126.565,37.514],[126.566,37.514],[126.568,37.511],[126.572,37.506],[126.574,37.506],[126.574,37.506],[126.577,37.504],[126.582,37.492],[126.582,37.489],[126.581,37.49],[126.578,37.489],[126.57,37.484],[126.569,37.483],[126.567,37.481],[126.566,37.48],[126.562,37.479],[126.559,37.478],[126.559,37.478],[126.55,37.476],[126.546,37.476],[126.542,37.476],[126.537,37.476],[126.534,37.475],[126.532,37.474],[126.529,37.474],[126.521,37.47],[126.518,37.469],[126.508,37.466],[126.505,37.465],[126.505,37.465],[126.494,37.456],[126.493,37.455],[126.493,37.455],[126.493,37.455],[126.485,37.444],[126.472,37.437],[126.461,37.431],[126.459,37.43],[126.443,37.421],[126.442,37.421],[126.441,37.421],[126.439,37.421],[126.434,37.422],[126.424,37.422],[126.422,37.421],[126.42,37.421],[126.419,37.422]]],[[[126.654,37.638],[126.66,37.637],[126.662,37.637],[126.664,37.636],[126.667,37.636],[126.674,37.631],[126.676,37.63],[126.681,37.628],[126.683,37.625],[126.684,37.625],[126.694,37.62],[126.7,37.615],[126.705,37.612],[126.706,37.61],[126.704,37.605],[126.71,37.605],[126.716,37.601],[126.716,37.599],[126.717,37.599],[126.724,37.593],[126.727,37.592],[126.735,37.591],[126.737,37.591],[126.737,37.593],[126.738,37.593],[126.739,37.594],[126.745,37.591],[126.75,37.581],[126.756,37.58],[126.756,37.581],[126.756,37.581],[126.756,37.583],[126.758,37.585],[126.763,37.585],[126.764,37.586],[126.766,37.587],[126.768,37.588],[126.773,37.585],[126.777,37.585],[126.779,37.585],[126.784,37.583],[126.787,37.586],[126.79,37.584],[126.791,37.581],[126.787,37.575],[126.782,37.574],[126.781,37.569],[126.775,37.568],[126.775,37.568],[126.777,37.564],[126.778,37.56],[126.778,37.56],[126.776,37.562],[126.773,37.559],[126.769,37.557],[126.769,37.557],[126.764,37.555],[126.764,37.548],[126.762,37.54],[126.761,37.538],[126.76,37.528],[126.761,37.52],[126.76,37.518],[126.761,37.517],[126.76,37.516],[126.757,37.516],[126.757,37.516],[126.756,37.517],[126.753,37.517],[126.752,37.515],[126.746,37.515],[126.742,37.506],[126.743,37.502],[126.744,37.502],[126.743,37.5],[126.742,37.492],[126.742,37.487],[126.747,37.485],[126.749,37.485],[126.75,37.485],[126.752,37.485],[126.755,37.482],[126.755,37.481],[126.762,37.476],[126.768,37.473],[126.768,37.472],[126.775,37.471],[126.778,37.472],[126.778,37.47],[126.779,37.469],[126.78,37.465],[126.778,37.457],[126.778,37.451],[126.774,37.45],[126.771,37.449],[126.771,37.446],[126.771,37.435],[126.771,37.43],[126.767,37.427],[126.762,37.426],[126.762,37.427],[126.753,37.423],[126.754,37.42],[126.755,37.419],[126.755,37.418],[126.755,37.418],[126.754,37.418],[126.753,37.417],[126.752,37.413],[126.752,37.411],[126.749,37.408],[126.748,37.407],[126.745,37.406],[126.744,37.404],[126.739,37.397],[126.739,37.397],[126.737,37.396],[126.726,37.386],[126.721,37.382],[126.717,37.381],[126.71,37.382],[126.698,37.384],[126.688,37.386],[126.685,37.386],[126.684,37.386],[126.684,37.386],[126.684,37.385],[126.695,37.383],[126.696,37.382],[126.697,37.381],[126.698,37.38],[126.698,37.378],[126.697,37.375],[126.692,37.369],[126.692,37.369],[126.688,37.364],[126.687,37.364],[126.686,37.363],[126.682,37.36],[126.682,37.359],[126.682,37.359],[126.681,37.358],[126.676,37.353],[126.674,37.352],[126.673,37.352],[126.672,37.352],[126.665,37.35],[126.66,37.348],[126.66,37.348],[126.663,37.346],[126.663,37.346],[126.655,37.343],[126.654,37.343],[126.651,37.344],[126.644,37.344],[126.644,37.344],[126.641,37.344],[126.623,37.342],[126.623,37.343],[126.623,37.343],[126.615,37.343],[126.615,37.347],[126.615,37.347],[126.614,37.347],[126.61,37.343],[126.606,37.337],[126.603,37.343],[126.594,37.338],[126.591,37.339],[126.593,37.347],[126.583,37.347],[126.583,37.355],[126.601,37.355],[126.637,37.355],[126.626,37.355],[126.621,37.348],[126.621,37.348],[126.637,37.348],[126.642,37.348],[126.644,37.348],[126.646,37.348],[126.647,37.349],[126.648,37.35],[126.649,37.35],[126.652,37.353],[126.651,37.353],[126.649,37.355],[126.645,37.355],[126.644,37.355],[126.643,37.355],[126.643,37.355],[126.644,37.355],[126.65,37.355],[126.652,37.353],[126.654,37.356],[126.64,37.365],[126.631,37.37],[126.626,37.373],[126.621,37.376],[126.616,37.379],[126.61,37.386],[126.61,37.387],[126.61,37.393],[126.61,37.393],[126.608,37.394],[126.608,37.397],[126.608,37.398],[126.61,37.399],[126.61,37.415],[126.61,37.416],[126.598,37.416],[126.59,37.427],[126.601,37.419],[126.604,37.424],[126.608,37.427],[126.617,37.427],[126.632,37.427],[126.633,37.427],[126.634,37.421],[126.637,37.419],[126.635,37.422],[126.635,37.423],[126.636,37.425],[126.636,37.426],[126.635,37.431],[126.623,37.43],[126.612,37.43],[126.61,37.43],[126.611,37.432],[126.612,37.432],[126.613,37.434],[126.614,37.438],[126.608,37.441],[126.611,37.444],[126.611,37.444],[126.617,37.442],[126.619,37.445],[126.611,37.448],[126.613,37.452],[126.614,37.453],[126.612,37.454],[126.611,37.454],[126.604,37.443],[126.594,37.438],[126.593,37.443],[126.593,37.449],[126.597,37.449],[126.597,37.449],[126.597,37.45],[126.593,37.455],[126.599,37.454],[126.603,37.457],[126.603,37.459],[126.6,37.46],[126.598,37.459],[126.598,37.458],[126.595,37.457],[126.592,37.459],[126.591,37.462],[126.594,37.458],[126.595,37.458],[126.596,37.458],[126.596,37.464],[126.601,37.465],[126.604,37.464],[126.604,37.46],[126.618,37.46],[126.625,37.459],[126.62,37.462],[126.627,37.462],[126.615,37.466],[126.614,37.467],[126.615,37.468],[126.622,37.466],[126.624,37.465],[126.625,37.467],[126.615,37.471],[126.61,37.476],[126.607,37.476],[126.607,37.476],[126.61,37.469],[126.606,37.466],[126.604,37.466],[126.6,37.466],[126.595,37.47],[126.595,37.471],[126.599,37.479],[126.608,37.487],[126.608,37.487],[126.61,37.483],[126.61,37.483],[126.605,37.481],[126.605,37.48],[126.613,37.482],[126.615,37.483],[126.62,37.486],[126.615,37.484],[126.612,37.484],[126.61,37.487],[126.614,37.489],[126.626,37.493],[126.626,37.493],[126.626,37.492],[126.63,37.489],[126.639,37.484],[126.639,37.483],[126.638,37.483],[126.639,37.483],[126.639,37.483],[126.639,37.484],[126.633,37.488],[126.628,37.493],[126.633,37.495],[126.641,37.496],[126.639,37.498],[126.631,37.504],[126.627,37.497],[126.605,37.496],[126.605,37.512],[126.604,37.512],[126.602,37.516],[126.606,37.527],[126.611,37.527],[126.609,37.528],[126.603,37.528],[126.603,37.529],[126.603,37.531],[126.602,37.533],[126.599,37.537],[126.599,37.539],[126.602,37.54],[126.598,37.55],[126.604,37.552],[126.607,37.554],[126.601,37.561],[126.594,37.561],[126.589,37.564],[126.588,37.568],[126.589,37.57],[126.583,37.577],[126.575,37.588],[126.581,37.59],[126.592,37.593],[126.592,37.593],[126.601,37.598],[126.605,37.6],[126.608,37.603],[126.614,37.606],[126.616,37.605],[126.617,37.604],[126.623,37.602],[126.631,37.613],[126.632,37.616],[126.632,37.616],[126.632,37.617],[126.635,37.62],[126.637,37.625],[126.642,37.628],[126.646,37.628],[126.65,37.632],[126.652,37.637],[126.654,37.638]],[[126.653,37.353],[126.652,37.353],[126.659,37.349],[126.66,37.349],[126.662,37.35],[126.655,37.356],[126.654,37.355],[126.653,37.353]]],[[[125.709,37.679],[125.711,37.679],[125.715,37.679],[125.715,37.672],[125.711,37.669],[125.708,37.665],[125.697,37.657],[125.693,37.652],[125.684,37.654],[125.683,37.661],[125.682,37.662],[125.686,37.664],[125.685,37.671],[125.678,37.676],[125.681,37.68],[125.683,37.679],[125.692,37.676],[125.704,37.681],[125.709,37.679]]],[[[126.33,37.746],[126.325,37.742],[126.321,37.737],[126.321,37.736],[126.318,37.73],[126.317,37.717],[126.318,37.714],[126.32,37.712],[126.326,37.708],[126.328,37.708],[126.335,37.701],[126.348,37.696],[126.362,37.695],[126.366,37.695],[126.367,37.694],[126.367,37.692],[126.37,37.69],[126.375,37.687],[126.379,37.683],[126.379,37.681],[126.379,37.681],[126.377,37.677],[126.377,37.673],[126.375,37.668],[126.371,37.664],[126.365,37.663],[126.361,37.661],[126.357,37.656],[126.352,37.655],[126.35,37.653],[126.348,37.651],[126.344,37.644],[126.334,37.651],[126.325,37.66],[126.326,37.672],[126.319,37.682],[126.304,37.689],[126.287,37.697],[126.287,37.699],[126.284,37.702],[126.27,37.71],[126.275,37.712],[126.276,37.711],[126.282,37.709],[126.288,37.714],[126.288,37.716],[126.288,37.716],[126.288,37.721],[126.29,37.725],[126.289,37.725],[126.288,37.729],[126.289,37.743],[126.298,37.746],[126.305,37.746],[126.317,37.752],[126.321,37.752],[126.324,37.752],[126.33,37.746]]],[[[124.771,37.778],[124.771,37.776],[124.767,37.77],[124.765,37.766],[124.762,37.769],[124.762,37.77],[124.756,37.769],[124.755,37.769],[124.747,37.77],[124.739,37.765],[124.73,37.759],[124.727,37.762],[124.73,37.763],[124.734,37.766],[124.735,37.769],[124.742,37.773],[124.742,37.774],[124.741,37.777],[124.74,37.777],[124.741,37.778],[124.743,37.776],[124.747,37.775],[124.752,37.778],[124.754,37.777],[124.765,37.779],[124.766,37.78],[124.771,37.779],[124.771,37.778]]],[[[126.266,37.815],[126.282,37.808],[126.285,37.807],[126.29,37.805],[126.294,37.804],[126.298,37.802],[126.3,37.803],[126.313,37.802],[126.321,37.804],[126.322,37.805],[126.323,37.808],[126.324,37.808],[126.328,37.805],[126.329,37.803],[126.332,37.8],[126.331,37.795],[126.33,37.792],[126.331,37.79],[126.32,37.78],[126.306,37.77],[126.292,37.764],[126.29,37.763],[126.281,37.768],[126.272,37.769],[126.26,37.764],[126.25,37.766],[126.248,37.765],[126.244,37.763],[126.242,37.764],[126.241,37.762],[126.241,37.761],[126.241,37.76],[126.241,37.76],[126.24,37.758],[126.232,37.751],[126.227,37.754],[126.222,37.756],[126.221,37.757],[126.221,37.758],[126.206,37.768],[126.204,37.77],[126.211,37.774],[126.216,37.778],[126.219,37.783],[126.223,37.788],[126.221,37.792],[126.219,37.793],[126.219,37.796],[126.221,37.797],[126.224,37.8],[126.224,37.801],[126.223,37.803],[126.228,37.808],[126.235,37.814],[126.241,37.817],[126.242,37.817],[126.243,37.816],[126.26,37.816],[126.264,37.818],[126.266,37.815]]],[[[126.439,37.825],[126.444,37.822],[126.445,37.82],[126.451,37.812],[126.453,37.81],[126.46,37.806],[126.469,37.801],[126.486,37.791],[126.496,37.787],[126.499,37.787],[126.506,37.783],[126.508,37.78],[126.508,37.778],[126.508,37.776],[126.51,37.774],[126.513,37.771],[126.511,37.767],[126.51,37.767],[126.511,37.763],[126.517,37.755],[126.523,37.749],[126.524,37.749],[126.525,37.749],[126.526,37.747],[126.525,37.74],[126.519,37.733],[126.517,37.731],[126.514,37.727],[126.514,37.725],[126.513,37.714],[126.517,37.708],[126.524,37.704],[126.525,37.702],[126.522,37.699],[126.521,37.698],[126.52,37.69],[126.519,37.687],[126.52,37.683],[126.519,37.682],[126.519,37.682],[126.518,37.681],[126.517,37.679],[126.517,37.678],[126.519,37.671],[126.522,37.669],[126.527,37.666],[126.53,37.667],[126.532,37.665],[126.532,37.661],[126.525,37.658],[126.522,37.654],[126.525,37.651],[126.527,37.648],[126.526,37.646],[126.525,37.646],[126.522,37.646],[126.527,37.643],[126.529,37.639],[126.53,37.637],[126.53,37.637],[126.53,37.638],[126.534,37.627],[126.534,37.625],[126.535,37.622],[126.537,37.622],[126.537,37.624],[126.537,37.624],[126.538,37.625],[126.54,37.625],[126.54,37.624],[126.542,37.623],[126.544,37.619],[126.544,37.619],[126.544,37.619],[126.544,37.618],[126.544,37.618],[126.543,37.618],[126.54,37.618],[126.539,37.618],[126.532,37.614],[126.521,37.611],[126.52,37.609],[126.52,37.609],[126.517,37.605],[126.516,37.598],[126.518,37.598],[126.518,37.598],[126.518,37.598],[126.518,37.598],[126.519,37.598],[126.523,37.598],[126.524,37.598],[126.524,37.598],[126.524,37.598],[126.524,37.598],[126.524,37.597],[126.524,37.597],[126.524,37.597],[126.523,37.597],[126.518,37.594],[126.518,37.593],[126.518,37.593],[126.518,37.593],[126.518,37.592],[126.524,37.59],[126.526,37.587],[126.523,37.585],[126.517,37.58],[126.517,37.58],[126.517,37.58],[126.516,37.58],[126.513,37.581],[126.51,37.582],[126.51,37.584],[126.51,37.584],[126.506,37.587],[126.504,37.589],[126.503,37.59],[126.503,37.59],[126.503,37.59],[126.503,37.591],[126.503,37.591],[126.503,37.591],[126.504,37.591],[126.505,37.591],[126.508,37.592],[126.513,37.593],[126.514,37.593],[126.514,37.594],[126.515,37.596],[126.515,37.597],[126.513,37.599],[126.513,37.599],[126.512,37.598],[126.512,37.598],[126.511,37.596],[126.504,37.596],[126.503,37.596],[126.503,37.597],[126.499,37.598],[126.49,37.6],[126.488,37.601],[126.484,37.603],[126.484,37.603],[126.484,37.604],[126.484,37.604],[126.483,37.604],[126.478,37.604],[126.477,37.603],[126.478,37.601],[126.479,37.6],[126.479,37.599],[126.478,37.599],[126.478,37.599],[126.476,37.598],[126.464,37.595],[126.464,37.594],[126.462,37.589],[126.461,37.589],[126.461,37.591],[126.461,37.591],[126.459,37.592],[126.447,37.595],[126.443,37.594],[126.438,37.593],[126.414,37.594],[126.406,37.594],[126.405,37.594],[126.403,37.594],[126.403,37.594],[126.396,37.598],[126.393,37.601],[126.393,37.601],[126.39,37.602],[126.389,37.602],[126.386,37.605],[126.386,37.606],[126.382,37.609],[126.378,37.61],[126.376,37.612],[126.374,37.612],[126.374,37.612],[126.373,37.612],[126.372,37.612],[126.372,37.611],[126.371,37.612],[126.37,37.613],[126.37,37.614],[126.371,37.614],[126.373,37.614],[126.376,37.615],[126.378,37.616],[126.378,37.619],[126.375,37.625],[126.375,37.628],[126.374,37.631],[126.372,37.633],[126.369,37.634],[126.368,37.634],[126.366,37.634],[126.366,37.635],[126.369,37.637],[126.37,37.637],[126.371,37.637],[126.371,37.637],[126.375,37.636],[126.377,37.636],[126.384,37.638],[126.386,37.639],[126.387,37.639],[126.387,37.64],[126.388,37.64],[126.389,37.64],[126.389,37.64],[126.389,37.64],[126.39,37.641],[126.39,37.641],[126.391,37.641],[126.392,37.64],[126.393,37.64],[126.396,37.64],[126.398,37.64],[126.403,37.643],[126.404,37.644],[126.404,37.644],[126.405,37.645],[126.404,37.645],[126.405,37.645],[126.405,37.646],[126.406,37.646],[126.406,37.649],[126.406,37.649],[126.407,37.65],[126.411,37.651],[126.411,37.652],[126.411,37.652],[126.411,37.652],[126.41,37.654],[126.409,37.657],[126.41,37.659],[126.408,37.663],[126.406,37.667],[126.405,37.668],[126.405,37.673],[126.403,37.676],[126.391,37.685],[126.388,37.691],[126.391,37.692],[126.392,37.695],[126.389,37.698],[126.387,37.699],[126.386,37.7],[126.386,37.7],[126.374,37.701],[126.373,37.702],[126.367,37.704],[126.362,37.704],[126.355,37.707],[126.352,37.714],[126.352,37.717],[126.354,37.723],[126.353,37.725],[126.352,37.74],[126.354,37.741],[126.354,37.743],[126.355,37.758],[126.354,37.772],[126.353,37.785],[126.35,37.79],[126.352,37.792],[126.363,37.797],[126.372,37.802],[126.381,37.804],[126.383,37.805],[126.387,37.807],[126.391,37.817],[126.393,37.821],[126.392,37.823],[126.4,37.824],[126.4,37.823],[126.405,37.822],[126.413,37.822],[126.414,37.822],[126.416,37.822],[126.422,37.827],[126.427,37.832],[126.435,37.83],[126.437,37.828],[126.439,37.825]]],[[[124.708,37.845],[124.719,37.846],[124.727,37.842],[124.728,37.839],[124.721,37.838],[124.717,37.836],[124.715,37.833],[124.714,37.83],[124.72,37.821],[124.718,37.814],[124.713,37.811],[124.711,37.809],[124.706,37.807],[124.703,37.805],[124.698,37.808],[124.69,37.808],[124.684,37.802],[124.687,37.801],[124.685,37.8],[124.68,37.802],[124.683,37.804],[124.684,37.807],[124.684,37.814],[124.678,37.814],[124.675,37.814],[124.67,37.818],[124.663,37.822],[124.665,37.823],[124.671,37.82],[124.679,37.821],[124.688,37.836],[124.694,37.839],[124.7,37.84],[124.704,37.845],[124.703,37.847],[124.705,37.849],[124.707,37.848],[124.708,37.846],[124.708,37.845]]],[[[124.687,37.98],[124.696,37.981],[124.706,37.984],[124.715,37.983],[124.722,37.981],[124.724,37.979],[124.726,37.979],[124.73,37.978],[124.731,37.975],[124.731,37.968],[124.735,37.963],[124.741,37.961],[124.744,37.962],[124.746,37.961],[124.746,37.958],[124.742,37.957],[124.737,37.961],[124.736,37.962],[124.733,37.962],[124.73,37.961],[124.73,37.957],[124.73,37.957],[124.737,37.954],[124.733,37.951],[124.731,37.951],[124.731,37.953],[124.73,37.954],[124.729,37.955],[124.723,37.954],[124.718,37.949],[124.709,37.944],[124.707,37.944],[124.703,37.938],[124.703,37.931],[124.701,37.93],[124.699,37.927],[124.698,37.924],[124.7,37.92],[124.691,37.917],[124.681,37.923],[124.677,37.923],[124.669,37.922],[124.659,37.922],[124.655,37.925],[124.655,37.925],[124.65,37.924],[124.645,37.923],[124.636,37.928],[124.63,37.94],[124.627,37.946],[124.626,37.954],[124.615,37.96],[124.611,37.963],[124.612,37.967],[124.611,37.971],[124.615,37.974],[124.618,37.978],[124.621,37.976],[124.622,37.978],[124.623,37.977],[124.638,37.97],[124.642,37.969],[124.646,37.97],[124.652,37.974],[124.66,37.975],[124.668,37.977],[124.675,37.982],[124.676,37.98],[124.685,37.981],[124.685,37.984],[124.686,37.984],[124.685,37.982],[124.687,37.98]]]]}},{"type":"Feature","properties":{"sido_short":"광주","sido_nm":"광주광역시","시도":"광주"},"geometry":{"type":"MultiPolygon","coordinates":[[[[126.763,35.257],[126.764,35.253],[126.759,35.245],[126.754,35.237],[126.755,35.235],[126.757,35.234],[126.76,35.234],[126.768,35.232],[126.78,35.226],[126.782,35.225],[126.786,35.224],[126.79,35.224],[126.793,35.221],[126.795,35.22],[126.795,35.22],[126.803,35.221],[126.805,35.221],[126.805,35.22],[126.805,35.22],[126.805,35.218],[126.816,35.225],[126.824,35.226],[126.825,35.229],[126.825,35.232],[126.826,35.232],[126.83,35.23],[126.835,35.229],[126.835,35.229],[126.835,35.23],[126.84,35.232],[126.841,35.234],[126.847,35.237],[126.849,35.236],[126.853,35.239],[126.854,35.238],[126.856,35.239],[126.86,35.241],[126.861,35.242],[126.861,35.243],[126.861,35.243],[126.861,35.244],[126.862,35.244],[126.867,35.246],[126.869,35.246],[126.871,35.248],[126.879,35.251],[126.879,35.249],[126.879,35.248],[126.88,35.248],[126.887,35.246],[126.891,35.249],[126.893,35.251],[126.898,35.253],[126.901,35.255],[126.903,35.257],[126.904,35.258],[126.909,35.258],[126.915,35.257],[126.922,35.253],[126.929,35.252],[126.933,35.249],[126.934,35.247],[126.933,35.242],[126.939,35.237],[126.943,35.234],[126.945,35.231],[126.948,35.231],[126.95,35.223],[126.949,35.221],[126.949,35.22],[126.954,35.212],[126.963,35.204],[126.964,35.203],[126.965,35.204],[126.965,35.203],[126.966,35.201],[126.965,35.2],[126.96,35.195],[126.959,35.193],[126.96,35.191],[126.966,35.185],[126.967,35.182],[126.968,35.181],[126.972,35.181],[126.972,35.184],[126.973,35.186],[126.98,35.184],[126.983,35.184],[126.985,35.186],[126.985,35.188],[126.988,35.188],[126.989,35.187],[126.991,35.186],[126.993,35.186],[126.995,35.188],[126.996,35.189],[126.997,35.189],[127.0,35.189],[127.008,35.185],[127.017,35.175],[127.021,35.173],[127.017,35.165],[127.015,35.166],[127.014,35.166],[127.011,35.166],[127.011,35.162],[127.011,35.159],[127.008,35.156],[127.008,35.147],[127.009,35.134],[127.009,35.132],[127.01,35.13],[127.012,35.127],[127.01,35.124],[127.004,35.121],[127.0,35.116],[126.999,35.115],[126.993,35.111],[126.988,35.1],[126.989,35.096],[126.98,35.092],[126.972,35.091],[126.961,35.085],[126.959,35.082],[126.954,35.074],[126.949,35.073],[126.946,35.073],[126.937,35.074],[126.932,35.076],[126.926,35.082],[126.921,35.091],[126.918,35.092],[126.911,35.087],[126.901,35.081],[126.898,35.081],[126.894,35.08],[126.89,35.079],[126.885,35.082],[126.876,35.076],[126.872,35.074],[126.862,35.077],[126.857,35.079],[126.855,35.077],[126.853,35.074],[126.848,35.072],[126.846,35.068],[126.844,35.065],[126.843,35.065],[126.837,35.066],[126.836,35.064],[126.828,35.062],[126.822,35.06],[126.821,35.058],[126.819,35.053],[126.818,35.053],[126.814,35.053],[126.807,35.051],[126.804,35.052],[126.803,35.054],[126.801,35.058],[126.799,35.059],[126.797,35.059],[126.796,35.06],[126.796,35.061],[126.795,35.061],[126.787,35.057],[126.782,35.054],[126.781,35.054],[126.778,35.054],[126.773,35.053],[126.768,35.055],[126.767,35.057],[126.768,35.059],[126.769,35.061],[126.768,35.062],[126.766,35.064],[126.763,35.064],[126.76,35.063],[126.759,35.062],[126.759,35.06],[126.756,35.059],[126.756,35.06],[126.753,35.064],[126.753,35.065],[126.757,35.068],[126.761,35.069],[126.763,35.068],[126.765,35.068],[126.768,35.068],[126.769,35.069],[126.769,35.074],[126.767,35.075],[126.766,35.081],[126.765,35.083],[126.762,35.09],[126.76,35.091],[126.755,35.091],[126.75,35.099],[126.739,35.107],[126.733,35.113],[126.732,35.113],[126.731,35.11],[126.731,35.109],[126.728,35.107],[126.719,35.109],[126.717,35.11],[126.715,35.111],[126.713,35.11],[126.709,35.109],[126.707,35.111],[126.703,35.113],[126.702,35.113],[126.7,35.11],[126.7,35.109],[126.696,35.107],[126.69,35.111],[126.685,35.112],[126.683,35.112],[126.684,35.111],[126.684,35.108],[126.683,35.107],[126.682,35.107],[126.678,35.106],[126.669,35.105],[126.667,35.107],[126.669,35.108],[126.669,35.111],[126.663,35.115],[126.662,35.115],[126.66,35.114],[126.655,35.116],[126.655,35.118],[126.653,35.119],[126.652,35.125],[126.653,35.126],[126.654,35.132],[126.655,35.134],[126.653,35.139],[126.653,35.143],[126.651,35.144],[126.648,35.144],[126.645,35.147],[126.649,35.147],[126.651,35.148],[126.652,35.151],[126.654,35.153],[126.652,35.154],[126.652,35.156],[126.654,35.16],[126.654,35.164],[126.657,35.167],[126.661,35.167],[126.666,35.169],[126.669,35.169],[126.671,35.171],[126.671,35.174],[126.67,35.175],[126.663,35.18],[126.663,35.182],[126.662,35.185],[126.659,35.186],[126.658,35.186],[126.655,35.189],[126.653,35.192],[126.655,35.193],[126.659,35.192],[126.668,35.193],[126.669,35.194],[126.673,35.193],[126.676,35.191],[126.677,35.195],[126.678,35.203],[126.679,35.204],[126.68,35.204],[126.686,35.214],[126.687,35.215],[126.69,35.215],[126.692,35.213],[126.703,35.208],[126.711,35.212],[126.715,35.212],[126.718,35.212],[126.719,35.221],[126.722,35.228],[126.724,35.23],[126.725,35.234],[126.727,35.237],[126.73,35.239],[126.73,35.241],[126.73,35.244],[126.735,35.249],[126.737,35.252],[126.739,35.252],[126.747,35.253],[126.749,35.255],[126.749,35.256],[126.753,35.257],[126.756,35.257],[126.763,35.257]]]]}},{"type":"Feature","properties":{"sido_short":"대전","sido_nm":"대전광역시","시도":"대전"},"geometry":{"type":"MultiPolygon","coordinates":[[[[127.399,36.489],[127.404,36.481],[127.404,36.478],[127.403,36.475],[127.403,36.474],[127.402,36.47],[127.401,36.466],[127.4,36.462],[127.402,36.456],[127.415,36.455],[127.416,36.455],[127.425,36.456],[127.436,36.456],[127.441,36.453],[127.442,36.452],[127.442,36.451],[127.447,36.449],[127.455,36.45],[127.46,36.453],[127.463,36.456],[127.464,36.462],[127.464,36.464],[127.467,36.47],[127.471,36.474],[127.472,36.475],[127.476,36.476],[127.484,36.477],[127.484,36.474],[127.483,36.469],[127.481,36.465],[127.48,36.465],[127.479,36.464],[127.478,36.461],[127.478,36.46],[127.478,36.458],[127.478,36.457],[127.48,36.456],[127.486,36.453],[127.492,36.453],[127.497,36.455],[127.503,36.456],[127.504,36.454],[127.503,36.449],[127.5,36.447],[127.499,36.446],[127.496,36.444],[127.493,36.441],[127.492,36.439],[127.49,36.434],[127.49,36.432],[127.494,36.425],[127.497,36.419],[127.497,36.417],[127.497,36.416],[127.497,36.416],[127.498,36.415],[127.502,36.409],[127.51,36.409],[127.511,36.41],[127.511,36.411],[127.514,36.419],[127.516,36.422],[127.518,36.421],[127.52,36.42],[127.524,36.423],[127.53,36.419],[127.542,36.419],[127.543,36.412],[127.547,36.409],[127.552,36.405],[127.553,36.401],[127.556,36.4],[127.558,36.4],[127.56,36.398],[127.554,36.395],[127.547,36.396],[127.541,36.397],[127.525,36.381],[127.526,36.368],[127.524,36.366],[127.524,36.363],[127.522,36.358],[127.523,36.357],[127.523,36.356],[127.519,36.35],[127.508,36.345],[127.504,36.341],[127.501,36.34],[127.501,36.338],[127.501,36.334],[127.503,36.327],[127.502,36.323],[127.497,36.32],[127.498,36.316],[127.498,36.308],[127.499,36.306],[127.497,36.302],[127.494,36.301],[127.492,36.299],[127.491,36.296],[127.493,36.295],[127.499,36.283],[127.491,36.274],[127.486,36.261],[127.487,36.258],[127.49,36.258],[127.49,36.257],[127.488,36.252],[127.489,36.246],[127.492,36.245],[127.493,36.241],[127.493,36.239],[127.489,36.236],[127.488,36.233],[127.485,36.232],[127.482,36.23],[127.478,36.228],[127.474,36.225],[127.468,36.223],[127.467,36.222],[127.468,36.217],[127.469,36.215],[127.466,36.214],[127.46,36.213],[127.46,36.211],[127.457,36.209],[127.455,36.206],[127.456,36.203],[127.453,36.2],[127.45,36.198],[127.443,36.195],[127.441,36.197],[127.437,36.199],[127.434,36.198],[127.431,36.204],[127.424,36.206],[127.422,36.208],[127.421,36.208],[127.419,36.207],[127.409,36.215],[127.408,36.221],[127.407,36.221],[127.406,36.222],[127.402,36.227],[127.397,36.232],[127.387,36.235],[127.39,36.24],[127.39,36.243],[127.388,36.246],[127.387,36.253],[127.388,36.254],[127.39,36.262],[127.385,36.266],[127.376,36.272],[127.372,36.27],[127.367,36.269],[127.363,36.268],[127.36,36.26],[127.361,36.256],[127.36,36.255],[127.364,36.252],[127.363,36.239],[127.362,36.229],[127.36,36.225],[127.363,36.224],[127.364,36.222],[127.363,36.219],[127.361,36.219],[127.36,36.218],[127.359,36.214],[127.355,36.213],[127.347,36.203],[127.347,36.202],[127.347,36.197],[127.342,36.193],[127.334,36.183],[127.332,36.185],[127.332,36.193],[127.334,36.2],[127.328,36.204],[127.324,36.203],[127.323,36.205],[127.322,36.208],[127.322,36.213],[127.319,36.216],[127.316,36.22],[127.314,36.222],[127.309,36.225],[127.308,36.225],[127.304,36.23],[127.303,36.227],[127.304,36.223],[127.303,36.222],[127.301,36.221],[127.294,36.223],[127.293,36.228],[127.292,36.23],[127.283,36.235],[127.282,36.236],[127.281,36.243],[127.28,36.252],[127.282,36.257],[127.282,36.258],[127.283,36.258],[127.285,36.26],[127.29,36.262],[127.292,36.264],[127.291,36.265],[127.29,36.266],[127.29,36.266],[127.288,36.266],[127.287,36.265],[127.287,36.265],[127.285,36.265],[127.283,36.265],[127.282,36.265],[127.28,36.266],[127.269,36.271],[127.267,36.273],[127.265,36.275],[127.26,36.276],[127.258,36.277],[127.254,36.281],[127.251,36.286],[127.25,36.293],[127.25,36.294],[127.252,36.296],[127.254,36.297],[127.258,36.296],[127.26,36.296],[127.259,36.297],[127.259,36.303],[127.258,36.318],[127.259,36.319],[127.261,36.322],[127.26,36.326],[127.261,36.327],[127.266,36.329],[127.266,36.33],[127.268,36.331],[127.266,36.335],[127.266,36.338],[127.279,36.344],[127.278,36.346],[127.278,36.349],[127.274,36.353],[127.271,36.359],[127.274,36.363],[127.278,36.365],[127.279,36.371],[127.28,36.379],[127.279,36.38],[127.279,36.381],[127.278,36.388],[127.279,36.391],[127.279,36.399],[127.281,36.405],[127.285,36.415],[127.286,36.415],[127.295,36.42],[127.294,36.422],[127.302,36.423],[127.305,36.425],[127.312,36.424],[127.316,36.421],[127.316,36.42],[127.319,36.421],[127.329,36.423],[127.33,36.424],[127.333,36.427],[127.34,36.43],[127.341,36.431],[127.343,36.44],[127.347,36.446],[127.353,36.448],[127.356,36.45],[127.358,36.457],[127.36,36.467],[127.362,36.471],[127.364,36.474],[127.364,36.475],[127.364,36.475],[127.362,36.476],[127.361,36.479],[127.361,36.48],[127.359,36.482],[127.36,36.49],[127.363,36.49],[127.368,36.488],[127.368,36.488],[127.371,36.491],[127.374,36.493],[127.378,36.496],[127.379,36.498],[127.38,36.499],[127.385,36.499],[127.389,36.497],[127.393,36.494],[127.396,36.492],[127.399,36.489]]]]}},{"type":"Feature","properties":{"sido_short":"울산","sido_nm":"울산광역시","시도":"울산"},"geometry":{"type":"MultiPolygon","coordinates":[[[[129.16,35.715],[129.177,35.716],[129.181,35.723],[129.182,35.724],[129.186,35.721],[129.191,35.719],[129.193,35.718],[129.198,35.716],[129.201,35.716],[129.201,35.716],[129.201,35.717],[129.202,35.719],[129.207,35.721],[129.209,35.721],[129.21,35.718],[129.214,35.716],[129.22,35.714],[129.222,35.713],[129.226,35.709],[129.231,35.709],[129.234,35.706],[129.234,35.704],[129.237,35.704],[129.242,35.703],[129.251,35.702],[129.254,35.701],[129.259,35.698],[129.263,35.691],[129.259,35.684],[129.261,35.679],[129.259,35.671],[129.259,35.671],[129.256,35.66],[129.26,35.655],[129.273,35.653],[129.276,35.653],[129.281,35.651],[129.283,35.652],[129.29,35.648],[129.291,35.646],[129.296,35.644],[129.296,35.644],[129.302,35.648],[129.304,35.657],[129.311,35.661],[129.317,35.659],[129.318,35.659],[129.328,35.659],[129.329,35.663],[129.331,35.666],[129.334,35.67],[129.338,35.669],[129.343,35.671],[129.348,35.675],[129.349,35.677],[129.351,35.678],[129.356,35.679],[129.364,35.679],[129.365,35.676],[129.367,35.675],[129.373,35.67],[129.375,35.67],[129.386,35.67],[129.388,35.67],[129.389,35.669],[129.394,35.668],[129.399,35.668],[129.401,35.667],[129.401,35.666],[129.402,35.665],[129.403,35.663],[129.406,35.663],[129.407,35.663],[129.41,35.664],[129.414,35.663],[129.421,35.659],[129.429,35.656],[129.432,35.657],[129.433,35.657],[129.434,35.654],[129.435,35.652],[129.436,35.653],[129.437,35.654],[129.442,35.655],[129.445,35.653],[129.448,35.651],[129.449,35.651],[129.449,35.649],[129.449,35.648],[129.443,35.646],[129.442,35.646],[129.442,35.645],[129.442,35.645],[129.442,35.644],[129.441,35.643],[129.441,35.642],[129.442,35.639],[129.442,35.638],[129.441,35.632],[129.442,35.63],[129.444,35.625],[129.444,35.625],[129.444,35.624],[129.445,35.623],[129.447,35.621],[129.448,35.621],[129.448,35.621],[129.448,35.621],[129.448,35.621],[129.448,35.621],[129.449,35.621],[129.449,35.62],[129.449,35.62],[129.449,35.62],[129.449,35.62],[129.449,35.62],[129.449,35.62],[129.45,35.62],[129.45,35.62],[129.45,35.62],[129.45,35.619],[129.45,35.619],[129.45,35.619],[129.45,35.619],[129.451,35.619],[129.452,35.619],[129.452,35.619],[129.452,35.619],[129.452,35.619],[129.452,35.619],[129.452,35.619],[129.452,35.619],[129.452,35.619],[129.452,35.619],[129.452,35.619],[129.452,35.619],[129.452,35.619],[129.452,35.618],[129.453,35.618],[129.454,35.617],[129.454,35.617],[129.454,35.616],[129.454,35.616],[129.454,35.616],[129.454,35.616],[129.454,35.616],[129.454,35.616],[129.454,35.616],[129.454,35.616],[129.454,35.616],[129.454,35.616],[129.454,35.616],[129.454,35.616],[129.454,35.616],[129.454,35.616],[129.454,35.616],[129.454,35.616],[129.454,35.616],[129.454,35.616],[129.454,35.616],[129.454,35.616],[129.454,35.616],[129.454,35.616],[129.454,35.616],[129.454,35.616],[129.454,35.616],[129.454,35.616],[129.454,35.616],[129.454,35.616],[129.454,35.616],[129.454,35.616],[129.454,35.616],[129.454,35.616],[129.454,35.616],[129.454,35.616],[129.454,35.616],[129.454,35.617],[129.454,35.617],[129.454,35.617],[129.453,35.617],[129.452,35.618],[129.452,35.618],[129.452,35.618],[129.451,35.618],[129.451,35.618],[129.451,35.618],[129.451,35.618],[129.451,35.618],[129.451,35.618],[129.451,35.618],[129.45,35.617],[129.45,35.617],[129.45,35.617],[129.45,35.617],[129.45,35.615],[129.452,35.614],[129.456,35.614],[129.458,35.614],[129.459,35.613],[129.459,35.613],[129.459,35.612],[129.458,35.612],[129.457,35.609],[129.457,35.609],[129.457,35.609],[129.458,35.608],[129.458,35.608],[129.458,35.608],[129.458,35.607],[129.458,35.607],[129.458,35.607],[129.458,35.607],[129.458,35.607],[129.458,35.607],[129.458,35.607],[129.459,35.607],[129.459,35.607],[129.459,35.606],[129.459,35.607],[129.46,35.607],[129.46,35.607],[129.46,35.607],[129.46,35.607],[129.46,35.608],[129.46,35.608],[129.46,35.608],[129.46,35.608],[129.46,35.608],[129.46,35.608],[129.46,35.608],[129.46,35.608],[129.461,35.608],[129.462,35.607],[129.462,35.607],[129.462,35.607],[129.462,35.607],[129.462,35.607],[129.462,35.607],[129.462,35.606],[129.462,35.606],[129.462,35.606],[129.462,35.606],[129.462,35.606],[129.462,35.606],[129.463,35.607],[129.463,35.607],[129.463,35.607],[129.463,35.607],[129.463,35.607],[129.463,35.607],[129.463,35.607],[129.463,35.607],[129.463,35.607],[129.463,35.607],[129.463,35.607],[129.463,35.607],[129.463,35.606],[129.463,35.606],[129.462,35.606],[129.462,35.606],[129.462,35.606],[129.462,35.606],[129.462,35.606],[129.462,35.606],[129.462,35.606],[129.462,35.606],[129.462,35.606],[129.462,35.605],[129.462,35.605],[129.462,35.605],[129.462,35.605],[129.462,35.605],[129.462,35.605],[129.462,35.605],[129.462,35.605],[129.462,35.605],[129.462,35.605],[129.462,35.605],[129.462,35.605],[129.462,35.605],[129.463,35.605],[129.463,35.605],[129.463,35.605],[129.463,35.605],[129.463,35.605],[129.463,35.605],[129.463,35.605],[129.463,35.605],[129.463,35.605],[129.463,35.605],[129.463,35.605],[129.463,35.605],[129.463,35.605],[129.463,35.605],[129.463,35.605],[129.463,35.605],[129.463,35.605],[129.463,35.605],[129.463,35.605],[129.463,35.605],[129.463,35.605],[129.463,35.605],[129.463,35.605],[129.463,35.605],[129.464,35.604],[129.464,35.604],[129.464,35.604],[129.463,35.604],[129.463,35.604],[129.463,35.604],[129.463,35.604],[129.463,35.604],[129.463,35.604],[129.463,35.604],[129.463,35.604],[129.463,35.604],[129.463,35.604],[129.463,35.604],[129.463,35.604],[129.463,35.604],[129.463,35.604],[129.463,35.603],[129.463,35.603],[129.463,35.603],[129.463,35.603],[129.463,35.603],[129.463,35.603],[129.463,35.603],[129.463,35.603],[129.463,35.603],[129.463,35.603],[129.463,35.603],[129.463,35.603],[129.463,35.603],[129.463,35.603],[129.463,35.603],[129.463,35.603],[129.463,35.603],[129.463,35.603],[129.463,35.603],[129.463,35.603],[129.463,35.603],[129.463,35.602],[129.463,35.602],[129.463,35.602],[129.463,35.602],[129.463,35.602],[129.463,35.602],[129.463,35.602],[129.463,35.602],[129.463,35.602],[129.463,35.602],[129.464,35.602],[129.464,35.602],[129.464,35.602],[129.464,35.602],[129.464,35.602],[129.464,35.602],[129.464,35.602],[129.464,35.602],[129.464,35.602],[129.464,35.602],[129.464,35.602],[129.464,35.602],[129.464,35.602],[129.464,35.602],[129.464,35.602],[129.464,35.602],[129.464,35.602],[129.464,35.602],[129.464,35.602],[129.464,35.602],[129.464,35.602],[129.464,35.602],[129.464,35.601],[129.464,35.601],[129.464,35.601],[129.464,35.601],[129.464,35.601],[129.464,35.601],[129.464,35.601],[129.464,35.601],[129.464,35.601],[129.464,35.601],[129.464,35.601],[129.464,35.601],[129.464,35.601],[129.464,35.601],[129.464,35.601],[129.464,35.601],[129.464,35.601],[129.464,35.601],[129.464,35.601],[129.464,35.601],[129.464,35.601],[129.464,35.601],[129.464,35.601],[129.464,35.601],[129.464,35.601],[129.464,35.601],[129.464,35.601],[129.464,35.601],[129.464,35.601],[129.464,35.601],[129.464,35.601],[129.464,35.6],[129.464,35.6],[129.464,35.6],[129.464,35.6],[129.464,35.6],[129.464,35.6],[129.464,35.6],[129.464,35.6],[129.464,35.599],[129.464,35.597],[129.464,35.589],[129.465,35.586],[129.464,35.586],[129.464,35.585],[129.461,35.584],[129.457,35.583],[129.454,35.581],[129.454,35.581],[129.454,35.581],[129.454,35.58],[129.453,35.58],[129.453,35.579],[129.453,35.578],[129.453,35.578],[129.453,35.578],[129.453,35.577],[129.453,35.574],[129.453,35.574],[129.453,35.574],[129.453,35.574],[129.453,35.574],[129.453,35.574],[129.453,35.574],[129.453,35.574],[129.453,35.572],[129.453,35.572],[129.453,35.572],[129.453,35.572],[129.453,35.572],[129.453,35.571],[129.453,35.571],[129.453,35.571],[129.453,35.571],[129.453,35.571],[129.453,35.571],[129.453,35.57],[129.454,35.57],[129.454,35.57],[129.454,35.57],[129.454,35.57],[129.454,35.57],[129.454,35.57],[129.454,35.57],[129.454,35.57],[129.454,35.57],[129.454,35.57],[129.454,35.57],[129.454,35.569],[129.454,35.569],[129.454,35.569],[129.454,35.569],[129.454,35.569],[129.454,35.569],[129.454,35.569],[129.454,35.569],[129.454,35.569],[129.454,35.569],[129.454,35.569],[129.454,35.569],[129.454,35.568],[129.454,35.568],[129.454,35.568],[129.454,35.568],[129.454,35.568],[129.454,35.568],[129.454,35.568],[129.454,35.568],[129.454,35.568],[129.454,35.568],[129.455,35.568],[129.455,35.568],[129.455,35.568],[129.455,35.568],[129.455,35.568],[129.456,35.566],[129.456,35.565],[129.456,35.565],[129.456,35.565],[129.457,35.565],[129.457,35.565],[129.457,35.565],[129.457,35.565],[129.457,35.565],[129.457,35.565],[129.457,35.565],[129.457,35.565],[129.457,35.565],[129.458,35.565],[129.458,35.565],[129.458,35.565],[129.458,35.565],[129.458,35.565],[129.458,35.565],[129.458,35.565],[129.458,35.565],[129.458,35.565],[129.458,35.565],[129.458,35.565],[129.458,35.565],[129.458,35.565],[129.458,35.565],[129.458,35.565],[129.458,35.565],[129.458,35.565],[129.458,35.565],[129.458,35.565],[129.458,35.565],[129.458,35.564],[129.458,35.564],[129.458,35.564],[129.458,35.564],[129.458,35.564],[129.458,35.564],[129.458,35.564],[129.458,35.564],[129.458,35.564],[129.458,35.564],[129.458,35.564],[129.458,35.564],[129.458,35.564],[129.458,35.564],[129.458,35.564],[129.458,35.564],[129.457,35.563],[129.457,35.563],[129.457,35.563],[129.457,35.563],[129.457,35.563],[129.457,35.563],[129.457,35.563],[129.457,35.563],[129.457,35.563],[129.457,35.563],[129.458,35.562],[129.458,35.562],[129.458,35.562],[129.458,35.561],[129.458,35.561],[129.458,35.561],[129.458,35.561],[129.458,35.561],[129.458,35.561],[129.458,35.561],[129.458,35.561],[129.458,35.561],[129.458,35.561],[129.458,35.561],[129.458,35.561],[129.458,35.561],[129.458,35.561],[129.458,35.561],[129.458,35.561],[129.458,35.561],[129.458,35.561],[129.458,35.561],[129.458,35.561],[129.458,35.561],[129.458,35.561],[129.458,35.561],[129.458,35.561],[129.458,35.561],[129.458,35.562],[129.458,35.562],[129.457,35.562],[129.457,35.562],[129.457,35.562],[129.457,35.562],[129.457,35.562],[129.457,35.562],[129.457,35.562],[129.457,35.562],[129.457,35.562],[129.457,35.562],[129.457,35.561],[129.457,35.561],[129.457,35.561],[129.457,35.561],[129.457,35.561],[129.457,35.561],[129.457,35.561],[129.457,35.561],[129.457,35.561],[129.457,35.561],[129.457,35.561],[129.457,35.561],[129.457,35.561],[129.457,35.561],[129.457,35.561],[129.457,35.561],[129.457,35.561],[129.457,35.561],[129.457,35.561],[129.458,35.559],[129.458,35.559],[129.458,35.559],[129.458,35.559],[129.458,35.559],[129.458,35.559],[129.458,35.559],[129.458,35.558],[129.458,35.558],[129.459,35.558],[129.459,35.558],[129.459,35.558],[129.459,35.558],[129.459,35.558],[129.459,35.558],[129.459,35.558],[129.458,35.558],[129.458,35.558],[129.458,35.558],[129.458,35.558],[129.458,35.558],[129.458,35.558],[129.458,35.558],[129.458,35.558],[129.458,35.558],[129.458,35.558],[129.458,35.558],[129.458,35.558],[129.458,35.558],[129.458,35.558],[129.458,35.558],[129.458,35.558],[129.458,35.558],[129.458,35.558],[129.458,35.558],[129.458,35.558],[129.458,35.558],[129.458,35.558],[129.458,35.558],[129.458,35.558],[129.458,35.558],[129.458,35.558],[129.459,35.558],[129.459,35.558],[129.459,35.558],[129.459,35.558],[129.459,35.558],[129.459,35.558],[129.459,35.558],[129.459,35.558],[129.459,35.558],[129.459,35.558],[129.459,35.558],[129.459,35.558],[129.459,35.558],[129.459,35.558],[129.459,35.558],[129.458,35.558],[129.458,35.558],[129.458,35.558],[129.458,35.558],[129.458,35.558],[129.458,35.558],[129.458,35.558],[129.458,35.558],[129.458,35.558],[129.458,35.557],[129.458,35.557],[129.458,35.557],[129.458,35.557],[129.458,35.557],[129.458,35.557],[129.458,35.557],[129.458,35.557],[129.458,35.557],[129.458,35.557],[129.458,35.557],[129.458,35.556],[129.458,35.556],[129.458,35.556],[129.458,35.556],[129.458,35.556],[129.458,35.556],[129.458,35.556],[129.458,35.556],[129.458,35.556],[129.458,35.556],[129.458,35.556],[129.458,35.556],[129.458,35.556],[129.458,35.556],[129.458,35.556],[129.458,35.556],[129.458,35.556],[129.458,35.555],[129.458,35.555],[129.458,35.555],[129.458,35.555],[129.458,35.555],[129.458,35.554],[129.458,35.554],[129.458,35.554],[129.458,35.554],[129.458,35.554],[129.458,35.554],[129.458,35.554],[129.458,35.554],[129.458,35.554],[129.458,35.554],[129.458,35.554],[129.458,35.554],[129.458,35.554],[129.458,35.553],[129.458,35.553],[129.458,35.553],[129.458,35.553],[129.458,35.553],[129.458,35.553],[129.458,35.553],[129.458,35.553],[129.458,35.553],[129.458,35.553],[129.458,35.553],[129.458,35.553],[129.458,35.553],[129.458,35.553],[129.458,35.553],[129.458,35.553],[129.458,35.553],[129.458,35.553],[129.458,35.553],[129.458,35.553],[129.458,35.553],[129.458,35.553],[129.458,35.553],[129.458,35.553],[129.458,35.553],[129.458,35.553],[129.457,35.552],[129.457,35.552],[129.457,35.552],[129.457,35.552],[129.456,35.552],[129.456,35.552],[129.456,35.552],[129.456,35.552],[129.456,35.552],[129.456,35.552],[129.456,35.552],[129.456,35.552],[129.456,35.552],[129.456,35.552],[129.456,35.552],[129.456,35.552],[129.456,35.552],[129.455,35.551],[129.455,35.551],[129.455,35.551],[129.455,35.551],[129.455,35.551],[129.455,35.551],[129.455,35.55],[129.455,35.55],[129.455,35.55],[129.455,35.55],[129.455,35.55],[129.455,35.55],[129.455,35.55],[129.455,35.55],[129.455,35.55],[129.455,35.55],[129.455,35.55],[129.455,35.55],[129.455,35.55],[129.455,35.55],[129.455,35.55],[129.455,35.55],[129.455,35.55],[129.455,35.55],[129.455,35.55],[129.455,35.55],[129.455,35.55],[129.455,35.55],[129.455,35.55],[129.455,35.55],[129.455,35.55],[129.455,35.55],[129.455,35.55],[129.455,35.55],[129.456,35.55],[129.456,35.55],[129.455,35.549],[129.455,35.549],[129.455,35.549],[129.455,35.549],[129.455,35.549],[129.455,35.549],[129.455,35.549],[129.455,35.549],[129.455,35.549],[129.455,35.549],[129.455,35.549],[129.455,35.549],[129.455,35.548],[129.455,35.548],[129.455,35.548],[129.455,35.548],[129.455,35.548],[129.456,35.548],[129.456,35.548],[129.456,35.547],[129.455,35.547],[129.455,35.547],[129.455,35.547],[129.455,35.547],[129.455,35.547],[129.455,35.547],[129.455,35.547],[129.455,35.547],[129.455,35.547],[129.455,35.548],[129.455,35.548],[129.455,35.548],[129.455,35.548],[129.455,35.548],[129.455,35.548],[129.455,35.548],[129.455,35.548],[129.455,35.548],[129.455,35.548],[129.455,35.548],[129.454,35.547],[129.454,35.547],[129.453,35.546],[129.453,35.545],[129.453,35.545],[129.453,35.545],[129.453,35.545],[129.453,35.545],[129.453,35.544],[129.453,35.544],[129.453,35.544],[129.453,35.544],[129.453,35.544],[129.453,35.544],[129.452,35.544],[129.453,35.543],[129.453,35.543],[129.453,35.543],[129.453,35.543],[129.453,35.543],[129.453,35.543],[129.453,35.543],[129.453,35.543],[129.453,35.543],[129.453,35.543],[129.453,35.543],[129.453,35.543],[129.453,35.543],[129.454,35.543],[129.454,35.543],[129.454,35.542],[129.454,35.542],[129.454,35.542],[129.453,35.541],[129.453,35.541],[129.453,35.541],[129.453,35.541],[129.452,35.54],[129.452,35.538],[129.452,35.538],[129.452,35.538],[129.451,35.536],[129.452,35.534],[129.452,35.534],[129.452,35.534],[129.452,35.534],[129.452,35.534],[129.452,35.534],[129.452,35.534],[129.452,35.534],[129.452,35.534],[129.452,35.533],[129.452,35.533],[129.452,35.533],[129.452,35.533],[129.452,35.533],[129.452,35.533],[129.452,35.532],[129.453,35.53],[129.454,35.527],[129.454,35.526],[129.454,35.526],[129.453,35.526],[129.452,35.528],[129.451,35.528],[129.439,35.524],[129.44,35.52],[129.441,35.522],[129.446,35.525],[129.448,35.526],[129.448,35.52],[129.447,35.518],[129.446,35.511],[129.446,35.511],[129.443,35.509],[129.433,35.511],[129.433,35.505],[129.439,35.507],[129.443,35.506],[129.444,35.505],[129.444,35.503],[129.444,35.502],[129.443,35.501],[129.442,35.501],[129.442,35.501],[129.441,35.501],[129.441,35.501],[129.44,35.501],[129.44,35.501],[129.439,35.501],[129.437,35.5],[129.437,35.5],[129.437,35.5],[129.437,35.5],[129.435,35.5],[129.435,35.5],[129.434,35.5],[129.434,35.5],[129.433,35.5],[129.431,35.498],[129.431,35.497],[129.431,35.497],[129.431,35.496],[129.431,35.495],[129.432,35.493],[129.433,35.493],[129.433,35.492],[129.434,35.492],[129.439,35.494],[129.44,35.494],[129.44,35.495],[129.44,35.495],[129.441,35.496],[129.442,35.495],[129.445,35.492],[129.445,35.491],[129.444,35.491],[129.444,35.491],[129.444,35.492],[129.443,35.492],[129.442,35.492],[129.441,35.492],[129.44,35.49],[129.44,35.49],[129.44,35.488],[129.44,35.488],[129.44,35.487],[129.437,35.485],[129.437,35.485],[129.432,35.48],[129.432,35.48],[129.43,35.484],[129.428,35.485],[129.425,35.485],[129.424,35.484],[129.424,35.481],[129.421,35.481],[129.421,35.481],[129.421,35.482],[129.421,35.482],[129.421,35.482],[129.42,35.482],[129.418,35.482],[129.415,35.48],[129.415,35.479],[129.415,35.478],[129.415,35.478],[129.415,35.477],[129.416,35.477],[129.416,35.477],[129.416,35.476],[129.416,35.476],[129.413,35.473],[129.412,35.472],[129.412,35.472],[129.411,35.471],[129.411,35.471],[129.41,35.471],[129.409,35.471],[129.408,35.472],[129.405,35.476],[129.406,35.489],[129.399,35.501],[129.396,35.501],[129.397,35.512],[129.389,35.526],[129.388,35.527],[129.387,35.528],[129.387,35.528],[129.383,35.532],[129.377,35.538],[129.375,35.529],[129.375,35.523],[129.376,35.521],[129.38,35.517],[129.386,35.516],[129.386,35.51],[129.387,35.501],[129.386,35.501],[129.385,35.501],[129.38,35.503],[129.372,35.501],[129.367,35.504],[129.365,35.501],[129.374,35.499],[129.376,35.5],[129.379,35.5],[129.379,35.5],[129.389,35.487],[129.391,35.481],[129.391,35.48],[129.391,35.478],[129.39,35.479],[129.39,35.485],[129.389,35.488],[129.386,35.483],[129.384,35.481],[129.384,35.478],[129.381,35.472],[129.38,35.471],[129.38,35.472],[129.378,35.472],[129.374,35.47],[129.374,35.47],[129.375,35.468],[129.376,35.464],[129.374,35.462],[129.355,35.459],[129.352,35.462],[129.352,35.462],[129.353,35.463],[129.353,35.464],[129.353,35.465],[129.349,35.469],[129.348,35.469],[129.346,35.471],[129.34,35.477],[129.34,35.478],[129.339,35.48],[129.338,35.482],[129.336,35.483],[129.332,35.484],[129.338,35.481],[129.339,35.476],[129.337,35.475],[129.337,35.473],[129.341,35.47],[129.347,35.464],[129.348,35.46],[129.348,35.46],[129.347,35.46],[129.352,35.447],[129.36,35.446],[129.354,35.441],[129.365,35.441],[129.365,35.442],[129.369,35.449],[129.372,35.445],[129.371,35.435],[129.364,35.428],[129.353,35.427],[129.353,35.427],[129.353,35.427],[129.357,35.426],[129.364,35.425],[129.364,35.423],[129.357,35.413],[129.356,35.41],[129.36,35.411],[129.361,35.411],[129.363,35.411],[129.363,35.411],[129.363,35.407],[129.36,35.403],[129.354,35.402],[129.354,35.396],[129.355,35.394],[129.354,35.393],[129.351,35.392],[129.35,35.392],[129.349,35.392],[129.349,35.392],[129.347,35.391],[129.347,35.391],[129.347,35.39],[129.347,35.39],[129.347,35.39],[129.347,35.39],[129.347,35.385],[129.347,35.384],[129.347,35.384],[129.346,35.383],[129.345,35.382],[129.345,35.381],[129.345,35.38],[129.345,35.378],[129.345,35.378],[129.345,35.378],[129.346,35.378],[129.346,35.377],[129.346,35.377],[129.345,35.377],[129.345,35.377],[129.345,35.377],[129.345,35.377],[129.345,35.377],[129.345,35.377],[129.345,35.377],[129.345,35.377],[129.345,35.377],[129.345,35.377],[129.345,35.377],[129.345,35.377],[129.345,35.375],[129.345,35.375],[129.347,35.374],[129.352,35.372],[129.353,35.372],[129.353,35.372],[129.355,35.372],[129.355,35.368],[129.355,35.367],[129.355,35.367],[129.355,35.366],[129.36,35.365],[129.361,35.363],[129.363,35.359],[129.36,35.356],[129.358,35.355],[129.35,35.355],[129.345,35.352],[129.345,35.352],[129.345,35.352],[129.345,35.354],[129.341,35.356],[129.34,35.357],[129.339,35.357],[129.337,35.357],[129.335,35.356],[129.335,35.356],[129.334,35.355],[129.333,35.353],[129.333,35.353],[129.329,35.347],[129.328,35.348],[129.327,35.348],[129.322,35.346],[129.32,35.341],[129.32,35.34],[129.32,35.339],[129.32,35.339],[129.32,35.339],[129.321,35.339],[129.32,35.338],[129.319,35.338],[129.318,35.338],[129.318,35.338],[129.318,35.338],[129.318,35.339],[129.318,35.339],[129.317,35.339],[129.316,35.339],[129.315,35.337],[129.315,35.335],[129.308,35.328],[129.307,35.328],[129.307,35.328],[129.307,35.328],[129.307,35.328],[129.308,35.329],[129.308,35.328],[129.308,35.328],[129.308,35.329],[129.309,35.329],[129.309,35.329],[129.309,35.33],[129.307,35.331],[129.305,35.33],[129.305,35.33],[129.304,35.33],[129.302,35.333],[129.302,35.334],[129.296,35.336],[129.286,35.339],[129.281,35.341],[129.283,35.345],[129.284,35.353],[129.283,35.354],[129.281,35.356],[129.282,35.362],[129.281,35.365],[129.278,35.368],[129.277,35.371],[129.274,35.375],[129.266,35.385],[129.258,35.384],[129.256,35.385],[129.255,35.386],[129.254,35.386],[129.251,35.386],[129.25,35.384],[129.247,35.383],[129.242,35.383],[129.236,35.383],[129.233,35.381],[129.23,35.381],[129.22,35.379],[129.217,35.379],[129.211,35.381],[129.204,35.386],[129.201,35.388],[129.203,35.393],[129.206,35.395],[129.208,35.396],[129.209,35.4],[129.214,35.402],[129.218,35.412],[129.215,35.413],[129.213,35.417],[129.21,35.42],[129.202,35.422],[129.201,35.431],[129.2,35.435],[129.199,35.436],[129.197,35.439],[129.191,35.436],[129.191,35.436],[129.191,35.435],[129.19,35.435],[129.19,35.435],[129.187,35.435],[129.178,35.432],[129.173,35.434],[129.171,35.433],[129.166,35.432],[129.162,35.435],[129.154,35.44],[129.152,35.441],[129.145,35.445],[129.139,35.45],[129.134,35.455],[129.131,35.458],[129.126,35.462],[129.122,35.467],[129.12,35.471],[129.117,35.475],[129.112,35.478],[129.108,35.484],[129.108,35.484],[129.109,35.485],[129.109,35.488],[129.106,35.491],[129.107,35.495],[129.104,35.497],[129.101,35.497],[129.098,35.497],[129.097,35.498],[129.093,35.498],[129.091,35.498],[129.09,35.498],[129.09,35.499],[129.087,35.501],[129.077,35.504],[129.069,35.507],[129.065,35.509],[129.053,35.514],[129.052,35.52],[129.052,35.524],[129.054,35.526],[129.054,35.531],[129.046,35.529],[129.033,35.526],[129.03,35.526],[129.013,35.523],[129.009,35.525],[129.01,35.527],[129.01,35.528],[129.002,35.529],[128.995,35.528],[128.995,35.53],[128.996,35.532],[128.996,35.535],[128.998,35.538],[128.996,35.545],[128.991,35.549],[128.985,35.55],[128.981,35.546],[128.98,35.549],[128.973,35.556],[128.976,35.562],[128.982,35.564],[128.993,35.567],[129.004,35.576],[129.008,35.58],[129.016,35.583],[129.019,35.584],[129.019,35.588],[129.022,35.591],[129.024,35.601],[129.023,35.604],[129.022,35.615],[129.02,35.615],[129.013,35.615],[129.006,35.619],[129.009,35.625],[129.017,35.629],[129.019,35.632],[129.025,35.636],[129.029,35.635],[129.036,35.632],[129.038,35.635],[129.044,35.643],[129.045,35.645],[129.046,35.648],[129.051,35.649],[129.058,35.648],[129.07,35.645],[129.072,35.644],[129.075,35.641],[129.078,35.642],[129.081,35.643],[129.081,35.644],[129.081,35.647],[129.08,35.649],[129.076,35.651],[129.068,35.659],[129.067,35.662],[129.067,35.671],[129.071,35.676],[129.073,35.677],[129.072,35.678],[129.07,35.681],[129.073,35.685],[129.074,35.687],[129.074,35.688],[129.08,35.696],[129.087,35.699],[129.091,35.703],[129.093,35.703],[129.102,35.706],[129.103,35.706],[129.106,35.706],[129.111,35.707],[129.113,35.708],[129.119,35.707],[129.124,35.708],[129.124,35.709],[129.127,35.714],[129.135,35.712],[129.136,35.714],[129.139,35.718],[129.138,35.721],[129.142,35.724],[129.147,35.725],[129.155,35.721],[129.16,35.715]]]]}},{"type":"Feature","properties":{"sido_short":"세종","sido_nm":"세종특별자치시","시도":"세종"},"geometry":{"type":"MultiPolygon","coordinates":[[[[127.172,36.731],[127.172,36.731],[127.174,36.729],[127.179,36.729],[127.189,36.728],[127.189,36.728],[127.196,36.728],[127.203,36.726],[127.204,36.723],[127.208,36.72],[127.21,36.718],[127.215,36.717],[127.219,36.715],[127.224,36.716],[127.224,36.715],[127.223,36.713],[127.224,36.711],[127.229,36.708],[127.23,36.708],[127.231,36.708],[127.233,36.709],[127.236,36.707],[127.237,36.706],[127.237,36.705],[127.242,36.701],[127.248,36.695],[127.251,36.697],[127.254,36.695],[127.265,36.692],[127.27,36.694],[127.273,36.695],[127.274,36.695],[127.276,36.693],[127.277,36.692],[127.285,36.69],[127.287,36.69],[127.29,36.689],[127.3,36.686],[127.303,36.685],[127.306,36.671],[127.305,36.667],[127.3,36.662],[127.294,36.66],[127.286,36.652],[127.282,36.643],[127.28,36.641],[127.277,36.642],[127.276,36.639],[127.279,36.634],[127.279,36.634],[127.289,36.637],[127.29,36.637],[127.291,36.637],[127.292,36.636],[127.292,36.635],[127.292,36.633],[127.291,36.632],[127.291,36.631],[127.291,36.63],[127.291,36.627],[127.292,36.626],[127.292,36.625],[127.293,36.625],[127.295,36.625],[127.296,36.624],[127.296,36.623],[127.296,36.621],[127.296,36.62],[127.296,36.619],[127.299,36.618],[127.3,36.617],[127.302,36.611],[127.303,36.606],[127.305,36.605],[127.306,36.603],[127.306,36.602],[127.307,36.601],[127.307,36.6],[127.305,36.597],[127.305,36.596],[127.305,36.594],[127.305,36.593],[127.305,36.591],[127.304,36.59],[127.302,36.589],[127.3,36.588],[127.3,36.587],[127.3,36.586],[127.305,36.583],[127.306,36.583],[127.313,36.583],[127.321,36.584],[127.322,36.581],[127.328,36.576],[127.331,36.575],[127.337,36.57],[127.336,36.569],[127.337,36.563],[127.339,36.563],[127.347,36.564],[127.35,36.563],[127.353,36.562],[127.36,36.562],[127.361,36.563],[127.361,36.563],[127.362,36.564],[127.371,36.567],[127.377,36.568],[127.378,36.563],[127.375,36.56],[127.373,36.56],[127.373,36.558],[127.374,36.558],[127.375,36.558],[127.376,36.558],[127.379,36.554],[127.379,36.553],[127.378,36.551],[127.379,36.549],[127.383,36.548],[127.384,36.544],[127.384,36.543],[127.384,36.542],[127.392,36.54],[127.399,36.541],[127.4,36.542],[127.402,36.541],[127.405,36.537],[127.405,36.534],[127.408,36.527],[127.409,36.524],[127.407,36.523],[127.401,36.524],[127.398,36.521],[127.403,36.518],[127.404,36.515],[127.405,36.512],[127.409,36.507],[127.408,36.5],[127.41,36.498],[127.411,36.496],[127.4,36.493],[127.396,36.492],[127.394,36.493],[127.392,36.495],[127.386,36.499],[127.38,36.499],[127.379,36.498],[127.378,36.496],[127.374,36.493],[127.372,36.491],[127.369,36.489],[127.368,36.488],[127.363,36.49],[127.362,36.49],[127.358,36.483],[127.361,36.48],[127.36,36.479],[127.362,36.476],[127.363,36.476],[127.364,36.475],[127.364,36.475],[127.362,36.471],[127.36,36.47],[127.357,36.458],[127.359,36.456],[127.353,36.448],[127.35,36.448],[127.344,36.443],[127.341,36.432],[127.34,36.431],[127.336,36.428],[127.332,36.426],[127.33,36.424],[127.322,36.423],[127.316,36.42],[127.316,36.421],[127.314,36.423],[127.306,36.425],[127.303,36.424],[127.296,36.423],[127.295,36.421],[127.287,36.415],[127.285,36.415],[127.282,36.415],[127.281,36.415],[127.278,36.415],[127.277,36.414],[127.277,36.414],[127.277,36.414],[127.276,36.414],[127.275,36.414],[127.273,36.415],[127.268,36.417],[127.266,36.417],[127.263,36.417],[127.26,36.416],[127.259,36.414],[127.259,36.413],[127.259,36.411],[127.259,36.41],[127.258,36.408],[127.258,36.408],[127.257,36.408],[127.25,36.408],[127.25,36.409],[127.24,36.418],[127.232,36.42],[127.232,36.422],[127.228,36.423],[127.226,36.422],[127.225,36.427],[127.22,36.43],[127.213,36.435],[127.208,36.436],[127.203,36.438],[127.199,36.44],[127.201,36.441],[127.202,36.447],[127.2,36.45],[127.199,36.452],[127.201,36.454],[127.203,36.465],[127.201,36.467],[127.199,36.466],[127.195,36.469],[127.194,36.484],[127.195,36.486],[127.195,36.49],[127.185,36.493],[127.182,36.493],[127.18,36.492],[127.173,36.497],[127.178,36.502],[127.17,36.509],[127.174,36.516],[127.178,36.518],[127.178,36.528],[127.176,36.529],[127.174,36.538],[127.174,36.542],[127.179,36.545],[127.181,36.546],[127.192,36.546],[127.192,36.547],[127.186,36.552],[127.189,36.557],[127.193,36.564],[127.196,36.565],[127.199,36.565],[127.204,36.571],[127.206,36.575],[127.208,36.578],[127.206,36.58],[127.2,36.583],[127.199,36.582],[127.197,36.581],[127.194,36.581],[127.189,36.586],[127.191,36.592],[127.191,36.594],[127.19,36.595],[127.188,36.594],[127.187,36.593],[127.187,36.592],[127.184,36.591],[127.182,36.596],[127.178,36.597],[127.177,36.596],[127.173,36.596],[127.166,36.603],[127.158,36.606],[127.155,36.607],[127.156,36.614],[127.155,36.617],[127.151,36.618],[127.153,36.622],[127.155,36.624],[127.16,36.624],[127.16,36.625],[127.159,36.626],[127.156,36.63],[127.157,36.632],[127.157,36.64],[127.153,36.645],[127.156,36.654],[127.156,36.663],[127.157,36.669],[127.159,36.672],[127.163,36.676],[127.164,36.681],[127.161,36.688],[127.161,36.69],[127.16,36.693],[127.157,36.696],[127.157,36.691],[127.149,36.69],[127.142,36.691],[127.143,36.692],[127.141,36.697],[127.135,36.706],[127.134,36.707],[127.13,36.707],[127.128,36.708],[127.128,36.709],[127.147,36.719],[127.149,36.721],[127.149,36.721],[127.155,36.728],[127.156,36.727],[127.156,36.727],[127.16,36.733],[127.167,36.733],[127.171,36.732],[127.172,36.731]]]]}},{"type":"Feature","properties":{"sido_short":"경기","sido_nm":"경기도","시도":"경기"},"geometry":{"type":"MultiPolygon","coordinates":[[[[126.743,37.038],[126.743,37.038],[126.743,37.038],[126.743,37.038]]],[[[126.743,37.038],[126.734,37.038],[126.734,37.038],[126.734,37.039],[126.738,37.039],[126.743,37.038]]],[[[126.657,37.152],[126.652,37.146],[126.65,37.145],[126.653,37.147],[126.657,37.152]]],[[[126.657,37.152],[126.658,37.154],[126.658,37.154],[126.658,37.154],[126.658,37.154],[126.658,37.154],[126.657,37.152]]],[[[126.544,37.206],[126.545,37.206],[126.545,37.206],[126.545,37.206],[126.544,37.206],[126.544,37.206],[126.544,37.206]]],[[[126.544,37.206],[126.543,37.206],[126.542,37.205],[126.542,37.205],[126.537,37.198],[126.537,37.198],[126.534,37.199],[126.54,37.207],[126.541,37.207],[126.544,37.206]]],[[[126.613,37.279],[126.612,37.278],[126.612,37.278],[126.612,37.278],[126.61,37.279],[126.61,37.279],[126.613,37.279]]],[[[126.613,37.279],[126.625,37.283],[126.629,37.28],[126.626,37.283],[126.626,37.283],[126.626,37.283],[126.622,37.282],[126.613,37.279]]],[[[126.586,37.291],[126.587,37.291],[126.586,37.291],[126.586,37.291]]],[[[126.959,37.63],[126.958,37.629],[126.959,37.63],[126.959,37.63],[126.959,37.63]]],[[[126.743,37.038],[126.745,37.041],[126.746,37.042],[126.748,37.048],[126.756,37.055],[126.757,37.055],[126.734,37.073],[126.72,37.084],[126.686,37.111],[126.684,37.114],[126.68,37.118],[126.675,37.118],[126.675,37.118],[126.675,37.118],[126.675,37.117],[126.674,37.117],[126.674,37.117],[126.674,37.117],[126.675,37.118],[126.679,37.118],[126.68,37.118],[126.683,37.117],[126.685,37.119],[126.685,37.12],[126.685,37.121],[126.684,37.124],[126.683,37.127],[126.682,37.128],[126.682,37.129],[126.678,37.135],[126.678,37.135],[126.677,37.136],[126.679,37.141],[126.68,37.141],[126.68,37.142],[126.68,37.143],[126.678,37.143],[126.666,37.142],[126.665,37.141],[126.66,37.138],[126.667,37.143],[126.675,37.143],[126.68,37.144],[126.681,37.144],[126.681,37.145],[126.682,37.147],[126.695,37.152],[126.695,37.152],[126.691,37.157],[126.687,37.159],[126.683,37.16],[126.682,37.16],[126.677,37.158],[126.67,37.156],[126.665,37.157],[126.659,37.155],[126.651,37.154],[126.651,37.156],[126.653,37.157],[126.653,37.157],[126.658,37.159],[126.661,37.162],[126.661,37.163],[126.661,37.164],[126.658,37.168],[126.656,37.178],[126.654,37.18],[126.654,37.181],[126.656,37.181],[126.657,37.18],[126.657,37.18],[126.657,37.179],[126.656,37.18],[126.656,37.18],[126.656,37.18],[126.655,37.18],[126.657,37.176],[126.665,37.183],[126.668,37.188],[126.67,37.189],[126.67,37.189],[126.658,37.19],[126.654,37.186],[126.655,37.185],[126.655,37.185],[126.654,37.184],[126.651,37.183],[126.65,37.183],[126.65,37.184],[126.65,37.184],[126.655,37.19],[126.654,37.191],[126.651,37.191],[126.653,37.194],[126.659,37.212],[126.661,37.219],[126.661,37.223],[126.657,37.233],[126.656,37.233],[126.648,37.243],[126.647,37.248],[126.648,37.25],[126.648,37.25],[126.649,37.251],[126.647,37.253],[126.647,37.26],[126.648,37.262],[126.649,37.261],[126.652,37.263],[126.653,37.265],[126.654,37.269],[126.654,37.27],[126.653,37.271],[126.653,37.272],[126.653,37.272],[126.652,37.273],[126.651,37.273],[126.651,37.274],[126.643,37.28],[126.633,37.287],[126.634,37.287],[126.646,37.279],[126.647,37.279],[126.647,37.279],[126.647,37.279],[126.647,37.28],[126.647,37.28],[126.647,37.28],[126.649,37.281],[126.657,37.283],[126.658,37.283],[126.661,37.287],[126.661,37.288],[126.661,37.288],[126.661,37.289],[126.661,37.29],[126.661,37.291],[126.661,37.292],[126.661,37.292],[126.661,37.292],[126.66,37.292],[126.66,37.292],[126.649,37.293],[126.648,37.293],[126.647,37.292],[126.634,37.289],[126.633,37.289],[126.632,37.288],[126.631,37.287],[126.63,37.285],[126.63,37.285],[126.63,37.286],[126.631,37.287],[126.631,37.288],[126.632,37.288],[126.633,37.289],[126.634,37.289],[126.648,37.293],[126.649,37.293],[126.654,37.293],[126.662,37.293],[126.662,37.291],[126.662,37.286],[126.67,37.288],[126.674,37.288],[126.678,37.286],[126.684,37.279],[126.681,37.276],[126.68,37.275],[126.676,37.273],[126.673,37.272],[126.674,37.267],[126.676,37.267],[126.68,37.268],[126.683,37.271],[126.687,37.273],[126.69,37.272],[126.692,37.274],[126.695,37.28],[126.698,37.281],[126.7,37.279],[126.698,37.276],[126.7,37.273],[126.7,37.274],[126.7,37.276],[126.7,37.277],[126.711,37.281],[126.715,37.281],[126.725,37.276],[126.729,37.274],[126.73,37.274],[126.73,37.275],[126.728,37.276],[126.727,37.278],[126.727,37.279],[126.729,37.28],[126.737,37.279],[126.739,37.28],[126.736,37.281],[126.73,37.281],[126.729,37.281],[126.727,37.281],[126.723,37.283],[126.723,37.284],[126.722,37.287],[126.722,37.289],[126.722,37.29],[126.735,37.292],[126.737,37.292],[126.746,37.289],[126.753,37.285],[126.754,37.283],[126.757,37.277],[126.756,37.282],[126.756,37.287],[126.76,37.287],[126.767,37.285],[126.77,37.282],[126.771,37.28],[126.772,37.276],[126.773,37.282],[126.772,37.287],[126.773,37.288],[126.777,37.289],[126.795,37.292],[126.806,37.294],[126.811,37.293],[126.815,37.292],[126.821,37.289],[126.824,37.285],[126.826,37.282],[126.826,37.28],[126.827,37.278],[126.829,37.277],[126.834,37.277],[126.837,37.275],[126.837,37.273],[126.841,37.268],[126.842,37.268],[126.84,37.27],[126.838,37.274],[126.838,37.275],[126.838,37.276],[126.836,37.278],[126.831,37.278],[126.83,37.278],[126.829,37.279],[126.828,37.28],[126.827,37.282],[126.827,37.285],[126.825,37.287],[126.82,37.292],[126.819,37.293],[126.818,37.293],[126.817,37.298],[126.813,37.296],[126.806,37.296],[126.801,37.296],[126.789,37.295],[126.783,37.292],[126.775,37.292],[126.773,37.293],[126.746,37.299],[126.74,37.3],[126.734,37.3],[126.732,37.303],[126.723,37.305],[126.717,37.308],[126.715,37.309],[126.712,37.309],[126.71,37.309],[126.706,37.311],[126.702,37.313],[126.693,37.319],[126.692,37.319],[126.685,37.32],[126.681,37.32],[126.678,37.32],[126.676,37.32],[126.676,37.323],[126.671,37.329],[126.671,37.329],[126.654,37.324],[126.619,37.314],[126.603,37.307],[126.583,37.295],[126.578,37.293],[126.579,37.292],[126.583,37.291],[126.584,37.291],[126.582,37.288],[126.582,37.287],[126.583,37.287],[126.584,37.285],[126.584,37.285],[126.586,37.287],[126.601,37.284],[126.608,37.28],[126.589,37.29],[126.589,37.29],[126.585,37.285],[126.586,37.284],[126.589,37.285],[126.598,37.278],[126.599,37.277],[126.603,37.276],[126.619,37.267],[126.624,37.264],[126.624,37.264],[126.625,37.265],[126.624,37.266],[126.624,37.267],[126.626,37.268],[126.637,37.271],[126.637,37.271],[126.637,37.271],[126.636,37.272],[126.637,37.272],[126.637,37.272],[126.643,37.269],[126.639,37.264],[126.641,37.262],[126.643,37.269],[126.643,37.268],[126.644,37.268],[126.643,37.27],[126.642,37.272],[126.64,37.274],[126.631,37.281],[126.631,37.281],[126.634,37.279],[126.641,37.274],[126.643,37.271],[126.644,37.27],[126.644,37.267],[126.642,37.263],[126.64,37.26],[126.638,37.259],[126.637,37.256],[126.637,37.254],[126.638,37.251],[126.643,37.241],[126.651,37.232],[126.655,37.225],[126.655,37.216],[126.655,37.216],[126.655,37.216],[126.655,37.216],[126.655,37.21],[126.652,37.198],[126.645,37.192],[126.642,37.199],[126.643,37.201],[126.642,37.202],[126.642,37.204],[126.642,37.204],[126.642,37.206],[126.645,37.206],[126.645,37.206],[126.647,37.208],[126.647,37.208],[126.647,37.211],[126.646,37.211],[126.645,37.213],[126.641,37.215],[126.63,37.218],[126.629,37.218],[126.629,37.217],[126.629,37.215],[126.626,37.202],[126.626,37.202],[126.627,37.206],[126.628,37.213],[126.629,37.217],[126.628,37.219],[126.626,37.219],[126.626,37.219],[126.626,37.221],[126.626,37.223],[126.623,37.227],[126.623,37.234],[126.623,37.234],[126.623,37.234],[126.624,37.234],[126.624,37.235],[126.624,37.235],[126.624,37.236],[126.622,37.236],[126.619,37.233],[126.619,37.233],[126.619,37.232],[126.619,37.232],[126.619,37.232],[126.62,37.231],[126.62,37.231],[126.619,37.23],[126.619,37.23],[126.619,37.23],[126.613,37.233],[126.611,37.234],[126.611,37.234],[126.61,37.233],[126.61,37.233],[126.61,37.231],[126.604,37.231],[126.602,37.23],[126.601,37.229],[126.6,37.228],[126.596,37.231],[126.589,37.234],[126.591,37.232],[126.598,37.228],[126.604,37.224],[126.604,37.224],[126.605,37.223],[126.61,37.221],[126.611,37.219],[126.612,37.216],[126.614,37.211],[126.612,37.208],[126.607,37.212],[126.605,37.212],[126.605,37.212],[126.604,37.211],[126.6,37.202],[126.595,37.198],[126.597,37.2],[126.599,37.201],[126.599,37.202],[126.604,37.21],[126.604,37.21],[126.604,37.21],[126.603,37.209],[126.603,37.208],[126.603,37.208],[126.602,37.208],[126.602,37.209],[126.602,37.209],[126.605,37.212],[126.605,37.212],[126.601,37.221],[126.601,37.221],[126.6,37.22],[126.591,37.214],[126.591,37.214],[126.59,37.214],[126.589,37.215],[126.589,37.215],[126.589,37.215],[126.589,37.215],[126.587,37.221],[126.585,37.221],[126.577,37.22],[126.577,37.219],[126.573,37.21],[126.569,37.207],[126.568,37.205],[126.568,37.204],[126.568,37.201],[126.569,37.2],[126.563,37.194],[126.563,37.193],[126.563,37.193],[126.563,37.193],[126.562,37.193],[126.562,37.193],[126.561,37.198],[126.561,37.198],[126.56,37.199],[126.56,37.199],[126.558,37.201],[126.557,37.202],[126.556,37.203],[126.554,37.204],[126.554,37.204],[126.554,37.204],[126.553,37.203],[126.553,37.203],[126.55,37.203],[126.55,37.204],[126.55,37.204],[126.551,37.205],[126.551,37.205],[126.551,37.205],[126.551,37.205],[126.55,37.206],[126.545,37.206],[126.545,37.206],[126.545,37.206],[126.545,37.207],[126.546,37.208],[126.546,37.209],[126.546,37.21],[126.545,37.213],[126.544,37.214],[126.544,37.214],[126.549,37.215],[126.549,37.215],[126.552,37.215],[126.553,37.214],[126.553,37.214],[126.554,37.215],[126.556,37.216],[126.557,37.218],[126.557,37.218],[126.543,37.224],[126.541,37.229],[126.541,37.229],[126.541,37.229],[126.542,37.228],[126.542,37.228],[126.542,37.228],[126.543,37.228],[126.543,37.228],[126.543,37.228],[126.544,37.23],[126.545,37.23],[126.545,37.23],[126.544,37.232],[126.544,37.232],[126.551,37.234],[126.553,37.233],[126.556,37.234],[126.558,37.236],[126.563,37.237],[126.568,37.236],[126.569,37.237],[126.569,37.237],[126.567,37.237],[126.566,37.238],[126.565,37.238],[126.561,37.242],[126.561,37.25],[126.563,37.252],[126.559,37.261],[126.559,37.264],[126.559,37.267],[126.558,37.267],[126.558,37.267],[126.553,37.272],[126.551,37.276],[126.549,37.28],[126.548,37.28],[126.546,37.281],[126.545,37.281],[126.542,37.281],[126.539,37.283],[126.539,37.285],[126.539,37.285],[126.539,37.286],[126.536,37.287],[126.534,37.288],[126.533,37.289],[126.533,37.289],[126.534,37.289],[126.543,37.285],[126.555,37.284],[126.556,37.284],[126.557,37.283],[126.558,37.281],[126.557,37.28],[126.557,37.28],[126.556,37.281],[126.555,37.281],[126.554,37.28],[126.556,37.277],[126.565,37.279],[126.568,37.281],[126.568,37.282],[126.572,37.286],[126.577,37.289],[126.576,37.294],[126.574,37.296],[126.573,37.297],[126.572,37.297],[126.572,37.297],[126.572,37.298],[126.572,37.298],[126.573,37.298],[126.574,37.297],[126.575,37.296],[126.576,37.295],[126.578,37.293],[126.58,37.295],[126.601,37.307],[126.606,37.31],[126.606,37.31],[126.606,37.31],[126.605,37.311],[126.606,37.312],[126.606,37.312],[126.606,37.313],[126.607,37.313],[126.61,37.313],[126.61,37.313],[126.611,37.313],[126.616,37.315],[126.62,37.316],[126.654,37.325],[126.69,37.335],[126.69,37.335],[126.691,37.336],[126.692,37.337],[126.692,37.337],[126.691,37.339],[126.691,37.339],[126.688,37.341],[126.686,37.341],[126.686,37.341],[126.686,37.341],[126.686,37.342],[126.689,37.349],[126.689,37.349],[126.69,37.349],[126.694,37.348],[126.694,37.348],[126.701,37.35],[126.703,37.351],[126.7,37.354],[126.7,37.354],[126.702,37.356],[126.714,37.369],[126.729,37.385],[126.731,37.387],[126.733,37.386],[126.735,37.385],[126.742,37.385],[126.742,37.384],[126.74,37.385],[126.741,37.387],[126.741,37.387],[126.737,37.388],[126.735,37.387],[126.735,37.387],[126.734,37.388],[126.734,37.388],[126.734,37.389],[126.734,37.39],[126.735,37.391],[126.744,37.398],[126.744,37.398],[126.746,37.398],[126.75,37.398],[126.757,37.397],[126.762,37.397],[126.762,37.397],[126.763,37.397],[126.764,37.395],[126.77,37.394],[126.773,37.394],[126.774,37.393],[126.777,37.392],[126.777,37.392],[126.779,37.394],[126.767,37.395],[126.766,37.395],[126.767,37.397],[126.764,37.399],[126.763,37.399],[126.758,37.4],[126.751,37.401],[126.75,37.401],[126.749,37.404],[126.749,37.404],[126.753,37.408],[126.756,37.415],[126.755,37.418],[126.755,37.418],[126.755,37.418],[126.755,37.419],[126.754,37.421],[126.759,37.426],[126.762,37.426],[126.765,37.426],[126.769,37.427],[126.77,37.433],[126.771,37.436],[126.77,37.448],[126.771,37.449],[126.775,37.451],[126.78,37.453],[126.779,37.465],[126.78,37.466],[126.778,37.47],[126.778,37.471],[126.778,37.472],[126.774,37.472],[126.768,37.472],[126.766,37.474],[126.76,37.477],[126.755,37.482],[126.754,37.484],[126.75,37.485],[126.75,37.485],[126.749,37.485],[126.746,37.486],[126.743,37.488],[126.742,37.496],[126.744,37.501],[126.744,37.502],[126.743,37.504],[126.742,37.509],[126.748,37.515],[126.752,37.516],[126.754,37.517],[126.757,37.516],[126.757,37.516],[126.759,37.516],[126.76,37.516],[126.761,37.517],[126.761,37.52],[126.76,37.524],[126.76,37.534],[126.764,37.547],[126.767,37.553],[126.767,37.552],[126.772,37.548],[126.773,37.549],[126.774,37.549],[126.775,37.549],[126.776,37.549],[126.783,37.546],[126.791,37.544],[126.794,37.536],[126.795,37.536],[126.799,37.538],[126.799,37.54],[126.8,37.542],[126.803,37.543],[126.807,37.544],[126.808,37.544],[126.813,37.541],[126.816,37.541],[126.818,37.541],[126.821,37.541],[126.822,37.541],[126.825,37.531],[126.826,37.53],[126.827,37.53],[126.828,37.526],[126.825,37.523],[126.826,37.52],[126.825,37.52],[126.824,37.509],[126.822,37.506],[126.82,37.499],[126.816,37.498],[126.815,37.498],[126.813,37.496],[126.82,37.491],[126.821,37.491],[126.822,37.487],[126.82,37.48],[126.818,37.478],[126.817,37.478],[126.815,37.476],[126.817,37.473],[126.818,37.475],[126.819,37.476],[126.823,37.476],[126.833,37.477],[126.838,37.475],[126.843,37.475],[126.845,37.474],[126.846,37.481],[126.846,37.481],[126.846,37.481],[126.847,37.482],[126.851,37.482],[126.852,37.482],[126.853,37.482],[126.857,37.486],[126.857,37.486],[126.857,37.486],[126.858,37.486],[126.86,37.488],[126.861,37.49],[126.861,37.49],[126.862,37.49],[126.862,37.491],[126.863,37.491],[126.865,37.491],[126.87,37.494],[126.87,37.49],[126.87,37.49],[126.876,37.489],[126.876,37.489],[126.877,37.488],[126.875,37.485],[126.873,37.486],[126.872,37.485],[126.873,37.482],[126.875,37.479],[126.876,37.477],[126.879,37.473],[126.88,37.472],[126.884,37.467],[126.886,37.463],[126.887,37.463],[126.889,37.461],[126.889,37.461],[126.888,37.461],[126.886,37.461],[126.886,37.46],[126.885,37.46],[126.886,37.458],[126.888,37.455],[126.89,37.454],[126.89,37.453],[126.89,37.452],[126.891,37.452],[126.896,37.448],[126.899,37.439],[126.902,37.436],[126.909,37.434],[126.91,37.434],[126.911,37.437],[126.914,37.439],[126.922,37.443],[126.923,37.445],[126.928,37.45],[126.93,37.447],[126.931,37.446],[126.935,37.443],[126.938,37.44],[126.937,37.439],[126.937,37.439],[126.94,37.436],[126.949,37.438],[126.963,37.44],[126.964,37.443],[126.968,37.448],[126.972,37.452],[126.984,37.457],[126.99,37.459],[126.997,37.464],[126.997,37.467],[126.997,37.467],[127.004,37.468],[127.005,37.465],[127.009,37.457],[127.015,37.455],[127.02,37.456],[127.026,37.458],[127.03,37.465],[127.032,37.466],[127.035,37.464],[127.034,37.462],[127.035,37.46],[127.037,37.455],[127.037,37.451],[127.038,37.446],[127.038,37.444],[127.036,37.442],[127.035,37.441],[127.036,37.439],[127.039,37.438],[127.041,37.438],[127.046,37.433],[127.05,37.43],[127.066,37.429],[127.074,37.437],[127.072,37.439],[127.072,37.442],[127.078,37.442],[127.081,37.441],[127.083,37.443],[127.088,37.445],[127.088,37.449],[127.094,37.456],[127.098,37.456],[127.104,37.461],[127.106,37.462],[127.109,37.462],[127.113,37.461],[127.113,37.461],[127.114,37.46],[127.115,37.459],[127.117,37.459],[127.117,37.46],[127.117,37.462],[127.122,37.465],[127.124,37.467],[127.125,37.467],[127.125,37.468],[127.125,37.47],[127.125,37.47],[127.126,37.469],[127.129,37.468],[127.131,37.468],[127.131,37.468],[127.133,37.469],[127.133,37.473],[127.133,37.474],[127.135,37.474],[127.137,37.474],[127.14,37.474],[127.144,37.475],[127.145,37.477],[127.147,37.477],[127.147,37.48],[127.147,37.482],[127.148,37.482],[127.149,37.484],[127.155,37.488],[127.16,37.493],[127.16,37.494],[127.161,37.499],[127.161,37.5],[127.161,37.501],[127.157,37.502],[127.152,37.503],[127.149,37.504],[127.143,37.504],[127.141,37.506],[127.141,37.506],[127.141,37.507],[127.14,37.51],[127.145,37.516],[127.146,37.522],[127.149,37.525],[127.154,37.53],[127.156,37.537],[127.163,37.545],[127.174,37.546],[127.179,37.547],[127.183,37.546],[127.183,37.549],[127.181,37.553],[127.182,37.558],[127.182,37.56],[127.181,37.563],[127.179,37.568],[127.179,37.569],[127.177,37.573],[127.176,37.575],[127.175,37.577],[127.175,37.578],[127.177,37.579],[127.177,37.579],[127.177,37.581],[127.176,37.581],[127.174,37.58],[127.169,37.579],[127.162,37.576],[127.156,37.572],[127.15,37.569],[127.138,37.568],[127.131,37.567],[127.117,37.559],[127.115,37.557],[127.112,37.559],[127.109,37.558],[127.107,37.557],[127.105,37.556],[127.102,37.56],[127.101,37.56],[127.101,37.561],[127.103,37.568],[127.104,37.572],[127.101,37.574],[127.102,37.578],[127.103,37.58],[127.109,37.583],[127.11,37.587],[127.115,37.594],[127.116,37.594],[127.116,37.596],[127.114,37.6],[127.118,37.605],[127.117,37.611],[127.117,37.616],[127.117,37.617],[127.111,37.621],[127.105,37.621],[127.104,37.622],[127.107,37.628],[127.112,37.632],[127.111,37.642],[127.108,37.645],[127.106,37.645],[127.102,37.645],[127.094,37.645],[127.093,37.651],[127.094,37.653],[127.091,37.658],[127.094,37.663],[127.095,37.666],[127.094,37.677],[127.092,37.679],[127.095,37.684],[127.096,37.686],[127.096,37.689],[127.091,37.69],[127.087,37.69],[127.078,37.696],[127.074,37.694],[127.071,37.694],[127.063,37.695],[127.062,37.694],[127.06,37.69],[127.052,37.687],[127.052,37.686],[127.051,37.686],[127.05,37.688],[127.049,37.693],[127.043,37.695],[127.04,37.694],[127.037,37.693],[127.031,37.693],[127.03,37.698],[127.028,37.701],[127.026,37.7],[127.015,37.701],[127.013,37.698],[127.008,37.691],[127.005,37.685],[126.994,37.68],[126.993,37.679],[126.994,37.667],[126.99,37.664],[126.988,37.664],[126.987,37.661],[126.987,37.659],[126.98,37.656],[126.981,37.653],[126.985,37.647],[126.984,37.644],[126.984,37.642],[126.983,37.636],[126.973,37.632],[126.96,37.63],[126.963,37.635],[126.959,37.644],[126.957,37.653],[126.953,37.655],[126.951,37.655],[126.948,37.658],[126.943,37.658],[126.94,37.657],[126.939,37.656],[126.938,37.653],[126.937,37.652],[126.936,37.652],[126.935,37.651],[126.927,37.648],[126.924,37.646],[126.924,37.646],[126.912,37.645],[126.911,37.646],[126.909,37.647],[126.905,37.649],[126.911,37.636],[126.907,37.633],[126.909,37.629],[126.909,37.626],[126.907,37.623],[126.906,37.621],[126.904,37.619],[126.901,37.613],[126.901,37.609],[126.902,37.606],[126.9,37.602],[126.901,37.6],[126.901,37.596],[126.897,37.589],[126.886,37.59],[126.886,37.591],[126.886,37.593],[126.887,37.594],[126.883,37.592],[126.881,37.59],[126.877,37.585],[126.878,37.58],[126.877,37.579],[126.874,37.578],[126.871,37.578],[126.857,37.575],[126.854,37.574],[126.848,37.576],[126.835,37.584],[126.824,37.59],[126.819,37.594],[126.812,37.598],[126.809,37.6],[126.8,37.603],[126.798,37.6],[126.797,37.597],[126.798,37.595],[126.798,37.595],[126.798,37.594],[126.8,37.592],[126.801,37.588],[126.794,37.583],[126.787,37.586],[126.786,37.584],[126.782,37.584],[126.778,37.585],[126.773,37.585],[126.771,37.586],[126.767,37.587],[126.765,37.586],[126.763,37.585],[126.759,37.585],[126.756,37.584],[126.756,37.581],[126.756,37.581],[126.756,37.581],[126.752,37.58],[126.749,37.585],[126.739,37.593],[126.739,37.594],[126.737,37.593],[126.737,37.591],[126.736,37.591],[126.731,37.592],[126.724,37.593],[126.717,37.599],[126.716,37.599],[126.716,37.601],[126.71,37.605],[126.704,37.605],[126.706,37.61],[126.705,37.612],[126.7,37.615],[126.694,37.62],[126.684,37.625],[126.683,37.625],[126.681,37.628],[126.676,37.63],[126.674,37.631],[126.667,37.636],[126.664,37.636],[126.662,37.637],[126.66,37.637],[126.654,37.638],[126.65,37.633],[126.647,37.627],[126.645,37.629],[126.637,37.627],[126.636,37.62],[126.632,37.618],[126.632,37.617],[126.632,37.616],[126.632,37.614],[126.626,37.604],[126.62,37.604],[126.616,37.605],[126.616,37.606],[126.609,37.604],[126.605,37.6],[126.602,37.598],[126.597,37.596],[126.592,37.593],[126.59,37.592],[126.576,37.589],[126.574,37.589],[126.574,37.589],[126.571,37.592],[126.561,37.6],[126.56,37.6],[126.56,37.601],[126.557,37.606],[126.556,37.606],[126.555,37.611],[126.555,37.611],[126.551,37.627],[126.544,37.638],[126.539,37.64],[126.538,37.645],[126.533,37.653],[126.532,37.655],[126.538,37.657],[126.544,37.663],[126.54,37.665],[126.54,37.666],[126.54,37.667],[126.54,37.668],[126.536,37.671],[126.529,37.673],[126.528,37.673],[126.527,37.675],[126.531,37.68],[126.533,37.685],[126.532,37.7],[126.531,37.704],[126.53,37.706],[126.527,37.709],[126.524,37.71],[126.522,37.713],[126.522,37.717],[126.522,37.719],[126.523,37.725],[126.526,37.732],[126.53,37.74],[126.531,37.748],[126.531,37.75],[126.529,37.753],[126.524,37.758],[126.518,37.763],[126.52,37.766],[126.521,37.767],[126.525,37.768],[126.523,37.79],[126.555,37.778],[126.594,37.761],[126.608,37.767],[126.626,37.779],[126.647,37.781],[126.663,37.781],[126.665,37.793],[126.669,37.816],[126.671,37.829],[126.67,37.834],[126.66,37.839],[126.659,37.84],[126.66,37.843],[126.662,37.843],[126.671,37.846],[126.672,37.845],[126.677,37.844],[126.68,37.846],[126.68,37.847],[126.683,37.855],[126.687,37.86],[126.686,37.873],[126.681,37.872],[126.68,37.87],[126.673,37.87],[126.674,37.872],[126.673,37.877],[126.672,37.877],[126.672,37.878],[126.672,37.878],[126.675,37.877],[126.676,37.877],[126.681,37.879],[126.682,37.88],[126.681,37.88],[126.679,37.881],[126.679,37.882],[126.679,37.883],[126.68,37.884],[126.68,37.885],[126.677,37.885],[126.676,37.884],[126.676,37.882],[126.674,37.882],[126.672,37.882],[126.673,37.883],[126.674,37.885],[126.674,37.886],[126.672,37.887],[126.67,37.888],[126.672,37.889],[126.677,37.897],[126.677,37.899],[126.677,37.905],[126.677,37.905],[126.682,37.912],[126.678,37.914],[126.667,37.918],[126.666,37.921],[126.666,37.923],[126.668,37.926],[126.668,37.93],[126.668,37.931],[126.667,37.934],[126.668,37.935],[126.67,37.936],[126.672,37.94],[126.672,37.94],[126.671,37.941],[126.67,37.941],[126.669,37.942],[126.67,37.946],[126.67,37.947],[126.671,37.947],[126.672,37.949],[126.671,37.952],[126.671,37.955],[126.675,37.956],[126.677,37.955],[126.678,37.955],[126.68,37.958],[126.686,37.957],[126.696,37.968],[126.702,37.974],[126.704,37.975],[126.709,37.975],[126.709,37.971],[126.715,37.969],[126.717,37.968],[126.717,37.966],[126.725,37.966],[126.728,37.969],[126.734,37.967],[126.737,37.966],[126.738,37.968],[126.74,37.973],[126.741,37.973],[126.744,37.973],[126.749,37.977],[126.75,37.979],[126.759,37.984],[126.762,37.985],[126.771,37.98],[126.772,37.979],[126.773,37.978],[126.774,37.979],[126.775,37.98],[126.773,37.982],[126.773,37.984],[126.784,37.982],[126.787,37.988],[126.79,37.999],[126.802,38.0],[126.812,38.0],[126.821,38.008],[126.823,38.009],[126.823,38.011],[126.822,38.015],[126.826,38.018],[126.825,38.019],[126.829,38.024],[126.829,38.024],[126.829,38.024],[126.828,38.024],[126.828,38.024],[126.826,38.02],[126.828,38.02],[126.832,38.023],[126.84,38.032],[126.848,38.033],[126.854,38.033],[126.853,38.034],[126.853,38.038],[126.854,38.039],[126.855,38.04],[126.853,38.053],[126.858,38.054],[126.856,38.06],[126.857,38.061],[126.858,38.062],[126.866,38.068],[126.87,38.078],[126.869,38.08],[126.865,38.082],[126.859,38.09],[126.861,38.092],[126.862,38.095],[126.857,38.1],[126.859,38.103],[126.861,38.107],[126.867,38.111],[126.883,38.116],[126.884,38.117],[126.897,38.132],[126.902,38.135],[126.905,38.138],[126.917,38.137],[126.924,38.131],[126.928,38.127],[126.932,38.131],[126.941,38.134],[126.951,38.135],[126.958,38.135],[126.961,38.14],[126.966,38.137],[126.967,38.139],[126.969,38.143],[126.968,38.147],[126.963,38.15],[126.959,38.153],[126.956,38.156],[126.953,38.157],[126.952,38.158],[126.949,38.162],[126.953,38.165],[126.954,38.164],[126.952,38.163],[126.958,38.165],[126.966,38.171],[126.965,38.175],[126.965,38.176],[126.967,38.18],[126.968,38.18],[126.967,38.187],[126.965,38.192],[126.967,38.194],[126.967,38.199],[126.97,38.199],[126.971,38.199],[126.974,38.199],[126.975,38.2],[126.974,38.201],[126.977,38.205],[126.98,38.205],[126.984,38.213],[126.98,38.217],[126.981,38.22],[126.979,38.223],[126.982,38.227],[126.987,38.227],[126.989,38.225],[126.99,38.229],[126.991,38.229],[126.998,38.226],[127.004,38.221],[127.005,38.222],[127.006,38.225],[127.009,38.226],[127.011,38.231],[127.015,38.237],[127.017,38.238],[127.019,38.238],[127.023,38.241],[127.022,38.244],[127.02,38.246],[127.023,38.246],[127.026,38.246],[127.028,38.245],[127.037,38.25],[127.038,38.252],[127.05,38.259],[127.056,38.26],[127.059,38.262],[127.061,38.263],[127.066,38.264],[127.074,38.272],[127.076,38.272],[127.076,38.275],[127.075,38.277],[127.078,38.279],[127.086,38.279],[127.093,38.282],[127.095,38.281],[127.103,38.281],[127.104,38.28],[127.104,38.278],[127.102,38.277],[127.101,38.275],[127.101,38.274],[127.104,38.273],[127.106,38.272],[127.11,38.272],[127.111,38.27],[127.109,38.263],[127.109,38.256],[127.112,38.247],[127.112,38.238],[127.116,38.237],[127.123,38.233],[127.127,38.234],[127.131,38.233],[127.139,38.237],[127.147,38.24],[127.147,38.242],[127.153,38.242],[127.158,38.239],[127.163,38.239],[127.162,38.236],[127.163,38.232],[127.16,38.226],[127.161,38.224],[127.16,38.22],[127.161,38.218],[127.171,38.213],[127.173,38.209],[127.175,38.205],[127.17,38.198],[127.175,38.192],[127.181,38.186],[127.189,38.188],[127.188,38.18],[127.186,38.176],[127.187,38.17],[127.189,38.162],[127.191,38.16],[127.203,38.153],[127.207,38.148],[127.209,38.147],[127.21,38.147],[127.211,38.147],[127.219,38.14],[127.223,38.138],[127.224,38.142],[127.225,38.148],[127.233,38.147],[127.238,38.151],[127.239,38.156],[127.241,38.157],[127.248,38.161],[127.256,38.163],[127.256,38.164],[127.259,38.169],[127.26,38.17],[127.261,38.17],[127.263,38.171],[127.266,38.176],[127.266,38.176],[127.265,38.178],[127.265,38.179],[127.266,38.18],[127.271,38.182],[127.274,38.181],[127.275,38.181],[127.28,38.183],[127.284,38.183],[127.284,38.181],[127.286,38.18],[127.291,38.177],[127.298,38.176],[127.293,38.172],[127.289,38.166],[127.287,38.161],[127.285,38.16],[127.284,38.158],[127.286,38.154],[127.284,38.147],[127.28,38.143],[127.276,38.139],[127.275,38.137],[127.275,38.135],[127.276,38.133],[127.276,38.132],[127.276,38.125],[127.281,38.125],[127.282,38.125],[127.283,38.116],[127.297,38.116],[127.299,38.116],[127.299,38.116],[127.302,38.115],[127.307,38.118],[127.308,38.119],[127.312,38.115],[127.312,38.115],[127.312,38.108],[127.316,38.103],[127.316,38.101],[127.321,38.095],[127.327,38.095],[127.331,38.093],[127.337,38.09],[127.339,38.092],[127.338,38.096],[127.343,38.102],[127.347,38.104],[127.353,38.104],[127.356,38.106],[127.366,38.107],[127.372,38.111],[127.372,38.113],[127.377,38.117],[127.38,38.118],[127.386,38.115],[127.392,38.115],[127.399,38.114],[127.4,38.114],[127.403,38.113],[127.404,38.111],[127.403,38.11],[127.414,38.102],[127.422,38.106],[127.425,38.111],[127.431,38.115],[127.433,38.112],[127.435,38.11],[127.44,38.109],[127.441,38.107],[127.442,38.102],[127.446,38.093],[127.446,38.086],[127.447,38.079],[127.445,38.074],[127.447,38.071],[127.444,38.058],[127.445,38.056],[127.447,38.054],[127.446,38.052],[127.452,38.048],[127.452,38.042],[127.453,38.034],[127.456,38.027],[127.457,38.018],[127.468,38.01],[127.472,38.006],[127.482,38.006],[127.489,38.005],[127.498,38.003],[127.508,38.001],[127.512,38.0],[127.535,38.001],[127.541,38.0],[127.544,37.987],[127.547,37.978],[127.545,37.976],[127.544,37.969],[127.548,37.966],[127.551,37.966],[127.557,37.964],[127.56,37.963],[127.571,37.964],[127.577,37.963],[127.582,37.962],[127.591,37.959],[127.593,37.958],[127.6,37.957],[127.602,37.951],[127.606,37.944],[127.614,37.935],[127.614,37.926],[127.612,37.921],[127.616,37.915],[127.617,37.906],[127.615,37.901],[127.612,37.898],[127.608,37.891],[127.607,37.888],[127.608,37.886],[127.608,37.882],[127.607,37.879],[127.603,37.874],[127.598,37.875],[127.594,37.876],[127.578,37.874],[127.572,37.869],[127.567,37.865],[127.567,37.859],[127.563,37.856],[127.561,37.856],[127.556,37.856],[127.55,37.848],[127.54,37.847],[127.532,37.842],[127.525,37.83],[127.526,37.822],[127.532,37.82],[127.536,37.809],[127.525,37.798],[127.522,37.789],[127.531,37.781],[127.541,37.771],[127.545,37.76],[127.534,37.749],[127.528,37.746],[127.52,37.741],[127.514,37.739],[127.506,37.728],[127.508,37.719],[127.525,37.726],[127.532,37.724],[127.538,37.72],[127.551,37.727],[127.554,37.729],[127.56,37.729],[127.56,37.723],[127.562,37.719],[127.56,37.717],[127.559,37.706],[127.556,37.703],[127.552,37.691],[127.551,37.687],[127.551,37.677],[127.549,37.671],[127.55,37.667],[127.551,37.666],[127.553,37.662],[127.551,37.66],[127.549,37.659],[127.546,37.658],[127.545,37.653],[127.538,37.651],[127.535,37.646],[127.542,37.64],[127.548,37.634],[127.552,37.632],[127.559,37.628],[127.571,37.632],[127.578,37.633],[127.581,37.633],[127.583,37.635],[127.583,37.638],[127.587,37.643],[127.599,37.647],[127.602,37.65],[127.603,37.651],[127.609,37.65],[127.61,37.648],[127.616,37.647],[127.618,37.646],[127.619,37.645],[127.625,37.643],[127.627,37.643],[127.628,37.642],[127.629,37.641],[127.631,37.639],[127.638,37.633],[127.641,37.632],[127.643,37.633],[127.647,37.633],[127.647,37.631],[127.647,37.63],[127.65,37.624],[127.652,37.623],[127.654,37.622],[127.657,37.622],[127.66,37.624],[127.662,37.624],[127.664,37.624],[127.665,37.622],[127.665,37.62],[127.671,37.616],[127.683,37.608],[127.692,37.602],[127.697,37.6],[127.701,37.596],[127.698,37.592],[127.702,37.589],[127.707,37.587],[127.712,37.587],[127.73,37.59],[127.734,37.588],[127.745,37.588],[127.746,37.589],[127.754,37.592],[127.757,37.589],[127.758,37.587],[127.761,37.588],[127.765,37.585],[127.77,37.582],[127.784,37.578],[127.791,37.582],[127.793,37.585],[127.795,37.585],[127.803,37.579],[127.807,37.574],[127.814,37.566],[127.814,37.564],[127.814,37.564],[127.821,37.563],[127.828,37.561],[127.84,37.559],[127.84,37.557],[127.846,37.553],[127.848,37.55],[127.845,37.548],[127.846,37.544],[127.845,37.543],[127.843,37.54],[127.838,37.538],[127.835,37.539],[127.831,37.538],[127.823,37.538],[127.819,37.538],[127.814,37.538],[127.806,37.535],[127.805,37.53],[127.802,37.529],[127.796,37.529],[127.794,37.523],[127.788,37.518],[127.787,37.515],[127.783,37.512],[127.781,37.513],[127.779,37.51],[127.775,37.507],[127.765,37.503],[127.76,37.502],[127.759,37.495],[127.766,37.493],[127.776,37.489],[127.78,37.489],[127.781,37.486],[127.784,37.481],[127.794,37.473],[127.799,37.472],[127.801,37.469],[127.797,37.464],[127.796,37.464],[127.797,37.456],[127.799,37.449],[127.799,37.443],[127.8,37.439],[127.801,37.439],[127.802,37.437],[127.804,37.429],[127.799,37.427],[127.794,37.423],[127.792,37.416],[127.789,37.407],[127.788,37.405],[127.786,37.4],[127.784,37.39],[127.783,37.387],[127.78,37.386],[127.776,37.379],[127.767,37.37],[127.763,37.37],[127.76,37.368],[127.76,37.367],[127.76,37.356],[127.759,37.352],[127.758,37.346],[127.759,37.342],[127.76,37.341],[127.763,37.334],[127.763,37.323],[127.763,37.322],[127.763,37.318],[127.767,37.311],[127.768,37.31],[127.768,37.308],[127.762,37.302],[127.757,37.299],[127.752,37.298],[127.751,37.298],[127.75,37.296],[127.753,37.289],[127.754,37.288],[127.758,37.277],[127.76,37.268],[127.758,37.261],[127.757,37.259],[127.757,37.258],[127.752,37.252],[127.748,37.244],[127.747,37.237],[127.748,37.226],[127.749,37.224],[127.748,37.217],[127.745,37.214],[127.744,37.215],[127.735,37.208],[127.734,37.203],[127.733,37.199],[127.733,37.196],[127.73,37.193],[127.728,37.188],[127.726,37.182],[127.723,37.182],[127.722,37.183],[127.718,37.184],[127.709,37.171],[127.705,37.168],[127.705,37.166],[127.703,37.156],[127.698,37.153],[127.696,37.152],[127.695,37.151],[127.694,37.149],[127.695,37.14],[127.687,37.135],[127.682,37.136],[127.67,37.136],[127.667,37.139],[127.662,37.139],[127.657,37.142],[127.648,37.151],[127.642,37.152],[127.632,37.154],[127.628,37.154],[127.627,37.153],[127.627,37.152],[127.634,37.145],[127.637,37.142],[127.638,37.141],[127.636,37.135],[127.634,37.118],[127.636,37.113],[127.635,37.111],[127.635,37.11],[127.635,37.105],[127.635,37.104],[127.634,37.099],[127.632,37.097],[127.619,37.09],[127.615,37.089],[127.613,37.088],[127.606,37.086],[127.604,37.087],[127.602,37.088],[127.596,37.088],[127.601,37.08],[127.605,37.076],[127.605,37.074],[127.604,37.074],[127.605,37.069],[127.598,37.073],[127.592,37.073],[127.587,37.074],[127.582,37.075],[127.578,37.075],[127.574,37.071],[127.566,37.062],[127.567,37.056],[127.567,37.052],[127.57,37.048],[127.562,37.044],[127.555,37.042],[127.555,37.043],[127.542,37.05],[127.542,37.05],[127.541,37.051],[127.535,37.052],[127.534,37.053],[127.533,37.054],[127.533,37.055],[127.532,37.056],[127.53,37.056],[127.528,37.055],[127.523,37.055],[127.522,37.056],[127.519,37.057],[127.518,37.058],[127.516,37.058],[127.51,37.053],[127.51,37.051],[127.5,37.048],[127.496,37.049],[127.491,37.052],[127.488,37.053],[127.486,37.055],[127.485,37.054],[127.472,37.054],[127.469,37.054],[127.468,37.053],[127.468,37.051],[127.466,37.049],[127.463,37.048],[127.46,37.046],[127.457,37.04],[127.458,37.04],[127.46,37.038],[127.457,37.03],[127.46,37.024],[127.457,37.02],[127.454,37.021],[127.449,37.015],[127.447,37.012],[127.441,37.012],[127.437,37.008],[127.437,37.008],[127.436,37.005],[127.433,37.005],[127.421,37.004],[127.419,37.003],[127.413,37.0],[127.408,36.999],[127.397,36.998],[127.393,36.997],[127.392,36.994],[127.391,36.992],[127.386,36.985],[127.385,36.983],[127.388,36.981],[127.389,36.98],[127.396,36.974],[127.402,36.968],[127.396,36.965],[127.387,36.964],[127.385,36.96],[127.383,36.959],[127.378,36.956],[127.378,36.952],[127.376,36.949],[127.373,36.949],[127.371,36.95],[127.359,36.948],[127.357,36.949],[127.356,36.951],[127.353,36.953],[127.35,36.953],[127.343,36.946],[127.332,36.94],[127.327,36.936],[127.316,36.935],[127.313,36.931],[127.296,36.93],[127.295,36.93],[127.298,36.923],[127.303,36.916],[127.3,36.91],[127.294,36.9],[127.291,36.898],[127.29,36.894],[127.288,36.894],[127.286,36.894],[127.283,36.897],[127.28,36.902],[127.278,36.907],[127.277,36.907],[127.274,36.909],[127.267,36.914],[127.258,36.916],[127.256,36.919],[127.253,36.922],[127.249,36.921],[127.249,36.919],[127.24,36.919],[127.237,36.922],[127.236,36.924],[127.235,36.924],[127.234,36.924],[127.228,36.925],[127.22,36.93],[127.219,36.93],[127.212,36.93],[127.21,36.932],[127.21,36.935],[127.211,36.935],[127.211,36.936],[127.212,36.938],[127.206,36.943],[127.204,36.951],[127.201,36.952],[127.197,36.952],[127.195,36.952],[127.19,36.953],[127.182,36.956],[127.179,36.958],[127.179,36.959],[127.178,36.963],[127.172,36.963],[127.165,36.962],[127.164,36.963],[127.156,36.964],[127.154,36.966],[127.154,36.966],[127.158,36.969],[127.153,36.97],[127.149,36.97],[127.148,36.97],[127.148,36.971],[127.147,36.971],[127.144,36.971],[127.137,36.968],[127.136,36.968],[127.133,36.967],[127.129,36.967],[127.124,36.968],[127.121,36.97],[127.119,36.971],[127.118,36.971],[127.117,36.971],[127.116,36.971],[127.115,36.971],[127.115,36.971],[127.115,36.971],[127.114,36.972],[127.114,36.972],[127.114,36.973],[127.113,36.973],[127.112,36.973],[127.111,36.971],[127.107,36.966],[127.106,36.966],[127.105,36.966],[127.104,36.966],[127.097,36.959],[127.096,36.956],[127.099,36.955],[127.102,36.954],[127.103,36.953],[127.103,36.953],[127.096,36.943],[127.095,36.942],[127.092,36.943],[127.088,36.947],[127.078,36.943],[127.074,36.94],[127.073,36.94],[127.072,36.941],[127.069,36.942],[127.068,36.942],[127.068,36.942],[127.065,36.942],[127.053,36.935],[127.048,36.933],[127.038,36.932],[127.037,36.932],[127.033,36.929],[127.026,36.929],[127.021,36.931],[127.021,36.932],[127.01,36.936],[127.003,36.935],[127.003,36.934],[127.003,36.934],[127.0,36.934],[126.998,36.935],[126.997,36.935],[126.986,36.932],[126.974,36.926],[126.956,36.921],[126.94,36.917],[126.91,36.902],[126.908,36.909],[126.907,36.909],[126.906,36.91],[126.906,36.911],[126.906,36.912],[126.907,36.912],[126.907,36.912],[126.904,36.915],[126.903,36.921],[126.903,36.921],[126.903,36.922],[126.903,36.922],[126.904,36.922],[126.904,36.923],[126.904,36.923],[126.904,36.923],[126.904,36.924],[126.904,36.924],[126.904,36.924],[126.904,36.925],[126.903,36.925],[126.903,36.926],[126.899,36.93],[126.899,36.93],[126.898,36.93],[126.887,36.936],[126.877,36.935],[126.867,36.934],[126.866,36.939],[126.864,36.941],[126.864,36.941],[126.863,36.94],[126.863,36.94],[126.858,36.943],[126.852,36.947],[126.85,36.946],[126.847,36.955],[126.844,36.958],[126.834,36.969],[126.825,36.982],[126.826,36.982],[126.826,36.982],[126.828,36.983],[126.826,36.986],[126.826,36.986],[126.826,36.986],[126.813,36.987],[126.818,36.986],[126.816,36.994],[126.812,36.995],[126.809,36.989],[126.807,36.994],[126.809,36.996],[126.804,36.998],[126.794,36.996],[126.793,36.994],[126.79,36.995],[126.787,36.997],[126.783,37.003],[126.779,37.007],[126.787,37.013],[126.789,37.013],[126.79,37.013],[126.798,37.014],[126.797,37.017],[126.795,37.026],[126.789,37.03],[126.769,37.03],[126.751,37.03],[126.75,37.03],[126.749,37.03],[126.749,37.031],[126.749,37.033],[126.743,37.038]],[[126.757,37.056],[126.767,37.064],[126.765,37.063],[126.763,37.063],[126.765,37.069],[126.763,37.075],[126.765,37.082],[126.765,37.087],[126.765,37.088],[126.769,37.096],[126.769,37.103],[126.767,37.104],[126.763,37.108],[126.759,37.114],[126.76,37.118],[126.765,37.123],[126.769,37.127],[126.772,37.128],[126.774,37.128],[126.776,37.13],[126.776,37.132],[126.783,37.135],[126.787,37.133],[126.787,37.132],[126.795,37.129],[126.796,37.131],[126.796,37.134],[126.8,37.138],[126.802,37.138],[126.807,37.139],[126.805,37.145],[126.802,37.153],[126.8,37.154],[126.795,37.152],[126.788,37.151],[126.783,37.152],[126.782,37.153],[126.786,37.155],[126.788,37.155],[126.795,37.158],[126.796,37.169],[126.793,37.176],[126.795,37.177],[126.798,37.188],[126.797,37.189],[126.8,37.194],[126.801,37.196],[126.798,37.193],[126.795,37.184],[126.784,37.17],[126.782,37.17],[126.78,37.17],[126.759,37.166],[126.747,37.167],[126.746,37.166],[126.747,37.165],[126.747,37.164],[126.746,37.164],[126.747,37.162],[126.742,37.153],[126.74,37.152],[126.731,37.149],[126.731,37.145],[126.73,37.142],[126.729,37.141],[126.728,37.14],[126.729,37.137],[126.727,37.135],[126.723,37.131],[126.714,37.124],[126.707,37.12],[126.697,37.116],[126.695,37.115],[126.692,37.116],[126.691,37.116],[126.69,37.116],[126.684,37.114],[126.686,37.113],[126.689,37.109],[126.703,37.098],[126.735,37.073],[126.757,37.056]],[[126.856,37.27],[126.862,37.272],[126.871,37.274],[126.875,37.277],[126.874,37.277],[126.871,37.275],[126.863,37.273],[126.86,37.273],[126.849,37.269],[126.844,37.267],[126.846,37.262],[126.845,37.26],[126.846,37.26],[126.848,37.26],[126.85,37.266],[126.852,37.267],[126.854,37.268],[126.856,37.27]],[[126.786,37.393],[126.79,37.395],[126.789,37.397],[126.789,37.404],[126.791,37.405],[126.792,37.406],[126.789,37.403],[126.788,37.402],[126.788,37.402],[126.786,37.403],[126.788,37.408],[126.786,37.404],[126.786,37.403],[126.788,37.402],[126.788,37.395],[126.784,37.392],[126.784,37.392],[126.781,37.394],[126.786,37.393]]]]}},{"type":"Feature","properties":{"sido_short":"강원","sido_nm":"강원도","시도":"강원"},"geometry":{"type":"MultiPolygon","coordinates":[[[[129.111,37.582],[129.112,37.582],[129.112,37.582],[129.112,37.582],[129.113,37.582],[129.113,37.582],[129.114,37.583],[129.111,37.582]]],[[[128.877,37.841],[128.877,37.841],[128.877,37.841],[128.877,37.841],[128.877,37.841],[128.877,37.841],[128.877,37.841]]],[[[128.763,37.973],[128.763,37.973],[128.763,37.973],[128.763,37.973],[128.763,37.973],[128.763,37.973],[128.763,37.973],[128.763,37.973],[128.763,37.973],[128.763,37.973],[128.763,37.973],[128.763,37.973],[128.763,37.973],[128.763,37.973],[128.763,37.973],[128.763,37.973],[128.763,37.973],[128.763,37.973],[128.763,37.973],[128.763,37.973],[128.763,37.973],[128.763,37.973],[128.763,37.973],[128.763,37.973],[128.763,37.973],[128.763,37.973],[128.763,37.973],[128.763,37.973],[128.763,37.973],[128.763,37.973],[128.763,37.973],[128.763,37.973],[128.763,37.973],[128.763,37.973],[128.763,37.973],[128.763,37.973],[128.763,37.973],[128.763,37.973],[128.763,37.973],[128.763,37.973],[128.763,37.973],[128.763,37.973],[128.763,37.973],[128.763,37.973],[128.763,37.973],[128.763,37.973],[128.763,37.973]]],[[[128.725,38.024],[128.725,38.024],[128.725,38.024],[128.725,38.024],[128.725,38.024],[128.725,38.024]]],[[[128.725,38.024],[128.726,38.023],[128.728,38.022],[128.73,38.021],[128.731,38.021],[128.731,38.021],[128.732,38.021],[128.734,38.023],[128.734,38.023],[128.734,38.023],[128.736,38.022],[128.736,38.022],[128.737,38.021],[128.734,38.015],[128.731,38.012],[128.73,38.012],[128.73,38.012],[128.73,38.012],[128.729,38.012],[128.729,38.011],[128.733,38.004],[128.737,38.002],[128.739,37.998],[128.744,37.993],[128.746,37.992],[128.749,37.99],[128.749,37.989],[128.75,37.987],[128.755,37.983],[128.758,37.982],[128.759,37.982],[128.76,37.982],[128.76,37.982],[128.761,37.982],[128.761,37.982],[128.761,37.982],[128.761,37.982],[128.761,37.982],[128.761,37.983],[128.761,37.983],[128.761,37.982],[128.761,37.982],[128.761,37.983],[128.76,37.983],[128.76,37.983],[128.761,37.983],[128.761,37.983],[128.761,37.983],[128.762,37.982],[128.763,37.981],[128.763,37.981],[128.763,37.981],[128.763,37.981],[128.763,37.981],[128.763,37.981],[128.763,37.981],[128.763,37.981],[128.763,37.981],[128.763,37.981],[128.763,37.981],[128.764,37.98],[128.764,37.98],[128.764,37.979],[128.764,37.978],[128.764,37.978],[128.764,37.978],[128.764,37.978],[128.764,37.978],[128.764,37.978],[128.764,37.979],[128.764,37.98],[128.764,37.98],[128.763,37.98],[128.762,37.98],[128.76,37.977],[128.76,37.976],[128.76,37.975],[128.76,37.974],[128.761,37.973],[128.762,37.972],[128.763,37.972],[128.763,37.972],[128.763,37.972],[128.766,37.972],[128.766,37.972],[128.766,37.971],[128.766,37.971],[128.763,37.97],[128.763,37.967],[128.763,37.966],[128.765,37.965],[128.767,37.962],[128.767,37.962],[128.768,37.962],[128.768,37.962],[128.768,37.962],[128.768,37.962],[128.768,37.962],[128.768,37.962],[128.768,37.962],[128.768,37.962],[128.77,37.959],[128.771,37.956],[128.779,37.95],[128.783,37.947],[128.784,37.946],[128.785,37.946],[128.785,37.946],[128.786,37.946],[128.786,37.946],[128.786,37.947],[128.786,37.947],[128.786,37.947],[128.786,37.947],[128.786,37.947],[128.786,37.947],[128.786,37.947],[128.787,37.947],[128.787,37.946],[128.788,37.945],[128.788,37.945],[128.789,37.945],[128.789,37.945],[128.789,37.945],[128.789,37.945],[128.789,37.945],[128.786,37.944],[128.788,37.938],[128.788,37.938],[128.788,37.937],[128.79,37.934],[128.793,37.931],[128.797,37.927],[128.797,37.927],[128.797,37.927],[128.803,37.923],[128.804,37.922],[128.805,37.921],[128.81,37.918],[128.813,37.915],[128.814,37.915],[128.814,37.915],[128.817,37.913],[128.818,37.912],[128.82,37.911],[128.82,37.911],[128.82,37.911],[128.82,37.911],[128.82,37.911],[128.821,37.911],[128.821,37.91],[128.821,37.91],[128.821,37.91],[128.821,37.91],[128.823,37.909],[128.823,37.908],[128.823,37.908],[128.826,37.907],[128.832,37.904],[128.83,37.905],[128.829,37.904],[128.829,37.904],[128.829,37.904],[128.829,37.903],[128.829,37.903],[128.829,37.903],[128.829,37.903],[128.829,37.903],[128.83,37.902],[128.832,37.901],[128.833,37.9],[128.835,37.898],[128.834,37.895],[128.834,37.893],[128.834,37.893],[128.833,37.893],[128.833,37.893],[128.833,37.893],[128.833,37.893],[128.833,37.893],[128.833,37.893],[128.833,37.892],[128.833,37.892],[128.833,37.891],[128.833,37.891],[128.833,37.891],[128.833,37.888],[128.833,37.888],[128.834,37.886],[128.834,37.886],[128.835,37.886],[128.835,37.886],[128.835,37.886],[128.835,37.886],[128.834,37.886],[128.833,37.888],[128.832,37.891],[128.833,37.895],[128.83,37.894],[128.829,37.889],[128.829,37.888],[128.83,37.884],[128.834,37.879],[128.837,37.877],[128.837,37.877],[128.838,37.875],[128.842,37.872],[128.843,37.871],[128.846,37.869],[128.849,37.865],[128.849,37.865],[128.849,37.864],[128.849,37.864],[128.849,37.864],[128.849,37.864],[128.85,37.863],[128.851,37.862],[128.857,37.857],[128.861,37.853],[128.864,37.851],[128.872,37.845],[128.875,37.842],[128.875,37.842],[128.875,37.842],[128.876,37.841],[128.876,37.841],[128.876,37.841],[128.876,37.841],[128.876,37.841],[128.877,37.841],[128.877,37.841],[128.877,37.841],[128.877,37.841],[128.877,37.841],[128.877,37.841],[128.877,37.841],[128.877,37.841],[128.877,37.841],[128.877,37.841],[128.877,37.841],[128.877,37.841],[128.877,37.841],[128.877,37.841],[128.877,37.841],[128.877,37.841],[128.877,37.841],[128.877,37.841],[128.877,37.841],[128.877,37.841],[128.877,37.841],[128.877,37.841],[128.877,37.84],[128.877,37.839],[128.877,37.839],[128.877,37.839],[128.877,37.839],[128.877,37.839],[128.877,37.839],[128.877,37.839],[128.877,37.839],[128.877,37.839],[128.877,37.839],[128.877,37.839],[128.877,37.839],[128.877,37.839],[128.877,37.838],[128.877,37.838],[128.877,37.838],[128.877,37.838],[128.877,37.838],[128.877,37.838],[128.877,37.838],[128.878,37.837],[128.879,37.837],[128.879,37.836],[128.879,37.836],[128.879,37.836],[128.879,37.836],[128.879,37.836],[128.879,37.836],[128.879,37.836],[128.879,37.835],[128.879,37.835],[128.879,37.835],[128.879,37.835],[128.879,37.835],[128.879,37.835],[128.879,37.835],[128.879,37.835],[128.879,37.835],[128.879,37.834],[128.879,37.834],[128.879,37.834],[128.879,37.834],[128.879,37.834],[128.879,37.834],[128.879,37.834],[128.879,37.834],[128.879,37.834],[128.879,37.834],[128.879,37.834],[128.879,37.834],[128.879,37.834],[128.879,37.834],[128.879,37.834],[128.879,37.834],[128.879,37.834],[128.879,37.834],[128.879,37.834],[128.879,37.834],[128.879,37.834],[128.879,37.834],[128.879,37.834],[128.879,37.834],[128.879,37.834],[128.879,37.834],[128.879,37.834],[128.879,37.835],[128.879,37.836],[128.879,37.836],[128.879,37.836],[128.879,37.836],[128.879,37.836],[128.879,37.836],[128.876,37.837],[128.876,37.835],[128.876,37.835],[128.876,37.835],[128.876,37.835],[128.876,37.834],[128.877,37.832],[128.878,37.832],[128.878,37.832],[128.878,37.831],[128.879,37.83],[128.885,37.824],[128.892,37.819],[128.901,37.811],[128.914,37.8],[128.915,37.799],[128.916,37.799],[128.918,37.797],[128.918,37.797],[128.918,37.797],[128.918,37.796],[128.922,37.793],[128.927,37.789],[128.93,37.787],[128.946,37.774],[128.948,37.773],[128.949,37.772],[128.95,37.772],[128.95,37.772],[128.95,37.772],[128.95,37.772],[128.95,37.772],[128.951,37.773],[128.954,37.773],[128.955,37.773],[128.957,37.771],[128.957,37.771],[128.957,37.771],[128.957,37.771],[128.957,37.771],[128.957,37.771],[128.957,37.771],[128.956,37.771],[128.954,37.773],[128.952,37.773],[128.951,37.767],[128.955,37.765],[128.969,37.753],[128.976,37.748],[128.989,37.74],[128.991,37.732],[128.996,37.726],[129.0,37.723],[129.007,37.717],[129.009,37.714],[129.009,37.714],[129.01,37.714],[129.01,37.714],[129.01,37.714],[129.011,37.713],[129.013,37.709],[129.013,37.709],[129.013,37.709],[129.018,37.704],[129.029,37.695],[129.035,37.69],[129.036,37.689],[129.044,37.685],[129.044,37.685],[129.044,37.685],[129.048,37.682],[129.054,37.677],[129.054,37.676],[129.055,37.674],[129.055,37.673],[129.056,37.673],[129.056,37.673],[129.057,37.673],[129.057,37.669],[129.055,37.666],[129.057,37.66],[129.057,37.658],[129.057,37.658],[129.056,37.658],[129.055,37.657],[129.053,37.652],[129.048,37.651],[129.044,37.643],[129.044,37.643],[129.044,37.641],[129.044,37.639],[129.046,37.636],[129.046,37.634],[129.053,37.626],[129.058,37.626],[129.058,37.626],[129.06,37.625],[129.057,37.626],[129.059,37.62],[129.063,37.615],[129.063,37.615],[129.063,37.615],[129.064,37.614],[129.067,37.611],[129.072,37.607],[129.077,37.603],[129.085,37.598],[129.109,37.582],[129.111,37.581],[129.114,37.58],[129.116,37.578],[129.117,37.575],[129.117,37.574],[129.117,37.572],[129.116,37.571],[129.116,37.571],[129.12,37.565],[129.119,37.564],[129.121,37.558],[129.121,37.558],[129.122,37.558],[129.122,37.558],[129.12,37.553],[129.118,37.55],[129.118,37.545],[129.118,37.543],[129.121,37.54],[129.121,37.539],[129.12,37.539],[129.12,37.539],[129.118,37.544],[129.117,37.549],[129.114,37.552],[129.112,37.544],[129.115,37.54],[129.118,37.532],[129.122,37.528],[129.123,37.528],[129.122,37.528],[129.122,37.528],[129.122,37.528],[129.124,37.526],[129.124,37.526],[129.125,37.526],[129.125,37.526],[129.126,37.525],[129.126,37.525],[129.126,37.525],[129.126,37.525],[129.126,37.525],[129.125,37.525],[129.123,37.523],[129.122,37.522],[129.122,37.521],[129.122,37.52],[129.123,37.519],[129.124,37.517],[129.126,37.516],[129.135,37.505],[129.142,37.501],[129.146,37.499],[129.141,37.501],[129.131,37.501],[129.133,37.498],[129.135,37.496],[129.125,37.491],[129.135,37.492],[129.145,37.497],[129.145,37.497],[129.145,37.497],[129.144,37.495],[129.144,37.494],[129.141,37.493],[129.149,37.49],[129.158,37.482],[129.16,37.476],[129.166,37.472],[129.166,37.471],[129.172,37.466],[129.176,37.464],[129.177,37.464],[129.177,37.464],[129.18,37.463],[129.181,37.461],[129.182,37.461],[129.183,37.46],[129.185,37.457],[129.186,37.457],[129.186,37.457],[129.188,37.456],[129.19,37.451],[129.19,37.449],[129.19,37.446],[129.192,37.444],[129.193,37.436],[129.192,37.438],[129.188,37.439],[129.188,37.438],[129.188,37.437],[129.192,37.432],[129.193,37.43],[129.192,37.427],[129.197,37.42],[129.198,37.42],[129.197,37.418],[129.198,37.416],[129.21,37.405],[129.219,37.398],[129.23,37.392],[129.233,37.39],[129.25,37.381],[129.252,37.38],[129.256,37.38],[129.256,37.38],[129.256,37.38],[129.256,37.381],[129.257,37.38],[129.257,37.38],[129.257,37.379],[129.257,37.379],[129.257,37.378],[129.255,37.378],[129.251,37.373],[129.251,37.373],[129.252,37.372],[129.251,37.363],[129.251,37.363],[129.256,37.357],[129.259,37.353],[129.261,37.347],[129.265,37.344],[129.266,37.344],[129.267,37.344],[129.267,37.343],[129.267,37.339],[129.267,37.331],[129.267,37.331],[129.269,37.329],[129.27,37.329],[129.272,37.327],[129.272,37.327],[129.272,37.325],[129.272,37.325],[129.272,37.325],[129.271,37.325],[129.271,37.326],[129.271,37.326],[129.272,37.326],[129.271,37.327],[129.271,37.327],[129.27,37.328],[129.269,37.323],[129.269,37.323],[129.27,37.323],[129.27,37.322],[129.27,37.322],[129.271,37.321],[129.275,37.318],[129.286,37.311],[129.288,37.31],[129.289,37.309],[129.29,37.309],[129.291,37.309],[129.294,37.311],[129.293,37.311],[129.297,37.311],[129.298,37.31],[129.302,37.302],[129.302,37.3],[129.302,37.3],[129.301,37.298],[129.3,37.293],[129.304,37.291],[129.305,37.29],[129.309,37.288],[129.31,37.287],[129.31,37.286],[129.311,37.286],[129.311,37.286],[129.313,37.286],[129.313,37.286],[129.313,37.286],[129.313,37.286],[129.314,37.286],[129.317,37.287],[129.318,37.29],[129.318,37.29],[129.32,37.289],[129.321,37.285],[129.32,37.285],[129.32,37.283],[129.321,37.282],[129.327,37.28],[129.327,37.28],[129.327,37.28],[129.328,37.28],[129.329,37.28],[129.329,37.28],[129.33,37.278],[129.328,37.276],[129.327,37.275],[129.328,37.274],[129.329,37.273],[129.329,37.273],[129.329,37.272],[129.327,37.266],[129.328,37.263],[129.331,37.261],[129.342,37.253],[129.349,37.247],[129.348,37.244],[129.35,37.239],[129.352,37.237],[129.353,37.237],[129.357,37.236],[129.357,37.236],[129.355,37.234],[129.341,37.226],[129.341,37.224],[129.341,37.222],[129.342,37.22],[129.344,37.219],[129.347,37.212],[129.344,37.201],[129.343,37.201],[129.343,37.196],[129.344,37.195],[129.345,37.195],[129.345,37.195],[129.345,37.193],[129.346,37.189],[129.346,37.189],[129.347,37.183],[129.348,37.177],[129.344,37.172],[129.345,37.172],[129.35,37.174],[129.356,37.166],[129.357,37.166],[129.358,37.167],[129.358,37.166],[129.355,37.165],[129.353,37.165],[129.352,37.165],[129.353,37.162],[129.356,37.16],[129.359,37.157],[129.359,37.156],[129.36,37.152],[129.363,37.149],[129.363,37.149],[129.364,37.146],[129.357,37.145],[129.355,37.146],[129.345,37.146],[129.343,37.145],[129.34,37.147],[129.339,37.145],[129.333,37.141],[129.33,37.141],[129.327,37.142],[129.323,37.14],[129.319,37.134],[129.311,37.131],[129.31,37.129],[129.305,37.128],[129.301,37.126],[129.295,37.12],[129.295,37.116],[129.288,37.116],[129.284,37.117],[129.278,37.118],[129.271,37.116],[129.269,37.106],[129.266,37.102],[129.255,37.099],[129.252,37.097],[129.246,37.093],[129.24,37.085],[129.236,37.082],[129.23,37.077],[129.226,37.073],[129.228,37.072],[129.232,37.066],[129.232,37.06],[129.229,37.058],[129.231,37.052],[129.233,37.05],[129.233,37.044],[129.238,37.041],[129.238,37.039],[129.236,37.04],[129.226,37.044],[129.22,37.044],[129.215,37.044],[129.208,37.044],[129.204,37.045],[129.191,37.041],[129.185,37.042],[129.185,37.046],[129.178,37.056],[129.174,37.059],[129.166,37.067],[129.166,37.069],[129.162,37.069],[129.153,37.073],[129.145,37.076],[129.142,37.08],[129.139,37.082],[129.139,37.082],[129.126,37.085],[129.126,37.089],[129.118,37.093],[129.112,37.092],[129.104,37.098],[129.101,37.099],[129.099,37.099],[129.097,37.1],[129.094,37.099],[129.087,37.097],[129.084,37.095],[129.079,37.093],[129.07,37.087],[129.071,37.085],[129.069,37.082],[129.067,37.077],[129.065,37.07],[129.057,37.065],[129.057,37.067],[129.054,37.07],[129.042,37.071],[129.034,37.076],[129.032,37.076],[129.022,37.077],[129.019,37.078],[129.014,37.079],[129.009,37.079],[128.991,37.083],[128.984,37.085],[128.982,37.084],[128.974,37.081],[128.968,37.08],[128.953,37.082],[128.953,37.084],[128.949,37.09],[128.944,37.093],[128.94,37.093],[128.932,37.091],[128.924,37.092],[128.919,37.089],[128.915,37.084],[128.917,37.079],[128.91,37.07],[128.908,37.065],[128.905,37.062],[128.899,37.059],[128.897,37.056],[128.898,37.046],[128.894,37.046],[128.879,37.053],[128.877,37.048],[128.871,37.044],[128.867,37.047],[128.863,37.049],[128.855,37.05],[128.846,37.052],[128.84,37.061],[128.832,37.067],[128.831,37.074],[128.826,37.079],[128.821,37.077],[128.814,37.078],[128.809,37.077],[128.802,37.078],[128.8,37.081],[128.801,37.084],[128.801,37.086],[128.792,37.088],[128.784,37.09],[128.781,37.092],[128.776,37.09],[128.775,37.088],[128.775,37.086],[128.775,37.078],[128.769,37.073],[128.769,37.07],[128.768,37.068],[128.765,37.064],[128.76,37.067],[128.758,37.07],[128.758,37.07],[128.757,37.069],[128.756,37.065],[128.753,37.058],[128.752,37.056],[128.757,37.048],[128.762,37.044],[128.762,37.036],[128.758,37.034],[128.754,37.03],[128.752,37.028],[128.748,37.03],[128.745,37.032],[128.741,37.037],[128.727,37.042],[128.713,37.043],[128.709,37.039],[128.702,37.041],[128.69,37.052],[128.68,37.055],[128.673,37.059],[128.659,37.06],[128.657,37.063],[128.656,37.064],[128.652,37.065],[128.643,37.071],[128.629,37.074],[128.628,37.081],[128.627,37.083],[128.624,37.085],[128.615,37.082],[128.613,37.081],[128.609,37.079],[128.609,37.078],[128.608,37.077],[128.607,37.077],[128.606,37.077],[128.601,37.079],[128.601,37.08],[128.602,37.082],[128.602,37.082],[128.602,37.083],[128.6,37.083],[128.594,37.081],[128.594,37.08],[128.593,37.079],[128.592,37.078],[128.582,37.082],[128.577,37.081],[128.572,37.084],[128.558,37.088],[128.549,37.087],[128.535,37.093],[128.534,37.098],[128.529,37.101],[128.517,37.103],[128.514,37.105],[128.513,37.107],[128.51,37.114],[128.507,37.115],[128.503,37.12],[128.498,37.124],[128.496,37.126],[128.486,37.119],[128.482,37.114],[128.481,37.112],[128.463,37.11],[128.457,37.111],[128.456,37.111],[128.455,37.112],[128.449,37.111],[128.443,37.108],[128.443,37.109],[128.443,37.109],[128.436,37.11],[128.431,37.107],[128.425,37.102],[128.423,37.103],[128.424,37.112],[128.421,37.114],[128.42,37.118],[128.413,37.121],[128.41,37.123],[128.409,37.124],[128.407,37.126],[128.401,37.128],[128.397,37.128],[128.399,37.132],[128.404,37.14],[128.401,37.145],[128.399,37.148],[128.393,37.152],[128.386,37.156],[128.386,37.157],[128.383,37.157],[128.378,37.152],[128.364,37.156],[128.36,37.151],[128.358,37.152],[128.351,37.158],[128.35,37.157],[128.343,37.156],[128.342,37.156],[128.341,37.157],[128.341,37.158],[128.34,37.158],[128.338,37.158],[128.335,37.157],[128.334,37.156],[128.331,37.15],[128.33,37.151],[128.328,37.153],[128.327,37.153],[128.327,37.15],[128.324,37.148],[128.316,37.147],[128.306,37.138],[128.298,37.134],[128.296,37.134],[128.296,37.134],[128.291,37.14],[128.285,37.143],[128.28,37.142],[128.272,37.149],[128.272,37.152],[128.267,37.156],[128.265,37.16],[128.266,37.161],[128.27,37.165],[128.281,37.173],[128.288,37.171],[128.291,37.17],[128.298,37.172],[128.296,37.183],[128.298,37.184],[128.303,37.187],[128.306,37.187],[128.31,37.187],[128.313,37.195],[128.313,37.197],[128.326,37.197],[128.329,37.205],[128.329,37.205],[128.329,37.206],[128.331,37.212],[128.331,37.213],[128.332,37.214],[128.321,37.219],[128.32,37.22],[128.315,37.223],[128.31,37.219],[128.305,37.217],[128.301,37.217],[128.299,37.216],[128.287,37.214],[128.284,37.211],[128.273,37.21],[128.27,37.208],[128.267,37.21],[128.262,37.214],[128.259,37.219],[128.257,37.223],[128.25,37.23],[128.246,37.228],[128.241,37.228],[128.24,37.229],[128.237,37.229],[128.235,37.228],[128.233,37.227],[128.229,37.228],[128.227,37.232],[128.225,37.233],[128.223,37.235],[128.222,37.238],[128.215,37.242],[128.214,37.246],[128.213,37.246],[128.209,37.247],[128.204,37.249],[128.201,37.248],[128.197,37.246],[128.195,37.246],[128.19,37.243],[128.184,37.238],[128.174,37.233],[128.174,37.226],[128.173,37.221],[128.172,37.218],[128.167,37.215],[128.163,37.214],[128.157,37.216],[128.153,37.217],[128.151,37.221],[128.143,37.224],[128.142,37.227],[128.141,37.229],[128.137,37.23],[128.132,37.23],[128.129,37.234],[128.125,37.235],[128.121,37.227],[128.118,37.223],[128.115,37.22],[128.115,37.217],[128.112,37.209],[128.112,37.208],[128.112,37.208],[128.1,37.202],[128.088,37.199],[128.079,37.195],[128.073,37.194],[128.065,37.193],[128.052,37.191],[128.048,37.19],[128.044,37.191],[128.042,37.19],[128.039,37.189],[128.034,37.191],[128.032,37.196],[128.03,37.201],[128.028,37.203],[128.034,37.211],[128.039,37.215],[128.037,37.218],[128.033,37.22],[128.029,37.225],[128.022,37.228],[128.02,37.239],[128.018,37.246],[128.016,37.247],[128.011,37.25],[127.999,37.255],[127.994,37.254],[127.988,37.257],[127.985,37.258],[127.98,37.258],[127.967,37.254],[127.964,37.251],[127.96,37.25],[127.953,37.248],[127.947,37.242],[127.939,37.241],[127.924,37.229],[127.922,37.225],[127.927,37.22],[127.927,37.217],[127.931,37.211],[127.932,37.206],[127.932,37.195],[127.936,37.187],[127.933,37.181],[127.932,37.175],[127.927,37.17],[127.922,37.165],[127.911,37.168],[127.907,37.164],[127.905,37.161],[127.902,37.152],[127.899,37.15],[127.896,37.155],[127.884,37.162],[127.88,37.162],[127.879,37.162],[127.875,37.164],[127.872,37.164],[127.871,37.164],[127.87,37.164],[127.864,37.162],[127.862,37.161],[127.861,37.159],[127.861,37.159],[127.862,37.158],[127.862,37.157],[127.862,37.156],[127.861,37.155],[127.855,37.157],[127.855,37.158],[127.855,37.159],[127.855,37.16],[127.855,37.16],[127.854,37.16],[127.854,37.16],[127.853,37.16],[127.853,37.16],[127.852,37.16],[127.851,37.158],[127.85,37.155],[127.847,37.153],[127.833,37.152],[127.827,37.152],[127.825,37.152],[127.817,37.147],[127.811,37.147],[127.807,37.147],[127.802,37.144],[127.799,37.145],[127.793,37.145],[127.791,37.144],[127.786,37.146],[127.777,37.151],[127.771,37.155],[127.77,37.156],[127.765,37.159],[127.758,37.168],[127.757,37.169],[127.753,37.179],[127.75,37.186],[127.75,37.189],[127.748,37.2],[127.744,37.209],[127.746,37.214],[127.749,37.218],[127.748,37.226],[127.747,37.227],[127.748,37.244],[127.749,37.247],[127.754,37.255],[127.758,37.258],[127.757,37.26],[127.76,37.264],[127.76,37.273],[127.757,37.28],[127.753,37.289],[127.75,37.292],[127.75,37.298],[127.751,37.298],[127.755,37.298],[127.758,37.3],[127.768,37.303],[127.768,37.309],[127.767,37.31],[127.766,37.313],[127.762,37.321],[127.763,37.322],[127.76,37.33],[127.763,37.335],[127.76,37.341],[127.759,37.343],[127.758,37.346],[127.761,37.353],[127.761,37.363],[127.759,37.367],[127.762,37.37],[127.764,37.37],[127.778,37.371],[127.777,37.383],[127.781,37.387],[127.784,37.389],[127.783,37.391],[127.787,37.403],[127.789,37.407],[127.79,37.407],[127.792,37.417],[127.795,37.425],[127.801,37.427],[127.804,37.432],[127.801,37.438],[127.8,37.439],[127.8,37.439],[127.799,37.445],[127.799,37.453],[127.797,37.46],[127.797,37.464],[127.799,37.466],[127.8,37.471],[127.797,37.472],[127.788,37.476],[127.782,37.485],[127.78,37.489],[127.779,37.488],[127.775,37.491],[127.764,37.492],[127.76,37.498],[127.76,37.503],[127.772,37.505],[127.778,37.51],[127.78,37.512],[127.782,37.513],[127.785,37.513],[127.787,37.516],[127.789,37.519],[127.795,37.525],[127.799,37.529],[127.803,37.53],[127.806,37.533],[127.81,37.538],[127.815,37.537],[127.821,37.538],[127.825,37.538],[127.834,37.539],[127.837,37.538],[127.842,37.539],[127.843,37.542],[127.845,37.544],[127.846,37.545],[127.846,37.548],[127.848,37.552],[127.845,37.554],[127.84,37.558],[127.832,37.562],[127.827,37.561],[127.815,37.564],[127.814,37.564],[127.814,37.565],[127.809,37.574],[127.805,37.575],[127.799,37.583],[127.794,37.585],[127.791,37.584],[127.788,37.579],[127.778,37.58],[127.767,37.583],[127.765,37.586],[127.76,37.587],[127.757,37.588],[127.755,37.592],[127.749,37.59],[127.746,37.589],[127.741,37.588],[127.731,37.589],[127.721,37.59],[127.708,37.586],[127.706,37.588],[127.698,37.591],[127.698,37.593],[127.699,37.597],[127.694,37.601],[127.689,37.604],[127.677,37.611],[127.668,37.617],[127.665,37.621],[127.664,37.623],[127.663,37.624],[127.661,37.624],[127.659,37.623],[127.656,37.622],[127.653,37.622],[127.651,37.623],[127.649,37.625],[127.647,37.631],[127.647,37.633],[127.646,37.633],[127.642,37.632],[127.639,37.633],[127.639,37.634],[127.63,37.64],[127.629,37.641],[127.628,37.643],[127.626,37.643],[127.622,37.642],[127.618,37.646],[127.617,37.647],[127.615,37.647],[127.609,37.649],[127.606,37.651],[127.602,37.651],[127.601,37.649],[127.591,37.644],[127.585,37.642],[127.583,37.636],[127.583,37.635],[127.579,37.633],[127.573,37.633],[127.564,37.633],[127.555,37.631],[127.548,37.633],[127.547,37.637],[127.538,37.641],[127.536,37.651],[127.54,37.651],[127.545,37.656],[127.548,37.659],[127.549,37.659],[127.553,37.662],[127.551,37.665],[127.55,37.666],[127.549,37.668],[127.55,37.676],[127.551,37.685],[127.551,37.688],[127.554,37.695],[127.558,37.705],[127.558,37.714],[127.56,37.717],[127.562,37.72],[127.559,37.726],[127.557,37.729],[127.552,37.728],[127.543,37.72],[127.534,37.722],[127.53,37.726],[127.513,37.718],[127.507,37.721],[127.507,37.731],[127.515,37.739],[127.523,37.743],[127.53,37.746],[127.542,37.755],[127.543,37.767],[127.538,37.775],[127.526,37.785],[127.523,37.796],[127.533,37.807],[127.537,37.814],[127.528,37.821],[127.525,37.825],[127.527,37.836],[127.537,37.845],[127.55,37.847],[127.55,37.852],[127.559,37.856],[127.562,37.856],[127.564,37.858],[127.566,37.862],[127.569,37.867],[127.574,37.871],[127.587,37.876],[127.598,37.875],[127.602,37.874],[127.606,37.876],[127.608,37.881],[127.609,37.884],[127.608,37.886],[127.608,37.89],[127.611,37.897],[127.614,37.899],[127.616,37.904],[127.617,37.911],[127.612,37.92],[127.612,37.924],[127.617,37.928],[127.609,37.943],[127.603,37.946],[127.603,37.953],[127.596,37.957],[127.592,37.958],[127.586,37.962],[127.579,37.961],[127.574,37.964],[127.565,37.963],[127.558,37.963],[127.556,37.965],[127.55,37.966],[127.547,37.966],[127.544,37.974],[127.546,37.976],[127.545,37.985],[127.544,37.991],[127.538,38.001],[127.529,38.002],[127.509,38.001],[127.504,37.998],[127.491,38.005],[127.485,38.005],[127.477,38.006],[127.471,38.008],[127.462,38.013],[127.456,38.025],[127.456,38.027],[127.452,38.035],[127.453,38.047],[127.448,38.051],[127.446,38.053],[127.446,38.055],[127.445,38.057],[127.446,38.064],[127.446,38.073],[127.445,38.075],[127.447,38.081],[127.445,38.088],[127.445,38.098],[127.441,38.105],[127.441,38.108],[127.437,38.11],[127.434,38.111],[127.431,38.115],[127.429,38.114],[127.423,38.107],[127.418,38.105],[127.406,38.103],[127.403,38.11],[127.404,38.113],[127.403,38.113],[127.399,38.114],[127.394,38.114],[127.391,38.115],[127.384,38.115],[127.379,38.118],[127.373,38.115],[127.372,38.111],[127.37,38.109],[127.363,38.107],[127.354,38.104],[127.348,38.105],[127.346,38.103],[127.34,38.101],[127.339,38.094],[127.338,38.09],[127.333,38.091],[127.329,38.094],[127.323,38.095],[127.321,38.095],[127.316,38.101],[127.314,38.106],[127.311,38.115],[127.312,38.115],[127.31,38.118],[127.308,38.119],[127.305,38.116],[127.3,38.115],[127.299,38.116],[127.299,38.116],[127.291,38.115],[127.282,38.122],[127.281,38.125],[127.276,38.124],[127.277,38.128],[127.276,38.133],[127.275,38.133],[127.275,38.136],[127.276,38.139],[127.277,38.14],[127.282,38.144],[127.286,38.153],[127.284,38.157],[127.284,38.159],[127.285,38.16],[127.289,38.165],[127.288,38.168],[127.296,38.172],[127.294,38.177],[127.288,38.177],[127.285,38.18],[127.284,38.183],[127.28,38.183],[127.276,38.182],[127.275,38.181],[127.272,38.182],[127.267,38.181],[127.265,38.179],[127.265,38.178],[127.265,38.177],[127.266,38.176],[127.264,38.172],[127.262,38.17],[127.26,38.17],[127.259,38.17],[127.256,38.165],[127.257,38.164],[127.255,38.163],[127.248,38.16],[127.24,38.157],[127.238,38.155],[127.234,38.147],[127.226,38.148],[127.224,38.145],[127.224,38.142],[127.222,38.137],[127.213,38.146],[127.211,38.147],[127.21,38.147],[127.208,38.147],[127.204,38.152],[127.198,38.156],[127.189,38.162],[127.187,38.169],[127.186,38.174],[127.187,38.177],[127.189,38.186],[127.183,38.186],[127.176,38.191],[127.17,38.198],[127.173,38.202],[127.174,38.208],[127.172,38.212],[127.165,38.216],[127.16,38.22],[127.162,38.223],[127.16,38.226],[127.161,38.229],[127.162,38.234],[127.163,38.238],[127.159,38.239],[127.154,38.241],[127.151,38.242],[127.147,38.24],[127.146,38.239],[127.135,38.234],[127.13,38.233],[127.125,38.234],[127.119,38.235],[127.114,38.237],[127.11,38.245],[127.11,38.253],[127.108,38.261],[127.109,38.267],[127.111,38.271],[127.108,38.272],[127.105,38.272],[127.102,38.273],[127.101,38.275],[127.101,38.276],[127.103,38.277],[127.105,38.279],[127.104,38.28],[127.1,38.281],[127.095,38.281],[127.096,38.284],[127.103,38.287],[127.106,38.291],[127.12,38.299],[127.121,38.299],[127.124,38.299],[127.125,38.299],[127.127,38.299],[127.129,38.303],[127.132,38.312],[127.139,38.316],[127.141,38.315],[127.149,38.309],[127.153,38.304],[127.167,38.308],[127.178,38.311],[127.186,38.313],[127.198,38.316],[127.21,38.32],[127.219,38.324],[127.219,38.325],[127.219,38.326],[127.225,38.328],[127.233,38.331],[127.235,38.33],[127.24,38.333],[127.243,38.332],[127.249,38.328],[127.254,38.327],[127.259,38.327],[127.263,38.328],[127.282,38.326],[127.288,38.326],[127.298,38.317],[127.298,38.318],[127.299,38.313],[127.3,38.313],[127.303,38.314],[127.308,38.317],[127.32,38.319],[127.326,38.319],[127.333,38.32],[127.338,38.324],[127.342,38.326],[127.344,38.329],[127.355,38.328],[127.361,38.325],[127.364,38.326],[127.367,38.328],[127.368,38.328],[127.377,38.335],[127.381,38.337],[127.39,38.333],[127.398,38.333],[127.41,38.332],[127.41,38.33],[127.415,38.328],[127.426,38.327],[127.432,38.322],[127.444,38.318],[127.444,38.317],[127.448,38.317],[127.453,38.318],[127.454,38.319],[127.451,38.323],[127.453,38.327],[127.458,38.327],[127.461,38.323],[127.464,38.32],[127.468,38.318],[127.475,38.317],[127.479,38.31],[127.482,38.307],[127.483,38.306],[127.485,38.307],[127.494,38.302],[127.497,38.3],[127.501,38.3],[127.507,38.301],[127.516,38.305],[127.517,38.307],[127.518,38.308],[127.521,38.309],[127.523,38.309],[127.529,38.313],[127.533,38.316],[127.546,38.322],[127.55,38.327],[127.56,38.329],[127.562,38.329],[127.567,38.331],[127.571,38.332],[127.577,38.336],[127.581,38.336],[127.587,38.337],[127.591,38.336],[127.592,38.337],[127.595,38.334],[127.609,38.337],[127.617,38.329],[127.617,38.328],[127.616,38.327],[127.616,38.326],[127.621,38.325],[127.627,38.325],[127.634,38.323],[127.653,38.325],[127.661,38.325],[127.664,38.327],[127.671,38.323],[127.683,38.325],[127.686,38.325],[127.691,38.325],[127.694,38.33],[127.696,38.333],[127.698,38.335],[127.699,38.336],[127.702,38.336],[127.704,38.335],[127.705,38.335],[127.707,38.335],[127.714,38.334],[127.714,38.33],[127.729,38.335],[127.732,38.337],[127.745,38.343],[127.745,38.342],[127.744,38.34],[127.747,38.336],[127.752,38.334],[127.754,38.334],[127.76,38.338],[127.763,38.338],[127.768,38.335],[127.772,38.339],[127.777,38.345],[127.781,38.349],[127.785,38.347],[127.797,38.323],[127.812,38.313],[127.819,38.308],[127.822,38.304],[127.833,38.305],[127.841,38.309],[127.851,38.315],[127.859,38.312],[127.879,38.312],[127.892,38.31],[127.897,38.313],[127.904,38.31],[127.915,38.311],[127.921,38.31],[127.93,38.307],[127.935,38.306],[127.949,38.304],[127.952,38.302],[127.962,38.296],[127.967,38.293],[127.976,38.287],[127.981,38.282],[127.983,38.279],[127.987,38.274],[127.989,38.277],[127.992,38.279],[128.003,38.276],[128.008,38.28],[128.012,38.287],[128.016,38.29],[128.016,38.301],[128.023,38.314],[128.031,38.312],[128.032,38.311],[128.04,38.311],[128.045,38.311],[128.044,38.31],[128.049,38.307],[128.08,38.313],[128.09,38.32],[128.104,38.33],[128.112,38.335],[128.116,38.337],[128.118,38.335],[128.124,38.332],[128.133,38.334],[128.137,38.333],[128.144,38.341],[128.145,38.343],[128.149,38.342],[128.152,38.342],[128.156,38.343],[128.158,38.343],[128.159,38.347],[128.161,38.348],[128.163,38.352],[128.172,38.361],[128.177,38.364],[128.185,38.361],[128.191,38.368],[128.192,38.373],[128.207,38.375],[128.208,38.373],[128.21,38.37],[128.212,38.37],[128.218,38.382],[128.22,38.385],[128.224,38.387],[128.227,38.391],[128.231,38.399],[128.241,38.402],[128.246,38.406],[128.243,38.411],[128.247,38.415],[128.249,38.416],[128.256,38.42],[128.257,38.421],[128.26,38.422],[128.266,38.425],[128.272,38.431],[128.278,38.434],[128.286,38.442],[128.286,38.443],[128.29,38.452],[128.292,38.456],[128.294,38.458],[128.296,38.461],[128.299,38.471],[128.305,38.478],[128.303,38.485],[128.301,38.491],[128.302,38.492],[128.304,38.496],[128.304,38.503],[128.309,38.506],[128.313,38.512],[128.313,38.52],[128.314,38.523],[128.311,38.537],[128.312,38.546],[128.312,38.563],[128.315,38.574],[128.312,38.581],[128.313,38.584],[128.314,38.584],[128.314,38.585],[128.309,38.593],[128.31,38.594],[128.312,38.594],[128.316,38.594],[128.318,38.595],[128.321,38.597],[128.329,38.6],[128.336,38.602],[128.338,38.604],[128.345,38.611],[128.353,38.612],[128.355,38.613],[128.357,38.614],[128.36,38.608],[128.36,38.605],[128.361,38.604],[128.365,38.601],[128.367,38.598],[128.372,38.591],[128.375,38.588],[128.378,38.586],[128.381,38.582],[128.386,38.577],[128.391,38.573],[128.393,38.572],[128.393,38.573],[128.394,38.573],[128.394,38.569],[128.398,38.566],[128.403,38.561],[128.405,38.556],[128.405,38.555],[128.408,38.555],[128.409,38.556],[128.41,38.556],[128.411,38.555],[128.411,38.547],[128.406,38.542],[128.41,38.538],[128.412,38.534],[128.412,38.533],[128.413,38.53],[128.417,38.527],[128.419,38.524],[128.421,38.523],[128.424,38.523],[128.421,38.52],[128.418,38.513],[128.421,38.506],[128.424,38.504],[128.427,38.504],[128.425,38.499],[128.429,38.493],[128.429,38.492],[128.433,38.488],[128.434,38.487],[128.436,38.487],[128.437,38.487],[128.439,38.487],[128.439,38.485],[128.437,38.482],[128.44,38.476],[128.443,38.474],[128.45,38.471],[128.45,38.469],[128.449,38.468],[128.458,38.459],[128.463,38.454],[128.465,38.453],[128.467,38.45],[128.465,38.447],[128.46,38.445],[128.462,38.449],[128.457,38.447],[128.455,38.444],[128.456,38.433],[128.458,38.429],[128.461,38.425],[128.464,38.42],[128.469,38.414],[128.474,38.408],[128.476,38.405],[128.48,38.401],[128.483,38.399],[128.483,38.399],[128.483,38.398],[128.484,38.398],[128.485,38.396],[128.485,38.396],[128.486,38.395],[128.489,38.392],[128.497,38.384],[128.504,38.377],[128.504,38.377],[128.505,38.376],[128.505,38.376],[128.509,38.374],[128.511,38.37],[128.511,38.37],[128.513,38.369],[128.51,38.367],[128.509,38.367],[128.509,38.366],[128.509,38.366],[128.509,38.366],[128.508,38.366],[128.508,38.366],[128.507,38.365],[128.507,38.364],[128.507,38.361],[128.508,38.359],[128.509,38.359],[128.51,38.357],[128.51,38.357],[128.51,38.356],[128.511,38.356],[128.512,38.356],[128.511,38.354],[128.511,38.353],[128.512,38.349],[128.513,38.348],[128.514,38.346],[128.52,38.339],[128.523,38.336],[128.526,38.334],[128.528,38.329],[128.529,38.328],[128.529,38.328],[128.529,38.328],[128.529,38.328],[128.529,38.328],[128.529,38.328],[128.53,38.328],[128.531,38.328],[128.531,38.325],[128.531,38.325],[128.531,38.325],[128.53,38.327],[128.528,38.324],[128.528,38.324],[128.528,38.324],[128.528,38.323],[128.528,38.323],[128.528,38.322],[128.528,38.322],[128.528,38.322],[128.528,38.322],[128.529,38.321],[128.529,38.321],[128.529,38.321],[128.529,38.321],[128.529,38.321],[128.529,38.321],[128.538,38.313],[128.54,38.312],[128.543,38.309],[128.543,38.309],[128.543,38.309],[128.543,38.309],[128.543,38.308],[128.543,38.308],[128.547,38.306],[128.551,38.304],[128.551,38.303],[128.55,38.302],[128.55,38.303],[128.548,38.303],[128.547,38.3],[128.547,38.3],[128.547,38.299],[128.547,38.298],[128.547,38.298],[128.548,38.297],[128.548,38.297],[128.549,38.297],[128.547,38.292],[128.547,38.292],[128.547,38.292],[128.547,38.291],[128.549,38.286],[128.551,38.284],[128.551,38.284],[128.554,38.281],[128.554,38.28],[128.554,38.28],[128.554,38.28],[128.554,38.28],[128.554,38.28],[128.554,38.28],[128.553,38.279],[128.553,38.276],[128.554,38.275],[128.554,38.275],[128.556,38.275],[128.559,38.274],[128.56,38.271],[128.559,38.273],[128.556,38.274],[128.557,38.268],[128.56,38.259],[128.56,38.258],[128.561,38.257],[128.568,38.249],[128.571,38.248],[128.573,38.245],[128.578,38.238],[128.582,38.234],[128.586,38.23],[128.587,38.23],[128.59,38.221],[128.597,38.215],[128.598,38.215],[128.599,38.215],[128.599,38.215],[128.599,38.215],[128.599,38.215],[128.6,38.215],[128.602,38.215],[128.602,38.215],[128.602,38.213],[128.602,38.213],[128.602,38.213],[128.596,38.211],[128.594,38.208],[128.59,38.201],[128.586,38.2],[128.583,38.197],[128.582,38.193],[128.592,38.192],[128.593,38.2],[128.595,38.201],[128.598,38.201],[128.597,38.201],[128.597,38.201],[128.597,38.2],[128.597,38.199],[128.598,38.197],[128.599,38.197],[128.606,38.188],[128.608,38.185],[128.611,38.182],[128.612,38.182],[128.614,38.182],[128.614,38.182],[128.615,38.181],[128.615,38.18],[128.614,38.18],[128.613,38.179],[128.611,38.179],[128.607,38.174],[128.607,38.175],[128.607,38.174],[128.606,38.174],[128.606,38.174],[128.606,38.174],[128.606,38.173],[128.606,38.173],[128.607,38.173],[128.608,38.169],[128.61,38.16],[128.61,38.156],[128.61,38.155],[128.609,38.152],[128.609,38.151],[128.609,38.15],[128.611,38.146],[128.613,38.144],[128.625,38.129],[128.626,38.128],[128.627,38.128],[128.628,38.128],[128.632,38.121],[128.633,38.12],[128.633,38.119],[128.636,38.116],[128.639,38.114],[128.641,38.112],[128.643,38.11],[128.647,38.107],[128.649,38.104],[128.657,38.097],[128.663,38.092],[128.663,38.091],[128.664,38.091],[128.668,38.09],[128.668,38.09],[128.668,38.09],[128.668,38.09],[128.668,38.09],[128.668,38.09],[128.667,38.09],[128.665,38.09],[128.671,38.084],[128.672,38.083],[128.673,38.08],[128.675,38.078],[128.676,38.076],[128.677,38.074],[128.677,38.072],[128.676,38.072],[128.676,38.067],[128.678,38.065],[128.685,38.057],[128.694,38.049],[128.705,38.039],[128.714,38.032],[128.722,38.026],[128.725,38.024],[128.725,38.024],[128.725,38.024],[128.725,38.024]]]]}},{"type":"Feature","properties":{"sido_short":"충북","sido_nm":"충청북도","시도":"충북"},"geometry":{"type":"MultiPolygon","coordinates":[[[[127.31,36.724],[127.313,36.724],[127.317,36.724],[127.319,36.725],[127.32,36.728],[127.32,36.728],[127.321,36.729],[127.322,36.731],[127.328,36.735],[127.329,36.734],[127.33,36.734],[127.333,36.731],[127.338,36.729],[127.343,36.735],[127.342,36.738],[127.337,36.743],[127.337,36.744],[127.334,36.749],[127.335,36.752],[127.344,36.754],[127.352,36.754],[127.355,36.756],[127.362,36.761],[127.371,36.759],[127.375,36.758],[127.376,36.759],[127.383,36.759],[127.386,36.759],[127.394,36.752],[127.395,36.751],[127.395,36.749],[127.402,36.746],[127.406,36.75],[127.409,36.752],[127.411,36.754],[127.411,36.756],[127.412,36.757],[127.412,36.757],[127.413,36.757],[127.415,36.757],[127.416,36.757],[127.416,36.757],[127.419,36.757],[127.42,36.758],[127.42,36.76],[127.42,36.762],[127.415,36.768],[127.414,36.77],[127.404,36.775],[127.402,36.776],[127.402,36.779],[127.397,36.782],[127.395,36.782],[127.397,36.79],[127.4,36.794],[127.399,36.799],[127.392,36.806],[127.389,36.808],[127.388,36.808],[127.385,36.811],[127.382,36.814],[127.371,36.817],[127.369,36.816],[127.366,36.818],[127.358,36.822],[127.358,36.825],[127.356,36.829],[127.352,36.831],[127.348,36.83],[127.338,36.83],[127.334,36.831],[127.334,36.832],[127.336,36.837],[127.334,36.839],[127.336,36.844],[127.337,36.848],[127.336,36.853],[127.337,36.855],[127.328,36.858],[127.325,36.857],[127.317,36.859],[127.315,36.858],[127.307,36.86],[127.306,36.863],[127.309,36.867],[127.311,36.869],[127.308,36.885],[127.304,36.886],[127.296,36.89],[127.292,36.892],[127.289,36.894],[127.29,36.895],[127.291,36.898],[127.296,36.903],[127.302,36.912],[127.303,36.916],[127.296,36.927],[127.295,36.931],[127.3,36.929],[127.315,36.933],[127.316,36.935],[127.33,36.938],[127.333,36.94],[127.342,36.946],[127.351,36.953],[127.354,36.953],[127.356,36.951],[127.358,36.948],[127.36,36.949],[127.372,36.95],[127.375,36.949],[127.376,36.95],[127.379,36.954],[127.379,36.958],[127.384,36.959],[127.386,36.961],[127.388,36.965],[127.397,36.965],[127.4,36.97],[127.396,36.975],[127.389,36.98],[127.387,36.981],[127.385,36.984],[127.387,36.986],[127.392,36.993],[127.392,36.995],[127.394,36.998],[127.397,36.998],[127.408,36.999],[127.415,37.0],[127.42,37.004],[127.422,37.004],[127.434,37.005],[127.436,37.005],[127.437,37.008],[127.439,37.01],[127.441,37.012],[127.448,37.012],[127.449,37.016],[127.455,37.021],[127.458,37.02],[127.46,37.025],[127.458,37.033],[127.459,37.039],[127.458,37.04],[127.457,37.041],[127.461,37.047],[127.464,37.048],[127.468,37.05],[127.468,37.052],[127.468,37.053],[127.47,37.054],[127.475,37.053],[127.485,37.054],[127.486,37.055],[127.489,37.053],[127.493,37.051],[127.496,37.049],[127.505,37.048],[127.51,37.052],[127.51,37.053],[127.518,37.058],[127.518,37.058],[127.52,37.057],[127.522,37.056],[127.524,37.055],[127.528,37.055],[127.53,37.056],[127.532,37.056],[127.533,37.054],[127.533,37.054],[127.535,37.052],[127.539,37.051],[127.541,37.051],[127.542,37.05],[127.549,37.046],[127.555,37.042],[127.555,37.042],[127.567,37.047],[127.57,37.048],[127.568,37.053],[127.567,37.057],[127.57,37.068],[127.575,37.073],[127.579,37.075],[127.582,37.075],[127.587,37.074],[127.595,37.074],[127.601,37.071],[127.604,37.071],[127.605,37.074],[127.605,37.075],[127.605,37.076],[127.6,37.083],[127.595,37.088],[127.603,37.088],[127.604,37.087],[127.607,37.086],[127.613,37.088],[127.616,37.09],[127.625,37.093],[127.632,37.097],[127.634,37.099],[127.635,37.104],[127.635,37.105],[127.635,37.11],[127.636,37.112],[127.636,37.113],[127.633,37.12],[127.637,37.138],[127.638,37.141],[127.637,37.142],[127.63,37.149],[127.627,37.152],[127.627,37.154],[127.628,37.155],[127.632,37.154],[127.645,37.151],[127.652,37.148],[127.66,37.14],[127.664,37.139],[127.668,37.138],[127.67,37.136],[127.683,37.136],[127.689,37.136],[127.695,37.141],[127.695,37.15],[127.695,37.151],[127.696,37.152],[127.701,37.154],[127.704,37.158],[127.705,37.166],[127.707,37.17],[127.71,37.172],[127.719,37.184],[127.722,37.183],[127.723,37.182],[127.726,37.183],[127.728,37.188],[127.733,37.196],[127.733,37.196],[127.733,37.202],[127.736,37.206],[127.737,37.21],[127.744,37.215],[127.745,37.214],[127.744,37.208],[127.749,37.197],[127.75,37.188],[127.75,37.186],[127.754,37.176],[127.757,37.169],[127.759,37.167],[127.765,37.159],[127.77,37.156],[127.773,37.154],[127.778,37.15],[127.788,37.145],[127.792,37.144],[127.793,37.145],[127.8,37.145],[127.802,37.144],[127.807,37.147],[127.813,37.147],[127.819,37.148],[127.825,37.152],[127.827,37.152],[127.834,37.152],[127.847,37.153],[127.851,37.155],[127.851,37.158],[127.852,37.16],[127.853,37.16],[127.853,37.16],[127.854,37.16],[127.854,37.16],[127.855,37.16],[127.855,37.16],[127.855,37.159],[127.855,37.158],[127.856,37.157],[127.862,37.156],[127.862,37.156],[127.862,37.158],[127.862,37.158],[127.861,37.159],[127.861,37.159],[127.863,37.162],[127.864,37.162],[127.871,37.164],[127.871,37.164],[127.873,37.164],[127.877,37.163],[127.879,37.162],[127.88,37.162],[127.887,37.161],[127.897,37.153],[127.899,37.15],[127.902,37.152],[127.905,37.161],[127.907,37.165],[127.914,37.168],[127.925,37.165],[127.928,37.17],[127.932,37.175],[127.933,37.182],[127.936,37.189],[127.932,37.196],[127.932,37.206],[127.93,37.211],[127.927,37.218],[127.924,37.221],[127.922,37.225],[127.927,37.232],[127.942,37.24],[127.947,37.243],[127.953,37.248],[127.961,37.25],[127.965,37.251],[127.97,37.256],[127.981,37.257],[127.985,37.258],[127.989,37.257],[127.995,37.254],[128.002,37.253],[128.011,37.249],[128.017,37.247],[128.019,37.245],[128.02,37.238],[128.023,37.226],[128.031,37.224],[128.033,37.22],[128.037,37.218],[128.039,37.215],[128.033,37.211],[128.028,37.202],[128.031,37.2],[128.032,37.195],[128.035,37.191],[128.04,37.189],[128.042,37.19],[128.044,37.191],[128.05,37.19],[128.059,37.194],[128.066,37.194],[128.073,37.194],[128.086,37.197],[128.092,37.199],[128.103,37.203],[128.112,37.208],[128.112,37.208],[128.112,37.211],[128.115,37.217],[128.116,37.22],[128.12,37.224],[128.121,37.228],[128.126,37.235],[128.13,37.234],[128.133,37.23],[128.138,37.23],[128.142,37.229],[128.142,37.227],[128.145,37.222],[128.151,37.221],[128.154,37.216],[128.158,37.216],[128.164,37.213],[128.17,37.218],[128.173,37.218],[128.173,37.222],[128.175,37.229],[128.178,37.235],[128.185,37.239],[128.193,37.245],[128.196,37.246],[128.2,37.247],[128.201,37.249],[128.208,37.249],[128.21,37.246],[128.213,37.246],[128.215,37.246],[128.217,37.241],[128.222,37.238],[128.224,37.234],[128.225,37.233],[128.228,37.231],[128.23,37.227],[128.233,37.227],[128.235,37.228],[128.237,37.229],[128.24,37.229],[128.241,37.228],[128.247,37.229],[128.251,37.23],[128.258,37.221],[128.259,37.218],[128.263,37.213],[128.267,37.209],[128.271,37.209],[128.277,37.21],[128.285,37.212],[128.288,37.215],[128.299,37.216],[128.301,37.217],[128.308,37.217],[128.313,37.221],[128.317,37.223],[128.321,37.219],[128.327,37.217],[128.332,37.214],[128.331,37.213],[128.331,37.212],[128.329,37.206],[128.329,37.205],[128.329,37.201],[128.326,37.197],[128.313,37.197],[128.313,37.194],[128.308,37.186],[128.304,37.187],[128.302,37.186],[128.298,37.184],[128.296,37.181],[128.296,37.172],[128.29,37.17],[128.282,37.172],[128.28,37.173],[128.27,37.162],[128.266,37.161],[128.264,37.16],[128.267,37.156],[128.272,37.15],[128.273,37.148],[128.28,37.142],[128.286,37.142],[128.293,37.139],[128.296,37.134],[128.296,37.134],[128.301,37.135],[128.308,37.141],[128.316,37.147],[128.324,37.148],[128.327,37.151],[128.327,37.153],[128.329,37.152],[128.33,37.151],[128.333,37.152],[128.334,37.156],[128.336,37.158],[128.338,37.158],[128.34,37.158],[128.341,37.158],[128.342,37.157],[128.342,37.156],[128.343,37.156],[128.351,37.157],[128.351,37.158],[128.359,37.151],[128.362,37.152],[128.375,37.153],[128.378,37.152],[128.384,37.158],[128.386,37.157],[128.389,37.155],[128.394,37.151],[128.4,37.147],[128.402,37.142],[128.402,37.135],[128.398,37.132],[128.397,37.128],[128.403,37.128],[128.409,37.125],[128.41,37.124],[128.411,37.122],[128.415,37.12],[128.42,37.118],[128.421,37.114],[128.422,37.111],[128.424,37.103],[128.43,37.104],[128.433,37.108],[128.435,37.111],[128.443,37.109],[128.443,37.109],[128.444,37.107],[128.45,37.112],[128.456,37.112],[128.456,37.111],[128.458,37.11],[128.47,37.11],[128.482,37.113],[128.482,37.114],[128.49,37.123],[128.496,37.126],[128.5,37.122],[128.503,37.119],[128.507,37.115],[128.511,37.113],[128.514,37.106],[128.514,37.105],[128.524,37.102],[128.53,37.101],[128.534,37.098],[128.536,37.092],[128.55,37.087],[128.562,37.09],[128.574,37.081],[128.579,37.081],[128.587,37.08],[128.592,37.078],[128.594,37.079],[128.594,37.08],[128.595,37.082],[128.6,37.083],[128.602,37.082],[128.602,37.082],[128.602,37.082],[128.601,37.08],[128.601,37.079],[128.607,37.077],[128.607,37.077],[128.608,37.078],[128.609,37.078],[128.609,37.079],[128.614,37.081],[128.618,37.084],[128.625,37.084],[128.628,37.082],[128.628,37.079],[128.63,37.074],[128.646,37.069],[128.652,37.064],[128.645,37.06],[128.635,37.047],[128.631,37.041],[128.625,37.045],[128.623,37.045],[128.622,37.047],[128.618,37.051],[128.609,37.053],[128.607,37.049],[128.608,37.048],[128.607,37.044],[128.605,37.044],[128.603,37.044],[128.598,37.042],[128.592,37.042],[128.591,37.043],[128.584,37.044],[128.581,37.04],[128.578,37.036],[128.573,37.036],[128.568,37.034],[128.567,37.027],[128.571,37.023],[128.571,37.016],[128.566,37.011],[128.563,37.008],[128.556,37.003],[128.553,36.997],[128.535,36.99],[128.526,36.99],[128.515,36.986],[128.515,36.983],[128.514,36.98],[128.513,36.976],[128.508,36.974],[128.505,36.969],[128.491,36.964],[128.487,36.963],[128.486,36.96],[128.483,36.958],[128.479,36.958],[128.47,36.953],[128.463,36.947],[128.461,36.94],[128.46,36.935],[128.453,36.931],[128.448,36.93],[128.443,36.928],[128.443,36.92],[128.443,36.91],[128.44,36.902],[128.431,36.893],[128.428,36.891],[128.428,36.887],[128.427,36.882],[128.426,36.881],[128.424,36.877],[128.429,36.876],[128.44,36.87],[128.443,36.868],[128.444,36.868],[128.449,36.863],[128.449,36.849],[128.445,36.843],[128.442,36.838],[128.437,36.835],[128.434,36.827],[128.43,36.822],[128.426,36.816],[128.421,36.812],[128.42,36.812],[128.416,36.812],[128.414,36.811],[128.408,36.812],[128.398,36.814],[128.396,36.814],[128.38,36.813],[128.371,36.804],[128.368,36.803],[128.365,36.803],[128.361,36.803],[128.357,36.811],[128.341,36.815],[128.335,36.817],[128.321,36.816],[128.316,36.817],[128.316,36.819],[128.316,36.823],[128.315,36.823],[128.311,36.826],[128.308,36.829],[128.305,36.829],[128.3,36.833],[128.295,36.837],[128.289,36.844],[128.288,36.844],[128.286,36.846],[128.286,36.849],[128.283,36.854],[128.28,36.857],[128.279,36.857],[128.276,36.857],[128.268,36.861],[128.268,36.862],[128.267,36.863],[128.264,36.864],[128.26,36.865],[128.251,36.868],[128.242,36.872],[128.239,36.865],[128.235,36.863],[128.235,36.858],[128.235,36.854],[128.238,36.851],[128.233,36.845],[128.222,36.847],[128.217,36.849],[128.211,36.845],[128.211,36.841],[128.213,36.839],[128.214,36.831],[128.217,36.819],[128.217,36.813],[128.214,36.812],[128.21,36.812],[128.201,36.814],[128.188,36.816],[128.173,36.822],[128.163,36.821],[128.151,36.823],[128.149,36.829],[128.144,36.83],[128.143,36.832],[128.134,36.832],[128.134,36.829],[128.133,36.827],[128.119,36.822],[128.118,36.821],[128.11,36.821],[128.108,36.812],[128.106,36.806],[128.098,36.805],[128.093,36.802],[128.093,36.797],[128.086,36.798],[128.084,36.803],[128.083,36.807],[128.072,36.815],[128.061,36.817],[128.06,36.817],[128.059,36.813],[128.058,36.811],[128.057,36.809],[128.056,36.806],[128.054,36.805],[128.056,36.799],[128.055,36.793],[128.051,36.789],[128.049,36.784],[128.046,36.781],[128.046,36.78],[128.045,36.775],[128.043,36.769],[128.038,36.762],[128.033,36.756],[128.035,36.745],[128.043,36.741],[128.051,36.737],[128.054,36.732],[128.057,36.731],[128.058,36.731],[128.06,36.728],[128.062,36.726],[128.068,36.722],[128.073,36.712],[128.067,36.708],[128.054,36.708],[128.05,36.708],[128.048,36.709],[128.046,36.711],[128.042,36.713],[128.035,36.716],[128.032,36.719],[128.029,36.719],[128.021,36.722],[128.017,36.728],[128.009,36.728],[128.006,36.723],[127.998,36.718],[127.99,36.717],[127.978,36.722],[127.972,36.728],[127.971,36.731],[127.967,36.732],[127.961,36.737],[127.957,36.735],[127.953,36.722],[127.951,36.721],[127.95,36.713],[127.945,36.706],[127.933,36.704],[127.931,36.7],[127.932,36.696],[127.928,36.691],[127.926,36.691],[127.923,36.692],[127.915,36.694],[127.915,36.694],[127.914,36.693],[127.913,36.693],[127.905,36.693],[127.898,36.693],[127.888,36.692],[127.887,36.691],[127.882,36.684],[127.882,36.683],[127.874,36.682],[127.88,36.679],[127.885,36.679],[127.891,36.682],[127.895,36.681],[127.909,36.679],[127.916,36.672],[127.928,36.669],[127.932,36.665],[127.932,36.661],[127.934,36.653],[127.939,36.649],[127.938,36.646],[127.934,36.641],[127.935,36.635],[127.935,36.631],[127.933,36.62],[127.926,36.617],[127.924,36.615],[127.925,36.603],[127.92,36.601],[127.918,36.607],[127.914,36.612],[127.911,36.617],[127.909,36.624],[127.902,36.628],[127.902,36.628],[127.9,36.627],[127.897,36.627],[127.89,36.629],[127.889,36.631],[127.888,36.635],[127.889,36.636],[127.889,36.638],[127.889,36.64],[127.887,36.642],[127.886,36.642],[127.882,36.647],[127.88,36.657],[127.88,36.657],[127.876,36.656],[127.873,36.653],[127.872,36.65],[127.864,36.641],[127.862,36.636],[127.854,36.635],[127.847,36.634],[127.849,36.632],[127.849,36.626],[127.848,36.624],[127.853,36.618],[127.854,36.618],[127.858,36.614],[127.852,36.613],[127.849,36.613],[127.84,36.609],[127.836,36.611],[127.829,36.612],[127.826,36.612],[127.821,36.612],[127.82,36.61],[127.813,36.608],[127.806,36.604],[127.799,36.602],[127.798,36.601],[127.797,36.6],[127.799,36.591],[127.799,36.588],[127.798,36.586],[127.803,36.584],[127.805,36.583],[127.808,36.58],[127.816,36.578],[127.817,36.577],[127.822,36.573],[127.827,36.572],[127.835,36.572],[127.837,36.57],[127.849,36.571],[127.86,36.568],[127.865,36.564],[127.869,36.56],[127.873,36.551],[127.87,36.543],[127.874,36.541],[127.875,36.538],[127.88,36.535],[127.889,36.534],[127.893,36.531],[127.895,36.531],[127.902,36.528],[127.901,36.526],[127.902,36.52],[127.903,36.514],[127.903,36.511],[127.906,36.507],[127.905,36.504],[127.896,36.499],[127.893,36.496],[127.885,36.493],[127.88,36.491],[127.876,36.486],[127.877,36.482],[127.882,36.475],[127.88,36.471],[127.881,36.469],[127.879,36.467],[127.879,36.466],[127.882,36.462],[127.879,36.456],[127.88,36.454],[127.878,36.45],[127.875,36.449],[127.874,36.445],[127.873,36.442],[127.875,36.433],[127.875,36.427],[127.874,36.424],[127.881,36.424],[127.883,36.422],[127.879,36.417],[127.877,36.416],[127.873,36.408],[127.874,36.407],[127.871,36.404],[127.867,36.403],[127.865,36.399],[127.866,36.395],[127.865,36.394],[127.863,36.394],[127.866,36.392],[127.877,36.389],[127.878,36.385],[127.882,36.382],[127.884,36.38],[127.883,36.377],[127.883,36.375],[127.88,36.371],[127.886,36.367],[127.886,36.365],[127.888,36.363],[127.891,36.36],[127.886,36.355],[127.885,36.351],[127.885,36.349],[127.879,36.345],[127.874,36.345],[127.871,36.342],[127.87,36.34],[127.864,36.335],[127.856,36.331],[127.851,36.327],[127.851,36.323],[127.85,36.32],[127.846,36.318],[127.845,36.316],[127.842,36.308],[127.843,36.306],[127.845,36.304],[127.846,36.297],[127.847,36.291],[127.849,36.289],[127.85,36.282],[127.851,36.275],[127.862,36.277],[127.87,36.277],[127.878,36.275],[127.883,36.274],[127.889,36.287],[127.898,36.298],[127.904,36.301],[127.905,36.3],[127.906,36.289],[127.908,36.286],[127.923,36.279],[127.934,36.276],[127.938,36.269],[127.947,36.267],[127.948,36.262],[127.951,36.257],[127.955,36.257],[127.96,36.252],[127.963,36.252],[127.967,36.251],[127.968,36.25],[127.979,36.256],[127.978,36.257],[127.977,36.259],[127.982,36.263],[127.991,36.263],[127.992,36.265],[127.994,36.267],[127.998,36.268],[128.001,36.267],[128.006,36.27],[128.01,36.272],[128.015,36.269],[128.02,36.267],[128.024,36.268],[128.027,36.265],[128.044,36.258],[128.046,36.252],[128.039,36.251],[128.036,36.243],[128.032,36.242],[128.032,36.236],[128.035,36.233],[128.04,36.225],[128.039,36.223],[128.048,36.216],[128.05,36.217],[128.05,36.215],[128.05,36.211],[128.049,36.21],[128.056,36.202],[128.055,36.2],[128.053,36.201],[128.049,36.199],[128.045,36.196],[128.038,36.194],[128.031,36.202],[128.02,36.208],[128.012,36.209],[128.008,36.209],[128.006,36.207],[128.0,36.207],[127.996,36.205],[127.993,36.2],[127.991,36.2],[127.984,36.201],[127.98,36.196],[127.977,36.192],[127.979,36.184],[127.983,36.178],[127.984,36.176],[127.983,36.17],[127.99,36.164],[127.991,36.158],[127.996,36.157],[127.996,36.154],[127.988,36.148],[127.988,36.145],[127.987,36.14],[127.989,36.134],[127.988,36.13],[127.986,36.128],[127.976,36.123],[127.97,36.122],[127.968,36.119],[127.967,36.116],[127.966,36.11],[127.968,36.107],[127.967,36.1],[127.964,36.096],[127.959,36.091],[127.959,36.086],[127.962,36.083],[127.958,36.069],[127.953,36.066],[127.952,36.064],[127.945,36.057],[127.936,36.051],[127.933,36.051],[127.929,36.05],[127.926,36.052],[127.918,36.054],[127.913,36.051],[127.91,36.051],[127.906,36.047],[127.903,36.039],[127.89,36.036],[127.886,36.036],[127.883,36.029],[127.877,36.023],[127.873,36.023],[127.864,36.026],[127.861,36.031],[127.859,36.032],[127.853,36.038],[127.851,36.039],[127.846,36.039],[127.842,36.037],[127.836,36.036],[127.83,36.035],[127.819,36.029],[127.81,36.027],[127.801,36.027],[127.797,36.025],[127.79,36.018],[127.79,36.017],[127.788,36.015],[127.785,36.016],[127.783,36.017],[127.78,36.016],[127.775,36.015],[127.772,36.014],[127.768,36.012],[127.764,36.012],[127.761,36.013],[127.76,36.015],[127.759,36.016],[127.761,36.018],[127.763,36.022],[127.762,36.023],[127.762,36.024],[127.761,36.025],[127.76,36.026],[127.758,36.025],[127.756,36.024],[127.752,36.026],[127.75,36.027],[127.749,36.028],[127.748,36.03],[127.744,36.027],[127.743,36.025],[127.741,36.025],[127.74,36.025],[127.739,36.026],[127.737,36.03],[127.736,36.032],[127.733,36.032],[127.73,36.032],[127.721,36.032],[127.719,36.033],[127.718,36.034],[127.717,36.035],[127.713,36.036],[127.707,36.035],[127.702,36.035],[127.695,36.046],[127.696,36.054],[127.693,36.058],[127.69,36.059],[127.688,36.063],[127.684,36.061],[127.682,36.059],[127.67,36.051],[127.672,36.043],[127.669,36.039],[127.659,36.04],[127.655,36.052],[127.655,36.054],[127.655,36.055],[127.653,36.057],[127.651,36.057],[127.65,36.057],[127.649,36.059],[127.648,36.063],[127.644,36.067],[127.638,36.068],[127.635,36.073],[127.633,36.081],[127.631,36.083],[127.628,36.086],[127.62,36.091],[127.619,36.091],[127.617,36.095],[127.617,36.098],[127.618,36.106],[127.616,36.112],[127.613,36.112],[127.612,36.114],[127.61,36.119],[127.593,36.13],[127.59,36.133],[127.589,36.135],[127.59,36.135],[127.59,36.136],[127.591,36.139],[127.59,36.143],[127.595,36.153],[127.597,36.154],[127.601,36.158],[127.601,36.161],[127.601,36.167],[127.599,36.174],[127.597,36.174],[127.593,36.177],[127.595,36.18],[127.597,36.187],[127.593,36.192],[127.592,36.195],[127.598,36.201],[127.6,36.205],[127.598,36.211],[127.598,36.217],[127.591,36.222],[127.586,36.228],[127.58,36.233],[127.569,36.233],[127.566,36.231],[127.564,36.228],[127.563,36.228],[127.558,36.228],[127.548,36.225],[127.545,36.226],[127.545,36.228],[127.547,36.232],[127.55,36.239],[127.545,36.241],[127.535,36.247],[127.537,36.251],[127.533,36.251],[127.519,36.242],[127.516,36.241],[127.511,36.24],[127.509,36.239],[127.499,36.238],[127.493,36.238],[127.493,36.24],[127.492,36.244],[127.49,36.245],[127.488,36.252],[127.489,36.253],[127.49,36.258],[127.489,36.258],[127.486,36.26],[127.488,36.267],[127.497,36.279],[127.498,36.286],[127.492,36.296],[127.491,36.297],[127.492,36.3],[127.496,36.301],[127.498,36.305],[127.499,36.307],[127.495,36.312],[127.497,36.319],[127.499,36.32],[127.503,36.326],[127.502,36.329],[127.501,36.337],[127.501,36.339],[127.501,36.34],[127.508,36.344],[127.513,36.347],[127.522,36.354],[127.523,36.357],[127.523,36.357],[127.522,36.358],[127.524,36.366],[127.525,36.368],[127.527,36.37],[127.534,36.394],[127.544,36.396],[127.55,36.397],[127.555,36.395],[127.559,36.4],[127.558,36.4],[127.555,36.4],[127.552,36.405],[127.55,36.407],[127.546,36.409],[127.542,36.416],[127.54,36.421],[127.527,36.421],[127.523,36.423],[127.519,36.42],[127.517,36.422],[127.515,36.422],[127.512,36.413],[127.511,36.41],[127.511,36.41],[127.508,36.408],[127.502,36.409],[127.497,36.416],[127.497,36.416],[127.497,36.417],[127.497,36.418],[127.494,36.425],[127.491,36.43],[127.49,36.433],[127.491,36.436],[127.493,36.44],[127.494,36.442],[127.498,36.445],[127.499,36.446],[127.501,36.448],[127.504,36.452],[127.503,36.456],[127.499,36.456],[127.494,36.454],[127.488,36.453],[127.483,36.453],[127.479,36.457],[127.478,36.458],[127.477,36.459],[127.478,36.46],[127.478,36.461],[127.48,36.465],[127.481,36.465],[127.481,36.466],[127.483,36.47],[127.485,36.475],[127.48,36.477],[127.475,36.476],[127.472,36.475],[127.47,36.474],[127.464,36.465],[127.464,36.463],[127.464,36.46],[127.462,36.455],[127.458,36.452],[127.453,36.45],[127.444,36.45],[127.442,36.452],[127.442,36.452],[127.438,36.456],[127.426,36.457],[127.418,36.455],[127.416,36.455],[127.413,36.455],[127.401,36.457],[127.401,36.466],[127.401,36.467],[127.402,36.473],[127.403,36.475],[127.404,36.477],[127.404,36.48],[127.404,36.483],[127.396,36.492],[127.409,36.495],[127.411,36.498],[127.409,36.499],[127.408,36.503],[127.409,36.51],[127.405,36.512],[127.404,36.517],[127.401,36.518],[127.398,36.521],[127.402,36.524],[127.407,36.523],[127.409,36.525],[127.407,36.53],[127.405,36.536],[127.405,36.537],[127.402,36.541],[127.4,36.542],[127.398,36.54],[127.39,36.54],[127.384,36.542],[127.384,36.543],[127.384,36.545],[127.383,36.548],[127.379,36.55],[127.379,36.552],[127.379,36.553],[127.378,36.555],[127.376,36.558],[127.375,36.558],[127.374,36.558],[127.373,36.56],[127.373,36.56],[127.376,36.56],[127.378,36.563],[127.377,36.568],[127.365,36.564],[127.362,36.564],[127.361,36.563],[127.361,36.562],[127.358,36.562],[127.352,36.562],[127.349,36.564],[127.344,36.564],[127.338,36.562],[127.335,36.568],[127.336,36.569],[127.336,36.571],[127.331,36.575],[127.327,36.576],[127.321,36.584],[127.319,36.584],[127.313,36.583],[127.306,36.583],[127.304,36.583],[127.3,36.586],[127.3,36.588],[127.3,36.588],[127.304,36.59],[127.304,36.59],[127.305,36.592],[127.305,36.593],[127.305,36.594],[127.305,36.596],[127.306,36.598],[127.307,36.6],[127.307,36.601],[127.306,36.602],[127.305,36.604],[127.304,36.605],[127.303,36.606],[127.302,36.612],[127.3,36.618],[127.299,36.619],[127.296,36.619],[127.296,36.62],[127.296,36.621],[127.296,36.624],[127.296,36.625],[127.295,36.624],[127.293,36.625],[127.292,36.625],[127.292,36.626],[127.291,36.627],[127.291,36.631],[127.291,36.632],[127.291,36.633],[127.292,36.633],[127.292,36.635],[127.292,36.636],[127.291,36.637],[127.29,36.637],[127.281,36.634],[127.279,36.634],[127.279,36.634],[127.276,36.64],[127.279,36.641],[127.28,36.641],[127.282,36.645],[127.289,36.659],[127.294,36.66],[127.302,36.666],[127.305,36.668],[127.308,36.678],[127.302,36.686],[127.293,36.687],[127.289,36.69],[127.286,36.691],[127.289,36.695],[127.293,36.697],[127.301,36.7],[127.308,36.704],[127.307,36.708],[127.306,36.708],[127.308,36.713],[127.308,36.718],[127.309,36.722],[127.31,36.724]]]]}},{"type":"Feature","properties":{"sido_short":"충남","sido_nm":"충청남도","시도":"충남"},"geometry":{"type":"MultiPolygon","coordinates":[[[[126.644,36.051],[126.644,36.051],[126.644,36.051],[126.64,36.05],[126.632,36.048],[126.635,36.049],[126.643,36.051],[126.644,36.051]]],[[[126.644,36.051],[126.645,36.052],[126.646,36.052],[126.644,36.051]]],[[[126.375,36.597],[126.375,36.597],[126.375,36.597],[126.375,36.597],[126.375,36.597]]],[[[126.375,36.597],[126.376,36.599],[126.377,36.604],[126.377,36.604],[126.378,36.604],[126.378,36.604],[126.378,36.604],[126.38,36.606],[126.38,36.607],[126.381,36.607],[126.382,36.607],[126.382,36.606],[126.382,36.606],[126.382,36.606],[126.381,36.606],[126.381,36.606],[126.381,36.606],[126.381,36.606],[126.381,36.606],[126.381,36.606],[126.381,36.606],[126.381,36.606],[126.381,36.606],[126.381,36.606],[126.381,36.606],[126.381,36.606],[126.381,36.606],[126.381,36.606],[126.38,36.604],[126.381,36.602],[126.381,36.602],[126.385,36.604],[126.386,36.603],[126.381,36.592],[126.381,36.592],[126.38,36.593],[126.379,36.596],[126.379,36.597],[126.375,36.597]]],[[[126.375,36.597],[126.374,36.589],[126.374,36.583],[126.374,36.583],[126.374,36.581],[126.374,36.581],[126.375,36.581],[126.375,36.581],[126.375,36.581],[126.375,36.581],[126.375,36.581],[126.376,36.58],[126.375,36.579],[126.373,36.577],[126.368,36.576],[126.365,36.577],[126.365,36.577],[126.364,36.578],[126.364,36.577],[126.363,36.577],[126.359,36.572],[126.363,36.567],[126.365,36.567],[126.366,36.567],[126.375,36.565],[126.375,36.565],[126.375,36.564],[126.375,36.563],[126.375,36.563],[126.374,36.562],[126.374,36.562],[126.378,36.553],[126.379,36.549],[126.379,36.549],[126.377,36.543],[126.375,36.543],[126.375,36.542],[126.381,36.533],[126.382,36.529],[126.383,36.529],[126.383,36.529],[126.383,36.529],[126.383,36.529],[126.384,36.528],[126.385,36.528],[126.386,36.527],[126.386,36.527],[126.386,36.527],[126.387,36.524],[126.385,36.521],[126.383,36.52],[126.383,36.52],[126.383,36.52],[126.383,36.52],[126.382,36.52],[126.378,36.519],[126.378,36.519],[126.38,36.516],[126.381,36.514],[126.384,36.515],[126.394,36.515],[126.395,36.514],[126.395,36.514],[126.395,36.514],[126.395,36.514],[126.395,36.514],[126.395,36.513],[126.395,36.513],[126.395,36.513],[126.395,36.513],[126.392,36.512],[126.392,36.511],[126.391,36.509],[126.391,36.509],[126.392,36.509],[126.392,36.509],[126.394,36.51],[126.395,36.511],[126.396,36.511],[126.397,36.511],[126.398,36.511],[126.398,36.51],[126.398,36.51],[126.397,36.508],[126.398,36.507],[126.398,36.506],[126.399,36.506],[126.399,36.506],[126.4,36.506],[126.4,36.507],[126.4,36.507],[126.402,36.505],[126.402,36.505],[126.402,36.502],[126.402,36.502],[126.402,36.501],[126.402,36.501],[126.403,36.501],[126.403,36.501],[126.403,36.499],[126.403,36.499],[126.402,36.497],[126.401,36.497],[126.401,36.497],[126.401,36.497],[126.399,36.497],[126.398,36.491],[126.399,36.488],[126.399,36.488],[126.406,36.488],[126.407,36.489],[126.407,36.49],[126.407,36.49],[126.409,36.493],[126.409,36.493],[126.409,36.493],[126.409,36.493],[126.41,36.493],[126.41,36.493],[126.41,36.492],[126.408,36.476],[126.409,36.475],[126.411,36.473],[126.415,36.468],[126.416,36.465],[126.416,36.465],[126.416,36.465],[126.416,36.465],[126.417,36.465],[126.417,36.465],[126.417,36.465],[126.417,36.465],[126.417,36.465],[126.417,36.465],[126.417,36.465],[126.417,36.462],[126.415,36.462],[126.415,36.462],[126.415,36.462],[126.415,36.462],[126.415,36.462],[126.413,36.462],[126.413,36.462],[126.413,36.462],[126.413,36.461],[126.411,36.46],[126.411,36.458],[126.409,36.457],[126.409,36.457],[126.406,36.453],[126.406,36.453],[126.406,36.453],[126.406,36.453],[126.406,36.453],[126.407,36.453],[126.409,36.452],[126.414,36.451],[126.414,36.451],[126.415,36.451],[126.415,36.45],[126.415,36.45],[126.416,36.45],[126.421,36.443],[126.421,36.44],[126.422,36.44],[126.43,36.438],[126.43,36.438],[126.431,36.438],[126.432,36.437],[126.432,36.437],[126.429,36.434],[126.428,36.433],[126.428,36.432],[126.428,36.432],[126.431,36.427],[126.432,36.424],[126.433,36.423],[126.434,36.423],[126.434,36.423],[126.435,36.422],[126.435,36.422],[126.435,36.422],[126.434,36.418],[126.431,36.418],[126.431,36.418],[126.431,36.418],[126.43,36.418],[126.428,36.417],[126.423,36.411],[126.422,36.41],[126.427,36.401],[126.427,36.401],[126.427,36.401],[126.428,36.401],[126.428,36.401],[126.428,36.401],[126.427,36.399],[126.421,36.4],[126.421,36.401],[126.421,36.401],[126.421,36.402],[126.421,36.402],[126.421,36.403],[126.419,36.406],[126.418,36.406],[126.415,36.406],[126.414,36.406],[126.414,36.406],[126.414,36.406],[126.413,36.405],[126.412,36.406],[126.413,36.409],[126.413,36.411],[126.413,36.411],[126.411,36.413],[126.41,36.413],[126.409,36.414],[126.408,36.414],[126.407,36.414],[126.406,36.414],[126.405,36.413],[126.402,36.412],[126.398,36.416],[126.398,36.416],[126.398,36.418],[126.397,36.419],[126.39,36.422],[126.38,36.421],[126.379,36.42],[126.379,36.419],[126.38,36.415],[126.373,36.411],[126.372,36.411],[126.37,36.412],[126.369,36.413],[126.367,36.415],[126.366,36.416],[126.364,36.416],[126.362,36.416],[126.361,36.419],[126.361,36.42],[126.361,36.42],[126.36,36.421],[126.358,36.424],[126.357,36.425],[126.357,36.425],[126.354,36.425],[126.354,36.425],[126.354,36.425],[126.354,36.425],[126.353,36.424],[126.351,36.425],[126.351,36.426],[126.351,36.426],[126.352,36.426],[126.352,36.426],[126.354,36.428],[126.357,36.439],[126.358,36.44],[126.36,36.44],[126.361,36.44],[126.362,36.44],[126.362,36.44],[126.365,36.437],[126.365,36.437],[126.365,36.437],[126.365,36.437],[126.362,36.441],[126.354,36.442],[126.349,36.441],[126.349,36.441],[126.348,36.441],[126.348,36.441],[126.348,36.44],[126.348,36.44],[126.346,36.439],[126.335,36.442],[126.332,36.441],[126.332,36.441],[126.33,36.441],[126.331,36.444],[126.332,36.444],[126.332,36.444],[126.332,36.444],[126.333,36.445],[126.333,36.446],[126.333,36.447],[126.331,36.455],[126.33,36.46],[126.331,36.46],[126.331,36.462],[126.331,36.465],[126.329,36.467],[126.327,36.468],[126.326,36.468],[126.325,36.468],[126.324,36.468],[126.325,36.471],[126.329,36.475],[126.329,36.475],[126.329,36.477],[126.333,36.491],[126.333,36.495],[126.332,36.496],[126.332,36.497],[126.332,36.498],[126.331,36.499],[126.331,36.499],[126.331,36.5],[126.33,36.5],[126.33,36.5],[126.33,36.5],[126.334,36.502],[126.339,36.505],[126.339,36.506],[126.338,36.506],[126.338,36.507],[126.338,36.507],[126.337,36.506],[126.336,36.504],[126.336,36.504],[126.333,36.507],[126.333,36.509],[126.331,36.511],[126.329,36.512],[126.328,36.512],[126.328,36.513],[126.328,36.521],[126.33,36.524],[126.33,36.525],[126.331,36.525],[126.331,36.529],[126.331,36.53],[126.33,36.532],[126.33,36.534],[126.329,36.542],[126.329,36.543],[126.328,36.555],[126.323,36.561],[126.315,36.574],[126.315,36.577],[126.313,36.58],[126.312,36.583],[126.312,36.584],[126.312,36.586],[126.315,36.586],[126.319,36.586],[126.319,36.586],[126.319,36.585],[126.319,36.584],[126.319,36.584],[126.323,36.583],[126.325,36.588],[126.323,36.59],[126.322,36.598],[126.323,36.599],[126.324,36.599],[126.324,36.599],[126.335,36.606],[126.339,36.608],[126.341,36.608],[126.343,36.606],[126.343,36.606],[126.342,36.605],[126.342,36.605],[126.348,36.605],[126.348,36.605],[126.348,36.605],[126.349,36.61],[126.352,36.61],[126.353,36.61],[126.355,36.61],[126.356,36.61],[126.356,36.611],[126.36,36.612],[126.36,36.612],[126.36,36.611],[126.362,36.611],[126.364,36.61],[126.366,36.61],[126.367,36.607],[126.367,36.604],[126.368,36.6],[126.371,36.597],[126.373,36.596],[126.375,36.597]]],[[[126.142,36.723],[126.142,36.723],[126.142,36.722],[126.142,36.722],[126.142,36.723],[126.142,36.723]]],[[[126.158,36.754],[126.158,36.752],[126.16,36.75],[126.16,36.75],[126.16,36.75],[126.16,36.749],[126.16,36.749],[126.16,36.749],[126.16,36.749],[126.159,36.747],[126.159,36.747],[126.159,36.747],[126.159,36.747],[126.159,36.747],[126.159,36.747],[126.158,36.747],[126.157,36.748],[126.157,36.748],[126.158,36.754]]],[[[126.158,36.754],[126.159,36.754],[126.158,36.754],[126.158,36.754]]],[[[126.395,36.888],[126.395,36.887],[126.395,36.888],[126.395,36.888]]],[[[126.391,36.889],[126.39,36.889],[126.389,36.889],[126.391,36.889]]],[[[126.393,36.888],[126.391,36.889],[126.391,36.89],[126.391,36.889],[126.393,36.888]]],[[[126.695,37.0],[126.695,37.001],[126.695,37.001],[126.695,37.001],[126.696,37.002],[126.696,37.002],[126.695,37.0]]],[[[126.695,37.0],[126.695,37.0],[126.697,37.0],[126.698,36.999],[126.699,36.999],[126.701,36.997],[126.7,36.996],[126.7,36.996],[126.705,36.999],[126.721,36.991],[126.725,36.991],[126.732,36.988],[126.736,36.987],[126.736,36.987],[126.736,36.988],[126.737,36.988],[126.737,36.988],[126.739,36.988],[126.74,36.986],[126.742,36.985],[126.742,36.985],[126.742,36.985],[126.742,36.985],[126.742,36.985],[126.742,36.985],[126.742,36.985],[126.742,36.985],[126.742,36.985],[126.742,36.985],[126.742,36.985],[126.742,36.985],[126.742,36.985],[126.742,36.985],[126.742,36.985],[126.742,36.985],[126.742,36.985],[126.742,36.985],[126.743,36.985],[126.743,36.985],[126.743,36.985],[126.743,36.985],[126.743,36.985],[126.743,36.985],[126.743,36.985],[126.743,36.985],[126.743,36.985],[126.743,36.985],[126.743,36.985],[126.743,36.985],[126.743,36.985],[126.743,36.985],[126.743,36.985],[126.743,36.985],[126.743,36.985],[126.743,36.985],[126.743,36.985],[126.743,36.985],[126.743,36.985],[126.743,36.985],[126.743,36.985],[126.743,36.986],[126.743,36.986],[126.744,36.987],[126.745,36.988],[126.745,36.988],[126.746,36.988],[126.747,36.988],[126.747,36.988],[126.747,36.988],[126.747,36.988],[126.746,36.988],[126.746,36.988],[126.745,36.988],[126.745,36.987],[126.745,36.987],[126.745,36.987],[126.747,36.986],[126.748,36.986],[126.748,36.986],[126.75,36.987],[126.775,36.979],[126.783,36.975],[126.784,36.974],[126.784,36.972],[126.78,36.967],[126.781,36.965],[126.79,36.95],[126.794,36.944],[126.794,36.942],[126.794,36.942],[126.794,36.941],[126.793,36.94],[126.793,36.941],[126.793,36.941],[126.792,36.941],[126.792,36.94],[126.792,36.938],[126.792,36.937],[126.799,36.928],[126.801,36.926],[126.802,36.925],[126.804,36.925],[126.806,36.929],[126.805,36.93],[126.805,36.93],[126.805,36.93],[126.805,36.93],[126.805,36.93],[126.805,36.93],[126.805,36.93],[126.805,36.93],[126.806,36.931],[126.806,36.931],[126.807,36.931],[126.807,36.931],[126.807,36.931],[126.81,36.929],[126.81,36.929],[126.811,36.927],[126.812,36.926],[126.813,36.924],[126.813,36.918],[126.815,36.91],[126.815,36.909],[126.815,36.905],[126.815,36.904],[126.823,36.893],[126.828,36.888],[126.847,36.884],[126.863,36.88],[126.863,36.88],[126.865,36.881],[126.865,36.881],[126.88,36.886],[126.883,36.887],[126.884,36.887],[126.895,36.888],[126.903,36.888],[126.906,36.889],[126.91,36.891],[126.911,36.892],[126.911,36.893],[126.911,36.897],[126.932,36.913],[126.952,36.92],[126.972,36.925],[126.985,36.932],[126.995,36.935],[126.998,36.935],[127.0,36.934],[127.003,36.934],[127.003,36.934],[127.003,36.935],[127.008,36.936],[127.019,36.934],[127.021,36.932],[127.022,36.931],[127.032,36.928],[127.035,36.93],[127.038,36.932],[127.042,36.933],[127.053,36.935],[127.065,36.942],[127.065,36.942],[127.068,36.942],[127.068,36.942],[127.072,36.941],[127.073,36.94],[127.074,36.94],[127.075,36.94],[127.088,36.947],[127.091,36.945],[127.094,36.942],[127.096,36.943],[127.1,36.95],[127.103,36.953],[127.103,36.953],[127.099,36.955],[127.098,36.954],[127.096,36.956],[127.104,36.965],[127.105,36.966],[127.106,36.966],[127.107,36.966],[127.111,36.971],[127.112,36.973],[127.113,36.973],[127.114,36.973],[127.114,36.972],[127.114,36.972],[127.114,36.971],[127.115,36.971],[127.115,36.971],[127.116,36.971],[127.117,36.971],[127.118,36.971],[127.118,36.971],[127.12,36.97],[127.123,36.968],[127.125,36.968],[127.13,36.966],[127.136,36.968],[127.136,36.968],[127.144,36.971],[127.146,36.971],[127.147,36.971],[127.148,36.97],[127.149,36.97],[127.152,36.969],[127.159,36.97],[127.155,36.967],[127.154,36.966],[127.155,36.964],[127.163,36.963],[127.165,36.962],[127.171,36.963],[127.175,36.962],[127.179,36.96],[127.179,36.958],[127.181,36.957],[127.189,36.954],[127.192,36.952],[127.197,36.952],[127.2,36.952],[127.203,36.951],[127.207,36.946],[127.211,36.938],[127.211,36.937],[127.211,36.935],[127.211,36.935],[127.21,36.933],[127.21,36.931],[127.219,36.93],[127.22,36.93],[127.227,36.926],[127.229,36.924],[127.235,36.924],[127.236,36.924],[127.237,36.923],[127.239,36.919],[127.248,36.919],[127.249,36.921],[127.25,36.921],[127.255,36.92],[127.258,36.917],[127.262,36.915],[127.274,36.91],[127.277,36.907],[127.278,36.907],[127.28,36.904],[127.279,36.9],[127.286,36.895],[127.288,36.894],[127.295,36.891],[127.299,36.89],[127.308,36.885],[127.31,36.876],[127.31,36.868],[127.306,36.863],[127.307,36.862],[127.312,36.858],[127.315,36.859],[127.321,36.858],[127.326,36.858],[127.335,36.856],[127.337,36.854],[127.336,36.849],[127.337,36.845],[127.335,36.842],[127.334,36.838],[127.335,36.834],[127.334,36.832],[127.337,36.83],[127.343,36.83],[127.351,36.831],[127.355,36.829],[127.358,36.827],[127.357,36.824],[127.364,36.82],[127.367,36.817],[127.369,36.816],[127.374,36.816],[127.384,36.812],[127.386,36.81],[127.389,36.808],[127.392,36.807],[127.396,36.801],[127.401,36.798],[127.398,36.791],[127.395,36.784],[127.396,36.782],[127.397,36.782],[127.401,36.777],[127.403,36.774],[127.411,36.773],[127.414,36.77],[127.42,36.762],[127.42,36.761],[127.42,36.758],[127.42,36.758],[127.419,36.757],[127.416,36.757],[127.415,36.757],[127.414,36.757],[127.413,36.757],[127.412,36.757],[127.412,36.757],[127.411,36.755],[127.41,36.752],[127.408,36.752],[127.404,36.746],[127.396,36.748],[127.395,36.75],[127.395,36.751],[127.389,36.754],[127.385,36.76],[127.379,36.759],[127.375,36.758],[127.372,36.758],[127.367,36.761],[127.357,36.759],[127.354,36.755],[127.347,36.753],[127.336,36.753],[127.335,36.751],[127.335,36.746],[127.337,36.743],[127.338,36.742],[127.343,36.736],[127.339,36.73],[127.337,36.729],[127.333,36.731],[127.33,36.734],[127.329,36.735],[127.325,36.734],[127.321,36.729],[127.321,36.728],[127.32,36.728],[127.32,36.727],[127.317,36.725],[127.317,36.724],[127.311,36.724],[127.309,36.722],[127.308,36.718],[127.308,36.713],[127.306,36.708],[127.307,36.708],[127.308,36.704],[127.301,36.7],[127.293,36.697],[127.289,36.695],[127.285,36.691],[127.278,36.691],[127.276,36.693],[127.274,36.695],[127.274,36.695],[127.27,36.694],[127.267,36.693],[127.257,36.693],[127.252,36.697],[127.248,36.695],[127.244,36.698],[127.237,36.705],[127.237,36.705],[127.237,36.707],[127.234,36.709],[127.231,36.709],[127.231,36.708],[127.23,36.708],[127.224,36.711],[127.224,36.712],[127.224,36.714],[127.224,36.716],[127.219,36.715],[127.216,36.716],[127.212,36.718],[127.208,36.72],[127.204,36.722],[127.204,36.725],[127.199,36.727],[127.189,36.728],[127.189,36.728],[127.18,36.729],[127.174,36.729],[127.173,36.729],[127.172,36.731],[127.171,36.732],[127.167,36.733],[127.16,36.733],[127.156,36.727],[127.156,36.727],[127.155,36.728],[127.149,36.721],[127.149,36.721],[127.147,36.719],[127.128,36.709],[127.128,36.708],[127.13,36.707],[127.134,36.707],[127.135,36.706],[127.141,36.697],[127.143,36.692],[127.142,36.691],[127.149,36.69],[127.157,36.691],[127.157,36.696],[127.16,36.693],[127.161,36.69],[127.161,36.688],[127.164,36.681],[127.163,36.676],[127.159,36.672],[127.157,36.669],[127.156,36.663],[127.156,36.654],[127.153,36.645],[127.157,36.64],[127.157,36.632],[127.156,36.63],[127.159,36.626],[127.16,36.625],[127.16,36.624],[127.155,36.624],[127.153,36.622],[127.151,36.618],[127.155,36.617],[127.156,36.614],[127.155,36.607],[127.158,36.606],[127.166,36.603],[127.173,36.596],[127.177,36.596],[127.178,36.597],[127.182,36.596],[127.184,36.591],[127.187,36.592],[127.187,36.593],[127.188,36.594],[127.19,36.595],[127.191,36.594],[127.191,36.592],[127.189,36.586],[127.194,36.581],[127.197,36.581],[127.199,36.582],[127.2,36.583],[127.206,36.58],[127.208,36.578],[127.206,36.575],[127.204,36.571],[127.199,36.565],[127.196,36.565],[127.193,36.564],[127.189,36.557],[127.186,36.552],[127.192,36.547],[127.192,36.546],[127.181,36.546],[127.179,36.545],[127.174,36.542],[127.174,36.538],[127.176,36.529],[127.178,36.528],[127.178,36.518],[127.174,36.516],[127.17,36.509],[127.178,36.502],[127.173,36.497],[127.18,36.492],[127.182,36.493],[127.185,36.493],[127.195,36.49],[127.195,36.486],[127.194,36.484],[127.195,36.469],[127.199,36.466],[127.201,36.467],[127.203,36.465],[127.201,36.454],[127.199,36.452],[127.2,36.45],[127.202,36.447],[127.201,36.441],[127.199,36.44],[127.203,36.438],[127.208,36.436],[127.213,36.435],[127.22,36.43],[127.225,36.427],[127.226,36.422],[127.228,36.423],[127.232,36.422],[127.232,36.42],[127.24,36.418],[127.25,36.409],[127.25,36.408],[127.257,36.408],[127.258,36.408],[127.258,36.408],[127.259,36.41],[127.259,36.411],[127.259,36.413],[127.259,36.414],[127.26,36.416],[127.263,36.417],[127.266,36.417],[127.268,36.417],[127.273,36.415],[127.275,36.414],[127.276,36.414],[127.277,36.414],[127.277,36.414],[127.277,36.414],[127.278,36.415],[127.281,36.415],[127.282,36.415],[127.281,36.403],[127.278,36.397],[127.279,36.391],[127.278,36.387],[127.279,36.38],[127.28,36.379],[127.28,36.379],[127.277,36.369],[127.277,36.364],[127.273,36.363],[127.271,36.357],[127.274,36.353],[127.278,36.348],[127.279,36.345],[127.276,36.344],[127.266,36.338],[127.267,36.335],[127.268,36.331],[127.266,36.329],[127.265,36.328],[127.261,36.327],[127.261,36.325],[127.26,36.32],[127.259,36.319],[127.258,36.315],[127.26,36.303],[127.259,36.297],[127.259,36.296],[127.255,36.296],[127.254,36.297],[127.251,36.295],[127.25,36.294],[127.248,36.291],[127.254,36.282],[127.254,36.28],[127.258,36.277],[127.262,36.275],[127.265,36.274],[127.267,36.273],[127.27,36.271],[127.28,36.266],[127.282,36.265],[127.283,36.265],[127.285,36.265],[127.287,36.265],[127.287,36.265],[127.289,36.266],[127.29,36.266],[127.291,36.266],[127.292,36.265],[127.292,36.264],[127.289,36.262],[127.283,36.259],[127.282,36.258],[127.282,36.258],[127.283,36.256],[127.281,36.247],[127.282,36.241],[127.282,36.236],[127.284,36.235],[127.293,36.229],[127.293,36.228],[127.297,36.222],[127.302,36.222],[127.303,36.222],[127.304,36.224],[127.303,36.227],[127.306,36.227],[127.308,36.225],[127.31,36.225],[127.315,36.221],[127.317,36.218],[127.319,36.216],[127.322,36.213],[127.323,36.206],[127.323,36.205],[127.325,36.203],[127.328,36.204],[127.333,36.2],[127.332,36.188],[127.332,36.184],[127.334,36.183],[127.342,36.193],[127.348,36.198],[127.347,36.202],[127.347,36.204],[127.355,36.213],[127.36,36.216],[127.36,36.218],[127.361,36.218],[127.364,36.219],[127.364,36.223],[127.362,36.224],[127.36,36.226],[127.363,36.232],[127.365,36.244],[127.361,36.253],[127.36,36.255],[127.361,36.256],[127.36,36.262],[127.363,36.269],[127.369,36.269],[127.372,36.272],[127.378,36.271],[127.389,36.263],[127.39,36.261],[127.388,36.254],[127.387,36.253],[127.388,36.245],[127.391,36.243],[127.389,36.238],[127.387,36.234],[127.399,36.233],[127.405,36.222],[127.406,36.222],[127.407,36.221],[127.411,36.218],[127.408,36.213],[127.42,36.207],[127.421,36.208],[127.423,36.207],[127.425,36.206],[127.431,36.204],[127.434,36.198],[127.439,36.197],[127.441,36.196],[127.443,36.195],[127.45,36.198],[127.455,36.201],[127.456,36.204],[127.454,36.207],[127.458,36.209],[127.46,36.211],[127.46,36.213],[127.466,36.214],[127.47,36.215],[127.468,36.217],[127.467,36.222],[127.468,36.223],[127.477,36.226],[127.478,36.229],[127.483,36.23],[127.487,36.233],[127.49,36.233],[127.49,36.237],[127.495,36.238],[127.5,36.238],[127.509,36.239],[127.515,36.241],[127.517,36.241],[127.521,36.244],[127.536,36.251],[127.536,36.25],[127.535,36.247],[127.549,36.24],[127.55,36.238],[127.547,36.231],[127.545,36.228],[127.546,36.225],[127.549,36.225],[127.56,36.229],[127.563,36.228],[127.564,36.228],[127.567,36.232],[127.57,36.234],[127.584,36.231],[127.588,36.225],[127.593,36.221],[127.598,36.215],[127.599,36.21],[127.6,36.205],[127.597,36.2],[127.592,36.195],[127.595,36.19],[127.598,36.185],[127.595,36.179],[127.595,36.176],[127.598,36.174],[127.6,36.172],[127.601,36.166],[127.602,36.16],[127.599,36.155],[127.596,36.154],[127.594,36.15],[127.591,36.142],[127.591,36.137],[127.59,36.136],[127.589,36.135],[127.589,36.135],[127.59,36.133],[127.599,36.124],[127.611,36.116],[127.612,36.113],[127.615,36.111],[127.619,36.109],[127.618,36.106],[127.618,36.096],[127.617,36.095],[127.619,36.091],[127.622,36.091],[127.628,36.085],[127.632,36.083],[127.634,36.076],[127.635,36.073],[127.638,36.068],[127.633,36.067],[127.624,36.067],[127.621,36.065],[127.621,36.06],[127.619,36.05],[127.62,36.047],[127.619,36.043],[127.621,36.04],[127.624,36.042],[127.627,36.043],[127.631,36.042],[127.632,36.037],[127.634,36.035],[127.637,36.035],[127.635,36.03],[127.632,36.032],[127.63,36.032],[127.629,36.032],[127.628,36.031],[127.627,36.028],[127.626,36.026],[127.621,36.025],[127.613,36.026],[127.611,36.026],[127.611,36.026],[127.611,36.025],[127.61,36.023],[127.613,36.022],[127.618,36.01],[127.616,36.003],[127.613,36.001],[127.61,36.004],[127.607,36.008],[127.608,36.01],[127.606,36.012],[127.6,36.012],[127.596,36.019],[127.594,36.02],[127.592,36.021],[127.592,36.023],[127.587,36.026],[127.583,36.027],[127.581,36.026],[127.57,36.027],[127.567,36.031],[127.561,36.033],[127.557,36.033],[127.552,36.033],[127.548,36.038],[127.539,36.039],[127.531,36.041],[127.532,36.035],[127.535,36.034],[127.537,36.032],[127.538,36.027],[127.539,36.026],[127.538,36.024],[127.536,36.021],[127.539,36.013],[127.54,36.012],[127.539,36.011],[127.532,36.008],[127.536,35.999],[127.532,35.991],[127.524,35.985],[127.521,35.985],[127.514,35.983],[127.51,35.98],[127.506,35.98],[127.502,35.985],[127.499,35.987],[127.49,35.982],[127.49,35.98],[127.488,35.978],[127.485,35.98],[127.476,35.981],[127.469,35.987],[127.468,35.988],[127.465,35.985],[127.464,35.984],[127.455,35.985],[127.455,35.986],[127.453,35.988],[127.449,35.994],[127.448,35.999],[127.444,36.004],[127.445,36.006],[127.443,36.008],[127.437,36.009],[127.437,36.011],[127.435,36.015],[127.437,36.02],[127.437,36.023],[127.435,36.029],[127.425,36.026],[127.42,36.023],[127.417,36.019],[127.413,36.015],[127.409,36.014],[127.408,36.014],[127.405,36.013],[127.404,36.011],[127.397,36.01],[127.394,36.013],[127.393,36.015],[127.393,36.016],[127.384,36.021],[127.376,36.023],[127.375,36.033],[127.373,36.038],[127.372,36.044],[127.366,36.049],[127.36,36.056],[127.362,36.059],[127.361,36.061],[127.362,36.064],[127.364,36.066],[127.362,36.069],[127.359,36.069],[127.36,36.072],[127.361,36.073],[127.359,36.081],[127.358,36.081],[127.357,36.082],[127.358,36.087],[127.36,36.089],[127.352,36.094],[127.349,36.095],[127.35,36.102],[127.353,36.106],[127.351,36.116],[127.344,36.119],[127.34,36.128],[127.34,36.129],[127.336,36.13],[127.331,36.13],[127.328,36.131],[127.326,36.131],[127.323,36.131],[127.321,36.125],[127.319,36.121],[127.315,36.119],[127.309,36.123],[127.306,36.126],[127.304,36.125],[127.297,36.123],[127.294,36.113],[127.289,36.113],[127.283,36.111],[127.273,36.107],[127.261,36.111],[127.261,36.111],[127.253,36.113],[127.25,36.11],[127.25,36.107],[127.246,36.103],[127.246,36.101],[127.248,36.094],[127.251,36.092],[127.253,36.085],[127.244,36.085],[127.237,36.091],[127.235,36.094],[127.229,36.098],[127.223,36.098],[127.222,36.097],[127.217,36.097],[127.214,36.098],[127.213,36.099],[127.212,36.101],[127.21,36.101],[127.207,36.1],[127.205,36.1],[127.205,36.096],[127.203,36.093],[127.201,36.092],[127.201,36.09],[127.199,36.086],[127.191,36.088],[127.19,36.089],[127.187,36.092],[127.183,36.095],[127.178,36.092],[127.174,36.089],[127.171,36.085],[127.164,36.085],[127.162,36.084],[127.154,36.085],[127.152,36.087],[127.148,36.09],[127.138,36.087],[127.134,36.081],[127.134,36.079],[127.134,36.07],[127.131,36.066],[127.131,36.066],[127.123,36.064],[127.12,36.066],[127.118,36.067],[127.116,36.068],[127.109,36.072],[127.101,36.076],[127.092,36.074],[127.09,36.073],[127.088,36.076],[127.073,36.085],[127.066,36.089],[127.061,36.094],[127.06,36.094],[127.061,36.097],[127.057,36.113],[127.061,36.117],[127.063,36.125],[127.057,36.127],[127.055,36.129],[127.045,36.135],[127.044,36.143],[127.045,36.146],[127.041,36.144],[127.04,36.141],[127.04,36.14],[127.04,36.138],[127.035,36.139],[127.031,36.138],[127.03,36.137],[127.03,36.137],[127.024,36.137],[127.021,36.138],[127.02,36.14],[127.018,36.144],[127.015,36.149],[127.014,36.148],[127.012,36.146],[127.01,36.146],[127.006,36.148],[127.006,36.147],[127.004,36.15],[127.001,36.148],[126.994,36.147],[126.989,36.147],[126.984,36.148],[126.981,36.148],[126.976,36.149],[126.967,36.154],[126.963,36.156],[126.957,36.157],[126.943,36.153],[126.939,36.151],[126.931,36.143],[126.922,36.139],[126.92,36.137],[126.92,36.136],[126.913,36.136],[126.908,36.139],[126.904,36.141],[126.895,36.142],[126.889,36.139],[126.884,36.134],[126.88,36.126],[126.875,36.113],[126.874,36.107],[126.874,36.106],[126.874,36.09],[126.871,36.072],[126.868,36.062],[126.864,36.06],[126.848,36.055],[126.84,36.053],[126.834,36.052],[126.821,36.05],[126.817,36.045],[126.812,36.04],[126.806,36.034],[126.797,36.033],[126.787,36.032],[126.767,36.029],[126.762,36.026],[126.752,36.026],[126.746,36.023],[126.744,36.018],[126.743,36.016],[126.742,36.014],[126.741,36.009],[126.736,36.0],[126.73,36.003],[126.723,36.0],[126.72,36.001],[126.719,36.002],[126.716,36.003],[126.708,36.005],[126.688,36.007],[126.684,36.009],[126.676,36.009],[126.676,36.009],[126.668,36.004],[126.668,36.004],[126.661,36.006],[126.661,36.006],[126.661,36.006],[126.661,36.008],[126.661,36.008],[126.662,36.006],[126.663,36.009],[126.664,36.015],[126.664,36.02],[126.664,36.021],[126.663,36.026],[126.663,36.027],[126.663,36.027],[126.662,36.027],[126.662,36.027],[126.662,36.028],[126.662,36.028],[126.662,36.028],[126.666,36.029],[126.669,36.031],[126.669,36.031],[126.667,36.034],[126.666,36.034],[126.664,36.037],[126.662,36.04],[126.66,36.042],[126.659,36.043],[126.659,36.043],[126.659,36.043],[126.659,36.044],[126.656,36.046],[126.655,36.047],[126.653,36.047],[126.653,36.047],[126.653,36.047],[126.65,36.048],[126.649,36.049],[126.648,36.05],[126.646,36.053],[126.646,36.053],[126.646,36.053],[126.646,36.053],[126.645,36.057],[126.645,36.057],[126.632,36.056],[126.632,36.067],[126.632,36.069],[126.632,36.071],[126.632,36.072],[126.632,36.075],[126.631,36.076],[126.631,36.077],[126.628,36.08],[126.624,36.081],[126.624,36.081],[126.624,36.081],[126.624,36.08],[126.623,36.08],[126.623,36.08],[126.623,36.079],[126.623,36.079],[126.623,36.078],[126.62,36.077],[126.619,36.077],[126.619,36.078],[126.62,36.081],[126.622,36.081],[126.622,36.081],[126.622,36.081],[126.622,36.081],[126.623,36.081],[126.623,36.081],[126.623,36.081],[126.623,36.081],[126.623,36.081],[126.623,36.081],[126.623,36.081],[126.624,36.082],[126.624,36.082],[126.624,36.082],[126.624,36.082],[126.624,36.083],[126.624,36.083],[126.624,36.083],[126.624,36.083],[126.624,36.084],[126.624,36.084],[126.624,36.084],[126.624,36.084],[126.624,36.084],[126.624,36.084],[126.624,36.084],[126.625,36.084],[126.63,36.082],[126.631,36.082],[126.631,36.082],[126.632,36.082],[126.633,36.082],[126.633,36.082],[126.634,36.082],[126.636,36.084],[126.646,36.091],[126.645,36.094],[126.643,36.094],[126.641,36.093],[126.641,36.093],[126.641,36.091],[126.64,36.091],[126.64,36.091],[126.64,36.091],[126.64,36.091],[126.64,36.091],[126.638,36.092],[126.637,36.093],[126.637,36.093],[126.637,36.093],[126.637,36.093],[126.636,36.093],[126.634,36.093],[126.633,36.092],[126.632,36.092],[126.632,36.092],[126.632,36.092],[126.632,36.091],[126.631,36.092],[126.631,36.092],[126.631,36.092],[126.631,36.094],[126.631,36.094],[126.631,36.094],[126.631,36.094],[126.632,36.095],[126.632,36.096],[126.632,36.099],[126.621,36.102],[126.62,36.102],[126.618,36.102],[126.617,36.102],[126.617,36.102],[126.614,36.097],[126.608,36.101],[126.608,36.103],[126.607,36.105],[126.606,36.109],[126.602,36.112],[126.599,36.119],[126.599,36.119],[126.599,36.119],[126.598,36.12],[126.598,36.121],[126.598,36.121],[126.597,36.121],[126.597,36.121],[126.593,36.127],[126.593,36.127],[126.586,36.131],[126.582,36.133],[126.578,36.137],[126.574,36.139],[126.568,36.139],[126.568,36.139],[126.56,36.13],[126.556,36.128],[126.556,36.128],[126.555,36.133],[126.555,36.134],[126.555,36.134],[126.555,36.135],[126.554,36.137],[126.553,36.138],[126.551,36.139],[126.55,36.14],[126.547,36.143],[126.546,36.144],[126.545,36.145],[126.544,36.145],[126.538,36.148],[126.538,36.148],[126.536,36.149],[126.535,36.149],[126.533,36.15],[126.52,36.152],[126.519,36.152],[126.513,36.152],[126.51,36.151],[126.507,36.15],[126.507,36.15],[126.506,36.149],[126.506,36.149],[126.502,36.143],[126.501,36.141],[126.501,36.141],[126.503,36.135],[126.506,36.129],[126.507,36.129],[126.507,36.129],[126.508,36.129],[126.509,36.13],[126.509,36.13],[126.509,36.13],[126.509,36.129],[126.507,36.129],[126.507,36.128],[126.503,36.129],[126.498,36.132],[126.494,36.133],[126.493,36.137],[126.493,36.151],[126.493,36.159],[126.5,36.159],[126.502,36.157],[126.506,36.159],[126.512,36.159],[126.518,36.159],[126.519,36.16],[126.522,36.164],[126.526,36.169],[126.527,36.176],[126.524,36.182],[126.523,36.184],[126.523,36.184],[126.523,36.185],[126.524,36.185],[126.524,36.186],[126.524,36.187],[126.526,36.187],[126.525,36.188],[126.532,36.196],[126.537,36.2],[126.537,36.2],[126.537,36.2],[126.537,36.2],[126.537,36.2],[126.538,36.2],[126.538,36.201],[126.538,36.204],[126.536,36.21],[126.531,36.219],[126.53,36.222],[126.531,36.224],[126.531,36.225],[126.531,36.228],[126.531,36.229],[126.531,36.23],[126.531,36.231],[126.531,36.231],[126.531,36.231],[126.531,36.231],[126.531,36.232],[126.531,36.232],[126.53,36.232],[126.53,36.237],[126.531,36.241],[126.532,36.241],[126.533,36.242],[126.534,36.242],[126.535,36.243],[126.535,36.243],[126.535,36.244],[126.537,36.246],[126.54,36.249],[126.541,36.25],[126.541,36.25],[126.537,36.252],[126.54,36.261],[126.54,36.261],[126.54,36.261],[126.544,36.26],[126.544,36.26],[126.546,36.261],[126.546,36.261],[126.547,36.262],[126.548,36.263],[126.548,36.264],[126.548,36.265],[126.548,36.265],[126.548,36.267],[126.541,36.277],[126.54,36.278],[126.54,36.278],[126.54,36.278],[126.539,36.278],[126.539,36.278],[126.539,36.276],[126.539,36.276],[126.538,36.275],[126.536,36.276],[126.535,36.277],[126.535,36.278],[126.536,36.279],[126.537,36.279],[126.53,36.294],[126.528,36.297],[126.524,36.3],[126.522,36.3],[126.522,36.3],[126.521,36.3],[126.521,36.3],[126.521,36.3],[126.521,36.3],[126.521,36.3],[126.519,36.299],[126.519,36.299],[126.519,36.299],[126.519,36.298],[126.519,36.298],[126.519,36.298],[126.519,36.298],[126.519,36.298],[126.517,36.299],[126.517,36.3],[126.517,36.3],[126.517,36.3],[126.517,36.3],[126.517,36.3],[126.517,36.3],[126.518,36.3],[126.518,36.3],[126.518,36.301],[126.518,36.301],[126.518,36.302],[126.514,36.309],[126.513,36.311],[126.507,36.32],[126.504,36.33],[126.504,36.33],[126.505,36.33],[126.505,36.331],[126.505,36.331],[126.505,36.331],[126.505,36.331],[126.505,36.331],[126.506,36.331],[126.506,36.331],[126.506,36.331],[126.506,36.331],[126.506,36.331],[126.506,36.331],[126.506,36.331],[126.506,36.331],[126.506,36.331],[126.506,36.331],[126.506,36.331],[126.506,36.331],[126.506,36.331],[126.506,36.331],[126.506,36.331],[126.506,36.331],[126.506,36.331],[126.505,36.331],[126.505,36.33],[126.505,36.33],[126.508,36.328],[126.513,36.328],[126.516,36.328],[126.516,36.331],[126.516,36.332],[126.516,36.332],[126.516,36.332],[126.519,36.335],[126.52,36.335],[126.52,36.335],[126.521,36.336],[126.529,36.336],[126.531,36.337],[126.539,36.339],[126.543,36.339],[126.545,36.34],[126.546,36.342],[126.55,36.347],[126.558,36.35],[126.56,36.35],[126.56,36.351],[126.56,36.352],[126.554,36.354],[126.55,36.354],[126.55,36.354],[126.546,36.355],[126.546,36.355],[126.528,36.367],[126.522,36.372],[126.52,36.374],[126.516,36.375],[126.511,36.38],[126.51,36.381],[126.509,36.381],[126.507,36.38],[126.506,36.379],[126.502,36.38],[126.5,36.381],[126.502,36.383],[126.502,36.383],[126.504,36.384],[126.504,36.384],[126.505,36.384],[126.507,36.383],[126.508,36.384],[126.508,36.384],[126.509,36.385],[126.509,36.386],[126.507,36.385],[126.507,36.384],[126.507,36.384],[126.506,36.384],[126.495,36.383],[126.488,36.383],[126.486,36.383],[126.486,36.383],[126.48,36.385],[126.484,36.393],[126.485,36.394],[126.484,36.395],[126.485,36.398],[126.487,36.401],[126.487,36.404],[126.486,36.404],[126.486,36.404],[126.487,36.408],[126.49,36.416],[126.5,36.422],[126.499,36.423],[126.497,36.423],[126.497,36.423],[126.496,36.423],[126.495,36.425],[126.495,36.426],[126.495,36.426],[126.497,36.427],[126.497,36.427],[126.498,36.427],[126.498,36.427],[126.498,36.426],[126.499,36.426],[126.503,36.426],[126.506,36.428],[126.509,36.43],[126.51,36.432],[126.51,36.433],[126.511,36.434],[126.512,36.434],[126.513,36.434],[126.514,36.434],[126.517,36.438],[126.522,36.44],[126.524,36.44],[126.526,36.44],[126.53,36.44],[126.531,36.442],[126.527,36.445],[126.524,36.445],[126.524,36.444],[126.523,36.444],[126.522,36.443],[126.521,36.443],[126.521,36.444],[126.52,36.444],[126.512,36.44],[126.507,36.437],[126.499,36.433],[126.498,36.433],[126.496,36.437],[126.497,36.439],[126.498,36.441],[126.5,36.443],[126.5,36.443],[126.497,36.446],[126.487,36.455],[126.488,36.456],[126.489,36.458],[126.489,36.459],[126.489,36.46],[126.489,36.461],[126.489,36.461],[126.488,36.462],[126.488,36.462],[126.486,36.463],[126.488,36.467],[126.489,36.467],[126.489,36.467],[126.489,36.471],[126.487,36.472],[126.486,36.472],[126.484,36.473],[126.484,36.473],[126.481,36.478],[126.481,36.484],[126.48,36.496],[126.481,36.496],[126.481,36.496],[126.481,36.496],[126.482,36.501],[126.483,36.503],[126.483,36.503],[126.483,36.507],[126.482,36.516],[126.488,36.527],[126.488,36.527],[126.488,36.527],[126.485,36.531],[126.478,36.537],[126.475,36.538],[126.474,36.539],[126.473,36.539],[126.473,36.539],[126.472,36.538],[126.472,36.538],[126.472,36.538],[126.477,36.536],[126.472,36.538],[126.469,36.539],[126.468,36.539],[126.468,36.538],[126.467,36.537],[126.467,36.537],[126.467,36.537],[126.468,36.534],[126.469,36.534],[126.47,36.534],[126.47,36.534],[126.47,36.534],[126.47,36.534],[126.47,36.534],[126.47,36.533],[126.47,36.533],[126.47,36.533],[126.469,36.533],[126.468,36.534],[126.467,36.534],[126.466,36.534],[126.466,36.536],[126.467,36.537],[126.467,36.538],[126.469,36.539],[126.469,36.539],[126.469,36.541],[126.467,36.543],[126.465,36.544],[126.464,36.547],[126.471,36.56],[126.471,36.56],[126.471,36.56],[126.467,36.565],[126.467,36.566],[126.468,36.567],[126.468,36.568],[126.466,36.572],[126.466,36.572],[126.464,36.578],[126.465,36.578],[126.465,36.579],[126.465,36.579],[126.465,36.58],[126.465,36.581],[126.465,36.582],[126.464,36.583],[126.464,36.583],[126.463,36.586],[126.462,36.587],[126.461,36.587],[126.458,36.589],[126.442,36.6],[126.431,36.603],[126.431,36.603],[126.431,36.603],[126.43,36.603],[126.43,36.603],[126.43,36.604],[126.43,36.604],[126.43,36.604],[126.43,36.604],[126.423,36.606],[126.413,36.606],[126.411,36.604],[126.412,36.604],[126.411,36.603],[126.411,36.604],[126.41,36.606],[126.412,36.607],[126.413,36.606],[126.413,36.606],[126.414,36.606],[126.415,36.607],[126.416,36.608],[126.416,36.609],[126.416,36.61],[126.416,36.611],[126.401,36.619],[126.399,36.619],[126.388,36.619],[126.385,36.62],[126.381,36.621],[126.38,36.622],[126.376,36.624],[126.375,36.624],[126.375,36.624],[126.374,36.622],[126.374,36.622],[126.374,36.621],[126.374,36.621],[126.374,36.62],[126.373,36.62],[126.373,36.62],[126.372,36.621],[126.371,36.622],[126.371,36.623],[126.373,36.624],[126.373,36.624],[126.373,36.624],[126.373,36.624],[126.374,36.624],[126.375,36.625],[126.375,36.625],[126.375,36.625],[126.375,36.625],[126.374,36.626],[126.373,36.626],[126.373,36.626],[126.371,36.626],[126.371,36.625],[126.37,36.625],[126.37,36.625],[126.37,36.625],[126.37,36.624],[126.369,36.624],[126.368,36.624],[126.357,36.624],[126.355,36.623],[126.355,36.621],[126.355,36.62],[126.355,36.62],[126.355,36.619],[126.354,36.619],[126.348,36.618],[126.34,36.616],[126.336,36.619],[126.335,36.619],[126.333,36.616],[126.333,36.615],[126.335,36.615],[126.335,36.612],[126.334,36.611],[126.333,36.611],[126.329,36.606],[126.329,36.605],[126.325,36.602],[126.325,36.602],[126.323,36.601],[126.322,36.601],[126.321,36.6],[126.32,36.598],[126.32,36.595],[126.319,36.594],[126.312,36.592],[126.307,36.595],[126.306,36.595],[126.303,36.594],[126.303,36.593],[126.303,36.593],[126.303,36.59],[126.303,36.589],[126.302,36.588],[126.296,36.586],[126.292,36.585],[126.289,36.59],[126.289,36.591],[126.288,36.592],[126.287,36.592],[126.286,36.592],[126.286,36.591],[126.283,36.594],[126.283,36.594],[126.286,36.597],[126.288,36.598],[126.288,36.6],[126.289,36.602],[126.289,36.603],[126.288,36.606],[126.288,36.611],[126.288,36.616],[126.288,36.617],[126.287,36.619],[126.285,36.621],[126.285,36.621],[126.284,36.621],[126.286,36.624],[126.285,36.624],[126.285,36.623],[126.287,36.62],[126.289,36.615],[126.296,36.619],[126.3,36.624],[126.301,36.629],[126.301,36.638],[126.297,36.648],[126.295,36.653],[126.293,36.657],[126.294,36.658],[126.296,36.657],[126.295,36.658],[126.29,36.665],[126.284,36.672],[126.28,36.674],[126.278,36.674],[126.269,36.673],[126.266,36.671],[126.266,36.671],[126.266,36.671],[126.265,36.672],[126.266,36.679],[126.266,36.68],[126.267,36.681],[126.266,36.682],[126.266,36.683],[126.266,36.684],[126.264,36.685],[126.263,36.69],[126.262,36.69],[126.261,36.695],[126.261,36.696],[126.262,36.697],[126.265,36.699],[126.271,36.702],[126.271,36.702],[126.271,36.702],[126.273,36.703],[126.273,36.703],[126.273,36.704],[126.271,36.711],[126.271,36.714],[126.271,36.714],[126.272,36.715],[126.273,36.718],[126.274,36.72],[126.273,36.722],[126.271,36.724],[126.271,36.726],[126.271,36.726],[126.271,36.727],[126.272,36.729],[126.273,36.729],[126.275,36.727],[126.278,36.73],[126.277,36.731],[126.277,36.731],[126.272,36.731],[126.267,36.727],[126.266,36.726],[126.258,36.718],[126.257,36.718],[126.255,36.718],[126.255,36.718],[126.253,36.718],[126.252,36.718],[126.252,36.714],[126.251,36.714],[126.251,36.714],[126.248,36.717],[126.248,36.718],[126.248,36.718],[126.247,36.718],[126.237,36.718],[126.235,36.718],[126.234,36.708],[126.235,36.707],[126.237,36.706],[126.239,36.707],[126.24,36.706],[126.24,36.705],[126.24,36.704],[126.24,36.704],[126.239,36.703],[126.238,36.702],[126.238,36.703],[126.237,36.703],[126.237,36.703],[126.236,36.703],[126.236,36.703],[126.235,36.703],[126.235,36.703],[126.235,36.703],[126.233,36.702],[126.232,36.702],[126.232,36.701],[126.231,36.701],[126.231,36.701],[126.231,36.7],[126.223,36.694],[126.214,36.694],[126.213,36.694],[126.212,36.694],[126.212,36.694],[126.211,36.694],[126.211,36.694],[126.211,36.694],[126.21,36.694],[126.209,36.693],[126.209,36.693],[126.209,36.693],[126.208,36.692],[126.208,36.692],[126.208,36.692],[126.209,36.69],[126.208,36.688],[126.203,36.687],[126.202,36.687],[126.202,36.686],[126.201,36.686],[126.2,36.686],[126.2,36.685],[126.199,36.685],[126.197,36.682],[126.197,36.681],[126.197,36.681],[126.197,36.68],[126.198,36.68],[126.198,36.68],[126.198,36.68],[126.199,36.68],[126.199,36.679],[126.196,36.674],[126.196,36.674],[126.196,36.674],[126.196,36.674],[126.196,36.675],[126.196,36.675],[126.196,36.675],[126.196,36.675],[126.196,36.676],[126.194,36.676],[126.194,36.676],[126.194,36.676],[126.194,36.676],[126.193,36.676],[126.193,36.676],[126.192,36.676],[126.19,36.676],[126.189,36.676],[126.189,36.676],[126.187,36.677],[126.187,36.677],[126.185,36.677],[126.184,36.678],[126.181,36.678],[126.18,36.678],[126.18,36.678],[126.179,36.678],[126.179,36.678],[126.179,36.678],[126.179,36.678],[126.179,36.678],[126.179,36.678],[126.179,36.678],[126.179,36.677],[126.179,36.676],[126.179,36.676],[126.178,36.676],[126.178,36.676],[126.176,36.676],[126.176,36.676],[126.176,36.676],[126.176,36.676],[126.176,36.676],[126.174,36.678],[126.174,36.679],[126.174,36.679],[126.174,36.679],[126.173,36.679],[126.173,36.679],[126.172,36.68],[126.172,36.68],[126.171,36.68],[126.171,36.68],[126.17,36.68],[126.17,36.68],[126.17,36.68],[126.17,36.68],[126.166,36.679],[126.165,36.679],[126.165,36.678],[126.165,36.678],[126.165,36.678],[126.165,36.678],[126.163,36.678],[126.162,36.678],[126.16,36.679],[126.16,36.679],[126.156,36.678],[126.152,36.68],[126.153,36.682],[126.154,36.682],[126.154,36.683],[126.152,36.688],[126.149,36.702],[126.149,36.702],[126.149,36.702],[126.149,36.702],[126.148,36.702],[126.148,36.702],[126.148,36.702],[126.148,36.702],[126.147,36.702],[126.147,36.702],[126.147,36.703],[126.147,36.703],[126.151,36.705],[126.153,36.705],[126.153,36.705],[126.154,36.705],[126.154,36.705],[126.154,36.705],[126.157,36.705],[126.157,36.705],[126.157,36.705],[126.157,36.705],[126.158,36.705],[126.16,36.706],[126.16,36.706],[126.16,36.706],[126.16,36.706],[126.16,36.706],[126.16,36.706],[126.16,36.706],[126.16,36.706],[126.16,36.706],[126.161,36.707],[126.161,36.707],[126.162,36.707],[126.163,36.708],[126.163,36.708],[126.163,36.708],[126.163,36.708],[126.163,36.708],[126.163,36.708],[126.163,36.708],[126.163,36.709],[126.163,36.71],[126.163,36.71],[126.163,36.71],[126.163,36.71],[126.163,36.71],[126.163,36.71],[126.163,36.711],[126.163,36.711],[126.163,36.711],[126.163,36.711],[126.162,36.711],[126.162,36.711],[126.162,36.711],[126.162,36.711],[126.162,36.711],[126.16,36.711],[126.16,36.711],[126.16,36.711],[126.162,36.712],[126.165,36.714],[126.165,36.715],[126.166,36.716],[126.166,36.716],[126.166,36.716],[126.166,36.716],[126.166,36.716],[126.167,36.717],[126.17,36.717],[126.17,36.716],[126.173,36.715],[126.18,36.714],[126.18,36.714],[126.18,36.714],[126.18,36.714],[126.183,36.714],[126.183,36.714],[126.183,36.714],[126.184,36.714],[126.185,36.712],[126.185,36.712],[126.185,36.712],[126.185,36.711],[126.187,36.71],[126.195,36.706],[126.207,36.705],[126.207,36.705],[126.209,36.707],[126.214,36.709],[126.223,36.718],[126.223,36.719],[126.223,36.722],[126.215,36.727],[126.208,36.724],[126.207,36.724],[126.205,36.722],[126.203,36.721],[126.202,36.721],[126.199,36.722],[126.201,36.722],[126.202,36.721],[126.203,36.724],[126.203,36.726],[126.203,36.726],[126.204,36.727],[126.206,36.728],[126.207,36.728],[126.208,36.729],[126.21,36.731],[126.212,36.737],[126.211,36.741],[126.21,36.74],[126.206,36.737],[126.201,36.737],[126.199,36.737],[126.194,36.74],[126.193,36.741],[126.187,36.746],[126.187,36.746],[126.182,36.747],[126.184,36.749],[126.184,36.749],[126.184,36.749],[126.184,36.749],[126.184,36.749],[126.184,36.749],[126.184,36.75],[126.185,36.75],[126.185,36.75],[126.185,36.75],[126.185,36.75],[126.186,36.75],[126.185,36.753],[126.185,36.753],[126.176,36.754],[126.176,36.754],[126.175,36.754],[126.175,36.754],[126.175,36.755],[126.173,36.756],[126.172,36.756],[126.172,36.757],[126.166,36.758],[126.166,36.758],[126.167,36.757],[126.167,36.757],[126.159,36.756],[126.159,36.756],[126.159,36.756],[126.158,36.757],[126.156,36.757],[126.141,36.754],[126.144,36.751],[126.145,36.75],[126.146,36.75],[126.146,36.75],[126.147,36.75],[126.147,36.75],[126.147,36.75],[126.147,36.749],[126.147,36.749],[126.147,36.749],[126.147,36.749],[126.147,36.748],[126.147,36.748],[126.147,36.748],[126.147,36.748],[126.147,36.748],[126.147,36.748],[126.147,36.748],[126.15,36.748],[126.149,36.745],[126.15,36.745],[126.15,36.745],[126.15,36.744],[126.15,36.744],[126.15,36.743],[126.15,36.743],[126.15,36.743],[126.15,36.743],[126.15,36.743],[126.15,36.742],[126.152,36.74],[126.152,36.74],[126.152,36.74],[126.152,36.74],[126.152,36.74],[126.152,36.737],[126.152,36.736],[126.152,36.736],[126.152,36.736],[126.152,36.733],[126.149,36.729],[126.148,36.728],[126.148,36.729],[126.148,36.729],[126.148,36.73],[126.147,36.73],[126.147,36.73],[126.147,36.73],[126.147,36.73],[126.146,36.73],[126.145,36.73],[126.144,36.729],[126.142,36.728],[126.141,36.724],[126.141,36.724],[126.141,36.724],[126.135,36.719],[126.132,36.717],[126.132,36.717],[126.13,36.716],[126.129,36.716],[126.126,36.711],[126.12,36.708],[126.12,36.709],[126.12,36.709],[126.12,36.71],[126.12,36.71],[126.121,36.711],[126.121,36.711],[126.122,36.711],[126.122,36.711],[126.122,36.711],[126.122,36.712],[126.122,36.712],[126.122,36.712],[126.122,36.712],[126.122,36.712],[126.122,36.712],[126.122,36.712],[126.122,36.712],[126.122,36.712],[126.122,36.712],[126.122,36.712],[126.122,36.712],[126.121,36.713],[126.121,36.713],[126.121,36.713],[126.121,36.714],[126.121,36.714],[126.121,36.714],[126.121,36.714],[126.121,36.714],[126.123,36.714],[126.123,36.714],[126.123,36.714],[126.123,36.714],[126.123,36.714],[126.123,36.714],[126.124,36.715],[126.125,36.715],[126.125,36.715],[126.127,36.718],[126.127,36.718],[126.127,36.719],[126.126,36.719],[126.124,36.72],[126.124,36.72],[126.124,36.72],[126.124,36.72],[126.124,36.72],[126.124,36.72],[126.124,36.72],[126.124,36.721],[126.125,36.722],[126.125,36.722],[126.125,36.722],[126.124,36.723],[126.124,36.723],[126.124,36.723],[126.124,36.723],[126.124,36.723],[126.123,36.723],[126.123,36.723],[126.123,36.723],[126.123,36.723],[126.123,36.723],[126.123,36.723],[126.123,36.723],[126.123,36.723],[126.123,36.723],[126.123,36.723],[126.123,36.723],[126.122,36.723],[126.122,36.724],[126.122,36.724],[126.122,36.725],[126.122,36.726],[126.122,36.726],[126.123,36.726],[126.123,36.727],[126.123,36.727],[126.123,36.727],[126.124,36.726],[126.126,36.727],[126.125,36.729],[126.125,36.73],[126.128,36.734],[126.129,36.734],[126.129,36.734],[126.13,36.735],[126.132,36.737],[126.132,36.737],[126.133,36.738],[126.133,36.739],[126.133,36.739],[126.134,36.739],[126.134,36.741],[126.134,36.741],[126.134,36.741],[126.134,36.741],[126.134,36.742],[126.134,36.742],[126.134,36.743],[126.134,36.743],[126.134,36.743],[126.134,36.744],[126.134,36.744],[126.134,36.744],[126.134,36.744],[126.134,36.744],[126.133,36.745],[126.133,36.745],[126.132,36.745],[126.132,36.745],[126.132,36.745],[126.132,36.748],[126.132,36.748],[126.133,36.748],[126.133,36.748],[126.133,36.748],[126.133,36.747],[126.133,36.747],[126.133,36.747],[126.134,36.747],[126.134,36.747],[126.134,36.747],[126.134,36.747],[126.134,36.748],[126.134,36.748],[126.134,36.748],[126.134,36.748],[126.134,36.748],[126.134,36.748],[126.134,36.749],[126.134,36.749],[126.134,36.749],[126.134,36.749],[126.134,36.75],[126.133,36.751],[126.132,36.752],[126.131,36.752],[126.131,36.752],[126.13,36.753],[126.13,36.753],[126.13,36.753],[126.129,36.753],[126.122,36.753],[126.121,36.754],[126.121,36.76],[126.12,36.76],[126.12,36.761],[126.122,36.764],[126.122,36.764],[126.122,36.764],[126.122,36.764],[126.121,36.765],[126.116,36.767],[126.112,36.772],[126.112,36.773],[126.112,36.773],[126.112,36.773],[126.112,36.773],[126.114,36.774],[126.114,36.774],[126.114,36.774],[126.117,36.773],[126.115,36.77],[126.115,36.77],[126.116,36.769],[126.116,36.769],[126.117,36.77],[126.117,36.77],[126.12,36.773],[126.12,36.773],[126.12,36.773],[126.12,36.774],[126.123,36.774],[126.125,36.774],[126.127,36.775],[126.127,36.775],[126.127,36.775],[126.127,36.774],[126.127,36.774],[126.127,36.774],[126.127,36.774],[126.127,36.774],[126.127,36.774],[126.127,36.774],[126.127,36.773],[126.128,36.773],[126.128,36.773],[126.128,36.773],[126.128,36.773],[126.128,36.773],[126.129,36.773],[126.129,36.773],[126.129,36.773],[126.131,36.774],[126.131,36.774],[126.131,36.775],[126.131,36.775],[126.131,36.775],[126.131,36.777],[126.136,36.776],[126.135,36.779],[126.135,36.78],[126.131,36.783],[126.131,36.783],[126.131,36.783],[126.131,36.783],[126.131,36.783],[126.131,36.783],[126.131,36.787],[126.131,36.787],[126.131,36.787],[126.131,36.787],[126.133,36.786],[126.133,36.785],[126.133,36.784],[126.135,36.784],[126.135,36.784],[126.14,36.784],[126.141,36.785],[126.142,36.786],[126.142,36.786],[126.144,36.789],[126.145,36.789],[126.146,36.791],[126.146,36.792],[126.146,36.793],[126.146,36.793],[126.146,36.794],[126.146,36.794],[126.146,36.794],[126.146,36.794],[126.146,36.794],[126.146,36.794],[126.144,36.794],[126.143,36.795],[126.142,36.795],[126.142,36.796],[126.143,36.796],[126.144,36.796],[126.144,36.796],[126.144,36.796],[126.145,36.796],[126.146,36.795],[126.146,36.795],[126.147,36.795],[126.147,36.796],[126.147,36.796],[126.15,36.801],[126.15,36.802],[126.15,36.803],[126.15,36.804],[126.149,36.804],[126.145,36.808],[126.143,36.808],[126.143,36.809],[126.144,36.809],[126.151,36.812],[126.151,36.812],[126.151,36.811],[126.152,36.811],[126.153,36.81],[126.153,36.81],[126.154,36.811],[126.155,36.812],[126.155,36.812],[126.155,36.813],[126.155,36.813],[126.155,36.814],[126.154,36.814],[126.154,36.814],[126.153,36.814],[126.153,36.814],[126.149,36.817],[126.149,36.817],[126.15,36.817],[126.151,36.817],[126.155,36.816],[126.155,36.816],[126.156,36.817],[126.157,36.818],[126.157,36.819],[126.157,36.82],[126.157,36.821],[126.16,36.826],[126.16,36.826],[126.16,36.826],[126.161,36.826],[126.161,36.826],[126.161,36.826],[126.161,36.827],[126.161,36.827],[126.16,36.828],[126.16,36.829],[126.16,36.83],[126.16,36.83],[126.159,36.83],[126.159,36.83],[126.159,36.83],[126.15,36.834],[126.145,36.838],[126.146,36.839],[126.146,36.839],[126.149,36.839],[126.15,36.838],[126.151,36.837],[126.152,36.837],[126.154,36.837],[126.155,36.838],[126.155,36.839],[126.155,36.842],[126.152,36.843],[126.149,36.846],[126.15,36.846],[126.151,36.846],[126.151,36.846],[126.152,36.845],[126.155,36.843],[126.156,36.844],[126.156,36.844],[126.157,36.848],[126.159,36.849],[126.16,36.848],[126.16,36.845],[126.16,36.842],[126.16,36.842],[126.16,36.842],[126.16,36.842],[126.162,36.841],[126.163,36.841],[126.165,36.84],[126.166,36.84],[126.166,36.84],[126.167,36.841],[126.167,36.841],[126.167,36.841],[126.167,36.842],[126.167,36.842],[126.171,36.841],[126.171,36.841],[126.171,36.84],[126.171,36.84],[126.169,36.84],[126.167,36.837],[126.167,36.836],[126.167,36.835],[126.168,36.833],[126.167,36.83],[126.171,36.824],[126.171,36.824],[126.173,36.825],[126.174,36.825],[126.175,36.825],[126.175,36.825],[126.171,36.813],[126.172,36.812],[126.172,36.812],[126.173,36.811],[126.177,36.81],[126.177,36.811],[126.179,36.812],[126.186,36.815],[126.182,36.82],[126.182,36.82],[126.182,36.82],[126.185,36.821],[126.185,36.821],[126.185,36.821],[126.187,36.822],[126.188,36.824],[126.187,36.828],[126.182,36.829],[126.182,36.829],[126.181,36.829],[126.178,36.831],[126.175,36.832],[126.176,36.833],[126.176,36.833],[126.176,36.833],[126.177,36.833],[126.186,36.839],[126.188,36.84],[126.189,36.841],[126.191,36.843],[126.193,36.844],[126.195,36.847],[126.196,36.849],[126.197,36.85],[126.198,36.853],[126.198,36.855],[126.199,36.856],[126.198,36.856],[126.197,36.859],[126.196,36.86],[126.196,36.86],[126.195,36.859],[126.195,36.859],[126.195,36.859],[126.192,36.858],[126.192,36.858],[126.192,36.859],[126.191,36.863],[126.192,36.863],[126.192,36.863],[126.192,36.864],[126.191,36.867],[126.188,36.869],[126.185,36.868],[126.185,36.868],[126.185,36.868],[126.185,36.867],[126.184,36.867],[126.184,36.869],[126.187,36.87],[126.187,36.87],[126.188,36.87],[126.191,36.871],[126.192,36.876],[126.192,36.876],[126.192,36.877],[126.187,36.882],[126.186,36.882],[126.177,36.884],[126.177,36.884],[126.178,36.886],[126.19,36.888],[126.19,36.887],[126.192,36.886],[126.193,36.886],[126.194,36.887],[126.196,36.888],[126.198,36.89],[126.199,36.891],[126.199,36.891],[126.198,36.892],[126.198,36.893],[126.2,36.894],[126.201,36.895],[126.203,36.903],[126.202,36.903],[126.202,36.903],[126.203,36.905],[126.204,36.905],[126.205,36.905],[126.208,36.902],[126.208,36.902],[126.207,36.902],[126.206,36.9],[126.206,36.9],[126.209,36.899],[126.21,36.899],[126.211,36.899],[126.212,36.9],[126.214,36.9],[126.216,36.901],[126.218,36.904],[126.23,36.907],[126.241,36.911],[126.243,36.912],[126.245,36.913],[126.248,36.914],[126.248,36.914],[126.249,36.914],[126.252,36.913],[126.252,36.913],[126.252,36.913],[126.249,36.912],[126.249,36.911],[126.248,36.91],[126.248,36.91],[126.248,36.909],[126.262,36.904],[126.264,36.903],[126.278,36.898],[126.283,36.9],[126.283,36.899],[126.283,36.899],[126.284,36.899],[126.289,36.899],[126.292,36.902],[126.292,36.902],[126.291,36.901],[126.29,36.901],[126.287,36.903],[126.285,36.904],[126.285,36.904],[126.284,36.909],[126.285,36.912],[126.286,36.913],[126.291,36.921],[126.291,36.923],[126.292,36.926],[126.294,36.929],[126.293,36.935],[126.292,36.935],[126.292,36.936],[126.292,36.936],[126.291,36.936],[126.291,36.936],[126.29,36.936],[126.29,36.936],[126.29,36.936],[126.289,36.936],[126.289,36.936],[126.291,36.943],[126.291,36.943],[126.29,36.951],[126.29,36.952],[126.29,36.953],[126.29,36.953],[126.29,36.953],[126.29,36.953],[126.287,36.955],[126.285,36.962],[126.285,36.963],[126.286,36.969],[126.286,36.97],[126.286,36.97],[126.293,36.969],[126.295,36.97],[126.297,36.971],[126.298,36.972],[126.299,36.977],[126.3,36.977],[126.3,36.977],[126.305,36.978],[126.305,36.978],[126.305,36.978],[126.304,36.978],[126.304,36.975],[126.304,36.975],[126.305,36.974],[126.305,36.969],[126.302,36.967],[126.295,36.965],[126.292,36.963],[126.292,36.962],[126.292,36.962],[126.3,36.961],[126.305,36.962],[126.305,36.962],[126.309,36.953],[126.302,36.944],[126.302,36.941],[126.307,36.932],[126.308,36.93],[126.309,36.93],[126.309,36.93],[126.309,36.93],[126.309,36.93],[126.31,36.93],[126.31,36.93],[126.301,36.922],[126.3,36.921],[126.301,36.919],[126.304,36.916],[126.308,36.913],[126.309,36.913],[126.309,36.913],[126.308,36.913],[126.308,36.912],[126.308,36.91],[126.314,36.905],[126.316,36.904],[126.316,36.904],[126.319,36.903],[126.321,36.896],[126.32,36.895],[126.32,36.894],[126.319,36.892],[126.322,36.891],[126.326,36.89],[126.329,36.887],[126.319,36.887],[126.313,36.884],[126.313,36.878],[126.311,36.872],[126.305,36.867],[126.304,36.867],[126.303,36.864],[126.302,36.863],[126.303,36.862],[126.301,36.858],[126.3,36.857],[126.296,36.853],[126.295,36.847],[126.293,36.843],[126.295,36.842],[126.317,36.837],[126.315,36.833],[126.315,36.832],[126.313,36.831],[126.313,36.831],[126.312,36.831],[126.311,36.832],[126.309,36.831],[126.306,36.831],[126.299,36.827],[126.297,36.826],[126.296,36.824],[126.289,36.823],[126.287,36.823],[126.286,36.824],[126.285,36.824],[126.285,36.824],[126.284,36.825],[126.281,36.821],[126.281,36.818],[126.284,36.816],[126.285,36.816],[126.285,36.816],[126.286,36.816],[126.286,36.816],[126.286,36.816],[126.289,36.814],[126.289,36.814],[126.289,36.814],[126.289,36.814],[126.289,36.813],[126.287,36.807],[126.287,36.807],[126.287,36.806],[126.287,36.8],[126.288,36.799],[126.291,36.798],[126.293,36.798],[126.297,36.803],[126.297,36.804],[126.295,36.805],[126.295,36.806],[126.297,36.808],[126.305,36.815],[126.305,36.815],[126.307,36.815],[126.307,36.815],[126.31,36.814],[126.318,36.814],[126.321,36.817],[126.321,36.817],[126.322,36.818],[126.322,36.818],[126.322,36.818],[126.321,36.818],[126.321,36.818],[126.321,36.818],[126.321,36.818],[126.321,36.818],[126.321,36.819],[126.321,36.819],[126.322,36.82],[126.322,36.82],[126.323,36.82],[126.324,36.818],[126.332,36.815],[126.332,36.815],[126.332,36.815],[126.332,36.815],[126.332,36.814],[126.333,36.814],[126.333,36.814],[126.336,36.816],[126.337,36.816],[126.337,36.816],[126.338,36.817],[126.337,36.818],[126.33,36.823],[126.328,36.834],[126.327,36.836],[126.32,36.839],[126.319,36.844],[126.324,36.847],[126.325,36.852],[126.328,36.861],[126.331,36.863],[126.333,36.863],[126.333,36.863],[126.333,36.863],[126.333,36.863],[126.333,36.863],[126.333,36.862],[126.333,36.862],[126.337,36.861],[126.341,36.86],[126.342,36.861],[126.343,36.862],[126.347,36.861],[126.346,36.858],[126.345,36.854],[126.343,36.846],[126.346,36.844],[126.346,36.844],[126.346,36.844],[126.348,36.844],[126.352,36.839],[126.352,36.836],[126.355,36.833],[126.36,36.832],[126.365,36.83],[126.365,36.83],[126.366,36.834],[126.366,36.834],[126.363,36.838],[126.36,36.84],[126.359,36.849],[126.363,36.851],[126.37,36.858],[126.371,36.859],[126.372,36.865],[126.37,36.872],[126.364,36.877],[126.365,36.877],[126.365,36.877],[126.369,36.879],[126.369,36.878],[126.369,36.878],[126.369,36.878],[126.375,36.879],[126.375,36.881],[126.383,36.882],[126.384,36.881],[126.397,36.88],[126.397,36.88],[126.398,36.881],[126.398,36.881],[126.399,36.883],[126.4,36.884],[126.395,36.888],[126.396,36.89],[126.396,36.893],[126.396,36.893],[126.401,36.892],[126.403,36.891],[126.405,36.891],[126.405,36.891],[126.406,36.891],[126.406,36.894],[126.409,36.896],[126.41,36.897],[126.41,36.897],[126.41,36.898],[126.409,36.899],[126.408,36.901],[126.407,36.901],[126.407,36.902],[126.407,36.902],[126.407,36.902],[126.408,36.9],[126.411,36.896],[126.411,36.896],[126.411,36.894],[126.413,36.894],[126.413,36.894],[126.414,36.894],[126.419,36.897],[126.43,36.898],[126.431,36.899],[126.432,36.901],[126.432,36.901],[126.432,36.901],[126.432,36.901],[126.432,36.901],[126.432,36.901],[126.432,36.903],[126.432,36.903],[126.428,36.905],[126.427,36.907],[126.416,36.907],[126.409,36.91],[126.412,36.913],[126.412,36.913],[126.412,36.913],[126.412,36.913],[126.412,36.913],[126.412,36.914],[126.411,36.914],[126.411,36.914],[126.41,36.916],[126.41,36.917],[126.41,36.917],[126.41,36.917],[126.408,36.919],[126.408,36.919],[126.404,36.92],[126.405,36.921],[126.405,36.922],[126.406,36.921],[126.407,36.921],[126.407,36.921],[126.407,36.921],[126.407,36.92],[126.407,36.92],[126.409,36.919],[126.409,36.919],[126.41,36.919],[126.41,36.919],[126.414,36.921],[126.414,36.921],[126.416,36.923],[126.416,36.923],[126.418,36.923],[126.419,36.926],[126.42,36.927],[126.421,36.931],[126.418,36.935],[126.418,36.933],[126.418,36.933],[126.418,36.933],[126.418,36.932],[126.417,36.932],[126.416,36.931],[126.416,36.931],[126.416,36.932],[126.41,36.935],[126.409,36.936],[126.409,36.936],[126.407,36.935],[126.407,36.935],[126.406,36.933],[126.405,36.932],[126.405,36.932],[126.4,36.933],[126.4,36.933],[126.4,36.933],[126.4,36.933],[126.4,36.933],[126.4,36.934],[126.4,36.934],[126.4,36.935],[126.395,36.935],[126.393,36.932],[126.393,36.931],[126.393,36.931],[126.393,36.931],[126.39,36.93],[126.385,36.936],[126.382,36.939],[126.382,36.939],[126.382,36.94],[126.382,36.942],[126.374,36.947],[126.369,36.947],[126.367,36.946],[126.36,36.939],[126.36,36.939],[126.357,36.941],[126.358,36.945],[126.36,36.948],[126.361,36.948],[126.362,36.949],[126.362,36.95],[126.359,36.953],[126.359,36.953],[126.356,36.952],[126.353,36.951],[126.351,36.953],[126.351,36.953],[126.351,36.953],[126.351,36.954],[126.352,36.954],[126.352,36.955],[126.352,36.959],[126.351,36.96],[126.35,36.962],[126.35,36.962],[126.35,36.962],[126.349,36.962],[126.338,36.961],[126.337,36.961],[126.337,36.96],[126.337,36.96],[126.337,36.96],[126.336,36.96],[126.336,36.96],[126.336,36.96],[126.333,36.961],[126.333,36.964],[126.334,36.965],[126.334,36.965],[126.335,36.966],[126.335,36.966],[126.336,36.967],[126.336,36.967],[126.337,36.968],[126.337,36.968],[126.337,36.969],[126.337,36.969],[126.337,36.969],[126.336,36.969],[126.336,36.969],[126.336,36.969],[126.335,36.97],[126.335,36.97],[126.334,36.971],[126.335,36.973],[126.335,36.974],[126.335,36.974],[126.336,36.973],[126.336,36.973],[126.336,36.971],[126.344,36.967],[126.344,36.967],[126.348,36.967],[126.349,36.967],[126.35,36.968],[126.35,36.968],[126.352,36.969],[126.363,36.968],[126.364,36.968],[126.368,36.965],[126.368,36.964],[126.368,36.963],[126.368,36.962],[126.367,36.962],[126.367,36.962],[126.367,36.962],[126.37,36.961],[126.37,36.96],[126.374,36.963],[126.376,36.965],[126.376,36.965],[126.375,36.966],[126.375,36.966],[126.375,36.966],[126.375,36.966],[126.375,36.967],[126.375,36.967],[126.376,36.968],[126.376,36.968],[126.376,36.968],[126.377,36.969],[126.381,36.969],[126.386,36.968],[126.387,36.967],[126.387,36.967],[126.387,36.968],[126.389,36.97],[126.389,36.97],[126.387,36.972],[126.384,36.974],[126.384,36.974],[126.384,36.974],[126.383,36.974],[126.383,36.974],[126.378,36.973],[126.377,36.973],[126.377,36.973],[126.376,36.974],[126.376,36.975],[126.376,36.975],[126.376,36.976],[126.377,36.976],[126.375,36.983],[126.371,36.983],[126.365,36.979],[126.363,36.981],[126.363,36.982],[126.363,36.982],[126.363,36.982],[126.363,36.982],[126.363,36.983],[126.362,36.983],[126.362,36.983],[126.358,36.983],[126.358,36.982],[126.358,36.982],[126.36,36.982],[126.361,36.982],[126.361,36.982],[126.361,36.982],[126.361,36.982],[126.361,36.982],[126.347,36.983],[126.343,36.984],[126.34,36.985],[126.333,36.985],[126.333,36.985],[126.33,36.986],[126.327,36.992],[126.328,37.0],[126.328,37.0],[126.328,37.0],[126.329,37.0],[126.33,36.999],[126.331,36.998],[126.332,36.997],[126.337,36.998],[126.352,37.005],[126.352,37.005],[126.356,37.011],[126.359,37.012],[126.359,37.012],[126.36,37.011],[126.36,37.01],[126.36,37.007],[126.361,37.007],[126.365,37.007],[126.374,37.008],[126.38,37.009],[126.383,37.012],[126.406,37.012],[126.407,37.012],[126.407,37.012],[126.407,37.012],[126.408,37.013],[126.408,37.013],[126.409,37.014],[126.411,37.014],[126.411,37.014],[126.412,37.014],[126.412,37.014],[126.413,37.014],[126.413,37.014],[126.413,37.014],[126.415,37.012],[126.418,37.012],[126.418,37.015],[126.418,37.017],[126.421,37.02],[126.418,37.018],[126.418,37.017],[126.419,37.015],[126.431,37.013],[126.431,37.013],[126.431,37.012],[126.431,37.012],[126.438,37.01],[126.438,37.01],[126.437,37.008],[126.436,37.008],[126.44,37.007],[126.449,37.006],[126.453,37.0],[126.454,37.0],[126.455,36.999],[126.462,37.003],[126.47,37.006],[126.47,37.007],[126.47,37.008],[126.466,37.015],[126.464,37.018],[126.463,37.018],[126.461,37.018],[126.46,37.02],[126.462,37.023],[126.463,37.023],[126.463,37.022],[126.471,37.028],[126.469,37.03],[126.469,37.03],[126.469,37.03],[126.469,37.03],[126.469,37.03],[126.469,37.03],[126.469,37.03],[126.469,37.03],[126.469,37.03],[126.469,37.03],[126.469,37.03],[126.469,37.03],[126.469,37.031],[126.469,37.031],[126.469,37.031],[126.469,37.031],[126.469,37.031],[126.472,37.034],[126.473,37.035],[126.489,37.06],[126.49,37.06],[126.497,37.061],[126.498,37.064],[126.498,37.065],[126.5,37.065],[126.51,37.062],[126.514,37.061],[126.519,37.059],[126.519,37.059],[126.519,37.056],[126.521,37.056],[126.521,37.056],[126.522,37.056],[126.523,37.055],[126.528,37.047],[126.527,37.045],[126.527,37.045],[126.527,37.045],[126.527,37.045],[126.527,37.044],[126.527,37.044],[126.528,37.044],[126.53,37.042],[126.534,37.04],[126.541,37.037],[126.541,37.037],[126.541,37.037],[126.541,37.036],[126.541,37.036],[126.541,37.036],[126.541,37.036],[126.541,37.035],[126.542,37.035],[126.549,37.034],[126.56,37.037],[126.563,37.036],[126.563,37.036],[126.563,37.036],[126.563,37.036],[126.563,37.036],[126.561,37.037],[126.56,37.036],[126.558,37.035],[126.558,37.034],[126.558,37.034],[126.559,37.033],[126.56,37.031],[126.561,37.03],[126.562,37.029],[126.563,37.029],[126.565,37.028],[126.566,37.028],[126.567,37.027],[126.567,37.027],[126.567,37.028],[126.568,37.028],[126.569,37.028],[126.57,37.028],[126.571,37.027],[126.571,37.027],[126.572,37.027],[126.572,37.027],[126.572,37.027],[126.572,37.026],[126.572,37.026],[126.571,37.026],[126.571,37.026],[126.571,37.026],[126.571,37.026],[126.571,37.025],[126.571,37.025],[126.572,37.025],[126.572,37.025],[126.572,37.025],[126.575,37.024],[126.575,37.024],[126.577,37.024],[126.593,37.019],[126.612,37.011],[126.626,37.005],[126.63,37.003],[126.636,37.001],[126.641,37.0],[126.644,37.0],[126.647,36.999],[126.681,36.998],[126.685,36.998],[126.691,36.999],[126.691,36.999],[126.692,36.999],[126.694,37.0],[126.695,37.0]],[[126.488,36.509],[126.492,36.511],[126.494,36.517],[126.499,36.522],[126.507,36.523],[126.511,36.519],[126.514,36.52],[126.524,36.52],[126.539,36.506],[126.54,36.505],[126.543,36.503],[126.558,36.505],[126.563,36.507],[126.562,36.51],[126.561,36.514],[126.56,36.515],[126.56,36.52],[126.558,36.524],[126.559,36.522],[126.558,36.516],[126.56,36.512],[126.559,36.508],[126.556,36.506],[126.543,36.509],[126.54,36.511],[126.535,36.515],[126.529,36.521],[126.518,36.524],[126.512,36.527],[126.512,36.527],[126.511,36.528],[126.501,36.532],[126.489,36.521],[126.483,36.515],[126.484,36.51],[126.484,36.51],[126.485,36.509],[126.486,36.509],[126.486,36.509],[126.488,36.509]],[[126.615,36.488],[126.615,36.489],[126.615,36.488],[126.615,36.486],[126.603,36.479],[126.602,36.479],[126.6,36.477],[126.598,36.477],[126.589,36.475],[126.586,36.477],[126.581,36.48],[126.578,36.481],[126.574,36.483],[126.574,36.483],[126.57,36.481],[126.569,36.479],[126.567,36.483],[126.561,36.483],[126.561,36.481],[126.559,36.477],[126.552,36.473],[126.539,36.466],[126.538,36.463],[126.535,36.46],[126.527,36.456],[126.527,36.45],[126.526,36.447],[126.538,36.445],[126.539,36.449],[126.542,36.45],[126.545,36.449],[126.551,36.458],[126.55,36.466],[126.556,36.468],[126.558,36.463],[126.556,36.457],[126.552,36.453],[126.553,36.452],[126.562,36.451],[126.567,36.454],[126.566,36.456],[126.565,36.458],[126.566,36.459],[126.569,36.465],[126.567,36.466],[126.573,36.475],[126.576,36.474],[126.587,36.469],[126.59,36.469],[126.598,36.472],[126.601,36.473],[126.615,36.485],[126.617,36.49],[126.616,36.491],[126.617,36.493],[126.619,36.495],[126.617,36.494],[126.615,36.49],[126.615,36.489],[126.615,36.488]],[[126.52,36.335],[126.525,36.333],[126.528,36.335],[126.521,36.335],[126.521,36.335],[126.521,36.335],[126.52,36.335],[126.52,36.335],[126.52,36.335],[126.52,36.335],[126.52,36.335]]]]}},{"type":"Feature","properties":{"sido_short":"전북","sido_nm":"전라북도","시도":"전북"},"geometry":{"type":"MultiPolygon","coordinates":[[[[126.429,35.45],[126.429,35.45],[126.428,35.45],[126.428,35.45],[126.428,35.45],[126.428,35.45],[126.428,35.45],[126.429,35.45]]],[[[126.428,35.45],[126.425,35.45],[126.425,35.45],[126.425,35.45],[126.424,35.45],[126.424,35.449],[126.424,35.449],[126.424,35.449],[126.424,35.449],[126.424,35.448],[126.424,35.448],[126.423,35.448],[126.423,35.448],[126.423,35.449],[126.423,35.45],[126.424,35.45],[126.425,35.451],[126.428,35.451],[126.429,35.451],[126.429,35.451],[126.428,35.451],[126.428,35.451],[126.427,35.451],[126.427,35.451],[126.428,35.45]]],[[[126.7,35.996],[126.701,35.996],[126.701,35.996],[126.7,35.993],[126.694,35.99],[126.692,35.989],[126.689,35.988],[126.686,35.987],[126.683,35.986],[126.681,35.986],[126.679,35.986],[126.677,35.986],[126.673,35.986],[126.669,35.986],[126.662,35.986],[126.658,35.986],[126.656,35.987],[126.657,35.99],[126.658,35.99],[126.659,35.991],[126.669,35.99],[126.678,35.991],[126.681,35.992],[126.692,35.995],[126.7,35.996]]],[[[126.429,35.45],[126.437,35.45],[126.442,35.455],[126.449,35.464],[126.454,35.472],[126.458,35.478],[126.462,35.48],[126.462,35.481],[126.462,35.482],[126.462,35.482],[126.463,35.485],[126.47,35.497],[126.475,35.507],[126.475,35.507],[126.476,35.508],[126.479,35.511],[126.483,35.52],[126.484,35.521],[126.485,35.522],[126.486,35.523],[126.486,35.523],[126.487,35.522],[126.487,35.521],[126.488,35.517],[126.495,35.512],[126.494,35.514],[126.494,35.516],[126.494,35.516],[126.494,35.517],[126.496,35.517],[126.497,35.517],[126.498,35.517],[126.498,35.517],[126.498,35.517],[126.498,35.519],[126.499,35.52],[126.499,35.521],[126.499,35.522],[126.5,35.523],[126.502,35.525],[126.504,35.526],[126.505,35.526],[126.506,35.527],[126.518,35.533],[126.521,35.533],[126.525,35.532],[126.526,35.533],[126.526,35.535],[126.526,35.535],[126.526,35.535],[126.533,35.535],[126.541,35.534],[126.543,35.533],[126.542,35.528],[126.543,35.527],[126.548,35.535],[126.548,35.535],[126.549,35.537],[126.55,35.538],[126.551,35.538],[126.552,35.538],[126.552,35.537],[126.556,35.537],[126.56,35.54],[126.56,35.54],[126.558,35.542],[126.558,35.542],[126.56,35.543],[126.56,35.543],[126.562,35.542],[126.569,35.543],[126.576,35.543],[126.582,35.543],[126.585,35.544],[126.587,35.543],[126.591,35.542],[126.593,35.542],[126.595,35.541],[126.595,35.54],[126.594,35.539],[126.593,35.535],[126.592,35.534],[126.592,35.533],[126.593,35.531],[126.595,35.53],[126.594,35.532],[126.594,35.532],[126.594,35.533],[126.594,35.535],[126.597,35.538],[126.598,35.544],[126.598,35.544],[126.608,35.557],[126.609,35.558],[126.61,35.558],[126.611,35.558],[126.611,35.558],[126.614,35.569],[126.614,35.57],[126.617,35.57],[126.617,35.57],[126.618,35.569],[126.624,35.568],[126.627,35.571],[126.626,35.573],[126.626,35.573],[126.636,35.573],[126.645,35.573],[126.648,35.571],[126.649,35.571],[126.656,35.564],[126.656,35.564],[126.657,35.564],[126.666,35.554],[126.668,35.553],[126.669,35.552],[126.67,35.552],[126.671,35.552],[126.673,35.551],[126.673,35.551],[126.673,35.551],[126.673,35.551],[126.674,35.55],[126.674,35.55],[126.674,35.548],[126.674,35.547],[126.674,35.547],[126.674,35.546],[126.675,35.546],[126.675,35.546],[126.675,35.546],[126.676,35.546],[126.676,35.546],[126.676,35.548],[126.676,35.548],[126.676,35.549],[126.676,35.55],[126.673,35.553],[126.672,35.553],[126.671,35.554],[126.669,35.554],[126.668,35.554],[126.667,35.555],[126.667,35.556],[126.665,35.56],[126.664,35.566],[126.664,35.566],[126.668,35.569],[126.67,35.57],[126.672,35.57],[126.673,35.571],[126.67,35.572],[126.668,35.573],[126.665,35.576],[126.665,35.577],[126.665,35.577],[126.659,35.586],[126.651,35.581],[126.629,35.586],[126.621,35.588],[126.619,35.588],[126.614,35.587],[126.609,35.586],[126.604,35.586],[126.601,35.588],[126.593,35.59],[126.593,35.588],[126.586,35.588],[126.578,35.59],[126.575,35.59],[126.571,35.589],[126.569,35.589],[126.559,35.586],[126.555,35.585],[126.547,35.584],[126.547,35.585],[126.547,35.586],[126.532,35.581],[126.529,35.579],[126.519,35.58],[126.516,35.581],[126.516,35.581],[126.517,35.583],[126.518,35.585],[126.517,35.587],[126.517,35.587],[126.515,35.588],[126.515,35.588],[126.515,35.588],[126.515,35.588],[126.515,35.588],[126.514,35.587],[126.514,35.587],[126.513,35.586],[126.511,35.583],[126.511,35.583],[126.512,35.579],[126.512,35.579],[126.512,35.579],[126.511,35.579],[126.499,35.584],[126.498,35.584],[126.499,35.584],[126.5,35.584],[126.5,35.585],[126.5,35.585],[126.5,35.585],[126.5,35.585],[126.499,35.586],[126.496,35.586],[126.494,35.586],[126.494,35.586],[126.494,35.586],[126.492,35.586],[126.488,35.59],[126.488,35.591],[126.489,35.591],[126.489,35.591],[126.488,35.594],[126.488,35.595],[126.487,35.596],[126.487,35.596],[126.484,35.598],[126.484,35.599],[126.479,35.602],[126.478,35.602],[126.475,35.603],[126.475,35.603],[126.475,35.603],[126.473,35.602],[126.473,35.602],[126.473,35.602],[126.471,35.603],[126.47,35.603],[126.469,35.603],[126.469,35.603],[126.469,35.603],[126.469,35.603],[126.469,35.603],[126.469,35.603],[126.468,35.601],[126.468,35.601],[126.468,35.6],[126.468,35.6],[126.468,35.599],[126.468,35.598],[126.467,35.599],[126.467,35.599],[126.467,35.599],[126.467,35.599],[126.466,35.6],[126.466,35.6],[126.466,35.601],[126.466,35.601],[126.466,35.603],[126.466,35.604],[126.467,35.604],[126.467,35.603],[126.468,35.605],[126.467,35.606],[126.465,35.61],[126.463,35.61],[126.462,35.61],[126.461,35.609],[126.46,35.61],[126.461,35.616],[126.463,35.618],[126.468,35.618],[126.469,35.623],[126.468,35.623],[126.464,35.623],[126.469,35.628],[126.469,35.628],[126.469,35.628],[126.469,35.629],[126.469,35.631],[126.468,35.632],[126.467,35.635],[126.467,35.635],[126.464,35.635],[126.463,35.634],[126.459,35.635],[126.457,35.636],[126.458,35.638],[126.458,35.638],[126.459,35.637],[126.46,35.637],[126.465,35.64],[126.466,35.64],[126.465,35.641],[126.466,35.643],[126.47,35.643],[126.473,35.643],[126.477,35.644],[126.478,35.644],[126.478,35.644],[126.478,35.644],[126.483,35.648],[126.483,35.648],[126.484,35.648],[126.485,35.648],[126.496,35.657],[126.498,35.657],[126.499,35.657],[126.499,35.657],[126.505,35.661],[126.513,35.666],[126.518,35.67],[126.519,35.671],[126.519,35.672],[126.519,35.674],[126.519,35.674],[126.523,35.677],[126.525,35.678],[126.525,35.678],[126.526,35.678],[126.526,35.678],[126.526,35.678],[126.527,35.677],[126.527,35.677],[126.527,35.677],[126.527,35.677],[126.527,35.677],[126.527,35.677],[126.526,35.676],[126.526,35.675],[126.53,35.684],[126.531,35.686],[126.531,35.687],[126.537,35.69],[126.538,35.69],[126.539,35.691],[126.546,35.693],[126.55,35.696],[126.553,35.697],[126.555,35.697],[126.556,35.698],[126.556,35.699],[126.548,35.708],[126.541,35.716],[126.537,35.721],[126.53,35.728],[126.531,35.725],[126.527,35.727],[126.527,35.727],[126.527,35.727],[126.528,35.729],[126.525,35.732],[126.524,35.732],[126.52,35.732],[126.51,35.754],[126.502,35.77],[126.492,35.791],[126.492,35.792],[126.492,35.792],[126.483,35.811],[126.482,35.812],[126.482,35.812],[126.481,35.811],[126.481,35.811],[126.48,35.812],[126.48,35.812],[126.482,35.815],[126.487,35.816],[126.487,35.816],[126.487,35.815],[126.487,35.815],[126.487,35.815],[126.483,35.814],[126.483,35.814],[126.483,35.814],[126.485,35.811],[126.491,35.8],[126.491,35.8],[126.491,35.8],[126.491,35.8],[126.491,35.8],[126.491,35.799],[126.491,35.799],[126.493,35.794],[126.508,35.763],[126.516,35.747],[126.516,35.746],[126.516,35.746],[126.516,35.746],[126.52,35.738],[126.52,35.738],[126.521,35.737],[126.523,35.736],[126.524,35.733],[126.529,35.731],[126.531,35.731],[126.532,35.73],[126.536,35.725],[126.559,35.698],[126.56,35.698],[126.567,35.693],[126.571,35.688],[126.572,35.691],[126.57,35.692],[126.577,35.7],[126.577,35.7],[126.581,35.701],[126.58,35.702],[126.58,35.702],[126.58,35.702],[126.583,35.706],[126.585,35.708],[126.586,35.708],[126.587,35.708],[126.589,35.708],[126.597,35.715],[126.606,35.727],[126.607,35.729],[126.611,35.733],[126.612,35.734],[126.611,35.735],[126.612,35.737],[126.615,35.738],[126.616,35.739],[126.597,35.758],[126.574,35.777],[126.595,35.797],[126.603,35.806],[126.611,35.81],[126.635,35.817],[126.643,35.817],[126.649,35.817],[126.673,35.806],[126.695,35.798],[126.697,35.798],[126.698,35.798],[126.705,35.797],[126.707,35.797],[126.701,35.807],[126.69,35.833],[126.69,35.84],[126.689,35.842],[126.683,35.843],[126.68,35.859],[126.676,35.87],[126.674,35.889],[126.671,35.887],[126.668,35.884],[126.662,35.884],[126.661,35.884],[126.659,35.885],[126.657,35.885],[126.654,35.885],[126.651,35.884],[126.641,35.884],[126.634,35.886],[126.632,35.886],[126.63,35.886],[126.63,35.891],[126.629,35.891],[126.629,35.887],[126.623,35.887],[126.622,35.887],[126.622,35.887],[126.622,35.888],[126.62,35.889],[126.618,35.888],[126.618,35.888],[126.614,35.886],[126.612,35.886],[126.612,35.887],[126.612,35.888],[126.612,35.889],[126.612,35.889],[126.613,35.889],[126.613,35.889],[126.615,35.891],[126.614,35.893],[126.612,35.902],[126.611,35.913],[126.612,35.929],[126.613,35.933],[126.614,35.933],[126.614,35.933],[126.614,35.933],[126.615,35.933],[126.615,35.933],[126.615,35.934],[126.615,35.934],[126.616,35.936],[126.618,35.94],[126.618,35.94],[126.617,35.94],[126.617,35.94],[126.599,35.947],[126.597,35.947],[126.597,35.947],[126.597,35.947],[126.597,35.947],[126.597,35.947],[126.597,35.946],[126.597,35.946],[126.597,35.946],[126.597,35.946],[126.597,35.946],[126.597,35.946],[126.594,35.947],[126.593,35.948],[126.588,35.939],[126.588,35.907],[126.588,35.904],[126.588,35.903],[126.588,35.903],[126.585,35.903],[126.581,35.903],[126.573,35.903],[126.566,35.904],[126.566,35.904],[126.565,35.905],[126.565,35.905],[126.565,35.906],[126.564,35.906],[126.556,35.911],[126.556,35.913],[126.556,35.914],[126.554,35.915],[126.551,35.915],[126.547,35.915],[126.543,35.915],[126.542,35.916],[126.542,35.917],[126.543,35.923],[126.541,35.923],[126.54,35.924],[126.539,35.925],[126.539,35.928],[126.539,35.93],[126.54,35.932],[126.54,35.933],[126.534,35.934],[126.534,35.934],[126.533,35.931],[126.526,35.915],[126.517,35.892],[126.517,35.89],[126.503,35.857],[126.499,35.848],[126.499,35.847],[126.499,35.847],[126.5,35.847],[126.5,35.847],[126.501,35.844],[126.501,35.841],[126.5,35.838],[126.498,35.835],[126.497,35.833],[126.49,35.828],[126.488,35.826],[126.481,35.82],[126.473,35.811],[126.472,35.811],[126.472,35.811],[126.471,35.811],[126.471,35.811],[126.471,35.811],[126.471,35.811],[126.469,35.811],[126.469,35.811],[126.469,35.811],[126.469,35.811],[126.469,35.811],[126.469,35.811],[126.469,35.811],[126.469,35.811],[126.469,35.812],[126.468,35.812],[126.468,35.812],[126.468,35.812],[126.468,35.812],[126.467,35.812],[126.467,35.812],[126.466,35.812],[126.466,35.812],[126.464,35.813],[126.463,35.813],[126.463,35.813],[126.463,35.813],[126.463,35.813],[126.463,35.813],[126.463,35.813],[126.463,35.813],[126.463,35.813],[126.463,35.813],[126.462,35.813],[126.462,35.813],[126.462,35.813],[126.462,35.814],[126.462,35.814],[126.462,35.814],[126.462,35.814],[126.463,35.815],[126.463,35.815],[126.464,35.816],[126.464,35.816],[126.463,35.816],[126.463,35.816],[126.463,35.816],[126.463,35.816],[126.463,35.816],[126.463,35.816],[126.463,35.816],[126.463,35.817],[126.463,35.817],[126.463,35.817],[126.463,35.817],[126.463,35.817],[126.463,35.817],[126.463,35.817],[126.463,35.817],[126.463,35.817],[126.463,35.817],[126.463,35.817],[126.463,35.817],[126.465,35.817],[126.465,35.817],[126.465,35.817],[126.465,35.817],[126.465,35.817],[126.465,35.817],[126.465,35.818],[126.465,35.818],[126.465,35.818],[126.465,35.819],[126.465,35.819],[126.465,35.819],[126.462,35.819],[126.46,35.818],[126.458,35.816],[126.458,35.816],[126.458,35.816],[126.458,35.816],[126.459,35.816],[126.458,35.815],[126.457,35.815],[126.457,35.815],[126.457,35.815],[126.457,35.815],[126.457,35.815],[126.457,35.815],[126.457,35.815],[126.457,35.815],[126.457,35.815],[126.457,35.815],[126.456,35.815],[126.456,35.815],[126.456,35.815],[126.456,35.816],[126.456,35.816],[126.456,35.816],[126.456,35.816],[126.456,35.815],[126.455,35.815],[126.455,35.815],[126.455,35.815],[126.455,35.815],[126.455,35.812],[126.456,35.812],[126.456,35.812],[126.456,35.811],[126.456,35.811],[126.456,35.811],[126.457,35.811],[126.457,35.81],[126.457,35.81],[126.457,35.81],[126.457,35.81],[126.456,35.809],[126.456,35.809],[126.456,35.809],[126.456,35.809],[126.454,35.807],[126.454,35.807],[126.454,35.807],[126.454,35.807],[126.455,35.807],[126.455,35.807],[126.455,35.807],[126.455,35.807],[126.455,35.807],[126.454,35.806],[126.454,35.806],[126.454,35.806],[126.453,35.806],[126.453,35.806],[126.453,35.806],[126.453,35.806],[126.453,35.807],[126.453,35.807],[126.453,35.807],[126.453,35.807],[126.453,35.807],[126.453,35.808],[126.453,35.808],[126.453,35.808],[126.453,35.808],[126.453,35.808],[126.453,35.808],[126.453,35.808],[126.453,35.808],[126.453,35.808],[126.453,35.808],[126.453,35.808],[126.453,35.808],[126.453,35.808],[126.453,35.808],[126.452,35.808],[126.452,35.808],[126.452,35.808],[126.452,35.808],[126.452,35.808],[126.452,35.808],[126.452,35.808],[126.452,35.808],[126.452,35.808],[126.452,35.808],[126.452,35.808],[126.451,35.808],[126.451,35.808],[126.451,35.808],[126.451,35.808],[126.45,35.808],[126.45,35.808],[126.45,35.808],[126.45,35.808],[126.45,35.808],[126.45,35.807],[126.45,35.807],[126.45,35.807],[126.45,35.807],[126.45,35.807],[126.45,35.807],[126.45,35.807],[126.45,35.807],[126.449,35.807],[126.449,35.807],[126.449,35.811],[126.45,35.811],[126.449,35.812],[126.449,35.813],[126.448,35.813],[126.448,35.813],[126.448,35.813],[126.445,35.812],[126.444,35.812],[126.444,35.812],[126.444,35.812],[126.444,35.813],[126.444,35.813],[126.444,35.813],[126.443,35.814],[126.443,35.814],[126.443,35.814],[126.443,35.814],[126.445,35.815],[126.445,35.815],[126.445,35.815],[126.445,35.815],[126.446,35.814],[126.447,35.814],[126.45,35.816],[126.447,35.819],[126.446,35.819],[126.446,35.819],[126.446,35.819],[126.447,35.82],[126.448,35.82],[126.45,35.818],[126.451,35.817],[126.451,35.817],[126.451,35.817],[126.452,35.817],[126.452,35.817],[126.453,35.818],[126.453,35.818],[126.453,35.818],[126.453,35.818],[126.453,35.818],[126.453,35.819],[126.453,35.819],[126.453,35.819],[126.453,35.819],[126.453,35.819],[126.453,35.819],[126.453,35.819],[126.453,35.819],[126.453,35.819],[126.453,35.819],[126.453,35.82],[126.453,35.82],[126.453,35.82],[126.453,35.82],[126.453,35.82],[126.452,35.82],[126.449,35.821],[126.445,35.823],[126.445,35.823],[126.445,35.824],[126.445,35.824],[126.445,35.824],[126.442,35.827],[126.442,35.828],[126.442,35.828],[126.442,35.828],[126.442,35.828],[126.442,35.828],[126.442,35.828],[126.442,35.828],[126.442,35.828],[126.442,35.828],[126.442,35.828],[126.442,35.829],[126.443,35.83],[126.443,35.83],[126.443,35.83],[126.443,35.83],[126.443,35.83],[126.443,35.83],[126.444,35.83],[126.444,35.83],[126.444,35.83],[126.444,35.83],[126.444,35.831],[126.444,35.831],[126.444,35.831],[126.444,35.831],[126.444,35.831],[126.444,35.831],[126.444,35.831],[126.444,35.831],[126.445,35.831],[126.445,35.831],[126.445,35.831],[126.445,35.831],[126.445,35.831],[126.446,35.831],[126.447,35.831],[126.447,35.831],[126.447,35.831],[126.447,35.831],[126.447,35.83],[126.447,35.83],[126.447,35.83],[126.447,35.83],[126.447,35.83],[126.448,35.83],[126.448,35.83],[126.448,35.83],[126.448,35.83],[126.448,35.83],[126.448,35.83],[126.448,35.83],[126.448,35.83],[126.454,35.832],[126.455,35.831],[126.459,35.827],[126.459,35.826],[126.46,35.825],[126.461,35.824],[126.461,35.824],[126.461,35.824],[126.461,35.824],[126.461,35.824],[126.462,35.824],[126.462,35.824],[126.462,35.825],[126.462,35.825],[126.463,35.825],[126.463,35.826],[126.463,35.826],[126.463,35.826],[126.464,35.825],[126.465,35.824],[126.465,35.824],[126.465,35.824],[126.466,35.824],[126.466,35.825],[126.467,35.825],[126.467,35.825],[126.467,35.825],[126.467,35.825],[126.467,35.825],[126.476,35.823],[126.491,35.838],[126.491,35.838],[126.489,35.841],[126.489,35.841],[126.488,35.843],[126.487,35.843],[126.487,35.843],[126.487,35.843],[126.487,35.843],[126.487,35.843],[126.486,35.844],[126.485,35.845],[126.486,35.846],[126.49,35.847],[126.492,35.847],[126.494,35.847],[126.495,35.847],[126.497,35.847],[126.497,35.849],[126.501,35.859],[126.511,35.882],[126.515,35.891],[126.521,35.906],[126.529,35.927],[126.531,35.932],[126.533,35.938],[126.532,35.938],[126.53,35.939],[126.529,35.938],[126.528,35.937],[126.527,35.934],[126.527,35.934],[126.527,35.934],[126.527,35.934],[126.528,35.934],[126.528,35.934],[126.528,35.933],[126.528,35.933],[126.528,35.933],[126.528,35.933],[126.527,35.933],[126.527,35.934],[126.526,35.934],[126.526,35.934],[126.525,35.935],[126.525,35.935],[126.525,35.935],[126.525,35.936],[126.525,35.936],[126.525,35.937],[126.525,35.937],[126.525,35.938],[126.526,35.939],[126.526,35.939],[126.527,35.94],[126.528,35.94],[126.53,35.943],[126.53,35.944],[126.53,35.944],[126.53,35.944],[126.529,35.944],[126.529,35.944],[126.528,35.944],[126.526,35.944],[126.522,35.948],[126.522,35.949],[126.522,35.949],[126.522,35.949],[126.523,35.95],[126.522,35.964],[126.521,35.972],[126.521,35.972],[126.519,35.972],[126.513,35.975],[126.513,35.975],[126.513,35.975],[126.513,35.975],[126.513,35.975],[126.518,35.973],[126.518,35.972],[126.522,35.973],[126.522,35.973],[126.523,35.969],[126.523,35.966],[126.526,35.97],[126.527,35.974],[126.54,35.974],[126.547,35.974],[126.547,35.974],[126.547,35.975],[126.563,35.975],[126.563,35.975],[126.569,35.975],[126.573,35.976],[126.573,35.976],[126.6,35.978],[126.6,35.978],[126.6,35.978],[126.6,35.978],[126.601,35.978],[126.604,35.978],[126.604,35.978],[126.604,35.978],[126.604,35.978],[126.605,35.978],[126.605,35.978],[126.606,35.978],[126.606,35.978],[126.606,35.978],[126.606,35.978],[126.612,35.979],[126.612,35.979],[126.612,35.979],[126.613,35.979],[126.615,35.978],[126.618,35.976],[126.618,35.972],[126.624,35.976],[126.63,35.978],[126.635,35.979],[126.641,35.979],[126.642,35.979],[126.651,35.982],[126.657,35.984],[126.657,35.984],[126.658,35.984],[126.658,35.984],[126.659,35.984],[126.661,35.984],[126.664,35.984],[126.664,35.984],[126.672,35.984],[126.672,35.984],[126.676,35.984],[126.678,35.984],[126.68,35.984],[126.683,35.984],[126.691,35.987],[126.695,35.988],[126.696,35.989],[126.704,35.994],[126.704,35.994],[126.704,35.994],[126.705,35.995],[126.705,35.995],[126.705,35.995],[126.705,35.995],[126.705,35.995],[126.706,35.995],[126.711,35.993],[126.718,35.989],[126.725,35.987],[126.729,35.986],[126.728,35.984],[126.73,35.985],[126.733,35.985],[126.736,35.986],[126.737,35.986],[126.739,35.987],[126.745,35.99],[126.747,35.992],[126.748,35.994],[126.751,35.998],[126.752,36.0],[126.753,36.002],[126.753,36.004],[126.754,36.007],[126.755,36.009],[126.756,36.011],[126.75,36.013],[126.748,36.013],[126.742,36.014],[126.743,36.016],[126.744,36.018],[126.746,36.023],[126.752,36.026],[126.762,36.026],[126.767,36.029],[126.787,36.032],[126.797,36.033],[126.806,36.034],[126.812,36.04],[126.817,36.045],[126.821,36.05],[126.834,36.052],[126.84,36.053],[126.848,36.055],[126.864,36.06],[126.868,36.062],[126.871,36.072],[126.874,36.09],[126.874,36.106],[126.874,36.107],[126.875,36.113],[126.88,36.126],[126.884,36.134],[126.889,36.139],[126.895,36.142],[126.904,36.141],[126.908,36.139],[126.913,36.136],[126.92,36.136],[126.92,36.137],[126.922,36.139],[126.931,36.143],[126.939,36.151],[126.943,36.153],[126.957,36.157],[126.963,36.156],[126.967,36.154],[126.976,36.149],[126.981,36.148],[126.984,36.148],[126.989,36.147],[126.994,36.147],[127.001,36.148],[127.004,36.15],[127.006,36.147],[127.006,36.148],[127.01,36.146],[127.012,36.146],[127.014,36.148],[127.015,36.149],[127.018,36.144],[127.02,36.14],[127.021,36.138],[127.024,36.137],[127.03,36.137],[127.03,36.137],[127.031,36.138],[127.035,36.139],[127.04,36.138],[127.04,36.14],[127.04,36.141],[127.041,36.144],[127.045,36.146],[127.044,36.143],[127.045,36.135],[127.055,36.129],[127.057,36.127],[127.063,36.125],[127.061,36.117],[127.057,36.113],[127.061,36.097],[127.06,36.094],[127.061,36.094],[127.066,36.089],[127.073,36.085],[127.088,36.076],[127.09,36.073],[127.092,36.074],[127.101,36.076],[127.109,36.072],[127.116,36.068],[127.118,36.067],[127.12,36.066],[127.123,36.064],[127.131,36.066],[127.131,36.066],[127.134,36.07],[127.134,36.079],[127.134,36.081],[127.138,36.087],[127.148,36.09],[127.152,36.087],[127.154,36.085],[127.162,36.084],[127.164,36.085],[127.171,36.085],[127.174,36.089],[127.178,36.092],[127.183,36.095],[127.187,36.092],[127.19,36.089],[127.191,36.088],[127.199,36.086],[127.201,36.09],[127.201,36.092],[127.203,36.093],[127.205,36.096],[127.205,36.1],[127.207,36.1],[127.21,36.101],[127.212,36.101],[127.213,36.099],[127.214,36.098],[127.217,36.097],[127.222,36.097],[127.223,36.098],[127.229,36.098],[127.235,36.094],[127.237,36.091],[127.244,36.085],[127.253,36.085],[127.251,36.092],[127.248,36.094],[127.246,36.101],[127.246,36.103],[127.25,36.107],[127.25,36.11],[127.253,36.113],[127.261,36.111],[127.261,36.111],[127.273,36.107],[127.283,36.111],[127.289,36.113],[127.294,36.113],[127.297,36.123],[127.304,36.125],[127.306,36.126],[127.309,36.123],[127.315,36.119],[127.319,36.121],[127.321,36.125],[127.323,36.131],[127.326,36.131],[127.328,36.131],[127.331,36.13],[127.336,36.13],[127.34,36.129],[127.34,36.128],[127.344,36.119],[127.351,36.116],[127.353,36.106],[127.35,36.102],[127.349,36.095],[127.352,36.094],[127.36,36.089],[127.358,36.087],[127.357,36.082],[127.358,36.081],[127.359,36.081],[127.361,36.073],[127.36,36.072],[127.359,36.069],[127.362,36.069],[127.364,36.066],[127.362,36.064],[127.361,36.061],[127.362,36.059],[127.36,36.056],[127.366,36.049],[127.372,36.044],[127.373,36.038],[127.375,36.033],[127.376,36.023],[127.384,36.021],[127.393,36.016],[127.393,36.015],[127.394,36.013],[127.397,36.01],[127.404,36.011],[127.405,36.013],[127.408,36.014],[127.409,36.014],[127.413,36.015],[127.417,36.019],[127.42,36.023],[127.425,36.026],[127.435,36.029],[127.437,36.023],[127.437,36.02],[127.435,36.015],[127.437,36.011],[127.437,36.009],[127.443,36.008],[127.445,36.006],[127.444,36.004],[127.448,35.999],[127.449,35.994],[127.453,35.988],[127.455,35.986],[127.455,35.985],[127.464,35.984],[127.465,35.985],[127.468,35.988],[127.469,35.987],[127.476,35.981],[127.485,35.98],[127.488,35.978],[127.49,35.98],[127.49,35.982],[127.499,35.987],[127.502,35.985],[127.506,35.98],[127.51,35.98],[127.514,35.983],[127.521,35.985],[127.524,35.985],[127.532,35.991],[127.536,35.999],[127.532,36.008],[127.539,36.011],[127.54,36.012],[127.539,36.013],[127.536,36.021],[127.538,36.024],[127.539,36.026],[127.538,36.027],[127.537,36.032],[127.535,36.034],[127.532,36.035],[127.531,36.041],[127.539,36.039],[127.548,36.038],[127.552,36.033],[127.557,36.033],[127.561,36.033],[127.567,36.031],[127.57,36.027],[127.581,36.026],[127.583,36.027],[127.587,36.026],[127.592,36.023],[127.592,36.021],[127.594,36.02],[127.596,36.019],[127.6,36.012],[127.606,36.012],[127.608,36.01],[127.607,36.008],[127.61,36.004],[127.613,36.001],[127.616,36.003],[127.618,36.01],[127.613,36.022],[127.61,36.023],[127.611,36.025],[127.611,36.026],[127.611,36.026],[127.613,36.026],[127.621,36.025],[127.626,36.026],[127.627,36.028],[127.628,36.031],[127.629,36.032],[127.63,36.032],[127.632,36.032],[127.635,36.03],[127.637,36.035],[127.634,36.035],[127.632,36.037],[127.631,36.042],[127.627,36.043],[127.624,36.042],[127.621,36.04],[127.619,36.043],[127.62,36.047],[127.619,36.05],[127.621,36.06],[127.621,36.065],[127.624,36.067],[127.633,36.067],[127.638,36.068],[127.64,36.068],[127.648,36.063],[127.649,36.06],[127.649,36.058],[127.651,36.057],[127.652,36.057],[127.654,36.056],[127.655,36.054],[127.655,36.054],[127.659,36.041],[127.664,36.038],[127.673,36.042],[127.671,36.049],[127.681,36.058],[127.684,36.061],[127.686,36.062],[127.69,36.059],[127.693,36.058],[127.695,36.056],[127.695,36.046],[127.7,36.037],[127.704,36.034],[127.712,36.036],[127.717,36.035],[127.718,36.034],[127.719,36.033],[127.719,36.032],[127.727,36.032],[127.732,36.032],[127.735,36.032],[127.737,36.03],[127.739,36.027],[127.74,36.026],[127.741,36.025],[127.742,36.025],[127.743,36.027],[127.748,36.03],[127.749,36.029],[127.75,36.027],[127.752,36.026],[127.756,36.024],[127.758,36.025],[127.759,36.025],[127.761,36.025],[127.762,36.025],[127.762,36.024],[127.763,36.022],[127.761,36.019],[127.759,36.016],[127.759,36.015],[127.761,36.014],[127.763,36.013],[127.767,36.012],[127.771,36.013],[127.774,36.015],[127.779,36.016],[127.782,36.017],[127.784,36.016],[127.787,36.015],[127.789,36.015],[127.79,36.018],[127.794,36.021],[127.801,36.027],[127.806,36.026],[127.819,36.029],[127.824,36.032],[127.833,36.036],[127.839,36.036],[127.845,36.039],[127.85,36.039],[127.853,36.039],[127.858,36.032],[127.86,36.032],[127.864,36.026],[127.868,36.024],[127.876,36.02],[127.875,36.016],[127.876,36.009],[127.876,36.007],[127.877,36.007],[127.879,36.003],[127.878,36.001],[127.876,36.0],[127.876,35.997],[127.888,35.991],[127.894,35.985],[127.894,35.985],[127.892,35.983],[127.891,35.979],[127.895,35.978],[127.896,35.978],[127.897,35.976],[127.896,35.973],[127.898,35.969],[127.902,35.959],[127.904,35.954],[127.91,35.951],[127.911,35.948],[127.906,35.941],[127.899,35.937],[127.897,35.936],[127.896,35.934],[127.89,35.932],[127.885,35.931],[127.882,35.927],[127.884,35.924],[127.883,35.921],[127.882,35.919],[127.884,35.918],[127.886,35.916],[127.888,35.915],[127.888,35.914],[127.886,35.911],[127.881,35.91],[127.878,35.909],[127.877,35.908],[127.868,35.904],[127.866,35.905],[127.864,35.907],[127.858,35.904],[127.858,35.901],[127.858,35.897],[127.851,35.887],[127.853,35.884],[127.851,35.878],[127.844,35.872],[127.845,35.87],[127.834,35.867],[127.83,35.869],[127.821,35.864],[127.819,35.861],[127.815,35.857],[127.815,35.855],[127.813,35.854],[127.808,35.856],[127.804,35.859],[127.799,35.855],[127.788,35.853],[127.779,35.847],[127.773,35.84],[127.764,35.839],[127.759,35.837],[127.754,35.839],[127.75,35.843],[127.746,35.843],[127.74,35.837],[127.739,35.831],[127.736,35.825],[127.732,35.82],[127.731,35.815],[127.727,35.813],[127.725,35.813],[127.724,35.809],[127.724,35.806],[127.724,35.805],[127.721,35.802],[127.72,35.799],[127.719,35.797],[127.712,35.793],[127.707,35.792],[127.7,35.788],[127.689,35.781],[127.683,35.774],[127.68,35.77],[127.67,35.771],[127.668,35.771],[127.666,35.769],[127.662,35.761],[127.664,35.755],[127.662,35.751],[127.663,35.745],[127.66,35.737],[127.661,35.735],[127.662,35.731],[127.661,35.72],[127.66,35.716],[127.661,35.713],[127.657,35.706],[127.649,35.704],[127.65,35.702],[127.646,35.699],[127.64,35.687],[127.64,35.682],[127.639,35.676],[127.64,35.673],[127.635,35.667],[127.628,35.662],[127.629,35.659],[127.626,35.654],[127.622,35.651],[127.622,35.648],[127.621,35.647],[127.62,35.643],[127.621,35.64],[127.624,35.638],[127.624,35.632],[127.632,35.623],[127.635,35.618],[127.633,35.617],[127.627,35.616],[127.622,35.615],[127.62,35.614],[127.618,35.611],[127.616,35.61],[127.613,35.608],[127.613,35.604],[127.61,35.599],[127.608,35.592],[127.609,35.59],[127.61,35.583],[127.606,35.582],[127.605,35.578],[127.599,35.576],[127.595,35.57],[127.59,35.566],[127.588,35.561],[127.586,35.555],[127.59,35.554],[127.593,35.551],[127.605,35.544],[127.609,35.54],[127.609,35.539],[127.612,35.536],[127.617,35.536],[127.621,35.534],[127.625,35.534],[127.628,35.536],[127.629,35.536],[127.626,35.532],[127.625,35.527],[127.626,35.525],[127.63,35.521],[127.633,35.52],[127.634,35.52],[127.633,35.515],[127.635,35.512],[127.637,35.511],[127.638,35.508],[127.644,35.501],[127.65,35.498],[127.65,35.49],[127.648,35.484],[127.639,35.479],[127.637,35.478],[127.637,35.476],[127.637,35.467],[127.636,35.462],[127.64,35.456],[127.645,35.449],[127.652,35.451],[127.661,35.448],[127.666,35.449],[127.67,35.449],[127.674,35.446],[127.67,35.439],[127.667,35.438],[127.665,35.436],[127.666,35.432],[127.665,35.427],[127.664,35.426],[127.663,35.421],[127.66,35.414],[127.648,35.406],[127.641,35.401],[127.636,35.399],[127.629,35.39],[127.625,35.385],[127.625,35.381],[127.622,35.373],[127.614,35.369],[127.613,35.369],[127.61,35.366],[127.611,35.36],[127.612,35.356],[127.615,35.353],[127.617,35.349],[127.623,35.344],[127.623,35.342],[127.621,35.335],[127.621,35.333],[127.607,35.324],[127.607,35.321],[127.595,35.313],[127.584,35.309],[127.58,35.31],[127.577,35.309],[127.573,35.312],[127.571,35.314],[127.556,35.322],[127.553,35.324],[127.551,35.325],[127.545,35.327],[127.542,35.329],[127.542,35.331],[127.54,35.335],[127.535,35.335],[127.533,35.335],[127.531,35.336],[127.527,35.342],[127.523,35.345],[127.52,35.346],[127.517,35.347],[127.511,35.352],[127.507,35.354],[127.503,35.358],[127.497,35.36],[127.486,35.358],[127.477,35.364],[127.47,35.365],[127.462,35.364],[127.458,35.364],[127.454,35.361],[127.447,35.361],[127.442,35.361],[127.442,35.363],[127.441,35.364],[127.436,35.362],[127.431,35.358],[127.42,35.348],[127.42,35.345],[127.418,35.341],[127.416,35.337],[127.412,35.332],[127.406,35.324],[127.401,35.323],[127.399,35.319],[127.395,35.314],[127.392,35.31],[127.393,35.308],[127.389,35.304],[127.38,35.304],[127.379,35.307],[127.376,35.312],[127.369,35.314],[127.368,35.314],[127.362,35.318],[127.36,35.32],[127.358,35.321],[127.354,35.322],[127.346,35.318],[127.331,35.315],[127.33,35.314],[127.33,35.313],[127.33,35.312],[127.326,35.309],[127.326,35.31],[127.323,35.307],[127.32,35.306],[127.314,35.306],[127.311,35.305],[127.309,35.304],[127.306,35.305],[127.3,35.309],[127.299,35.31],[127.298,35.31],[127.295,35.311],[127.292,35.313],[127.287,35.314],[127.278,35.314],[127.273,35.313],[127.27,35.313],[127.267,35.314],[127.265,35.314],[127.263,35.313],[127.26,35.312],[127.256,35.313],[127.253,35.315],[127.251,35.317],[127.251,35.318],[127.243,35.323],[127.241,35.325],[127.238,35.328],[127.236,35.329],[127.234,35.332],[127.233,35.333],[127.229,35.334],[127.224,35.335],[127.222,35.335],[127.221,35.335],[127.218,35.332],[127.216,35.33],[127.216,35.326],[127.213,35.317],[127.212,35.316],[127.208,35.315],[127.206,35.315],[127.202,35.316],[127.199,35.317],[127.198,35.318],[127.196,35.32],[127.193,35.321],[127.192,35.321],[127.188,35.323],[127.184,35.33],[127.184,35.332],[127.186,35.337],[127.186,35.336],[127.18,35.333],[127.173,35.331],[127.173,35.332],[127.168,35.332],[127.163,35.328],[127.161,35.328],[127.16,35.327],[127.152,35.318],[127.147,35.315],[127.144,35.308],[127.141,35.309],[127.129,35.308],[127.127,35.305],[127.126,35.303],[127.12,35.302],[127.117,35.3],[127.113,35.3],[127.104,35.3],[127.103,35.3],[127.102,35.301],[127.087,35.308],[127.081,35.31],[127.071,35.312],[127.069,35.311],[127.067,35.312],[127.064,35.314],[127.062,35.317],[127.061,35.317],[127.051,35.317],[127.043,35.321],[127.047,35.326],[127.051,35.329],[127.051,35.33],[127.052,35.34],[127.056,35.341],[127.062,35.336],[127.07,35.339],[127.07,35.341],[127.069,35.343],[127.068,35.347],[127.069,35.353],[127.068,35.354],[127.066,35.355],[127.065,35.357],[127.066,35.358],[127.067,35.359],[127.071,35.366],[127.067,35.368],[127.066,35.369],[127.065,35.369],[127.063,35.37],[127.064,35.376],[127.062,35.377],[127.055,35.383],[127.05,35.378],[127.047,35.377],[127.042,35.379],[127.04,35.382],[127.04,35.384],[127.035,35.388],[127.027,35.399],[127.037,35.399],[127.043,35.399],[127.046,35.406],[127.046,35.409],[127.048,35.419],[127.049,35.431],[127.045,35.432],[127.045,35.434],[127.044,35.434],[127.04,35.432],[127.037,35.434],[127.038,35.438],[127.037,35.445],[127.035,35.457],[127.036,35.46],[127.035,35.465],[127.032,35.466],[127.024,35.464],[127.017,35.459],[127.012,35.46],[127.002,35.464],[126.999,35.462],[126.999,35.456],[127.0,35.452],[126.995,35.44],[126.985,35.437],[126.984,35.432],[126.982,35.427],[126.977,35.428],[126.97,35.423],[126.972,35.413],[126.973,35.412],[126.976,35.405],[126.976,35.4],[126.973,35.399],[126.971,35.398],[126.961,35.395],[126.957,35.396],[126.95,35.395],[126.942,35.394],[126.935,35.395],[126.93,35.401],[126.931,35.402],[126.932,35.402],[126.933,35.405],[126.931,35.406],[126.919,35.402],[126.917,35.402],[126.919,35.408],[126.916,35.416],[126.915,35.416],[126.913,35.415],[126.911,35.415],[126.908,35.416],[126.909,35.418],[126.909,35.418],[126.909,35.419],[126.907,35.42],[126.905,35.42],[126.902,35.423],[126.903,35.427],[126.903,35.43],[126.899,35.432],[126.898,35.433],[126.898,35.435],[126.898,35.436],[126.905,35.44],[126.901,35.442],[126.899,35.443],[126.893,35.449],[126.883,35.452],[126.883,35.455],[126.88,35.456],[126.876,35.457],[126.875,35.459],[126.87,35.462],[126.869,35.462],[126.867,35.462],[126.859,35.462],[126.858,35.463],[126.85,35.466],[126.842,35.463],[126.839,35.462],[126.838,35.464],[126.84,35.466],[126.843,35.476],[126.843,35.478],[126.84,35.479],[126.832,35.48],[126.829,35.484],[126.828,35.486],[126.824,35.487],[126.814,35.483],[126.813,35.476],[126.814,35.47],[126.804,35.468],[126.792,35.468],[126.785,35.47],[126.782,35.471],[126.773,35.468],[126.772,35.468],[126.765,35.467],[126.756,35.46],[126.755,35.456],[126.743,35.452],[126.738,35.449],[126.741,35.446],[126.742,35.445],[126.742,35.444],[126.744,35.441],[126.746,35.441],[126.749,35.439],[126.751,35.423],[126.753,35.421],[126.751,35.417],[126.748,35.415],[126.747,35.414],[126.743,35.409],[126.737,35.405],[126.728,35.401],[126.725,35.401],[126.722,35.399],[126.722,35.399],[126.723,35.398],[126.727,35.397],[126.73,35.39],[126.731,35.388],[126.732,35.381],[126.731,35.377],[126.729,35.375],[126.721,35.366],[126.711,35.364],[126.71,35.364],[126.709,35.365],[126.704,35.363],[126.703,35.357],[126.697,35.35],[126.693,35.351],[126.691,35.351],[126.687,35.347],[126.683,35.347],[126.678,35.348],[126.674,35.349],[126.666,35.351],[126.665,35.347],[126.662,35.345],[126.66,35.343],[126.659,35.336],[126.653,35.328],[126.652,35.327],[126.65,35.328],[126.646,35.328],[126.647,35.325],[126.647,35.324],[126.645,35.321],[126.642,35.321],[126.637,35.321],[126.631,35.32],[126.626,35.321],[126.608,35.332],[126.602,35.333],[126.6,35.331],[126.594,35.33],[126.586,35.33],[126.584,35.33],[126.584,35.329],[126.583,35.329],[126.582,35.321],[126.581,35.317],[126.583,35.316],[126.585,35.317],[126.587,35.318],[126.589,35.318],[126.589,35.316],[126.589,35.314],[126.589,35.313],[126.589,35.307],[126.585,35.301],[126.577,35.304],[126.576,35.305],[126.571,35.311],[126.567,35.311],[126.564,35.31],[126.561,35.311],[126.558,35.312],[126.557,35.312],[126.556,35.313],[126.547,35.313],[126.547,35.312],[126.544,35.31],[126.542,35.31],[126.535,35.309],[126.534,35.308],[126.533,35.307],[126.53,35.309],[126.529,35.313],[126.526,35.313],[126.524,35.314],[126.523,35.315],[126.524,35.316],[126.523,35.321],[126.519,35.326],[126.518,35.326],[126.514,35.327],[126.516,35.329],[126.518,35.334],[126.517,35.335],[126.517,35.338],[126.518,35.34],[126.519,35.342],[126.521,35.348],[126.52,35.35],[126.516,35.353],[126.513,35.362],[126.508,35.362],[126.504,35.359],[126.497,35.351],[126.497,35.35],[126.493,35.351],[126.492,35.352],[126.495,35.357],[126.497,35.365],[126.496,35.371],[126.497,35.373],[126.492,35.375],[126.486,35.378],[126.483,35.382],[126.482,35.385],[126.479,35.386],[126.483,35.39],[126.485,35.39],[126.491,35.395],[126.491,35.403],[126.491,35.404],[126.491,35.405],[126.492,35.407],[126.493,35.409],[126.492,35.41],[126.492,35.411],[126.487,35.415],[126.48,35.423],[126.48,35.426],[126.476,35.429],[126.473,35.427],[126.469,35.425],[126.467,35.425],[126.457,35.427],[126.454,35.427],[126.452,35.427],[126.448,35.43],[126.448,35.435],[126.448,35.435],[126.447,35.435],[126.446,35.435],[126.442,35.436],[126.441,35.436],[126.439,35.435],[126.436,35.433],[126.436,35.433],[126.436,35.433],[126.432,35.432],[126.432,35.432],[126.429,35.434],[126.429,35.435],[126.43,35.437],[126.431,35.437],[126.434,35.442],[126.437,35.448],[126.437,35.449],[126.437,35.449],[126.435,35.45],[126.429,35.45]]]]}},{"type":"Feature","properties":{"sido_short":"전남","sido_nm":"전라남도","시도":"전남"},"geometry":{"type":"MultiPolygon","coordinates":[[[[126.55,34.177],[126.554,34.176],[126.554,34.176],[126.555,34.174],[126.556,34.171],[126.554,34.169],[126.555,34.169],[126.555,34.168],[126.555,34.168],[126.556,34.168],[126.56,34.168],[126.561,34.169],[126.561,34.169],[126.564,34.17],[126.57,34.17],[126.572,34.168],[126.572,34.167],[126.572,34.167],[126.571,34.167],[126.571,34.167],[126.571,34.167],[126.571,34.167],[126.571,34.166],[126.571,34.163],[126.573,34.161],[126.575,34.163],[126.575,34.165],[126.575,34.166],[126.576,34.168],[126.577,34.168],[126.583,34.17],[126.584,34.17],[126.589,34.169],[126.59,34.168],[126.59,34.168],[126.592,34.167],[126.593,34.167],[126.594,34.168],[126.594,34.168],[126.595,34.169],[126.598,34.168],[126.6,34.167],[126.607,34.165],[126.609,34.162],[126.61,34.162],[126.61,34.161],[126.611,34.162],[126.612,34.162],[126.616,34.164],[126.617,34.165],[126.618,34.165],[126.62,34.165],[126.621,34.164],[126.621,34.164],[126.621,34.162],[126.617,34.149],[126.616,34.148],[126.616,34.149],[126.615,34.15],[126.615,34.15],[126.614,34.153],[126.613,34.153],[126.612,34.153],[126.612,34.153],[126.612,34.153],[126.612,34.153],[126.611,34.153],[126.605,34.161],[126.603,34.161],[126.603,34.16],[126.603,34.157],[126.603,34.156],[126.604,34.153],[126.604,34.152],[126.603,34.15],[126.605,34.148],[126.606,34.148],[126.606,34.147],[126.604,34.146],[126.604,34.146],[126.603,34.146],[126.603,34.146],[126.603,34.147],[126.603,34.147],[126.603,34.148],[126.603,34.149],[126.602,34.15],[126.601,34.151],[126.597,34.154],[126.597,34.157],[126.597,34.157],[126.595,34.161],[126.594,34.162],[126.594,34.162],[126.59,34.162],[126.588,34.162],[126.588,34.162],[126.588,34.161],[126.589,34.161],[126.589,34.161],[126.589,34.161],[126.588,34.157],[126.588,34.157],[126.586,34.157],[126.585,34.158],[126.583,34.159],[126.582,34.159],[126.58,34.158],[126.579,34.158],[126.579,34.157],[126.578,34.156],[126.579,34.155],[126.58,34.154],[126.58,34.153],[126.58,34.152],[126.58,34.152],[126.574,34.15],[126.574,34.149],[126.574,34.148],[126.574,34.148],[126.574,34.147],[126.576,34.145],[126.576,34.145],[126.576,34.145],[126.568,34.145],[126.566,34.145],[126.565,34.144],[126.564,34.143],[126.564,34.141],[126.563,34.14],[126.564,34.137],[126.565,34.137],[126.562,34.135],[126.561,34.135],[126.561,34.135],[126.56,34.135],[126.56,34.135],[126.559,34.135],[126.552,34.131],[126.55,34.131],[126.549,34.13],[126.548,34.129],[126.548,34.129],[126.548,34.129],[126.548,34.128],[126.546,34.127],[126.543,34.126],[126.538,34.126],[126.537,34.126],[126.536,34.126],[126.535,34.126],[126.534,34.125],[126.528,34.122],[126.522,34.123],[126.522,34.123],[126.522,34.123],[126.521,34.125],[126.52,34.125],[126.52,34.125],[126.52,34.126],[126.519,34.126],[126.518,34.125],[126.517,34.125],[126.517,34.124],[126.516,34.123],[126.516,34.122],[126.512,34.122],[126.511,34.125],[126.512,34.127],[126.512,34.127],[126.513,34.127],[126.514,34.128],[126.514,34.129],[126.509,34.134],[126.507,34.141],[126.507,34.141],[126.508,34.142],[126.509,34.144],[126.509,34.145],[126.509,34.145],[126.509,34.146],[126.507,34.147],[126.506,34.147],[126.505,34.147],[126.504,34.147],[126.504,34.147],[126.504,34.146],[126.504,34.146],[126.504,34.146],[126.504,34.146],[126.504,34.147],[126.504,34.148],[126.504,34.149],[126.505,34.149],[126.505,34.149],[126.509,34.15],[126.51,34.151],[126.51,34.153],[126.509,34.154],[126.509,34.156],[126.508,34.157],[126.507,34.157],[126.504,34.158],[126.504,34.159],[126.504,34.16],[126.504,34.16],[126.505,34.16],[126.506,34.161],[126.507,34.161],[126.516,34.166],[126.517,34.167],[126.517,34.167],[126.517,34.167],[126.517,34.168],[126.516,34.169],[126.516,34.169],[126.516,34.17],[126.516,34.17],[126.516,34.17],[126.517,34.17],[126.52,34.171],[126.52,34.17],[126.52,34.17],[126.523,34.171],[126.524,34.172],[126.528,34.174],[126.532,34.176],[126.538,34.18],[126.538,34.18],[126.538,34.18],[126.538,34.18],[126.538,34.181],[126.538,34.181],[126.539,34.181],[126.539,34.182],[126.54,34.182],[126.54,34.182],[126.541,34.182],[126.542,34.181],[126.55,34.177]]],[[[126.654,34.198],[126.656,34.197],[126.661,34.194],[126.662,34.194],[126.665,34.194],[126.668,34.194],[126.67,34.19],[126.671,34.189],[126.674,34.189],[126.678,34.187],[126.685,34.182],[126.682,34.177],[126.682,34.177],[126.675,34.175],[126.665,34.175],[126.663,34.174],[126.656,34.172],[126.656,34.169],[126.656,34.169],[126.656,34.165],[126.657,34.164],[126.659,34.163],[126.66,34.163],[126.663,34.163],[126.663,34.165],[126.668,34.162],[126.668,34.162],[126.668,34.162],[126.669,34.161],[126.668,34.16],[126.668,34.16],[126.668,34.16],[126.667,34.159],[126.667,34.159],[126.667,34.158],[126.667,34.158],[126.669,34.156],[126.67,34.156],[126.669,34.15],[126.67,34.148],[126.671,34.147],[126.672,34.147],[126.672,34.147],[126.678,34.151],[126.678,34.151],[126.679,34.151],[126.682,34.15],[126.683,34.149],[126.681,34.144],[126.68,34.14],[126.677,34.139],[126.677,34.139],[126.677,34.139],[126.676,34.141],[126.676,34.141],[126.676,34.141],[126.676,34.141],[126.676,34.141],[126.677,34.141],[126.677,34.142],[126.677,34.142],[126.677,34.143],[126.677,34.143],[126.672,34.145],[126.67,34.145],[126.669,34.144],[126.669,34.143],[126.668,34.142],[126.668,34.142],[126.67,34.141],[126.671,34.141],[126.672,34.134],[126.673,34.134],[126.672,34.13],[126.667,34.128],[126.666,34.127],[126.666,34.126],[126.666,34.126],[126.666,34.125],[126.669,34.124],[126.666,34.119],[126.663,34.117],[126.663,34.116],[126.663,34.116],[126.664,34.115],[126.663,34.112],[126.66,34.111],[126.66,34.111],[126.66,34.111],[126.66,34.111],[126.659,34.111],[126.66,34.112],[126.66,34.113],[126.656,34.115],[126.656,34.115],[126.656,34.115],[126.655,34.115],[126.655,34.115],[126.653,34.115],[126.65,34.115],[126.65,34.115],[126.65,34.116],[126.65,34.117],[126.651,34.117],[126.653,34.117],[126.653,34.117],[126.653,34.117],[126.653,34.118],[126.653,34.118],[126.653,34.119],[126.652,34.12],[126.651,34.121],[126.65,34.121],[126.65,34.123],[126.65,34.124],[126.651,34.126],[126.651,34.126],[126.652,34.127],[126.652,34.127],[126.652,34.128],[126.651,34.129],[126.65,34.13],[126.649,34.131],[126.648,34.131],[126.646,34.131],[126.645,34.13],[126.639,34.124],[126.64,34.124],[126.64,34.123],[126.639,34.123],[126.639,34.123],[126.638,34.122],[126.637,34.123],[126.636,34.129],[126.637,34.13],[126.637,34.131],[126.637,34.131],[126.635,34.135],[126.633,34.14],[126.633,34.142],[126.631,34.145],[126.63,34.146],[126.63,34.145],[126.629,34.145],[126.628,34.146],[126.634,34.149],[126.635,34.149],[126.636,34.15],[126.64,34.16],[126.642,34.162],[126.643,34.163],[126.647,34.165],[126.652,34.169],[126.652,34.17],[126.652,34.171],[126.652,34.172],[126.647,34.175],[126.638,34.179],[126.636,34.181],[126.636,34.181],[126.637,34.182],[126.638,34.181],[126.638,34.181],[126.638,34.181],[126.638,34.181],[126.639,34.181],[126.64,34.182],[126.642,34.183],[126.642,34.183],[126.642,34.184],[126.642,34.184],[126.641,34.185],[126.641,34.185],[126.639,34.185],[126.633,34.187],[126.633,34.188],[126.633,34.188],[126.633,34.188],[126.634,34.188],[126.637,34.189],[126.638,34.187],[126.642,34.186],[126.643,34.186],[126.647,34.191],[126.648,34.193],[126.646,34.194],[126.646,34.194],[126.646,34.197],[126.646,34.198],[126.647,34.198],[126.649,34.199],[126.651,34.2],[126.654,34.199],[126.654,34.198]]],[[[126.897,34.212],[126.902,34.212],[126.902,34.213],[126.903,34.213],[126.904,34.214],[126.907,34.214],[126.91,34.214],[126.91,34.213],[126.912,34.206],[126.912,34.206],[126.905,34.204],[126.904,34.202],[126.904,34.202],[126.906,34.2],[126.908,34.197],[126.909,34.196],[126.911,34.196],[126.912,34.195],[126.912,34.191],[126.909,34.185],[126.908,34.185],[126.908,34.185],[126.91,34.183],[126.911,34.183],[126.911,34.183],[126.912,34.183],[126.914,34.185],[126.917,34.187],[126.918,34.187],[126.925,34.191],[126.921,34.185],[126.921,34.185],[126.924,34.181],[126.923,34.173],[126.923,34.173],[126.923,34.173],[126.922,34.172],[126.919,34.166],[126.918,34.165],[126.919,34.163],[126.918,34.158],[126.915,34.154],[126.914,34.153],[126.913,34.154],[126.909,34.151],[126.888,34.152],[126.883,34.15],[126.881,34.15],[126.879,34.151],[126.878,34.152],[126.878,34.152],[126.881,34.154],[126.882,34.154],[126.881,34.155],[126.881,34.155],[126.88,34.156],[126.88,34.156],[126.88,34.156],[126.873,34.16],[126.872,34.163],[126.872,34.163],[126.872,34.163],[126.872,34.164],[126.872,34.164],[126.87,34.166],[126.869,34.166],[126.86,34.162],[126.86,34.162],[126.859,34.161],[126.859,34.161],[126.86,34.161],[126.86,34.16],[126.86,34.159],[126.86,34.157],[126.858,34.154],[126.858,34.152],[126.858,34.152],[126.858,34.152],[126.858,34.152],[126.857,34.151],[126.854,34.155],[126.848,34.163],[126.85,34.165],[126.854,34.166],[126.855,34.166],[126.856,34.167],[126.859,34.17],[126.86,34.17],[126.86,34.171],[126.859,34.171],[126.858,34.172],[126.857,34.173],[126.857,34.173],[126.855,34.173],[126.855,34.173],[126.854,34.171],[126.854,34.171],[126.851,34.169],[126.847,34.174],[126.847,34.175],[126.847,34.175],[126.853,34.179],[126.855,34.178],[126.855,34.177],[126.855,34.176],[126.857,34.177],[126.858,34.178],[126.858,34.179],[126.853,34.186],[126.853,34.186],[126.853,34.186],[126.855,34.187],[126.855,34.187],[126.861,34.193],[126.861,34.195],[126.862,34.196],[126.862,34.197],[126.861,34.198],[126.861,34.199],[126.859,34.199],[126.857,34.199],[126.857,34.199],[126.858,34.2],[126.859,34.201],[126.859,34.201],[126.861,34.201],[126.862,34.201],[126.863,34.201],[126.864,34.201],[126.87,34.203],[126.871,34.204],[126.872,34.205],[126.873,34.206],[126.873,34.207],[126.874,34.207],[126.874,34.208],[126.873,34.208],[126.876,34.213],[126.877,34.213],[126.878,34.213],[126.878,34.213],[126.878,34.212],[126.878,34.212],[126.879,34.212],[126.879,34.212],[126.88,34.212],[126.884,34.213],[126.885,34.214],[126.884,34.214],[126.884,34.216],[126.89,34.217],[126.891,34.217],[126.892,34.217],[126.892,34.216],[126.892,34.216],[126.892,34.215],[126.891,34.215],[126.891,34.215],[126.891,34.214],[126.892,34.214],[126.895,34.213],[126.897,34.212]]],[[[126.568,34.234],[126.565,34.23],[126.565,34.23],[126.566,34.229],[126.566,34.229],[126.569,34.229],[126.572,34.223],[126.573,34.222],[126.574,34.222],[126.574,34.222],[126.574,34.222],[126.574,34.222],[126.574,34.223],[126.576,34.227],[126.578,34.228],[126.581,34.227],[126.586,34.224],[126.589,34.223],[126.59,34.223],[126.591,34.223],[126.592,34.224],[126.592,34.224],[126.592,34.225],[126.594,34.227],[126.595,34.227],[126.595,34.227],[126.596,34.227],[126.607,34.222],[126.608,34.219],[126.609,34.218],[126.617,34.209],[126.618,34.209],[126.621,34.207],[126.622,34.207],[126.624,34.207],[126.624,34.206],[126.625,34.203],[126.616,34.199],[126.611,34.196],[126.611,34.196],[126.61,34.197],[126.61,34.197],[126.61,34.197],[126.606,34.201],[126.606,34.201],[126.603,34.2],[126.606,34.195],[126.613,34.188],[126.613,34.187],[126.615,34.184],[126.614,34.181],[126.613,34.181],[126.601,34.182],[126.597,34.183],[126.596,34.184],[126.597,34.185],[126.599,34.187],[126.6,34.189],[126.598,34.191],[126.598,34.191],[126.596,34.191],[126.591,34.191],[126.59,34.191],[126.586,34.19],[126.585,34.18],[126.591,34.174],[126.591,34.173],[126.591,34.173],[126.588,34.173],[126.584,34.175],[126.581,34.175],[126.58,34.174],[126.58,34.174],[126.577,34.175],[126.563,34.178],[126.561,34.183],[126.562,34.185],[126.563,34.185],[126.563,34.186],[126.564,34.186],[126.564,34.187],[126.564,34.188],[126.562,34.189],[126.558,34.19],[126.555,34.19],[126.549,34.189],[126.549,34.189],[126.548,34.189],[126.547,34.192],[126.547,34.193],[126.547,34.193],[126.554,34.193],[126.556,34.194],[126.557,34.196],[126.556,34.198],[126.557,34.201],[126.557,34.201],[126.559,34.202],[126.559,34.202],[126.558,34.204],[126.558,34.204],[126.557,34.204],[126.553,34.204],[126.553,34.205],[126.553,34.205],[126.553,34.206],[126.554,34.206],[126.554,34.206],[126.555,34.206],[126.555,34.206],[126.555,34.206],[126.555,34.206],[126.555,34.205],[126.555,34.205],[126.556,34.205],[126.559,34.206],[126.56,34.206],[126.564,34.212],[126.565,34.212],[126.565,34.212],[126.562,34.214],[126.56,34.215],[126.559,34.215],[126.559,34.215],[126.558,34.213],[126.558,34.211],[126.554,34.212],[126.554,34.213],[126.555,34.213],[126.556,34.214],[126.558,34.216],[126.558,34.216],[126.557,34.217],[126.557,34.218],[126.557,34.218],[126.56,34.218],[126.562,34.218],[126.563,34.218],[126.565,34.218],[126.566,34.218],[126.566,34.219],[126.567,34.224],[126.567,34.224],[126.565,34.227],[126.564,34.227],[126.564,34.227],[126.564,34.226],[126.564,34.226],[126.563,34.225],[126.561,34.227],[126.561,34.23],[126.561,34.23],[126.561,34.23],[126.562,34.23],[126.562,34.231],[126.563,34.232],[126.563,34.232],[126.563,34.232],[126.562,34.233],[126.561,34.233],[126.561,34.233],[126.561,34.233],[126.56,34.233],[126.56,34.233],[126.56,34.233],[126.559,34.232],[126.558,34.231],[126.558,34.231],[126.553,34.233],[126.553,34.233],[126.553,34.233],[126.554,34.234],[126.554,34.234],[126.558,34.234],[126.56,34.234],[126.561,34.234],[126.565,34.235],[126.568,34.234],[126.568,34.234],[126.568,34.234]]],[[[126.839,34.312],[126.839,34.312],[126.839,34.312],[126.839,34.312],[126.839,34.312]]],[[[126.839,34.312],[126.84,34.313],[126.84,34.314],[126.835,34.318],[126.833,34.323],[126.831,34.325],[126.83,34.326],[126.826,34.326],[126.825,34.326],[126.821,34.327],[126.808,34.327],[126.799,34.324],[126.795,34.316],[126.794,34.316],[126.793,34.316],[126.791,34.318],[126.791,34.319],[126.791,34.321],[126.791,34.321],[126.791,34.322],[126.789,34.322],[126.783,34.326],[126.78,34.328],[126.78,34.328],[126.777,34.328],[126.777,34.328],[126.766,34.332],[126.761,34.333],[126.76,34.333],[126.759,34.333],[126.758,34.332],[126.755,34.333],[126.752,34.334],[126.752,34.335],[126.752,34.335],[126.753,34.336],[126.758,34.336],[126.76,34.338],[126.762,34.338],[126.764,34.338],[126.777,34.333],[126.777,34.333],[126.778,34.332],[126.779,34.333],[126.779,34.335],[126.786,34.346],[126.787,34.346],[126.792,34.344],[126.793,34.343],[126.793,34.343],[126.793,34.343],[126.799,34.337],[126.8,34.335],[126.8,34.335],[126.802,34.334],[126.804,34.333],[126.809,34.335],[126.812,34.336],[126.815,34.336],[126.816,34.336],[126.816,34.336],[126.818,34.337],[126.82,34.339],[126.82,34.339],[126.82,34.34],[126.819,34.341],[126.819,34.341],[126.819,34.341],[126.819,34.341],[126.818,34.341],[126.818,34.344],[126.824,34.353],[126.832,34.358],[126.834,34.359],[126.835,34.359],[126.835,34.357],[126.836,34.357],[126.844,34.348],[126.848,34.344],[126.848,34.344],[126.85,34.345],[126.85,34.345],[126.851,34.346],[126.852,34.347],[126.851,34.347],[126.851,34.348],[126.854,34.35],[126.856,34.351],[126.857,34.351],[126.857,34.351],[126.857,34.35],[126.856,34.349],[126.856,34.349],[126.856,34.345],[126.857,34.344],[126.859,34.344],[126.859,34.344],[126.86,34.345],[126.866,34.35],[126.868,34.35],[126.869,34.35],[126.872,34.349],[126.876,34.348],[126.877,34.346],[126.877,34.346],[126.878,34.34],[126.88,34.337],[126.881,34.336],[126.882,34.336],[126.882,34.336],[126.883,34.336],[126.889,34.341],[126.89,34.343],[126.896,34.345],[126.897,34.345],[126.899,34.342],[126.897,34.341],[126.897,34.34],[126.897,34.336],[126.897,34.334],[126.898,34.333],[126.897,34.333],[126.894,34.33],[126.893,34.33],[126.89,34.333],[126.89,34.333],[126.89,34.334],[126.89,34.334],[126.89,34.334],[126.89,34.334],[126.89,34.335],[126.888,34.334],[126.883,34.332],[126.881,34.331],[126.881,34.331],[126.88,34.329],[126.879,34.326],[126.884,34.322],[126.884,34.322],[126.884,34.322],[126.886,34.319],[126.884,34.316],[126.882,34.315],[126.882,34.314],[126.882,34.311],[126.874,34.309],[126.872,34.31],[126.872,34.31],[126.872,34.31],[126.872,34.311],[126.872,34.311],[126.872,34.311],[126.875,34.312],[126.875,34.312],[126.875,34.312],[126.875,34.313],[126.875,34.313],[126.875,34.314],[126.87,34.321],[126.868,34.322],[126.867,34.322],[126.866,34.322],[126.863,34.321],[126.863,34.321],[126.862,34.32],[126.862,34.32],[126.867,34.314],[126.867,34.314],[126.866,34.313],[126.857,34.311],[126.855,34.309],[126.855,34.308],[126.852,34.306],[126.849,34.305],[126.844,34.299],[126.842,34.299],[126.841,34.299],[126.841,34.3],[126.837,34.308],[126.837,34.308],[126.838,34.308],[126.838,34.308],[126.838,34.308],[126.84,34.31],[126.84,34.31],[126.84,34.311],[126.84,34.312],[126.84,34.312],[126.839,34.312]]],[[[127.03,34.381],[127.03,34.381],[127.03,34.381],[127.03,34.381],[127.032,34.379],[127.032,34.378],[127.032,34.378],[127.032,34.378],[127.032,34.378],[127.033,34.374],[127.036,34.374],[127.041,34.368],[127.041,34.369],[127.041,34.369],[127.041,34.369],[127.042,34.369],[127.044,34.369],[127.044,34.369],[127.044,34.369],[127.045,34.369],[127.046,34.367],[127.046,34.367],[127.045,34.365],[127.042,34.364],[127.042,34.364],[127.042,34.363],[127.042,34.363],[127.042,34.363],[127.042,34.362],[127.042,34.362],[127.042,34.362],[127.042,34.362],[127.042,34.362],[127.043,34.357],[127.043,34.357],[127.043,34.357],[127.043,34.356],[127.043,34.356],[127.043,34.356],[127.043,34.356],[127.043,34.356],[127.043,34.356],[127.044,34.352],[127.045,34.351],[127.045,34.351],[127.045,34.351],[127.045,34.351],[127.046,34.351],[127.046,34.351],[127.046,34.351],[127.046,34.351],[127.046,34.351],[127.047,34.351],[127.047,34.351],[127.047,34.351],[127.047,34.351],[127.047,34.351],[127.047,34.351],[127.047,34.351],[127.047,34.351],[127.048,34.351],[127.048,34.351],[127.048,34.351],[127.048,34.351],[127.048,34.351],[127.049,34.352],[127.049,34.352],[127.049,34.352],[127.057,34.353],[127.057,34.353],[127.062,34.355],[127.063,34.356],[127.063,34.356],[127.063,34.356],[127.064,34.357],[127.064,34.357],[127.064,34.357],[127.064,34.357],[127.064,34.357],[127.064,34.358],[127.064,34.359],[127.065,34.36],[127.066,34.361],[127.067,34.361],[127.069,34.36],[127.076,34.362],[127.076,34.361],[127.076,34.36],[127.079,34.358],[127.083,34.354],[127.083,34.354],[127.083,34.354],[127.082,34.354],[127.082,34.354],[127.082,34.353],[127.082,34.353],[127.082,34.353],[127.082,34.352],[127.082,34.352],[127.082,34.352],[127.082,34.352],[127.083,34.351],[127.083,34.351],[127.084,34.35],[127.086,34.35],[127.087,34.35],[127.09,34.346],[127.096,34.342],[127.098,34.34],[127.099,34.337],[127.097,34.335],[127.094,34.336],[127.094,34.336],[127.09,34.337],[127.089,34.339],[127.087,34.343],[127.083,34.344],[127.079,34.344],[127.079,34.344],[127.079,34.344],[127.079,34.344],[127.079,34.344],[127.073,34.345],[127.073,34.346],[127.072,34.347],[127.072,34.347],[127.068,34.347],[127.068,34.347],[127.068,34.348],[127.068,34.347],[127.068,34.347],[127.068,34.347],[127.067,34.347],[127.067,34.347],[127.067,34.347],[127.067,34.347],[127.067,34.347],[127.066,34.346],[127.063,34.342],[127.063,34.342],[127.062,34.341],[127.062,34.341],[127.062,34.341],[127.062,34.341],[127.062,34.341],[127.062,34.341],[127.062,34.341],[127.067,34.338],[127.069,34.338],[127.069,34.338],[127.07,34.339],[127.07,34.339],[127.07,34.339],[127.07,34.339],[127.07,34.339],[127.071,34.34],[127.079,34.337],[127.077,34.332],[127.077,34.332],[127.075,34.331],[127.074,34.331],[127.074,34.331],[127.074,34.331],[127.074,34.331],[127.075,34.332],[127.075,34.332],[127.075,34.333],[127.074,34.333],[127.074,34.333],[127.07,34.334],[127.07,34.334],[127.069,34.334],[127.068,34.334],[127.067,34.334],[127.067,34.334],[127.065,34.334],[127.063,34.333],[127.062,34.333],[127.06,34.332],[127.059,34.332],[127.059,34.332],[127.058,34.331],[127.057,34.331],[127.056,34.33],[127.056,34.33],[127.055,34.329],[127.055,34.329],[127.055,34.329],[127.055,34.328],[127.055,34.328],[127.055,34.328],[127.055,34.328],[127.055,34.327],[127.055,34.327],[127.055,34.327],[127.055,34.327],[127.056,34.327],[127.056,34.327],[127.056,34.323],[127.054,34.323],[127.053,34.323],[127.053,34.324],[127.052,34.324],[127.052,34.324],[127.053,34.324],[127.053,34.324],[127.053,34.325],[127.052,34.325],[127.052,34.325],[127.052,34.325],[127.052,34.325],[127.051,34.325],[127.051,34.325],[127.051,34.325],[127.05,34.325],[127.049,34.323],[127.049,34.323],[127.049,34.323],[127.048,34.32],[127.044,34.314],[127.042,34.309],[127.042,34.308],[127.04,34.31],[127.039,34.312],[127.037,34.321],[127.037,34.321],[127.036,34.322],[127.037,34.325],[127.037,34.325],[127.038,34.327],[127.047,34.329],[127.049,34.328],[127.049,34.328],[127.051,34.329],[127.051,34.329],[127.051,34.329],[127.051,34.329],[127.052,34.329],[127.053,34.332],[127.054,34.334],[127.054,34.335],[127.054,34.335],[127.054,34.336],[127.054,34.336],[127.054,34.336],[127.054,34.336],[127.054,34.337],[127.053,34.337],[127.053,34.337],[127.053,34.338],[127.053,34.339],[127.052,34.339],[127.052,34.339],[127.052,34.34],[127.051,34.34],[127.042,34.341],[127.038,34.34],[127.036,34.338],[127.035,34.337],[127.035,34.337],[127.035,34.337],[127.035,34.337],[127.035,34.336],[127.035,34.336],[127.036,34.334],[127.036,34.334],[127.035,34.333],[127.033,34.332],[127.033,34.332],[127.029,34.333],[127.029,34.336],[127.032,34.337],[127.032,34.337],[127.032,34.337],[127.032,34.337],[127.033,34.338],[127.033,34.338],[127.033,34.338],[127.033,34.338],[127.033,34.338],[127.032,34.338],[127.032,34.339],[127.032,34.339],[127.032,34.339],[127.032,34.339],[127.032,34.339],[127.032,34.339],[127.032,34.339],[127.031,34.339],[127.031,34.339],[127.031,34.339],[127.031,34.339],[127.031,34.34],[127.03,34.34],[127.03,34.34],[127.03,34.34],[127.029,34.339],[127.029,34.339],[127.029,34.339],[127.029,34.339],[127.029,34.339],[127.026,34.336],[127.025,34.337],[127.024,34.337],[127.024,34.337],[127.024,34.337],[127.019,34.338],[127.018,34.339],[127.018,34.339],[127.018,34.339],[127.022,34.34],[127.024,34.34],[127.024,34.339],[127.024,34.339],[127.025,34.339],[127.025,34.339],[127.025,34.339],[127.025,34.339],[127.025,34.339],[127.025,34.339],[127.025,34.339],[127.027,34.339],[127.027,34.339],[127.028,34.339],[127.032,34.34],[127.032,34.34],[127.032,34.341],[127.032,34.341],[127.032,34.341],[127.032,34.341],[127.033,34.343],[127.033,34.343],[127.032,34.345],[127.025,34.35],[127.019,34.353],[127.013,34.356],[127.013,34.356],[127.011,34.355],[127.011,34.354],[127.011,34.354],[127.01,34.354],[127.01,34.354],[127.01,34.354],[127.01,34.354],[127.01,34.354],[127.01,34.353],[127.01,34.353],[127.01,34.353],[127.011,34.353],[127.011,34.352],[127.011,34.352],[127.01,34.35],[127.009,34.349],[127.007,34.349],[126.999,34.353],[126.998,34.355],[126.993,34.355],[126.986,34.359],[126.985,34.36],[126.985,34.36],[126.985,34.36],[126.985,34.36],[126.995,34.359],[126.994,34.358],[126.994,34.358],[126.995,34.357],[126.997,34.357],[126.998,34.357],[126.998,34.357],[126.998,34.357],[126.998,34.358],[127.006,34.357],[127.006,34.357],[127.006,34.357],[127.006,34.357],[127.006,34.357],[127.006,34.357],[127.006,34.357],[127.007,34.357],[127.007,34.357],[127.007,34.357],[127.007,34.357],[127.007,34.357],[127.007,34.357],[127.008,34.357],[127.008,34.357],[127.008,34.357],[127.008,34.358],[127.011,34.363],[127.011,34.364],[127.011,34.364],[127.011,34.364],[127.011,34.365],[127.011,34.365],[127.011,34.365],[127.011,34.365],[127.009,34.365],[127.008,34.366],[127.008,34.366],[127.008,34.367],[127.011,34.369],[127.014,34.366],[127.015,34.366],[127.017,34.369],[127.017,34.369],[127.014,34.377],[127.014,34.377],[127.014,34.377],[127.021,34.377],[127.023,34.376],[127.022,34.375],[127.023,34.375],[127.029,34.38],[127.029,34.381],[127.03,34.381],[127.03,34.381]]],[[[126.694,34.398],[126.694,34.399],[126.694,34.398]]],[[[126.694,34.398],[126.696,34.398],[126.696,34.398],[126.701,34.398],[126.711,34.392],[126.712,34.39],[126.712,34.39],[126.712,34.389],[126.714,34.388],[126.715,34.387],[126.716,34.387],[126.716,34.388],[126.718,34.388],[126.72,34.387],[126.721,34.386],[126.72,34.386],[126.72,34.386],[126.72,34.385],[126.719,34.385],[126.72,34.384],[126.724,34.383],[126.724,34.383],[126.725,34.384],[126.725,34.384],[126.726,34.384],[126.729,34.379],[126.731,34.375],[126.733,34.368],[126.733,34.368],[126.733,34.366],[126.73,34.361],[126.732,34.358],[126.731,34.357],[126.731,34.356],[126.732,34.351],[126.733,34.351],[126.738,34.349],[126.738,34.346],[126.736,34.343],[126.74,34.337],[126.741,34.336],[126.741,34.336],[126.741,34.336],[126.742,34.336],[126.743,34.337],[126.744,34.333],[126.743,34.333],[126.743,34.333],[126.746,34.33],[126.749,34.323],[126.748,34.322],[126.748,34.321],[126.755,34.316],[126.755,34.315],[126.756,34.315],[126.756,34.315],[126.759,34.316],[126.759,34.316],[126.764,34.318],[126.767,34.317],[126.77,34.317],[126.772,34.318],[126.772,34.318],[126.771,34.317],[126.769,34.317],[126.77,34.313],[126.77,34.313],[126.771,34.312],[126.772,34.311],[126.764,34.304],[126.763,34.304],[126.762,34.304],[126.762,34.302],[126.762,34.301],[126.762,34.3],[126.763,34.298],[126.763,34.298],[126.766,34.298],[126.775,34.29],[126.778,34.288],[126.778,34.288],[126.778,34.288],[126.771,34.287],[126.766,34.291],[126.76,34.293],[126.759,34.292],[126.758,34.291],[126.758,34.291],[126.759,34.291],[126.759,34.291],[126.759,34.291],[126.759,34.291],[126.759,34.291],[126.758,34.29],[126.753,34.291],[126.752,34.291],[126.748,34.292],[126.741,34.296],[126.74,34.296],[126.741,34.297],[126.741,34.297],[126.742,34.297],[126.742,34.296],[126.743,34.296],[126.743,34.296],[126.744,34.297],[126.744,34.297],[126.744,34.297],[126.743,34.298],[126.739,34.3],[126.735,34.302],[126.735,34.303],[126.735,34.303],[126.737,34.302],[126.737,34.303],[126.734,34.305],[126.733,34.304],[126.733,34.304],[126.732,34.301],[126.737,34.294],[126.737,34.293],[126.736,34.293],[126.736,34.293],[126.736,34.293],[126.735,34.291],[126.735,34.291],[126.736,34.29],[126.736,34.289],[126.738,34.288],[126.738,34.288],[126.738,34.287],[126.738,34.287],[126.738,34.287],[126.738,34.287],[126.737,34.287],[126.732,34.287],[126.731,34.287],[126.721,34.295],[126.72,34.295],[126.718,34.297],[126.71,34.298],[126.708,34.298],[126.702,34.297],[126.696,34.293],[126.695,34.292],[126.694,34.293],[126.689,34.297],[126.687,34.298],[126.687,34.3],[126.687,34.301],[126.686,34.302],[126.685,34.302],[126.683,34.303],[126.681,34.303],[126.68,34.304],[126.679,34.305],[126.683,34.307],[126.677,34.315],[126.676,34.316],[126.676,34.316],[126.675,34.316],[126.675,34.315],[126.673,34.315],[126.67,34.316],[126.669,34.319],[126.669,34.321],[126.67,34.321],[126.67,34.322],[126.67,34.322],[126.67,34.322],[126.67,34.323],[126.669,34.324],[126.666,34.324],[126.666,34.324],[126.664,34.325],[126.656,34.328],[126.656,34.327],[126.656,34.327],[126.653,34.327],[126.653,34.327],[126.654,34.329],[126.655,34.329],[126.655,34.329],[126.655,34.329],[126.655,34.329],[126.655,34.33],[126.653,34.331],[126.653,34.331],[126.652,34.331],[126.652,34.331],[126.651,34.331],[126.651,34.33],[126.651,34.33],[126.645,34.329],[126.646,34.33],[126.648,34.331],[126.648,34.331],[126.649,34.332],[126.649,34.334],[126.649,34.334],[126.647,34.339],[126.645,34.34],[126.645,34.344],[126.646,34.347],[126.644,34.354],[126.641,34.362],[126.644,34.367],[126.644,34.367],[126.646,34.367],[126.643,34.37],[126.642,34.371],[126.642,34.371],[126.641,34.374],[126.641,34.378],[126.64,34.379],[126.64,34.379],[126.639,34.382],[126.642,34.386],[126.644,34.387],[126.647,34.393],[126.65,34.394],[126.651,34.394],[126.651,34.394],[126.653,34.394],[126.653,34.393],[126.653,34.393],[126.654,34.393],[126.663,34.396],[126.664,34.399],[126.665,34.399],[126.665,34.399],[126.665,34.399],[126.666,34.399],[126.666,34.399],[126.667,34.398],[126.667,34.397],[126.667,34.396],[126.667,34.396],[126.667,34.396],[126.667,34.396],[126.668,34.396],[126.671,34.396],[126.672,34.397],[126.671,34.401],[126.675,34.4],[126.675,34.4],[126.676,34.4],[126.681,34.401],[126.682,34.402],[126.685,34.402],[126.686,34.402],[126.687,34.401],[126.69,34.399],[126.693,34.397],[126.694,34.397],[126.694,34.397],[126.694,34.398]]],[[[126.943,34.393],[126.943,34.393],[126.943,34.393],[126.944,34.393],[126.944,34.393],[126.944,34.392],[126.942,34.387],[126.942,34.387],[126.94,34.385],[126.937,34.385],[126.936,34.385],[126.936,34.385],[126.935,34.384],[126.935,34.384],[126.935,34.383],[126.936,34.383],[126.936,34.383],[126.939,34.382],[126.947,34.378],[126.948,34.377],[126.949,34.37],[126.948,34.368],[126.948,34.368],[126.939,34.366],[126.938,34.366],[126.938,34.366],[126.936,34.368],[126.934,34.369],[126.932,34.37],[126.929,34.37],[126.929,34.37],[126.928,34.37],[126.928,34.37],[126.924,34.366],[126.923,34.364],[126.924,34.363],[126.924,34.362],[126.924,34.362],[126.925,34.362],[126.924,34.361],[126.924,34.36],[126.918,34.357],[126.917,34.356],[126.914,34.356],[126.912,34.357],[126.912,34.357],[126.912,34.357],[126.912,34.358],[126.911,34.359],[126.911,34.359],[126.911,34.359],[126.91,34.359],[126.909,34.359],[126.908,34.358],[126.908,34.358],[126.908,34.358],[126.907,34.358],[126.907,34.358],[126.907,34.357],[126.907,34.357],[126.907,34.357],[126.907,34.357],[126.908,34.356],[126.909,34.354],[126.909,34.354],[126.909,34.353],[126.908,34.353],[126.907,34.354],[126.906,34.354],[126.901,34.357],[126.894,34.36],[126.892,34.361],[126.891,34.36],[126.891,34.36],[126.891,34.359],[126.89,34.359],[126.889,34.359],[126.889,34.359],[126.889,34.359],[126.888,34.36],[126.887,34.361],[126.887,34.362],[126.888,34.363],[126.888,34.363],[126.889,34.364],[126.889,34.365],[126.889,34.365],[126.889,34.365],[126.889,34.365],[126.889,34.365],[126.887,34.366],[126.879,34.367],[126.871,34.368],[126.87,34.368],[126.869,34.369],[126.868,34.37],[126.864,34.373],[126.871,34.392],[126.872,34.399],[126.867,34.404],[126.862,34.406],[126.862,34.407],[126.864,34.411],[126.865,34.411],[126.866,34.411],[126.867,34.411],[126.874,34.407],[126.874,34.407],[126.874,34.406],[126.874,34.406],[126.873,34.405],[126.872,34.405],[126.872,34.405],[126.872,34.405],[126.872,34.405],[126.872,34.405],[126.872,34.405],[126.871,34.405],[126.871,34.405],[126.871,34.405],[126.871,34.403],[126.871,34.402],[126.872,34.401],[126.879,34.4],[126.881,34.407],[126.882,34.407],[126.882,34.407],[126.882,34.407],[126.882,34.407],[126.884,34.405],[126.884,34.404],[126.886,34.403],[126.89,34.401],[126.891,34.397],[126.892,34.397],[126.896,34.396],[126.896,34.396],[126.896,34.396],[126.897,34.397],[126.897,34.397],[126.896,34.398],[126.896,34.398],[126.896,34.398],[126.894,34.401],[126.894,34.401],[126.894,34.401],[126.896,34.404],[126.897,34.404],[126.898,34.403],[126.898,34.4],[126.898,34.4],[126.898,34.399],[126.898,34.399],[126.898,34.398],[126.898,34.398],[126.898,34.398],[126.898,34.398],[126.899,34.398],[126.9,34.398],[126.901,34.398],[126.902,34.398],[126.903,34.398],[126.903,34.4],[126.904,34.402],[126.904,34.402],[126.905,34.403],[126.908,34.402],[126.907,34.402],[126.906,34.4],[126.907,34.399],[126.913,34.395],[126.912,34.392],[126.912,34.392],[126.912,34.392],[126.912,34.392],[126.913,34.392],[126.913,34.391],[126.914,34.391],[126.916,34.391],[126.916,34.391],[126.919,34.393],[126.919,34.393],[126.919,34.393],[126.92,34.393],[126.92,34.393],[126.92,34.393],[126.92,34.393],[126.92,34.393],[126.92,34.393],[126.92,34.393],[126.92,34.393],[126.92,34.394],[126.92,34.394],[126.92,34.394],[126.92,34.394],[126.92,34.394],[126.92,34.394],[126.92,34.394],[126.92,34.394],[126.92,34.394],[126.92,34.394],[126.921,34.395],[126.921,34.395],[126.921,34.395],[126.921,34.395],[126.921,34.395],[126.921,34.395],[126.921,34.395],[126.923,34.395],[126.923,34.393],[126.922,34.393],[126.922,34.392],[126.922,34.392],[126.922,34.392],[126.922,34.392],[126.923,34.392],[126.923,34.392],[126.925,34.392],[126.925,34.392],[126.925,34.392],[126.925,34.393],[126.925,34.393],[126.928,34.392],[126.928,34.392],[126.929,34.392],[126.936,34.393],[126.936,34.393],[126.935,34.394],[126.935,34.394],[126.942,34.402],[126.943,34.403],[126.943,34.403],[126.942,34.411],[126.942,34.411],[126.942,34.411],[126.942,34.411],[126.942,34.412],[126.943,34.413],[126.943,34.413],[126.943,34.413],[126.943,34.413],[126.943,34.413],[126.943,34.413],[126.943,34.413],[126.95,34.407],[126.951,34.403],[126.95,34.402],[126.946,34.399],[126.946,34.399],[126.945,34.397],[126.944,34.396],[126.943,34.395],[126.943,34.394],[126.943,34.394],[126.943,34.394],[126.943,34.393],[126.943,34.393],[126.943,34.393]]],[[[126.657,34.42],[126.657,34.42],[126.657,34.42],[126.657,34.42],[126.657,34.419],[126.657,34.419],[126.657,34.419],[126.657,34.42]]],[[[126.702,34.436],[126.705,34.434],[126.706,34.434],[126.713,34.435],[126.714,34.436],[126.714,34.436],[126.715,34.435],[126.716,34.435],[126.716,34.435],[126.715,34.434],[126.711,34.433],[126.702,34.435],[126.702,34.436]]],[[[126.702,34.436],[126.702,34.44],[126.702,34.438],[126.702,34.436]]],[[[126.833,34.437],[126.833,34.433],[126.834,34.432],[126.834,34.431],[126.835,34.431],[126.835,34.431],[126.836,34.432],[126.837,34.432],[126.837,34.433],[126.837,34.433],[126.839,34.434],[126.846,34.428],[126.845,34.428],[126.843,34.426],[126.842,34.422],[126.844,34.421],[126.844,34.421],[126.844,34.421],[126.843,34.421],[126.842,34.42],[126.841,34.42],[126.833,34.421],[126.826,34.422],[126.824,34.421],[126.824,34.421],[126.824,34.419],[126.829,34.416],[126.832,34.415],[126.832,34.415],[126.833,34.416],[126.833,34.416],[126.834,34.415],[126.839,34.411],[126.843,34.412],[126.846,34.414],[126.846,34.417],[126.846,34.418],[126.846,34.418],[126.853,34.413],[126.849,34.409],[126.849,34.409],[126.848,34.409],[126.848,34.408],[126.848,34.408],[126.849,34.407],[126.849,34.406],[126.857,34.407],[126.86,34.399],[126.859,34.398],[126.859,34.398],[126.859,34.397],[126.859,34.397],[126.859,34.396],[126.859,34.396],[126.859,34.396],[126.864,34.396],[126.866,34.392],[126.866,34.39],[126.865,34.389],[126.863,34.39],[126.862,34.391],[126.86,34.391],[126.855,34.393],[126.85,34.389],[126.841,34.387],[126.834,34.384],[126.834,34.385],[126.834,34.385],[126.834,34.385],[126.834,34.385],[126.832,34.383],[126.832,34.383],[126.831,34.383],[126.831,34.382],[126.831,34.382],[126.831,34.382],[126.832,34.381],[126.832,34.381],[126.831,34.378],[126.83,34.378],[126.83,34.378],[126.83,34.378],[126.825,34.384],[126.825,34.385],[126.825,34.386],[126.825,34.386],[126.825,34.386],[126.825,34.386],[126.823,34.387],[126.823,34.387],[126.821,34.386],[126.815,34.383],[126.806,34.385],[126.806,34.385],[126.805,34.385],[126.805,34.386],[126.805,34.386],[126.804,34.386],[126.804,34.386],[126.804,34.385],[126.804,34.385],[126.804,34.385],[126.803,34.385],[126.802,34.385],[126.793,34.382],[126.793,34.382],[126.786,34.373],[126.782,34.369],[126.781,34.369],[126.781,34.369],[126.781,34.369],[126.78,34.367],[126.78,34.366],[126.78,34.365],[126.782,34.363],[126.782,34.362],[126.777,34.359],[126.777,34.358],[126.776,34.357],[126.776,34.357],[126.778,34.354],[126.779,34.354],[126.78,34.354],[126.781,34.353],[126.781,34.353],[126.778,34.352],[126.775,34.354],[126.773,34.357],[126.772,34.357],[126.771,34.358],[126.77,34.358],[126.769,34.357],[126.769,34.357],[126.768,34.357],[126.766,34.359],[126.766,34.36],[126.766,34.36],[126.767,34.364],[126.767,34.365],[126.768,34.365],[126.768,34.366],[126.77,34.369],[126.77,34.37],[126.772,34.373],[126.779,34.379],[126.779,34.381],[126.779,34.381],[126.779,34.382],[126.778,34.382],[126.778,34.382],[126.777,34.382],[126.776,34.382],[126.776,34.382],[126.775,34.382],[126.775,34.382],[126.773,34.382],[126.773,34.382],[126.772,34.382],[126.771,34.383],[126.769,34.383],[126.768,34.383],[126.767,34.382],[126.766,34.382],[126.762,34.382],[126.758,34.383],[126.757,34.383],[126.756,34.383],[126.756,34.383],[126.756,34.383],[126.755,34.383],[126.755,34.383],[126.755,34.383],[126.755,34.381],[126.753,34.38],[126.753,34.385],[126.755,34.386],[126.756,34.387],[126.756,34.388],[126.756,34.391],[126.759,34.394],[126.76,34.395],[126.761,34.395],[126.762,34.395],[126.762,34.395],[126.763,34.395],[126.763,34.395],[126.764,34.395],[126.764,34.396],[126.766,34.397],[126.767,34.398],[126.768,34.399],[126.768,34.399],[126.769,34.4],[126.769,34.4],[126.768,34.401],[126.767,34.402],[126.765,34.403],[126.764,34.406],[126.764,34.407],[126.764,34.409],[126.766,34.411],[126.772,34.416],[126.772,34.416],[126.775,34.422],[126.775,34.423],[126.776,34.423],[126.778,34.424],[126.782,34.426],[126.786,34.431],[126.787,34.432],[126.788,34.432],[126.789,34.433],[126.791,34.433],[126.796,34.433],[126.797,34.432],[126.801,34.431],[126.804,34.432],[126.805,34.433],[126.814,34.434],[126.814,34.434],[126.815,34.434],[126.817,34.434],[126.817,34.434],[126.818,34.434],[126.817,34.434],[126.816,34.436],[126.815,34.436],[126.816,34.437],[126.827,34.44],[126.829,34.441],[126.829,34.441],[126.831,34.442],[126.834,34.444],[126.835,34.444],[126.835,34.444],[126.835,34.443],[126.835,34.443],[126.833,34.439],[126.833,34.437]]],[[[126.89,34.456],[126.891,34.455],[126.89,34.456],[126.89,34.456],[126.89,34.456],[126.89,34.456]]],[[[127.479,34.464],[127.481,34.464],[127.482,34.464],[127.482,34.464],[127.482,34.465],[127.483,34.465],[127.483,34.466],[127.485,34.467],[127.49,34.466],[127.491,34.465],[127.485,34.461],[127.484,34.461],[127.483,34.46],[127.484,34.459],[127.49,34.459],[127.495,34.464],[127.498,34.467],[127.499,34.467],[127.5,34.466],[127.5,34.465],[127.5,34.464],[127.5,34.464],[127.5,34.463],[127.501,34.462],[127.501,34.462],[127.501,34.462],[127.501,34.462],[127.501,34.462],[127.501,34.462],[127.501,34.462],[127.501,34.462],[127.502,34.462],[127.502,34.462],[127.502,34.462],[127.502,34.462],[127.505,34.464],[127.507,34.468],[127.507,34.469],[127.506,34.469],[127.504,34.474],[127.505,34.474],[127.505,34.474],[127.506,34.471],[127.507,34.47],[127.511,34.467],[127.513,34.463],[127.521,34.458],[127.52,34.456],[127.52,34.456],[127.52,34.456],[127.52,34.456],[127.519,34.456],[127.519,34.456],[127.52,34.454],[127.52,34.454],[127.521,34.453],[127.534,34.449],[127.537,34.448],[127.538,34.447],[127.537,34.446],[127.537,34.446],[127.537,34.446],[127.537,34.446],[127.536,34.446],[127.535,34.445],[127.535,34.445],[127.534,34.444],[127.534,34.444],[127.534,34.443],[127.535,34.443],[127.536,34.44],[127.536,34.44],[127.536,34.435],[127.537,34.434],[127.537,34.434],[127.538,34.433],[127.538,34.433],[127.538,34.431],[127.537,34.43],[127.537,34.43],[127.537,34.43],[127.535,34.429],[127.532,34.426],[127.531,34.423],[127.531,34.423],[127.531,34.423],[127.53,34.422],[127.53,34.422],[127.527,34.423],[127.527,34.423],[127.527,34.423],[127.52,34.427],[127.518,34.424],[127.518,34.423],[127.516,34.422],[127.506,34.419],[127.503,34.417],[127.503,34.417],[127.502,34.415],[127.497,34.414],[127.494,34.413],[127.494,34.413],[127.492,34.412],[127.492,34.412],[127.487,34.414],[127.486,34.415],[127.486,34.416],[127.487,34.418],[127.489,34.419],[127.489,34.419],[127.489,34.42],[127.49,34.419],[127.49,34.419],[127.491,34.42],[127.491,34.42],[127.491,34.42],[127.491,34.424],[127.494,34.425],[127.494,34.426],[127.494,34.429],[127.494,34.431],[127.493,34.432],[127.492,34.433],[127.491,34.433],[127.491,34.433],[127.491,34.433],[127.491,34.433],[127.49,34.433],[127.488,34.433],[127.486,34.433],[127.485,34.436],[127.485,34.437],[127.484,34.437],[127.483,34.437],[127.482,34.437],[127.482,34.437],[127.48,34.434],[127.48,34.434],[127.48,34.434],[127.479,34.433],[127.479,34.432],[127.476,34.433],[127.474,34.433],[127.473,34.434],[127.472,34.436],[127.466,34.44],[127.466,34.441],[127.464,34.444],[127.463,34.447],[127.464,34.447],[127.465,34.447],[127.472,34.444],[127.473,34.443],[127.474,34.442],[127.48,34.442],[127.485,34.445],[127.485,34.448],[127.479,34.451],[127.473,34.453],[127.471,34.453],[127.47,34.453],[127.47,34.453],[127.47,34.452],[127.47,34.452],[127.468,34.451],[127.466,34.45],[127.465,34.451],[127.46,34.449],[127.459,34.449],[127.458,34.449],[127.456,34.449],[127.452,34.447],[127.452,34.446],[127.452,34.446],[127.451,34.447],[127.451,34.447],[127.45,34.449],[127.45,34.45],[127.45,34.45],[127.454,34.45],[127.458,34.451],[127.458,34.453],[127.458,34.453],[127.455,34.458],[127.452,34.469],[127.452,34.47],[127.454,34.475],[127.455,34.476],[127.455,34.476],[127.457,34.476],[127.457,34.476],[127.458,34.476],[127.463,34.472],[127.463,34.472],[127.469,34.467],[127.471,34.466],[127.471,34.465],[127.473,34.464],[127.473,34.464],[127.479,34.464]]],[[[127.217,34.495],[127.22,34.495],[127.221,34.494],[127.221,34.494],[127.222,34.494],[127.222,34.494],[127.225,34.491],[127.226,34.489],[127.226,34.489],[127.228,34.489],[127.228,34.489],[127.228,34.488],[127.231,34.485],[127.231,34.485],[127.231,34.485],[127.231,34.484],[127.231,34.484],[127.23,34.484],[127.23,34.483],[127.23,34.483],[127.23,34.483],[127.23,34.483],[127.23,34.483],[127.229,34.483],[127.229,34.483],[127.23,34.482],[127.23,34.482],[127.23,34.482],[127.23,34.482],[127.23,34.482],[127.23,34.482],[127.23,34.482],[127.23,34.482],[127.23,34.482],[127.23,34.482],[127.232,34.481],[127.232,34.481],[127.232,34.481],[127.232,34.48],[127.232,34.48],[127.232,34.48],[127.234,34.479],[127.234,34.474],[127.234,34.474],[127.234,34.474],[127.234,34.474],[127.234,34.473],[127.233,34.473],[127.232,34.474],[127.231,34.473],[127.229,34.471],[127.229,34.466],[127.223,34.457],[127.222,34.455],[127.222,34.455],[127.222,34.454],[127.222,34.452],[127.22,34.45],[127.22,34.447],[127.22,34.446],[127.22,34.446],[127.22,34.445],[127.22,34.445],[127.22,34.445],[127.22,34.445],[127.22,34.445],[127.22,34.445],[127.22,34.445],[127.218,34.438],[127.218,34.438],[127.218,34.438],[127.218,34.437],[127.218,34.437],[127.217,34.436],[127.215,34.436],[127.214,34.436],[127.214,34.436],[127.214,34.436],[127.214,34.436],[127.213,34.436],[127.213,34.436],[127.211,34.434],[127.211,34.434],[127.211,34.434],[127.211,34.434],[127.211,34.434],[127.211,34.433],[127.211,34.433],[127.211,34.433],[127.211,34.433],[127.211,34.433],[127.211,34.433],[127.211,34.433],[127.211,34.433],[127.211,34.433],[127.211,34.433],[127.208,34.431],[127.208,34.431],[127.208,34.431],[127.208,34.431],[127.208,34.431],[127.207,34.431],[127.207,34.431],[127.207,34.431],[127.207,34.431],[127.207,34.431],[127.207,34.43],[127.208,34.43],[127.208,34.43],[127.208,34.43],[127.208,34.43],[127.209,34.429],[127.208,34.429],[127.208,34.429],[127.208,34.429],[127.204,34.43],[127.203,34.43],[127.199,34.43],[127.199,34.43],[127.199,34.43],[127.199,34.431],[127.199,34.431],[127.197,34.431],[127.196,34.431],[127.196,34.431],[127.191,34.431],[127.191,34.431],[127.186,34.431],[127.179,34.432],[127.179,34.432],[127.178,34.432],[127.178,34.432],[127.178,34.432],[127.178,34.432],[127.178,34.432],[127.177,34.432],[127.177,34.432],[127.169,34.435],[127.168,34.435],[127.168,34.435],[127.168,34.435],[127.168,34.435],[127.168,34.435],[127.167,34.435],[127.167,34.435],[127.167,34.435],[127.167,34.435],[127.167,34.435],[127.167,34.435],[127.166,34.435],[127.166,34.435],[127.165,34.435],[127.165,34.435],[127.165,34.435],[127.165,34.435],[127.165,34.435],[127.164,34.435],[127.164,34.434],[127.164,34.434],[127.163,34.434],[127.163,34.434],[127.163,34.434],[127.163,34.434],[127.163,34.434],[127.163,34.434],[127.163,34.434],[127.161,34.434],[127.162,34.431],[127.162,34.431],[127.163,34.43],[127.163,34.429],[127.157,34.426],[127.156,34.427],[127.156,34.429],[127.156,34.43],[127.155,34.431],[127.155,34.431],[127.155,34.431],[127.155,34.431],[127.155,34.431],[127.155,34.431],[127.155,34.431],[127.154,34.431],[127.154,34.431],[127.154,34.431],[127.154,34.431],[127.154,34.431],[127.154,34.431],[127.153,34.431],[127.15,34.43],[127.15,34.431],[127.15,34.431],[127.149,34.431],[127.149,34.431],[127.149,34.43],[127.149,34.43],[127.148,34.43],[127.146,34.43],[127.146,34.43],[127.146,34.43],[127.146,34.43],[127.145,34.429],[127.145,34.429],[127.144,34.429],[127.144,34.429],[127.144,34.429],[127.144,34.429],[127.144,34.428],[127.144,34.428],[127.143,34.428],[127.143,34.428],[127.143,34.428],[127.143,34.428],[127.143,34.428],[127.143,34.428],[127.143,34.428],[127.143,34.427],[127.144,34.423],[127.144,34.423],[127.144,34.422],[127.144,34.422],[127.143,34.421],[127.143,34.42],[127.141,34.42],[127.141,34.421],[127.141,34.421],[127.138,34.427],[127.137,34.428],[127.136,34.429],[127.131,34.43],[127.125,34.431],[127.125,34.431],[127.125,34.435],[127.124,34.436],[127.122,34.437],[127.121,34.438],[127.121,34.438],[127.121,34.438],[127.12,34.438],[127.118,34.438],[127.117,34.438],[127.116,34.439],[127.116,34.439],[127.115,34.44],[127.115,34.443],[127.118,34.445],[127.118,34.445],[127.118,34.446],[127.117,34.447],[127.117,34.447],[127.117,34.448],[127.116,34.448],[127.116,34.448],[127.116,34.448],[127.115,34.448],[127.115,34.448],[127.115,34.448],[127.115,34.448],[127.115,34.448],[127.114,34.448],[127.114,34.448],[127.114,34.448],[127.114,34.448],[127.114,34.448],[127.11,34.448],[127.11,34.448],[127.11,34.448],[127.11,34.448],[127.11,34.448],[127.11,34.448],[127.11,34.448],[127.11,34.448],[127.11,34.448],[127.109,34.448],[127.109,34.448],[127.109,34.448],[127.109,34.448],[127.109,34.448],[127.109,34.448],[127.109,34.448],[127.109,34.448],[127.108,34.447],[127.108,34.446],[127.108,34.445],[127.108,34.444],[127.108,34.444],[127.108,34.444],[127.108,34.444],[127.108,34.443],[127.108,34.443],[127.108,34.442],[127.108,34.442],[127.107,34.442],[127.102,34.441],[127.102,34.441],[127.101,34.442],[127.099,34.443],[127.099,34.444],[127.099,34.444],[127.1,34.446],[127.101,34.446],[127.101,34.446],[127.101,34.446],[127.101,34.446],[127.102,34.447],[127.102,34.447],[127.102,34.448],[127.102,34.448],[127.101,34.448],[127.101,34.449],[127.101,34.449],[127.101,34.449],[127.1,34.45],[127.102,34.451],[127.102,34.451],[127.102,34.451],[127.102,34.451],[127.102,34.451],[127.102,34.451],[127.102,34.451],[127.104,34.453],[127.104,34.453],[127.105,34.453],[127.105,34.453],[127.105,34.453],[127.105,34.453],[127.105,34.453],[127.105,34.453],[127.106,34.453],[127.106,34.454],[127.106,34.454],[127.106,34.455],[127.106,34.455],[127.106,34.455],[127.106,34.455],[127.106,34.455],[127.106,34.455],[127.101,34.462],[127.099,34.466],[127.099,34.466],[127.098,34.466],[127.096,34.469],[127.096,34.469],[127.096,34.469],[127.094,34.469],[127.093,34.471],[127.093,34.471],[127.095,34.473],[127.095,34.474],[127.096,34.474],[127.096,34.474],[127.096,34.473],[127.097,34.473],[127.097,34.473],[127.097,34.473],[127.097,34.473],[127.097,34.472],[127.097,34.472],[127.101,34.469],[127.101,34.469],[127.101,34.469],[127.102,34.469],[127.104,34.469],[127.107,34.473],[127.107,34.475],[127.107,34.475],[127.108,34.476],[127.108,34.476],[127.109,34.476],[127.111,34.475],[127.112,34.475],[127.115,34.477],[127.116,34.479],[127.117,34.479],[127.117,34.48],[127.117,34.48],[127.117,34.481],[127.117,34.481],[127.117,34.482],[127.117,34.482],[127.117,34.482],[127.117,34.482],[127.117,34.482],[127.117,34.483],[127.117,34.483],[127.117,34.483],[127.117,34.483],[127.117,34.483],[127.117,34.483],[127.116,34.484],[127.111,34.485],[127.111,34.485],[127.111,34.485],[127.111,34.485],[127.111,34.485],[127.116,34.487],[127.117,34.487],[127.117,34.487],[127.117,34.487],[127.117,34.487],[127.118,34.487],[127.118,34.487],[127.118,34.487],[127.118,34.487],[127.119,34.487],[127.121,34.489],[127.121,34.489],[127.124,34.49],[127.124,34.49],[127.124,34.49],[127.124,34.49],[127.125,34.49],[127.125,34.49],[127.125,34.489],[127.124,34.489],[127.123,34.487],[127.123,34.487],[127.123,34.487],[127.123,34.486],[127.128,34.479],[127.13,34.478],[127.133,34.477],[127.133,34.478],[127.133,34.478],[127.133,34.478],[127.135,34.479],[127.136,34.479],[127.137,34.479],[127.137,34.478],[127.137,34.478],[127.136,34.477],[127.136,34.477],[127.135,34.476],[127.135,34.476],[127.136,34.474],[127.136,34.473],[127.136,34.473],[127.141,34.473],[127.142,34.473],[127.142,34.473],[127.142,34.473],[127.142,34.473],[127.144,34.473],[127.145,34.474],[127.145,34.474],[127.145,34.474],[127.145,34.474],[127.147,34.475],[127.147,34.476],[127.154,34.479],[127.157,34.478],[127.163,34.48],[127.164,34.482],[127.177,34.49],[127.182,34.49],[127.184,34.491],[127.188,34.494],[127.189,34.494],[127.19,34.494],[127.19,34.494],[127.189,34.494],[127.189,34.494],[127.189,34.493],[127.189,34.493],[127.189,34.493],[127.192,34.493],[127.196,34.493],[127.196,34.492],[127.196,34.49],[127.196,34.489],[127.196,34.489],[127.196,34.489],[127.197,34.489],[127.198,34.488],[127.198,34.488],[127.198,34.488],[127.199,34.488],[127.199,34.488],[127.207,34.491],[127.213,34.492],[127.216,34.495],[127.216,34.496],[127.216,34.496],[127.216,34.496],[127.217,34.496],[127.217,34.495],[127.217,34.495]]],[[[127.77,34.53],[127.77,34.53],[127.77,34.53],[127.77,34.53],[127.77,34.53],[127.77,34.53],[127.77,34.53],[127.77,34.53]]],[[[126.782,34.531],[126.782,34.531],[126.782,34.531],[126.776,34.536],[126.777,34.538],[126.777,34.538],[126.777,34.538],[126.778,34.538],[126.779,34.538],[126.779,34.538],[126.779,34.538],[126.779,34.538],[126.78,34.538],[126.781,34.536],[126.783,34.536],[126.783,34.536],[126.783,34.536],[126.783,34.536],[126.783,34.536],[126.784,34.535],[126.785,34.535],[126.785,34.535],[126.785,34.535],[126.785,34.533],[126.783,34.531],[126.782,34.531],[126.782,34.531]]],[[[127.466,34.544],[127.468,34.544],[127.471,34.544],[127.472,34.544],[127.473,34.544],[127.476,34.542],[127.479,34.537],[127.478,34.535],[127.477,34.535],[127.475,34.531],[127.475,34.531],[127.474,34.53],[127.473,34.53],[127.472,34.529],[127.468,34.53],[127.466,34.53],[127.464,34.53],[127.461,34.53],[127.46,34.53],[127.46,34.529],[127.459,34.529],[127.459,34.525],[127.459,34.525],[127.46,34.525],[127.465,34.524],[127.467,34.524],[127.471,34.523],[127.474,34.52],[127.475,34.514],[127.475,34.514],[127.473,34.514],[127.467,34.516],[127.467,34.517],[127.468,34.517],[127.468,34.518],[127.467,34.518],[127.459,34.515],[127.458,34.515],[127.458,34.514],[127.458,34.514],[127.462,34.51],[127.465,34.508],[127.466,34.51],[127.466,34.51],[127.465,34.51],[127.465,34.512],[127.465,34.513],[127.465,34.513],[127.465,34.513],[127.467,34.512],[127.467,34.512],[127.467,34.512],[127.466,34.512],[127.466,34.512],[127.466,34.512],[127.466,34.511],[127.467,34.51],[127.472,34.509],[127.476,34.509],[127.476,34.51],[127.478,34.51],[127.479,34.51],[127.481,34.509],[127.482,34.508],[127.482,34.507],[127.482,34.506],[127.482,34.506],[127.483,34.505],[127.485,34.505],[127.485,34.505],[127.485,34.505],[127.486,34.505],[127.486,34.506],[127.486,34.506],[127.485,34.507],[127.485,34.507],[127.485,34.508],[127.486,34.509],[127.487,34.509],[127.488,34.509],[127.491,34.508],[127.497,34.503],[127.498,34.503],[127.499,34.503],[127.499,34.503],[127.501,34.5],[127.501,34.5],[127.5,34.499],[127.5,34.499],[127.506,34.492],[127.499,34.487],[127.493,34.484],[127.489,34.484],[127.489,34.487],[127.489,34.487],[127.49,34.487],[127.49,34.487],[127.491,34.487],[127.491,34.488],[127.49,34.489],[127.49,34.489],[127.49,34.489],[127.489,34.49],[127.488,34.49],[127.486,34.487],[127.485,34.484],[127.484,34.484],[127.477,34.483],[127.476,34.483],[127.47,34.487],[127.47,34.487],[127.461,34.484],[127.46,34.484],[127.46,34.483],[127.461,34.482],[127.461,34.482],[127.461,34.482],[127.461,34.482],[127.462,34.482],[127.462,34.48],[127.461,34.479],[127.458,34.479],[127.458,34.479],[127.458,34.479],[127.459,34.48],[127.459,34.48],[127.458,34.48],[127.457,34.481],[127.457,34.481],[127.456,34.481],[127.456,34.481],[127.453,34.479],[127.453,34.479],[127.452,34.479],[127.451,34.48],[127.451,34.481],[127.451,34.481],[127.451,34.482],[127.451,34.483],[127.451,34.483],[127.451,34.484],[127.45,34.486],[127.449,34.488],[127.447,34.489],[127.447,34.489],[127.447,34.489],[127.447,34.489],[127.445,34.488],[127.443,34.49],[127.442,34.491],[127.441,34.493],[127.447,34.498],[127.454,34.501],[127.454,34.501],[127.454,34.501],[127.454,34.501],[127.455,34.5],[127.458,34.502],[127.459,34.503],[127.459,34.504],[127.459,34.504],[127.458,34.506],[127.458,34.506],[127.458,34.506],[127.456,34.506],[127.455,34.506],[127.452,34.506],[127.452,34.507],[127.452,34.507],[127.456,34.51],[127.456,34.51],[127.456,34.511],[127.456,34.511],[127.452,34.515],[127.451,34.516],[127.45,34.517],[127.448,34.517],[127.447,34.518],[127.446,34.518],[127.444,34.517],[127.444,34.517],[127.442,34.516],[127.441,34.516],[127.439,34.517],[127.435,34.519],[127.434,34.52],[127.435,34.522],[127.436,34.523],[127.443,34.527],[127.443,34.528],[127.443,34.528],[127.442,34.529],[127.442,34.529],[127.447,34.535],[127.447,34.535],[127.448,34.537],[127.455,34.542],[127.455,34.542],[127.455,34.542],[127.455,34.543],[127.454,34.543],[127.454,34.543],[127.454,34.543],[127.454,34.543],[127.453,34.543],[127.453,34.543],[127.453,34.544],[127.456,34.545],[127.457,34.546],[127.458,34.546],[127.459,34.546],[127.459,34.545],[127.464,34.544],[127.466,34.544]]],[[[126.794,34.547],[126.794,34.547],[126.793,34.547],[126.794,34.547]]],[[[127.77,34.53],[127.769,34.53],[127.769,34.53],[127.769,34.53],[127.769,34.53],[127.771,34.527],[127.771,34.526],[127.773,34.525],[127.773,34.525],[127.774,34.525],[127.78,34.52],[127.78,34.52],[127.781,34.515],[127.781,34.515],[127.782,34.512],[127.777,34.511],[127.77,34.511],[127.767,34.511],[127.767,34.511],[127.767,34.51],[127.767,34.51],[127.767,34.51],[127.768,34.509],[127.768,34.509],[127.768,34.509],[127.769,34.509],[127.77,34.509],[127.77,34.509],[127.77,34.509],[127.77,34.509],[127.771,34.509],[127.771,34.509],[127.772,34.509],[127.772,34.509],[127.772,34.508],[127.772,34.508],[127.772,34.508],[127.772,34.508],[127.772,34.508],[127.772,34.507],[127.772,34.507],[127.772,34.507],[127.772,34.507],[127.772,34.507],[127.772,34.507],[127.778,34.505],[127.779,34.506],[127.779,34.507],[127.779,34.507],[127.779,34.507],[127.781,34.507],[127.781,34.508],[127.781,34.508],[127.782,34.507],[127.782,34.507],[127.782,34.507],[127.782,34.507],[127.785,34.506],[127.785,34.506],[127.785,34.506],[127.785,34.506],[127.786,34.506],[127.786,34.506],[127.786,34.506],[127.786,34.506],[127.786,34.506],[127.786,34.506],[127.786,34.506],[127.786,34.507],[127.786,34.507],[127.786,34.507],[127.786,34.507],[127.786,34.508],[127.786,34.508],[127.786,34.508],[127.787,34.508],[127.787,34.508],[127.788,34.507],[127.788,34.506],[127.788,34.506],[127.788,34.506],[127.787,34.506],[127.787,34.506],[127.787,34.506],[127.788,34.506],[127.788,34.505],[127.789,34.504],[127.791,34.503],[127.791,34.503],[127.791,34.503],[127.791,34.502],[127.791,34.502],[127.792,34.502],[127.792,34.503],[127.792,34.503],[127.792,34.503],[127.792,34.503],[127.792,34.503],[127.792,34.503],[127.792,34.503],[127.793,34.502],[127.793,34.502],[127.793,34.501],[127.792,34.5],[127.792,34.5],[127.792,34.5],[127.792,34.5],[127.791,34.499],[127.791,34.498],[127.791,34.497],[127.792,34.497],[127.794,34.495],[127.794,34.495],[127.794,34.495],[127.795,34.495],[127.795,34.495],[127.795,34.495],[127.796,34.495],[127.796,34.495],[127.796,34.495],[127.799,34.496],[127.799,34.496],[127.798,34.495],[127.797,34.493],[127.796,34.493],[127.796,34.493],[127.796,34.493],[127.794,34.492],[127.791,34.491],[127.791,34.488],[127.791,34.488],[127.79,34.487],[127.781,34.488],[127.767,34.489],[127.767,34.489],[127.766,34.489],[127.764,34.49],[127.763,34.491],[127.763,34.491],[127.764,34.491],[127.769,34.492],[127.774,34.498],[127.774,34.499],[127.774,34.499],[127.773,34.5],[127.773,34.5],[127.772,34.499],[127.77,34.498],[127.765,34.498],[127.761,34.499],[127.758,34.498],[127.754,34.499],[127.754,34.5],[127.753,34.501],[127.753,34.502],[127.753,34.502],[127.754,34.502],[127.754,34.503],[127.755,34.503],[127.755,34.503],[127.755,34.503],[127.755,34.504],[127.755,34.504],[127.754,34.505],[127.754,34.505],[127.754,34.505],[127.754,34.505],[127.754,34.505],[127.748,34.502],[127.747,34.502],[127.747,34.502],[127.736,34.503],[127.736,34.503],[127.735,34.503],[127.735,34.503],[127.734,34.504],[127.734,34.505],[127.734,34.505],[127.734,34.505],[127.737,34.507],[127.739,34.507],[127.74,34.508],[127.74,34.508],[127.74,34.508],[127.741,34.509],[127.741,34.509],[127.741,34.509],[127.741,34.509],[127.741,34.509],[127.741,34.509],[127.741,34.51],[127.741,34.51],[127.741,34.51],[127.741,34.51],[127.74,34.511],[127.74,34.511],[127.738,34.512],[127.738,34.512],[127.737,34.513],[127.729,34.513],[127.729,34.513],[127.729,34.513],[127.726,34.514],[127.726,34.515],[127.726,34.516],[127.726,34.516],[127.727,34.518],[127.727,34.519],[127.727,34.519],[127.732,34.525],[127.732,34.525],[127.732,34.525],[127.732,34.527],[127.732,34.527],[127.732,34.527],[127.732,34.527],[127.731,34.527],[127.731,34.527],[127.73,34.527],[127.73,34.527],[127.727,34.526],[127.724,34.524],[127.724,34.524],[127.722,34.523],[127.722,34.523],[127.721,34.523],[127.721,34.523],[127.72,34.523],[127.713,34.527],[127.713,34.529],[127.711,34.53],[127.707,34.53],[127.706,34.531],[127.702,34.532],[127.697,34.538],[127.696,34.539],[127.696,34.539],[127.697,34.539],[127.697,34.539],[127.705,34.54],[127.706,34.539],[127.706,34.539],[127.707,34.539],[127.707,34.539],[127.707,34.539],[127.709,34.538],[127.709,34.538],[127.71,34.538],[127.71,34.538],[127.712,34.538],[127.714,34.54],[127.715,34.54],[127.715,34.54],[127.725,34.547],[127.725,34.548],[127.725,34.548],[127.726,34.548],[127.726,34.548],[127.726,34.549],[127.749,34.552],[127.751,34.551],[127.751,34.551],[127.752,34.55],[127.754,34.55],[127.755,34.552],[127.764,34.54],[127.764,34.539],[127.763,34.537],[127.762,34.536],[127.762,34.536],[127.762,34.535],[127.763,34.534],[127.767,34.531],[127.767,34.531],[127.767,34.531],[127.767,34.531],[127.77,34.53]]],[[[126.252,34.584],[126.254,34.584],[126.254,34.585],[126.254,34.585],[126.254,34.585],[126.254,34.585],[126.254,34.585],[126.254,34.585],[126.254,34.585],[126.254,34.586],[126.254,34.586],[126.254,34.586],[126.254,34.586],[126.255,34.587],[126.26,34.585],[126.273,34.585],[126.278,34.584],[126.279,34.584],[126.281,34.581],[126.281,34.58],[126.28,34.58],[126.279,34.579],[126.279,34.579],[126.279,34.579],[126.279,34.578],[126.279,34.578],[126.281,34.577],[126.29,34.578],[126.291,34.578],[126.291,34.577],[126.291,34.577],[126.291,34.575],[126.291,34.575],[126.291,34.572],[126.292,34.572],[126.293,34.573],[126.294,34.573],[126.3,34.572],[126.304,34.571],[126.304,34.571],[126.306,34.567],[126.31,34.563],[126.31,34.563],[126.308,34.56],[126.307,34.559],[126.307,34.559],[126.306,34.559],[126.305,34.56],[126.304,34.56],[126.301,34.558],[126.307,34.553],[126.312,34.547],[126.314,34.544],[126.315,34.544],[126.323,34.541],[126.327,34.543],[126.327,34.543],[126.327,34.544],[126.327,34.544],[126.327,34.544],[126.327,34.544],[126.327,34.544],[126.326,34.545],[126.326,34.546],[126.326,34.546],[126.327,34.547],[126.327,34.547],[126.329,34.548],[126.334,34.549],[126.339,34.548],[126.338,34.548],[126.338,34.547],[126.337,34.544],[126.337,34.544],[126.337,34.543],[126.337,34.543],[126.337,34.543],[126.337,34.543],[126.337,34.543],[126.337,34.543],[126.337,34.543],[126.338,34.543],[126.338,34.543],[126.339,34.542],[126.339,34.542],[126.339,34.542],[126.339,34.542],[126.339,34.542],[126.339,34.542],[126.343,34.544],[126.343,34.544],[126.343,34.544],[126.345,34.54],[126.348,34.535],[126.354,34.532],[126.354,34.531],[126.353,34.53],[126.352,34.53],[126.352,34.53],[126.352,34.53],[126.352,34.53],[126.351,34.528],[126.351,34.528],[126.351,34.527],[126.358,34.526],[126.359,34.526],[126.362,34.525],[126.364,34.521],[126.368,34.515],[126.369,34.515],[126.373,34.514],[126.373,34.514],[126.376,34.513],[126.377,34.512],[126.377,34.512],[126.377,34.511],[126.377,34.511],[126.377,34.511],[126.377,34.51],[126.377,34.508],[126.377,34.508],[126.38,34.507],[126.383,34.503],[126.381,34.501],[126.38,34.501],[126.379,34.501],[126.378,34.502],[126.377,34.502],[126.373,34.501],[126.373,34.496],[126.377,34.494],[126.379,34.49],[126.379,34.49],[126.379,34.486],[126.379,34.486],[126.379,34.486],[126.379,34.486],[126.383,34.484],[126.383,34.483],[126.383,34.483],[126.383,34.483],[126.383,34.483],[126.383,34.483],[126.383,34.483],[126.385,34.482],[126.385,34.482],[126.385,34.482],[126.385,34.482],[126.385,34.482],[126.385,34.482],[126.385,34.482],[126.385,34.482],[126.385,34.482],[126.385,34.482],[126.385,34.481],[126.385,34.48],[126.384,34.48],[126.384,34.48],[126.384,34.48],[126.384,34.48],[126.384,34.48],[126.384,34.48],[126.383,34.48],[126.383,34.48],[126.383,34.48],[126.382,34.48],[126.382,34.479],[126.382,34.479],[126.382,34.479],[126.381,34.478],[126.379,34.478],[126.379,34.478],[126.379,34.478],[126.377,34.481],[126.376,34.482],[126.376,34.482],[126.376,34.482],[126.376,34.482],[126.376,34.483],[126.376,34.483],[126.376,34.483],[126.376,34.483],[126.377,34.483],[126.377,34.483],[126.377,34.483],[126.377,34.483],[126.377,34.483],[126.377,34.483],[126.377,34.483],[126.377,34.483],[126.377,34.483],[126.377,34.484],[126.377,34.484],[126.377,34.484],[126.377,34.485],[126.377,34.485],[126.374,34.485],[126.373,34.485],[126.373,34.485],[126.373,34.485],[126.372,34.484],[126.372,34.484],[126.371,34.483],[126.37,34.483],[126.369,34.483],[126.368,34.484],[126.369,34.485],[126.369,34.485],[126.368,34.485],[126.368,34.485],[126.36,34.483],[126.36,34.483],[126.36,34.483],[126.358,34.477],[126.358,34.477],[126.358,34.477],[126.358,34.476],[126.358,34.475],[126.361,34.473],[126.367,34.471],[126.368,34.471],[126.369,34.471],[126.369,34.472],[126.369,34.472],[126.372,34.47],[126.371,34.468],[126.371,34.468],[126.371,34.468],[126.371,34.468],[126.371,34.468],[126.371,34.467],[126.371,34.467],[126.371,34.467],[126.371,34.467],[126.372,34.466],[126.372,34.466],[126.372,34.466],[126.372,34.466],[126.37,34.464],[126.37,34.464],[126.37,34.464],[126.37,34.464],[126.37,34.464],[126.37,34.464],[126.37,34.464],[126.37,34.464],[126.369,34.465],[126.369,34.465],[126.368,34.465],[126.367,34.465],[126.367,34.465],[126.367,34.465],[126.367,34.465],[126.367,34.465],[126.367,34.465],[126.367,34.465],[126.367,34.465],[126.367,34.465],[126.364,34.463],[126.364,34.463],[126.362,34.461],[126.36,34.459],[126.36,34.459],[126.359,34.458],[126.358,34.457],[126.358,34.456],[126.358,34.456],[126.361,34.45],[126.362,34.448],[126.363,34.441],[126.36,34.439],[126.353,34.433],[126.352,34.431],[126.352,34.429],[126.352,34.427],[126.351,34.425],[126.346,34.422],[126.343,34.42],[126.342,34.415],[126.342,34.415],[126.342,34.415],[126.34,34.416],[126.339,34.416],[126.337,34.416],[126.336,34.415],[126.335,34.414],[126.336,34.41],[126.338,34.403],[126.334,34.399],[126.334,34.399],[126.334,34.399],[126.333,34.4],[126.333,34.4],[126.332,34.4],[126.331,34.401],[126.33,34.4],[126.328,34.397],[126.328,34.397],[126.328,34.397],[126.328,34.397],[126.328,34.397],[126.328,34.396],[126.328,34.396],[126.328,34.396],[126.328,34.396],[126.328,34.396],[126.328,34.396],[126.328,34.396],[126.329,34.396],[126.329,34.396],[126.329,34.395],[126.329,34.395],[126.329,34.394],[126.329,34.394],[126.328,34.394],[126.327,34.394],[126.327,34.394],[126.327,34.394],[126.327,34.394],[126.327,34.394],[126.327,34.394],[126.327,34.394],[126.326,34.394],[126.326,34.394],[126.326,34.395],[126.326,34.395],[126.326,34.395],[126.326,34.395],[126.326,34.395],[126.327,34.395],[126.327,34.395],[126.327,34.395],[126.327,34.396],[126.327,34.396],[126.327,34.396],[126.327,34.396],[126.327,34.396],[126.327,34.396],[126.327,34.396],[126.327,34.396],[126.327,34.396],[126.327,34.397],[126.327,34.397],[126.327,34.397],[126.327,34.397],[126.327,34.397],[126.327,34.398],[126.321,34.405],[126.325,34.404],[126.325,34.404],[126.326,34.404],[126.326,34.404],[126.327,34.405],[126.328,34.406],[126.328,34.406],[126.327,34.406],[126.322,34.414],[126.326,34.414],[126.326,34.415],[126.326,34.416],[126.326,34.416],[126.325,34.416],[126.325,34.416],[126.325,34.416],[126.324,34.416],[126.324,34.416],[126.324,34.416],[126.324,34.416],[126.323,34.416],[126.323,34.416],[126.323,34.416],[126.322,34.417],[126.323,34.419],[126.323,34.419],[126.324,34.419],[126.324,34.419],[126.325,34.42],[126.325,34.421],[126.325,34.421],[126.325,34.421],[126.325,34.421],[126.325,34.421],[126.325,34.421],[126.324,34.421],[126.324,34.421],[126.324,34.421],[126.324,34.421],[126.324,34.421],[126.324,34.421],[126.324,34.421],[126.323,34.421],[126.323,34.421],[126.323,34.421],[126.322,34.421],[126.322,34.421],[126.322,34.421],[126.322,34.422],[126.322,34.422],[126.321,34.423],[126.321,34.423],[126.321,34.424],[126.321,34.424],[126.319,34.424],[126.32,34.42],[126.319,34.419],[126.319,34.419],[126.319,34.419],[126.319,34.419],[126.319,34.419],[126.318,34.419],[126.318,34.419],[126.317,34.419],[126.317,34.419],[126.317,34.419],[126.317,34.419],[126.317,34.419],[126.317,34.419],[126.317,34.419],[126.317,34.419],[126.311,34.416],[126.311,34.416],[126.311,34.416],[126.312,34.415],[126.313,34.414],[126.313,34.414],[126.313,34.411],[126.313,34.411],[126.313,34.41],[126.313,34.41],[126.313,34.41],[126.313,34.41],[126.313,34.41],[126.313,34.41],[126.313,34.41],[126.314,34.408],[126.314,34.4],[126.314,34.4],[126.314,34.4],[126.314,34.4],[126.314,34.4],[126.314,34.4],[126.314,34.4],[126.314,34.4],[126.312,34.404],[126.312,34.404],[126.312,34.404],[126.312,34.404],[126.313,34.405],[126.313,34.405],[126.313,34.405],[126.313,34.405],[126.313,34.405],[126.312,34.406],[126.309,34.407],[126.307,34.41],[126.307,34.411],[126.304,34.414],[126.303,34.414],[126.301,34.413],[126.306,34.406],[126.307,34.405],[126.307,34.405],[126.307,34.403],[126.306,34.402],[126.306,34.403],[126.306,34.403],[126.305,34.403],[126.305,34.403],[126.304,34.404],[126.302,34.404],[126.301,34.403],[126.301,34.403],[126.301,34.403],[126.301,34.403],[126.301,34.403],[126.301,34.403],[126.301,34.403],[126.301,34.403],[126.301,34.403],[126.3,34.403],[126.299,34.404],[126.299,34.404],[126.299,34.404],[126.299,34.404],[126.298,34.406],[126.299,34.407],[126.299,34.407],[126.299,34.407],[126.299,34.407],[126.299,34.407],[126.299,34.408],[126.299,34.408],[126.293,34.409],[126.293,34.409],[126.293,34.409],[126.293,34.409],[126.293,34.409],[126.293,34.409],[126.293,34.409],[126.292,34.405],[126.292,34.403],[126.293,34.402],[126.293,34.402],[126.293,34.402],[126.293,34.402],[126.297,34.398],[126.297,34.398],[126.297,34.398],[126.297,34.397],[126.297,34.397],[126.296,34.396],[126.294,34.396],[126.293,34.396],[126.293,34.396],[126.291,34.396],[126.29,34.395],[126.29,34.395],[126.29,34.394],[126.289,34.394],[126.296,34.391],[126.297,34.391],[126.297,34.391],[126.297,34.391],[126.297,34.391],[126.297,34.391],[126.297,34.391],[126.297,34.391],[126.297,34.391],[126.297,34.391],[126.298,34.392],[126.298,34.394],[126.298,34.394],[126.298,34.394],[126.298,34.394],[126.298,34.394],[126.298,34.394],[126.299,34.394],[126.304,34.39],[126.305,34.39],[126.305,34.39],[126.305,34.389],[126.302,34.387],[126.302,34.387],[126.301,34.387],[126.301,34.387],[126.3,34.388],[126.3,34.388],[126.3,34.388],[126.296,34.386],[126.296,34.386],[126.297,34.385],[126.298,34.383],[126.298,34.383],[126.299,34.382],[126.299,34.382],[126.299,34.382],[126.299,34.382],[126.299,34.382],[126.299,34.382],[126.3,34.382],[126.3,34.382],[126.303,34.382],[126.303,34.382],[126.304,34.384],[126.304,34.384],[126.305,34.384],[126.305,34.384],[126.304,34.384],[126.304,34.385],[126.307,34.386],[126.308,34.385],[126.308,34.385],[126.308,34.385],[126.308,34.385],[126.31,34.383],[126.31,34.383],[126.31,34.383],[126.31,34.383],[126.31,34.383],[126.31,34.383],[126.31,34.383],[126.31,34.382],[126.31,34.382],[126.31,34.382],[126.31,34.382],[126.31,34.381],[126.31,34.381],[126.31,34.381],[126.309,34.381],[126.308,34.382],[126.307,34.382],[126.308,34.379],[126.309,34.374],[126.309,34.374],[126.309,34.374],[126.308,34.373],[126.308,34.373],[126.305,34.374],[126.304,34.374],[126.304,34.374],[126.304,34.373],[126.304,34.372],[126.304,34.372],[126.304,34.372],[126.303,34.372],[126.303,34.371],[126.302,34.37],[126.302,34.37],[126.301,34.37],[126.301,34.37],[126.301,34.37],[126.299,34.369],[126.299,34.369],[126.299,34.369],[126.298,34.369],[126.298,34.369],[126.298,34.369],[126.298,34.369],[126.296,34.37],[126.296,34.371],[126.294,34.372],[126.294,34.373],[126.294,34.373],[126.294,34.373],[126.294,34.373],[126.294,34.373],[126.295,34.373],[126.295,34.373],[126.295,34.374],[126.295,34.374],[126.295,34.374],[126.294,34.374],[126.294,34.374],[126.294,34.374],[126.294,34.374],[126.294,34.374],[126.294,34.374],[126.294,34.374],[126.294,34.374],[126.293,34.374],[126.293,34.374],[126.293,34.374],[126.293,34.374],[126.293,34.374],[126.293,34.374],[126.292,34.374],[126.292,34.374],[126.292,34.374],[126.292,34.374],[126.292,34.374],[126.292,34.374],[126.292,34.374],[126.292,34.374],[126.29,34.372],[126.29,34.372],[126.29,34.372],[126.29,34.372],[126.29,34.372],[126.289,34.37],[126.289,34.37],[126.289,34.37],[126.289,34.37],[126.289,34.37],[126.289,34.37],[126.291,34.367],[126.292,34.367],[126.292,34.367],[126.292,34.367],[126.292,34.367],[126.292,34.367],[126.292,34.367],[126.292,34.367],[126.292,34.366],[126.292,34.366],[126.292,34.366],[126.29,34.365],[126.289,34.364],[126.288,34.364],[126.288,34.364],[126.288,34.364],[126.288,34.364],[126.287,34.364],[126.287,34.364],[126.286,34.364],[126.286,34.364],[126.286,34.364],[126.285,34.365],[126.285,34.365],[126.285,34.365],[126.285,34.365],[126.286,34.365],[126.286,34.365],[126.286,34.365],[126.286,34.365],[126.286,34.366],[126.286,34.366],[126.286,34.367],[126.285,34.368],[126.282,34.368],[126.28,34.372],[126.28,34.372],[126.28,34.372],[126.281,34.372],[126.282,34.373],[126.282,34.373],[126.282,34.373],[126.282,34.373],[126.282,34.373],[126.282,34.373],[126.282,34.373],[126.281,34.376],[126.281,34.376],[126.283,34.378],[126.284,34.383],[126.288,34.39],[126.288,34.388],[126.289,34.388],[126.289,34.388],[126.289,34.388],[126.289,34.388],[126.289,34.388],[126.29,34.388],[126.29,34.388],[126.292,34.391],[126.29,34.393],[126.29,34.394],[126.284,34.394],[126.284,34.393],[126.284,34.393],[126.283,34.393],[126.277,34.391],[126.276,34.391],[126.276,34.393],[126.276,34.393],[126.277,34.393],[126.277,34.393],[126.278,34.394],[126.278,34.394],[126.278,34.395],[126.277,34.396],[126.277,34.396],[126.276,34.396],[126.276,34.396],[126.276,34.396],[126.276,34.396],[126.276,34.396],[126.276,34.396],[126.274,34.396],[126.269,34.396],[126.269,34.396],[126.269,34.396],[126.268,34.396],[126.268,34.396],[126.268,34.396],[126.268,34.396],[126.268,34.396],[126.268,34.396],[126.268,34.396],[126.268,34.397],[126.268,34.397],[126.268,34.397],[126.267,34.397],[126.267,34.397],[126.266,34.397],[126.266,34.397],[126.265,34.397],[126.265,34.397],[126.265,34.397],[126.263,34.395],[126.262,34.394],[126.261,34.393],[126.261,34.393],[126.261,34.392],[126.26,34.392],[126.26,34.392],[126.26,34.389],[126.26,34.389],[126.26,34.387],[126.26,34.386],[126.261,34.385],[126.266,34.382],[126.266,34.382],[126.266,34.382],[126.266,34.382],[126.266,34.382],[126.266,34.382],[126.266,34.381],[126.266,34.381],[126.266,34.381],[126.266,34.381],[126.266,34.381],[126.266,34.381],[126.266,34.38],[126.266,34.38],[126.266,34.38],[126.266,34.38],[126.266,34.38],[126.266,34.379],[126.266,34.379],[126.267,34.379],[126.267,34.378],[126.267,34.378],[126.262,34.379],[126.257,34.38],[126.255,34.381],[126.255,34.381],[126.255,34.381],[126.255,34.381],[126.255,34.381],[126.255,34.381],[126.255,34.381],[126.255,34.381],[126.255,34.381],[126.255,34.381],[126.255,34.381],[126.255,34.381],[126.255,34.381],[126.255,34.381],[126.255,34.381],[126.255,34.381],[126.255,34.38],[126.255,34.38],[126.255,34.379],[126.255,34.379],[126.255,34.379],[126.255,34.379],[126.251,34.378],[126.247,34.379],[126.244,34.379],[126.244,34.379],[126.241,34.374],[126.233,34.37],[126.233,34.374],[126.233,34.374],[126.232,34.374],[126.232,34.374],[126.231,34.375],[126.23,34.374],[126.229,34.374],[126.229,34.373],[126.226,34.37],[126.222,34.367],[126.22,34.367],[126.219,34.367],[126.219,34.367],[126.219,34.367],[126.208,34.372],[126.208,34.372],[126.202,34.371],[126.201,34.37],[126.199,34.368],[126.199,34.368],[126.201,34.368],[126.201,34.368],[126.201,34.368],[126.202,34.369],[126.202,34.369],[126.202,34.369],[126.202,34.37],[126.212,34.364],[126.214,34.36],[126.214,34.36],[126.214,34.36],[126.213,34.36],[126.212,34.36],[126.212,34.36],[126.212,34.361],[126.211,34.362],[126.21,34.362],[126.206,34.361],[126.205,34.36],[126.205,34.36],[126.205,34.36],[126.205,34.36],[126.203,34.358],[126.196,34.357],[126.191,34.357],[126.188,34.357],[126.188,34.357],[126.188,34.357],[126.187,34.356],[126.186,34.354],[126.184,34.352],[126.183,34.352],[126.183,34.352],[126.181,34.35],[126.18,34.349],[126.18,34.349],[126.18,34.349],[126.18,34.349],[126.179,34.349],[126.179,34.35],[126.18,34.352],[126.18,34.353],[126.182,34.354],[126.182,34.359],[126.182,34.359],[126.182,34.359],[126.181,34.359],[126.18,34.359],[126.18,34.359],[126.18,34.359],[126.174,34.352],[126.169,34.353],[126.164,34.352],[126.164,34.352],[126.161,34.354],[126.156,34.358],[126.157,34.361],[126.158,34.361],[126.158,34.361],[126.158,34.361],[126.162,34.363],[126.164,34.364],[126.162,34.365],[126.161,34.365],[126.16,34.365],[126.16,34.365],[126.16,34.365],[126.161,34.364],[126.161,34.364],[126.161,34.364],[126.161,34.364],[126.161,34.364],[126.161,34.363],[126.156,34.362],[126.155,34.363],[126.155,34.363],[126.155,34.363],[126.155,34.363],[126.156,34.363],[126.156,34.364],[126.156,34.364],[126.156,34.365],[126.156,34.365],[126.156,34.366],[126.154,34.366],[126.151,34.367],[126.147,34.366],[126.144,34.365],[126.144,34.364],[126.144,34.364],[126.144,34.363],[126.144,34.363],[126.145,34.362],[126.145,34.362],[126.145,34.362],[126.145,34.362],[126.145,34.362],[126.145,34.362],[126.145,34.362],[126.145,34.362],[126.146,34.362],[126.146,34.361],[126.145,34.358],[126.139,34.357],[126.139,34.357],[126.138,34.357],[126.138,34.358],[126.138,34.358],[126.138,34.358],[126.138,34.358],[126.138,34.358],[126.138,34.359],[126.136,34.359],[126.134,34.36],[126.133,34.359],[126.131,34.359],[126.13,34.359],[126.129,34.36],[126.131,34.362],[126.136,34.364],[126.137,34.366],[126.133,34.367],[126.132,34.367],[126.131,34.366],[126.131,34.366],[126.13,34.365],[126.13,34.365],[126.13,34.365],[126.13,34.365],[126.13,34.366],[126.13,34.366],[126.131,34.366],[126.132,34.367],[126.135,34.367],[126.137,34.37],[126.138,34.37],[126.137,34.371],[126.136,34.371],[126.134,34.374],[126.141,34.383],[126.142,34.384],[126.143,34.385],[126.134,34.385],[126.134,34.385],[126.134,34.385],[126.131,34.382],[126.131,34.381],[126.131,34.38],[126.131,34.38],[126.131,34.379],[126.13,34.379],[126.13,34.379],[126.13,34.38],[126.13,34.38],[126.13,34.38],[126.13,34.382],[126.13,34.382],[126.13,34.383],[126.13,34.384],[126.129,34.384],[126.129,34.384],[126.128,34.383],[126.127,34.381],[126.126,34.379],[126.124,34.379],[126.115,34.381],[126.114,34.383],[126.114,34.383],[126.115,34.383],[126.112,34.388],[126.109,34.392],[126.109,34.393],[126.106,34.398],[126.097,34.405],[126.096,34.407],[126.097,34.41],[126.096,34.41],[126.091,34.414],[126.09,34.418],[126.089,34.418],[126.089,34.419],[126.089,34.419],[126.091,34.422],[126.093,34.423],[126.095,34.423],[126.096,34.423],[126.097,34.422],[126.097,34.422],[126.098,34.422],[126.098,34.422],[126.098,34.423],[126.093,34.426],[126.093,34.426],[126.093,34.426],[126.093,34.426],[126.093,34.428],[126.097,34.431],[126.099,34.43],[126.099,34.43],[126.099,34.43],[126.099,34.43],[126.1,34.43],[126.1,34.431],[126.101,34.431],[126.101,34.431],[126.1,34.432],[126.099,34.433],[126.097,34.434],[126.097,34.434],[126.097,34.433],[126.097,34.434],[126.096,34.434],[126.096,34.434],[126.096,34.434],[126.096,34.436],[126.096,34.436],[126.098,34.437],[126.098,34.437],[126.099,34.437],[126.105,34.443],[126.118,34.449],[126.121,34.447],[126.121,34.446],[126.121,34.446],[126.121,34.445],[126.123,34.444],[126.128,34.444],[126.125,34.447],[126.125,34.447],[126.119,34.454],[126.116,34.458],[126.117,34.459],[126.117,34.46],[126.117,34.46],[126.117,34.46],[126.118,34.459],[126.119,34.46],[126.121,34.461],[126.124,34.463],[126.127,34.466],[126.13,34.466],[126.132,34.466],[126.133,34.465],[126.133,34.465],[126.134,34.466],[126.14,34.469],[126.143,34.471],[126.144,34.473],[126.144,34.474],[126.149,34.478],[126.15,34.478],[126.15,34.478],[126.159,34.482],[126.162,34.483],[126.163,34.483],[126.163,34.483],[126.163,34.483],[126.163,34.483],[126.163,34.483],[126.163,34.483],[126.164,34.483],[126.172,34.485],[126.172,34.485],[126.176,34.492],[126.175,34.492],[126.175,34.493],[126.185,34.509],[126.192,34.514],[126.192,34.514],[126.192,34.514],[126.193,34.514],[126.194,34.512],[126.195,34.511],[126.194,34.511],[126.193,34.511],[126.192,34.511],[126.19,34.505],[126.19,34.5],[126.188,34.5],[126.188,34.496],[126.188,34.496],[126.203,34.496],[126.204,34.496],[126.206,34.497],[126.208,34.501],[126.208,34.502],[126.202,34.506],[126.2,34.505],[126.198,34.508],[126.198,34.508],[126.198,34.508],[126.198,34.509],[126.198,34.509],[126.198,34.51],[126.199,34.511],[126.2,34.511],[126.2,34.511],[126.2,34.511],[126.2,34.511],[126.201,34.511],[126.202,34.513],[126.208,34.514],[126.208,34.514],[126.208,34.514],[126.209,34.515],[126.209,34.515],[126.209,34.515],[126.22,34.516],[126.222,34.516],[126.222,34.516],[126.223,34.516],[126.224,34.517],[126.224,34.518],[126.224,34.519],[126.222,34.521],[126.221,34.521],[126.22,34.521],[126.219,34.521],[126.218,34.521],[126.213,34.524],[126.212,34.526],[126.212,34.527],[126.212,34.527],[126.214,34.527],[126.222,34.53],[126.224,34.53],[126.225,34.531],[126.225,34.537],[126.225,34.541],[126.226,34.541],[126.226,34.541],[126.227,34.541],[126.227,34.54],[126.227,34.538],[126.227,34.536],[126.228,34.536],[126.236,34.537],[126.238,34.541],[126.251,34.561],[126.251,34.563],[126.251,34.564],[126.248,34.565],[126.245,34.569],[126.244,34.569],[126.243,34.569],[126.243,34.569],[126.242,34.568],[126.242,34.567],[126.241,34.566],[126.24,34.565],[126.24,34.566],[126.24,34.566],[126.24,34.567],[126.241,34.574],[126.24,34.575],[126.24,34.576],[126.244,34.58],[126.245,34.58],[126.245,34.581],[126.245,34.581],[126.244,34.583],[126.243,34.583],[126.243,34.583],[126.238,34.582],[126.238,34.582],[126.238,34.584],[126.238,34.584],[126.241,34.587],[126.25,34.589],[126.251,34.588],[126.25,34.586],[126.25,34.586],[126.25,34.586],[126.25,34.585],[126.252,34.584],[126.252,34.584]]],[[[126.058,34.628],[126.069,34.628],[126.075,34.625],[126.076,34.624],[126.079,34.621],[126.083,34.615],[126.083,34.615],[126.083,34.614],[126.083,34.613],[126.088,34.608],[126.093,34.606],[126.095,34.607],[126.095,34.607],[126.095,34.607],[126.095,34.608],[126.095,34.608],[126.096,34.608],[126.103,34.606],[126.103,34.606],[126.103,34.605],[126.099,34.601],[126.099,34.601],[126.099,34.601],[126.099,34.597],[126.099,34.596],[126.099,34.596],[126.1,34.596],[126.103,34.594],[126.103,34.594],[126.103,34.594],[126.103,34.593],[126.103,34.593],[126.103,34.593],[126.103,34.592],[126.103,34.592],[126.104,34.592],[126.104,34.592],[126.104,34.592],[126.104,34.592],[126.108,34.59],[126.108,34.59],[126.108,34.59],[126.111,34.589],[126.111,34.587],[126.11,34.586],[126.11,34.586],[126.109,34.585],[126.106,34.584],[126.105,34.585],[126.105,34.585],[126.105,34.585],[126.105,34.585],[126.105,34.585],[126.105,34.585],[126.105,34.585],[126.103,34.583],[126.103,34.583],[126.102,34.583],[126.102,34.583],[126.102,34.583],[126.102,34.582],[126.102,34.582],[126.102,34.582],[126.102,34.582],[126.102,34.582],[126.102,34.582],[126.102,34.581],[126.102,34.581],[126.103,34.581],[126.103,34.581],[126.103,34.581],[126.103,34.581],[126.104,34.581],[126.104,34.581],[126.104,34.581],[126.105,34.58],[126.105,34.58],[126.105,34.58],[126.105,34.58],[126.105,34.58],[126.105,34.579],[126.105,34.579],[126.105,34.579],[126.105,34.579],[126.105,34.579],[126.104,34.579],[126.104,34.579],[126.104,34.579],[126.104,34.579],[126.103,34.579],[126.103,34.579],[126.103,34.579],[126.103,34.579],[126.103,34.58],[126.103,34.58],[126.103,34.58],[126.1,34.581],[126.1,34.581],[126.1,34.581],[126.1,34.581],[126.099,34.58],[126.099,34.58],[126.099,34.578],[126.099,34.578],[126.099,34.578],[126.099,34.578],[126.099,34.578],[126.1,34.578],[126.1,34.578],[126.1,34.578],[126.1,34.578],[126.1,34.578],[126.102,34.577],[126.102,34.574],[126.098,34.574],[126.098,34.574],[126.098,34.574],[126.098,34.574],[126.096,34.574],[126.096,34.574],[126.096,34.574],[126.096,34.574],[126.092,34.569],[126.092,34.569],[126.092,34.569],[126.093,34.569],[126.094,34.569],[126.094,34.569],[126.094,34.569],[126.094,34.569],[126.094,34.569],[126.098,34.566],[126.098,34.566],[126.098,34.566],[126.099,34.564],[126.099,34.563],[126.1,34.561],[126.1,34.561],[126.1,34.561],[126.1,34.561],[126.1,34.561],[126.1,34.561],[126.1,34.561],[126.1,34.561],[126.099,34.561],[126.099,34.561],[126.099,34.561],[126.099,34.561],[126.099,34.561],[126.099,34.561],[126.099,34.561],[126.099,34.561],[126.101,34.558],[126.102,34.558],[126.102,34.558],[126.102,34.558],[126.102,34.558],[126.102,34.557],[126.102,34.557],[126.102,34.557],[126.102,34.555],[126.101,34.553],[126.099,34.552],[126.099,34.552],[126.099,34.552],[126.1,34.554],[126.099,34.555],[126.099,34.555],[126.099,34.555],[126.099,34.555],[126.098,34.555],[126.098,34.555],[126.09,34.556],[126.09,34.556],[126.09,34.556],[126.09,34.556],[126.084,34.556],[126.084,34.556],[126.083,34.556],[126.083,34.556],[126.082,34.555],[126.082,34.555],[126.083,34.553],[126.083,34.553],[126.083,34.553],[126.084,34.553],[126.084,34.553],[126.084,34.553],[126.084,34.553],[126.085,34.553],[126.085,34.553],[126.085,34.553],[126.085,34.552],[126.085,34.552],[126.086,34.552],[126.086,34.546],[126.086,34.546],[126.082,34.544],[126.074,34.539],[126.066,34.537],[126.066,34.537],[126.066,34.538],[126.066,34.538],[126.065,34.538],[126.065,34.538],[126.065,34.538],[126.065,34.538],[126.065,34.538],[126.064,34.54],[126.064,34.54],[126.063,34.54],[126.063,34.54],[126.063,34.54],[126.063,34.54],[126.063,34.54],[126.062,34.54],[126.061,34.539],[126.061,34.539],[126.061,34.539],[126.062,34.537],[126.063,34.535],[126.063,34.535],[126.063,34.535],[126.063,34.535],[126.061,34.533],[126.056,34.53],[126.054,34.531],[126.054,34.531],[126.053,34.531],[126.053,34.531],[126.044,34.531],[126.043,34.531],[126.042,34.531],[126.041,34.531],[126.041,34.533],[126.041,34.533],[126.041,34.533],[126.041,34.534],[126.041,34.534],[126.041,34.534],[126.041,34.534],[126.04,34.534],[126.04,34.534],[126.032,34.533],[126.031,34.531],[126.031,34.531],[126.031,34.531],[126.028,34.543],[126.028,34.543],[126.03,34.544],[126.03,34.544],[126.033,34.543],[126.037,34.54],[126.043,34.538],[126.048,34.54],[126.048,34.54],[126.048,34.541],[126.048,34.541],[126.048,34.541],[126.048,34.542],[126.048,34.542],[126.048,34.542],[126.047,34.542],[126.045,34.543],[126.046,34.546],[126.046,34.546],[126.046,34.546],[126.046,34.546],[126.046,34.546],[126.046,34.546],[126.048,34.547],[126.048,34.546],[126.053,34.549],[126.054,34.548],[126.06,34.548],[126.06,34.548],[126.06,34.548],[126.06,34.548],[126.061,34.548],[126.061,34.548],[126.061,34.549],[126.06,34.55],[126.057,34.552],[126.057,34.552],[126.057,34.552],[126.057,34.552],[126.057,34.552],[126.057,34.553],[126.058,34.553],[126.058,34.553],[126.06,34.553],[126.06,34.553],[126.06,34.555],[126.054,34.557],[126.053,34.557],[126.052,34.556],[126.051,34.556],[126.051,34.556],[126.051,34.556],[126.052,34.555],[126.051,34.555],[126.051,34.555],[126.051,34.555],[126.048,34.555],[126.044,34.556],[126.042,34.558],[126.042,34.558],[126.042,34.558],[126.039,34.558],[126.038,34.558],[126.038,34.558],[126.038,34.558],[126.038,34.558],[126.038,34.558],[126.035,34.552],[126.035,34.552],[126.034,34.552],[126.034,34.552],[126.028,34.553],[126.027,34.553],[126.027,34.553],[126.026,34.554],[126.026,34.554],[126.026,34.555],[126.027,34.556],[126.033,34.56],[126.037,34.565],[126.039,34.565],[126.048,34.565],[126.056,34.562],[126.056,34.562],[126.056,34.562],[126.056,34.562],[126.056,34.562],[126.057,34.562],[126.057,34.562],[126.057,34.562],[126.057,34.562],[126.058,34.562],[126.058,34.561],[126.058,34.561],[126.061,34.561],[126.061,34.561],[126.061,34.561],[126.061,34.561],[126.061,34.561],[126.061,34.561],[126.061,34.561],[126.061,34.561],[126.062,34.561],[126.062,34.561],[126.062,34.561],[126.063,34.56],[126.063,34.56],[126.063,34.56],[126.063,34.56],[126.063,34.56],[126.063,34.56],[126.063,34.559],[126.063,34.559],[126.063,34.559],[126.063,34.559],[126.063,34.559],[126.063,34.559],[126.063,34.559],[126.063,34.559],[126.063,34.559],[126.063,34.559],[126.063,34.559],[126.064,34.559],[126.064,34.559],[126.064,34.559],[126.07,34.568],[126.071,34.571],[126.071,34.571],[126.071,34.571],[126.071,34.571],[126.071,34.571],[126.071,34.572],[126.071,34.572],[126.071,34.572],[126.071,34.572],[126.071,34.572],[126.071,34.572],[126.071,34.572],[126.071,34.573],[126.072,34.573],[126.072,34.573],[126.072,34.573],[126.072,34.573],[126.072,34.573],[126.073,34.573],[126.075,34.573],[126.076,34.573],[126.08,34.577],[126.081,34.58],[126.081,34.581],[126.081,34.581],[126.082,34.581],[126.083,34.581],[126.084,34.581],[126.084,34.581],[126.084,34.58],[126.084,34.58],[126.084,34.58],[126.085,34.58],[126.085,34.58],[126.085,34.58],[126.085,34.58],[126.087,34.585],[126.085,34.585],[126.084,34.585],[126.084,34.584],[126.083,34.584],[126.075,34.584],[126.075,34.584],[126.074,34.585],[126.068,34.597],[126.069,34.597],[126.068,34.603],[126.065,34.608],[126.065,34.608],[126.053,34.61],[126.047,34.61],[126.05,34.62],[126.049,34.627],[126.049,34.627],[126.049,34.627],[126.049,34.627],[126.049,34.627],[126.049,34.627],[126.049,34.627],[126.049,34.627],[126.049,34.628],[126.049,34.628],[126.049,34.628],[126.05,34.628],[126.05,34.628],[126.05,34.628],[126.05,34.628],[126.05,34.628],[126.05,34.629],[126.05,34.629],[126.051,34.629],[126.051,34.629],[126.051,34.63],[126.051,34.63],[126.051,34.63],[126.051,34.63],[126.051,34.63],[126.052,34.63],[126.052,34.63],[126.052,34.63],[126.052,34.63],[126.052,34.63],[126.053,34.63],[126.053,34.63],[126.053,34.63],[126.053,34.63],[126.053,34.63],[126.053,34.63],[126.053,34.63],[126.053,34.63],[126.053,34.63],[126.053,34.63],[126.054,34.63],[126.056,34.63],[126.058,34.629],[126.058,34.628]]],[[[126.017,34.635],[126.018,34.635],[126.03,34.635],[126.039,34.63],[126.04,34.63],[126.04,34.626],[126.036,34.617],[126.033,34.611],[126.045,34.603],[126.046,34.602],[126.049,34.602],[126.053,34.603],[126.054,34.604],[126.054,34.604],[126.054,34.604],[126.054,34.604],[126.054,34.605],[126.054,34.605],[126.054,34.605],[126.055,34.605],[126.055,34.605],[126.055,34.605],[126.055,34.605],[126.055,34.605],[126.055,34.604],[126.055,34.604],[126.055,34.604],[126.056,34.603],[126.056,34.602],[126.056,34.602],[126.056,34.602],[126.057,34.598],[126.058,34.597],[126.059,34.596],[126.06,34.595],[126.06,34.595],[126.06,34.595],[126.06,34.595],[126.061,34.592],[126.061,34.592],[126.061,34.592],[126.061,34.592],[126.062,34.589],[126.062,34.589],[126.062,34.588],[126.062,34.588],[126.062,34.588],[126.062,34.588],[126.062,34.588],[126.061,34.588],[126.061,34.587],[126.061,34.587],[126.061,34.587],[126.061,34.587],[126.061,34.587],[126.061,34.586],[126.061,34.586],[126.061,34.586],[126.062,34.585],[126.062,34.585],[126.064,34.581],[126.062,34.576],[126.056,34.568],[126.055,34.568],[126.053,34.568],[126.052,34.569],[126.053,34.57],[126.053,34.57],[126.053,34.571],[126.05,34.571],[126.05,34.571],[126.045,34.57],[126.045,34.57],[126.045,34.57],[126.045,34.569],[126.045,34.569],[126.042,34.568],[126.042,34.568],[126.041,34.568],[126.041,34.568],[126.041,34.569],[126.041,34.569],[126.042,34.569],[126.042,34.57],[126.042,34.571],[126.041,34.571],[126.041,34.572],[126.04,34.572],[126.034,34.572],[126.029,34.566],[126.029,34.565],[126.029,34.565],[126.027,34.564],[126.02,34.564],[126.019,34.564],[126.019,34.564],[126.019,34.565],[126.018,34.572],[126.018,34.572],[126.018,34.572],[126.019,34.572],[126.019,34.572],[126.022,34.574],[126.022,34.574],[126.022,34.574],[126.022,34.574],[126.022,34.575],[126.018,34.576],[126.017,34.583],[126.016,34.584],[126.016,34.584],[126.016,34.583],[126.016,34.583],[126.015,34.583],[126.015,34.583],[126.015,34.583],[126.015,34.584],[126.015,34.584],[126.015,34.584],[126.015,34.584],[126.015,34.584],[126.015,34.587],[126.015,34.587],[126.015,34.587],[126.015,34.587],[126.016,34.587],[126.016,34.587],[126.016,34.587],[126.019,34.591],[126.019,34.589],[126.019,34.589],[126.019,34.589],[126.019,34.589],[126.019,34.588],[126.02,34.588],[126.02,34.588],[126.024,34.589],[126.024,34.589],[126.024,34.59],[126.024,34.59],[126.026,34.591],[126.026,34.591],[126.027,34.592],[126.027,34.592],[126.027,34.592],[126.027,34.592],[126.027,34.592],[126.027,34.592],[126.027,34.593],[126.026,34.595],[126.026,34.595],[126.026,34.595],[126.026,34.595],[126.021,34.598],[126.021,34.599],[126.02,34.6],[126.02,34.6],[126.019,34.6],[126.019,34.6],[126.019,34.601],[126.019,34.6],[126.018,34.6],[126.016,34.599],[126.013,34.596],[126.013,34.596],[126.012,34.596],[126.012,34.596],[126.011,34.596],[126.011,34.596],[126.011,34.597],[126.011,34.597],[126.011,34.597],[126.012,34.598],[126.012,34.598],[126.013,34.598],[126.013,34.599],[126.015,34.602],[126.012,34.605],[126.012,34.605],[126.012,34.604],[126.012,34.604],[126.012,34.604],[126.011,34.606],[126.011,34.607],[126.011,34.608],[126.013,34.61],[126.014,34.612],[126.017,34.618],[126.017,34.619],[126.014,34.621],[126.014,34.621],[126.013,34.621],[126.013,34.621],[126.012,34.624],[126.013,34.625],[126.013,34.626],[126.013,34.627],[126.012,34.628],[126.012,34.628],[126.012,34.628],[126.011,34.628],[126.011,34.628],[126.011,34.628],[126.01,34.628],[126.01,34.628],[126.011,34.633],[126.011,34.633],[126.012,34.632],[126.012,34.632],[126.013,34.632],[126.013,34.632],[126.014,34.633],[126.014,34.634],[126.014,34.634],[126.014,34.634],[126.013,34.634],[126.013,34.634],[126.013,34.634],[126.013,34.634],[126.013,34.634],[126.013,34.634],[126.013,34.634],[126.013,34.634],[126.013,34.634],[126.014,34.635],[126.015,34.635],[126.015,34.635],[126.016,34.635],[126.016,34.635],[126.016,34.635],[126.016,34.635],[126.016,34.635],[126.016,34.635],[126.016,34.635],[126.016,34.635],[126.016,34.635],[126.016,34.635],[126.016,34.635],[126.017,34.635],[126.017,34.635],[126.017,34.635],[126.017,34.635],[126.017,34.635],[126.017,34.635]]],[[[127.306,34.667],[127.305,34.669],[127.304,34.672],[127.306,34.667]]],[[[126.16,34.669],[126.16,34.669],[126.163,34.667],[126.171,34.663],[126.172,34.663],[126.174,34.664],[126.175,34.664],[126.175,34.664],[126.177,34.662],[126.177,34.661],[126.177,34.66],[126.177,34.66],[126.177,34.659],[126.177,34.659],[126.177,34.659],[126.176,34.659],[126.176,34.659],[126.175,34.659],[126.175,34.659],[126.175,34.659],[126.174,34.656],[126.174,34.656],[126.174,34.656],[126.174,34.656],[126.177,34.656],[126.179,34.656],[126.18,34.656],[126.18,34.656],[126.18,34.656],[126.18,34.656],[126.18,34.656],[126.18,34.656],[126.18,34.656],[126.18,34.656],[126.18,34.656],[126.18,34.656],[126.18,34.656],[126.18,34.656],[126.18,34.656],[126.18,34.657],[126.18,34.657],[126.18,34.657],[126.18,34.657],[126.18,34.657],[126.18,34.657],[126.18,34.657],[126.18,34.657],[126.181,34.658],[126.181,34.658],[126.181,34.658],[126.181,34.658],[126.182,34.658],[126.182,34.658],[126.183,34.656],[126.183,34.656],[126.182,34.655],[126.182,34.655],[126.182,34.655],[126.182,34.654],[126.185,34.652],[126.185,34.652],[126.186,34.652],[126.186,34.652],[126.186,34.652],[126.187,34.652],[126.187,34.652],[126.187,34.652],[126.187,34.652],[126.187,34.652],[126.188,34.651],[126.188,34.65],[126.185,34.646],[126.184,34.645],[126.183,34.645],[126.183,34.645],[126.183,34.644],[126.183,34.644],[126.183,34.644],[126.184,34.643],[126.184,34.642],[126.184,34.642],[126.184,34.642],[126.185,34.643],[126.187,34.642],[126.187,34.642],[126.188,34.642],[126.188,34.641],[126.188,34.641],[126.188,34.641],[126.187,34.641],[126.187,34.641],[126.186,34.641],[126.186,34.641],[126.185,34.64],[126.184,34.64],[126.184,34.64],[126.184,34.639],[126.184,34.639],[126.185,34.639],[126.185,34.638],[126.186,34.638],[126.186,34.638],[126.186,34.638],[126.192,34.639],[126.192,34.64],[126.192,34.64],[126.192,34.64],[126.2,34.642],[126.2,34.642],[126.2,34.642],[126.201,34.642],[126.201,34.641],[126.202,34.639],[126.197,34.634],[126.19,34.633],[126.187,34.631],[126.183,34.631],[126.181,34.63],[126.18,34.63],[126.179,34.628],[126.179,34.627],[126.18,34.627],[126.179,34.625],[126.17,34.622],[126.167,34.625],[126.168,34.627],[126.163,34.628],[126.161,34.628],[126.157,34.627],[126.154,34.625],[126.153,34.624],[126.151,34.622],[126.152,34.62],[126.152,34.62],[126.151,34.62],[126.151,34.62],[126.151,34.621],[126.146,34.62],[126.146,34.62],[126.144,34.62],[126.135,34.617],[126.135,34.617],[126.135,34.616],[126.135,34.616],[126.13,34.613],[126.13,34.613],[126.13,34.613],[126.126,34.614],[126.122,34.616],[126.122,34.616],[126.122,34.616],[126.122,34.617],[126.123,34.617],[126.124,34.617],[126.129,34.621],[126.129,34.621],[126.123,34.626],[126.123,34.626],[126.123,34.626],[126.123,34.626],[126.123,34.626],[126.123,34.626],[126.122,34.629],[126.122,34.629],[126.131,34.638],[126.131,34.638],[126.131,34.638],[126.131,34.638],[126.131,34.639],[126.131,34.639],[126.132,34.639],[126.132,34.639],[126.132,34.639],[126.132,34.64],[126.132,34.642],[126.124,34.646],[126.124,34.646],[126.122,34.645],[126.122,34.645],[126.122,34.644],[126.122,34.642],[126.122,34.642],[126.118,34.643],[126.117,34.643],[126.117,34.643],[126.114,34.646],[126.113,34.646],[126.112,34.646],[126.112,34.646],[126.112,34.646],[126.112,34.646],[126.112,34.646],[126.112,34.645],[126.112,34.645],[126.112,34.645],[126.112,34.645],[126.112,34.645],[126.111,34.645],[126.111,34.645],[126.111,34.645],[126.111,34.645],[126.111,34.645],[126.111,34.645],[126.111,34.645],[126.111,34.645],[126.11,34.645],[126.109,34.646],[126.109,34.648],[126.11,34.649],[126.11,34.649],[126.11,34.649],[126.11,34.649],[126.11,34.649],[126.111,34.649],[126.111,34.649],[126.111,34.649],[126.111,34.648],[126.111,34.648],[126.112,34.648],[126.112,34.648],[126.112,34.648],[126.112,34.648],[126.112,34.647],[126.112,34.647],[126.112,34.647],[126.112,34.647],[126.112,34.647],[126.112,34.646],[126.112,34.646],[126.112,34.646],[126.114,34.646],[126.114,34.646],[126.115,34.647],[126.115,34.648],[126.115,34.649],[126.115,34.65],[126.115,34.651],[126.115,34.651],[126.115,34.651],[126.115,34.652],[126.117,34.653],[126.118,34.653],[126.119,34.654],[126.12,34.654],[126.12,34.653],[126.12,34.653],[126.12,34.653],[126.12,34.653],[126.121,34.652],[126.123,34.652],[126.127,34.652],[126.128,34.652],[126.128,34.652],[126.13,34.659],[126.13,34.659],[126.13,34.659],[126.13,34.659],[126.13,34.659],[126.13,34.659],[126.13,34.659],[126.13,34.659],[126.13,34.659],[126.13,34.66],[126.13,34.66],[126.131,34.66],[126.131,34.66],[126.131,34.66],[126.131,34.66],[126.131,34.66],[126.131,34.66],[126.131,34.66],[126.132,34.66],[126.132,34.659],[126.133,34.659],[126.132,34.659],[126.132,34.659],[126.132,34.659],[126.132,34.659],[126.132,34.658],[126.132,34.658],[126.132,34.658],[126.132,34.658],[126.132,34.658],[126.132,34.658],[126.132,34.658],[126.132,34.658],[126.132,34.658],[126.132,34.658],[126.132,34.658],[126.132,34.658],[126.133,34.658],[126.133,34.658],[126.133,34.658],[126.133,34.658],[126.133,34.658],[126.133,34.658],[126.133,34.658],[126.134,34.658],[126.134,34.658],[126.135,34.66],[126.136,34.66],[126.136,34.661],[126.138,34.662],[126.141,34.664],[126.141,34.664],[126.141,34.664],[126.141,34.664],[126.141,34.664],[126.141,34.664],[126.141,34.664],[126.143,34.666],[126.143,34.666],[126.15,34.672],[126.153,34.673],[126.159,34.669],[126.16,34.669]]],[[[126.143,34.699],[126.142,34.699],[126.145,34.697],[126.147,34.693],[126.145,34.689],[126.145,34.689],[126.145,34.689],[126.145,34.689],[126.145,34.689],[126.145,34.689],[126.145,34.688],[126.145,34.688],[126.145,34.688],[126.145,34.687],[126.145,34.687],[126.144,34.687],[126.144,34.687],[126.143,34.687],[126.143,34.687],[126.143,34.687],[126.143,34.687],[126.143,34.687],[126.137,34.691],[126.137,34.691],[126.137,34.691],[126.137,34.694],[126.138,34.696],[126.139,34.697],[126.14,34.698],[126.141,34.698],[126.141,34.698],[126.142,34.698],[126.143,34.699]]],[[[126.143,34.699],[126.144,34.7],[126.143,34.699]]],[[[125.425,34.697],[125.426,34.697],[125.426,34.698],[125.432,34.696],[125.432,34.696],[125.43,34.692],[125.427,34.69],[125.429,34.686],[125.429,34.685],[125.43,34.685],[125.43,34.685],[125.431,34.685],[125.445,34.685],[125.443,34.689],[125.444,34.691],[125.445,34.694],[125.444,34.694],[125.444,34.695],[125.444,34.695],[125.444,34.695],[125.446,34.692],[125.446,34.692],[125.446,34.692],[125.446,34.692],[125.446,34.692],[125.446,34.692],[125.446,34.692],[125.446,34.692],[125.447,34.693],[125.447,34.693],[125.447,34.693],[125.447,34.693],[125.447,34.693],[125.447,34.692],[125.447,34.692],[125.447,34.692],[125.447,34.692],[125.448,34.692],[125.448,34.692],[125.448,34.692],[125.448,34.692],[125.448,34.692],[125.448,34.692],[125.448,34.692],[125.448,34.692],[125.447,34.692],[125.447,34.691],[125.447,34.691],[125.447,34.691],[125.447,34.691],[125.447,34.691],[125.448,34.691],[125.448,34.691],[125.448,34.691],[125.448,34.691],[125.448,34.691],[125.448,34.691],[125.448,34.691],[125.448,34.691],[125.449,34.691],[125.449,34.691],[125.449,34.691],[125.449,34.691],[125.449,34.691],[125.449,34.691],[125.449,34.691],[125.449,34.691],[125.449,34.691],[125.449,34.691],[125.449,34.691],[125.449,34.691],[125.449,34.691],[125.449,34.691],[125.449,34.691],[125.449,34.691],[125.449,34.691],[125.449,34.691],[125.449,34.691],[125.449,34.691],[125.449,34.691],[125.45,34.691],[125.45,34.691],[125.45,34.691],[125.45,34.691],[125.45,34.691],[125.45,34.691],[125.45,34.691],[125.45,34.691],[125.45,34.691],[125.45,34.691],[125.45,34.691],[125.45,34.691],[125.45,34.69],[125.45,34.69],[125.45,34.69],[125.45,34.69],[125.45,34.69],[125.45,34.69],[125.45,34.69],[125.45,34.69],[125.45,34.69],[125.45,34.69],[125.45,34.69],[125.451,34.69],[125.451,34.69],[125.451,34.69],[125.451,34.69],[125.451,34.69],[125.451,34.69],[125.451,34.69],[125.451,34.69],[125.451,34.69],[125.451,34.69],[125.451,34.69],[125.451,34.69],[125.451,34.69],[125.451,34.689],[125.451,34.689],[125.451,34.689],[125.451,34.689],[125.451,34.689],[125.451,34.689],[125.451,34.689],[125.451,34.689],[125.451,34.69],[125.451,34.69],[125.451,34.69],[125.451,34.69],[125.451,34.69],[125.451,34.69],[125.451,34.69],[125.451,34.689],[125.451,34.689],[125.451,34.689],[125.451,34.689],[125.452,34.69],[125.452,34.69],[125.452,34.69],[125.452,34.69],[125.452,34.69],[125.452,34.69],[125.452,34.69],[125.453,34.69],[125.453,34.69],[125.453,34.69],[125.453,34.69],[125.453,34.69],[125.453,34.69],[125.453,34.69],[125.453,34.69],[125.453,34.69],[125.453,34.69],[125.453,34.69],[125.453,34.69],[125.453,34.69],[125.453,34.69],[125.453,34.69],[125.453,34.69],[125.453,34.69],[125.453,34.69],[125.453,34.69],[125.453,34.69],[125.453,34.69],[125.453,34.69],[125.453,34.691],[125.453,34.691],[125.453,34.691],[125.453,34.691],[125.453,34.691],[125.454,34.69],[125.454,34.69],[125.454,34.69],[125.454,34.69],[125.454,34.69],[125.454,34.69],[125.454,34.69],[125.454,34.69],[125.454,34.69],[125.454,34.69],[125.454,34.69],[125.454,34.69],[125.454,34.69],[125.454,34.69],[125.454,34.69],[125.454,34.69],[125.454,34.69],[125.454,34.69],[125.454,34.691],[125.454,34.691],[125.454,34.691],[125.454,34.691],[125.454,34.691],[125.454,34.691],[125.454,34.691],[125.454,34.691],[125.454,34.691],[125.454,34.691],[125.454,34.691],[125.454,34.691],[125.454,34.691],[125.454,34.691],[125.454,34.691],[125.454,34.691],[125.454,34.691],[125.454,34.691],[125.454,34.691],[125.454,34.691],[125.454,34.691],[125.454,34.691],[125.454,34.691],[125.454,34.691],[125.454,34.691],[125.454,34.691],[125.454,34.692],[125.454,34.692],[125.454,34.692],[125.454,34.692],[125.454,34.692],[125.453,34.694],[125.453,34.694],[125.453,34.694],[125.453,34.694],[125.453,34.694],[125.453,34.694],[125.453,34.694],[125.453,34.694],[125.453,34.694],[125.453,34.694],[125.453,34.694],[125.453,34.694],[125.453,34.694],[125.453,34.694],[125.453,34.694],[125.453,34.694],[125.453,34.694],[125.454,34.695],[125.454,34.695],[125.454,34.695],[125.454,34.695],[125.454,34.695],[125.454,34.695],[125.454,34.695],[125.454,34.695],[125.454,34.695],[125.454,34.695],[125.454,34.695],[125.454,34.695],[125.454,34.695],[125.454,34.695],[125.454,34.695],[125.454,34.695],[125.454,34.695],[125.454,34.695],[125.454,34.695],[125.454,34.695],[125.454,34.695],[125.455,34.695],[125.455,34.695],[125.455,34.695],[125.455,34.695],[125.455,34.695],[125.455,34.695],[125.455,34.695],[125.455,34.695],[125.455,34.695],[125.455,34.695],[125.455,34.695],[125.455,34.695],[125.455,34.695],[125.455,34.695],[125.455,34.695],[125.455,34.695],[125.455,34.695],[125.455,34.695],[125.455,34.695],[125.455,34.694],[125.455,34.694],[125.455,34.694],[125.455,34.694],[125.456,34.694],[125.456,34.694],[125.456,34.693],[125.456,34.693],[125.456,34.693],[125.456,34.693],[125.456,34.693],[125.456,34.693],[125.456,34.693],[125.456,34.693],[125.456,34.693],[125.457,34.693],[125.457,34.693],[125.457,34.693],[125.457,34.693],[125.457,34.693],[125.457,34.693],[125.457,34.693],[125.457,34.693],[125.457,34.693],[125.457,34.693],[125.457,34.693],[125.457,34.693],[125.457,34.693],[125.457,34.693],[125.457,34.693],[125.457,34.693],[125.457,34.693],[125.457,34.693],[125.457,34.693],[125.457,34.693],[125.457,34.693],[125.459,34.693],[125.459,34.693],[125.459,34.693],[125.459,34.693],[125.459,34.693],[125.459,34.693],[125.459,34.693],[125.459,34.693],[125.459,34.693],[125.459,34.693],[125.46,34.693],[125.46,34.693],[125.46,34.693],[125.46,34.693],[125.46,34.693],[125.46,34.693],[125.46,34.693],[125.46,34.693],[125.46,34.693],[125.46,34.693],[125.46,34.693],[125.46,34.693],[125.46,34.693],[125.46,34.693],[125.46,34.693],[125.46,34.693],[125.46,34.693],[125.46,34.693],[125.46,34.694],[125.46,34.694],[125.46,34.694],[125.46,34.694],[125.46,34.694],[125.46,34.694],[125.46,34.694],[125.46,34.694],[125.46,34.694],[125.46,34.694],[125.46,34.694],[125.46,34.694],[125.46,34.694],[125.46,34.694],[125.46,34.694],[125.461,34.693],[125.461,34.693],[125.461,34.693],[125.461,34.693],[125.461,34.693],[125.461,34.693],[125.461,34.693],[125.461,34.693],[125.461,34.693],[125.461,34.693],[125.461,34.693],[125.461,34.693],[125.461,34.693],[125.461,34.693],[125.461,34.693],[125.463,34.692],[125.464,34.687],[125.463,34.687],[125.461,34.687],[125.461,34.687],[125.461,34.687],[125.461,34.687],[125.461,34.687],[125.46,34.687],[125.46,34.687],[125.46,34.687],[125.46,34.687],[125.46,34.687],[125.46,34.687],[125.46,34.687],[125.46,34.687],[125.46,34.687],[125.46,34.687],[125.46,34.687],[125.46,34.687],[125.46,34.686],[125.46,34.686],[125.46,34.686],[125.46,34.686],[125.46,34.686],[125.46,34.686],[125.46,34.685],[125.461,34.685],[125.461,34.685],[125.461,34.685],[125.461,34.685],[125.461,34.685],[125.461,34.685],[125.461,34.685],[125.461,34.685],[125.461,34.685],[125.461,34.685],[125.461,34.685],[125.461,34.685],[125.461,34.685],[125.461,34.685],[125.461,34.685],[125.461,34.685],[125.461,34.685],[125.46,34.685],[125.46,34.685],[125.46,34.685],[125.46,34.685],[125.46,34.685],[125.46,34.685],[125.46,34.685],[125.46,34.685],[125.46,34.685],[125.46,34.685],[125.46,34.685],[125.46,34.685],[125.46,34.685],[125.46,34.685],[125.46,34.685],[125.46,34.685],[125.46,34.685],[125.46,34.685],[125.46,34.685],[125.46,34.685],[125.46,34.686],[125.46,34.686],[125.46,34.686],[125.46,34.686],[125.46,34.686],[125.46,34.686],[125.46,34.686],[125.46,34.685],[125.46,34.685],[125.46,34.685],[125.46,34.685],[125.46,34.685],[125.46,34.685],[125.46,34.685],[125.46,34.685],[125.46,34.685],[125.46,34.685],[125.46,34.685],[125.46,34.685],[125.46,34.685],[125.46,34.685],[125.46,34.685],[125.46,34.685],[125.46,34.685],[125.46,34.685],[125.46,34.685],[125.46,34.685],[125.46,34.685],[125.46,34.685],[125.46,34.685],[125.46,34.685],[125.46,34.685],[125.46,34.685],[125.46,34.685],[125.46,34.685],[125.46,34.685],[125.46,34.685],[125.46,34.685],[125.46,34.685],[125.46,34.685],[125.46,34.685],[125.46,34.685],[125.46,34.685],[125.46,34.685],[125.46,34.685],[125.46,34.685],[125.46,34.685],[125.46,34.685],[125.46,34.685],[125.46,34.685],[125.46,34.685],[125.46,34.685],[125.46,34.685],[125.46,34.685],[125.46,34.685],[125.46,34.685],[125.46,34.685],[125.46,34.685],[125.46,34.685],[125.46,34.684],[125.46,34.683],[125.46,34.683],[125.46,34.683],[125.46,34.683],[125.46,34.683],[125.46,34.683],[125.46,34.683],[125.46,34.683],[125.46,34.683],[125.46,34.683],[125.46,34.683],[125.46,34.683],[125.46,34.683],[125.46,34.683],[125.46,34.683],[125.46,34.683],[125.46,34.683],[125.46,34.683],[125.46,34.683],[125.46,34.683],[125.46,34.683],[125.46,34.683],[125.46,34.683],[125.46,34.683],[125.46,34.683],[125.46,34.683],[125.46,34.683],[125.46,34.683],[125.459,34.683],[125.459,34.683],[125.459,34.683],[125.459,34.683],[125.459,34.683],[125.459,34.683],[125.459,34.683],[125.459,34.683],[125.46,34.683],[125.46,34.683],[125.46,34.683],[125.459,34.682],[125.459,34.682],[125.459,34.682],[125.459,34.682],[125.458,34.682],[125.458,34.682],[125.458,34.682],[125.459,34.682],[125.459,34.682],[125.459,34.682],[125.459,34.682],[125.459,34.682],[125.459,34.681],[125.459,34.681],[125.459,34.681],[125.459,34.681],[125.459,34.681],[125.459,34.681],[125.459,34.681],[125.459,34.681],[125.459,34.681],[125.459,34.681],[125.459,34.681],[125.459,34.681],[125.459,34.681],[125.458,34.681],[125.458,34.681],[125.458,34.681],[125.458,34.681],[125.458,34.681],[125.458,34.681],[125.458,34.681],[125.458,34.681],[125.458,34.681],[125.458,34.681],[125.458,34.681],[125.458,34.681],[125.458,34.681],[125.458,34.681],[125.458,34.681],[125.458,34.681],[125.458,34.681],[125.458,34.681],[125.457,34.681],[125.457,34.681],[125.457,34.681],[125.457,34.682],[125.457,34.682],[125.457,34.682],[125.457,34.682],[125.457,34.682],[125.457,34.682],[125.457,34.682],[125.457,34.682],[125.457,34.682],[125.457,34.682],[125.457,34.682],[125.457,34.682],[125.457,34.682],[125.457,34.682],[125.457,34.682],[125.457,34.682],[125.457,34.682],[125.457,34.682],[125.457,34.682],[125.457,34.682],[125.457,34.682],[125.457,34.682],[125.457,34.682],[125.457,34.682],[125.457,34.682],[125.457,34.682],[125.457,34.682],[125.457,34.682],[125.457,34.682],[125.457,34.682],[125.457,34.682],[125.457,34.682],[125.457,34.682],[125.457,34.682],[125.457,34.682],[125.457,34.682],[125.457,34.682],[125.457,34.682],[125.457,34.682],[125.457,34.682],[125.457,34.682],[125.457,34.682],[125.457,34.682],[125.457,34.682],[125.457,34.682],[125.457,34.682],[125.457,34.682],[125.457,34.682],[125.457,34.682],[125.457,34.682],[125.457,34.682],[125.457,34.682],[125.457,34.682],[125.457,34.682],[125.457,34.682],[125.457,34.682],[125.457,34.682],[125.457,34.682],[125.457,34.682],[125.455,34.683],[125.455,34.683],[125.455,34.683],[125.455,34.683],[125.455,34.683],[125.455,34.683],[125.455,34.683],[125.455,34.683],[125.455,34.683],[125.455,34.683],[125.455,34.683],[125.455,34.683],[125.455,34.683],[125.455,34.683],[125.455,34.683],[125.456,34.684],[125.456,34.684],[125.456,34.684],[125.456,34.684],[125.456,34.684],[125.456,34.684],[125.456,34.684],[125.456,34.684],[125.456,34.684],[125.456,34.684],[125.456,34.684],[125.456,34.684],[125.456,34.684],[125.456,34.684],[125.456,34.684],[125.456,34.684],[125.456,34.684],[125.456,34.684],[125.456,34.684],[125.456,34.684],[125.456,34.684],[125.456,34.684],[125.456,34.684],[125.456,34.684],[125.456,34.684],[125.456,34.684],[125.456,34.685],[125.456,34.685],[125.456,34.685],[125.456,34.685],[125.456,34.685],[125.456,34.685],[125.456,34.685],[125.456,34.685],[125.456,34.685],[125.456,34.685],[125.456,34.685],[125.456,34.685],[125.456,34.685],[125.456,34.686],[125.455,34.686],[125.455,34.686],[125.455,34.686],[125.455,34.686],[125.455,34.686],[125.455,34.686],[125.455,34.686],[125.455,34.686],[125.455,34.686],[125.455,34.686],[125.454,34.686],[125.454,34.686],[125.454,34.686],[125.454,34.686],[125.454,34.686],[125.454,34.686],[125.454,34.686],[125.454,34.686],[125.454,34.686],[125.454,34.686],[125.454,34.686],[125.454,34.686],[125.454,34.686],[125.454,34.686],[125.454,34.686],[125.454,34.686],[125.454,34.686],[125.454,34.686],[125.454,34.686],[125.453,34.686],[125.453,34.686],[125.453,34.686],[125.453,34.686],[125.453,34.686],[125.453,34.686],[125.453,34.686],[125.453,34.686],[125.453,34.686],[125.453,34.686],[125.453,34.686],[125.453,34.685],[125.453,34.685],[125.453,34.685],[125.453,34.685],[125.453,34.685],[125.453,34.685],[125.453,34.685],[125.453,34.685],[125.453,34.685],[125.453,34.685],[125.452,34.685],[125.452,34.685],[125.452,34.685],[125.452,34.685],[125.452,34.685],[125.452,34.685],[125.452,34.685],[125.452,34.685],[125.452,34.685],[125.452,34.685],[125.452,34.685],[125.452,34.685],[125.452,34.685],[125.452,34.686],[125.452,34.686],[125.451,34.686],[125.452,34.686],[125.452,34.686],[125.452,34.686],[125.451,34.686],[125.451,34.685],[125.451,34.685],[125.451,34.685],[125.451,34.685],[125.451,34.685],[125.451,34.685],[125.451,34.685],[125.451,34.685],[125.451,34.685],[125.451,34.685],[125.451,34.685],[125.451,34.685],[125.451,34.685],[125.451,34.685],[125.451,34.685],[125.451,34.686],[125.45,34.685],[125.45,34.685],[125.45,34.685],[125.45,34.685],[125.45,34.685],[125.45,34.685],[125.45,34.685],[125.45,34.684],[125.45,34.684],[125.45,34.684],[125.45,34.684],[125.45,34.684],[125.45,34.684],[125.45,34.684],[125.45,34.684],[125.45,34.684],[125.45,34.684],[125.45,34.684],[125.45,34.684],[125.45,34.684],[125.45,34.684],[125.45,34.684],[125.45,34.684],[125.45,34.684],[125.45,34.684],[125.449,34.684],[125.449,34.684],[125.449,34.684],[125.449,34.684],[125.449,34.684],[125.449,34.684],[125.449,34.684],[125.449,34.684],[125.449,34.684],[125.449,34.684],[125.449,34.684],[125.449,34.684],[125.449,34.684],[125.449,34.684],[125.448,34.683],[125.449,34.683],[125.449,34.683],[125.449,34.683],[125.449,34.683],[125.449,34.683],[125.449,34.683],[125.449,34.683],[125.449,34.683],[125.449,34.683],[125.449,34.683],[125.449,34.683],[125.449,34.683],[125.449,34.683],[125.449,34.683],[125.449,34.683],[125.449,34.683],[125.449,34.683],[125.449,34.683],[125.449,34.683],[125.449,34.683],[125.449,34.683],[125.449,34.683],[125.449,34.683],[125.449,34.683],[125.449,34.683],[125.449,34.683],[125.449,34.683],[125.449,34.683],[125.449,34.683],[125.449,34.683],[125.449,34.683],[125.449,34.682],[125.449,34.682],[125.449,34.682],[125.449,34.682],[125.449,34.682],[125.449,34.682],[125.449,34.682],[125.449,34.682],[125.449,34.682],[125.449,34.682],[125.449,34.682],[125.448,34.682],[125.448,34.682],[125.448,34.682],[125.448,34.682],[125.448,34.682],[125.448,34.682],[125.448,34.682],[125.448,34.682],[125.447,34.682],[125.447,34.682],[125.447,34.682],[125.447,34.682],[125.446,34.682],[125.445,34.678],[125.445,34.678],[125.445,34.677],[125.445,34.677],[125.445,34.677],[125.444,34.672],[125.444,34.672],[125.444,34.672],[125.444,34.672],[125.443,34.67],[125.442,34.671],[125.442,34.671],[125.442,34.671],[125.441,34.672],[125.439,34.672],[125.439,34.671],[125.439,34.671],[125.441,34.67],[125.441,34.67],[125.441,34.67],[125.442,34.669],[125.442,34.669],[125.443,34.668],[125.443,34.667],[125.443,34.667],[125.443,34.667],[125.442,34.665],[125.436,34.665],[125.438,34.663],[125.438,34.662],[125.438,34.661],[125.434,34.659],[125.427,34.66],[125.426,34.661],[125.422,34.659],[125.422,34.659],[125.422,34.658],[125.422,34.658],[125.423,34.658],[125.424,34.651],[125.428,34.646],[125.428,34.646],[125.422,34.645],[125.419,34.645],[125.411,34.643],[125.409,34.638],[125.409,34.633],[125.412,34.625],[125.412,34.625],[125.412,34.625],[125.409,34.625],[125.405,34.626],[125.403,34.625],[125.401,34.625],[125.4,34.626],[125.401,34.627],[125.401,34.627],[125.399,34.63],[125.396,34.63],[125.396,34.63],[125.391,34.636],[125.385,34.643],[125.385,34.644],[125.386,34.644],[125.391,34.646],[125.393,34.647],[125.395,34.646],[125.398,34.646],[125.398,34.646],[125.399,34.648],[125.399,34.649],[125.399,34.649],[125.399,34.649],[125.399,34.649],[125.399,34.649],[125.398,34.649],[125.398,34.649],[125.398,34.649],[125.398,34.649],[125.398,34.649],[125.398,34.649],[125.398,34.649],[125.398,34.649],[125.398,34.649],[125.398,34.649],[125.398,34.649],[125.398,34.649],[125.398,34.649],[125.398,34.649],[125.398,34.649],[125.398,34.649],[125.398,34.649],[125.398,34.649],[125.398,34.649],[125.398,34.649],[125.398,34.649],[125.398,34.649],[125.398,34.649],[125.398,34.649],[125.398,34.649],[125.398,34.649],[125.398,34.65],[125.398,34.65],[125.398,34.65],[125.398,34.65],[125.398,34.65],[125.398,34.65],[125.398,34.65],[125.398,34.65],[125.397,34.65],[125.397,34.65],[125.397,34.65],[125.397,34.65],[125.397,34.65],[125.397,34.65],[125.397,34.65],[125.397,34.65],[125.397,34.651],[125.397,34.651],[125.397,34.651],[125.397,34.652],[125.397,34.652],[125.397,34.652],[125.397,34.652],[125.397,34.652],[125.397,34.652],[125.397,34.652],[125.397,34.652],[125.397,34.652],[125.397,34.652],[125.397,34.652],[125.397,34.652],[125.397,34.652],[125.397,34.652],[125.397,34.652],[125.397,34.652],[125.397,34.652],[125.397,34.652],[125.397,34.652],[125.397,34.653],[125.397,34.653],[125.397,34.653],[125.397,34.653],[125.397,34.653],[125.397,34.653],[125.397,34.653],[125.397,34.653],[125.397,34.653],[125.397,34.653],[125.397,34.653],[125.396,34.653],[125.396,34.653],[125.396,34.653],[125.396,34.653],[125.396,34.653],[125.396,34.653],[125.396,34.653],[125.395,34.651],[125.395,34.651],[125.395,34.65],[125.395,34.65],[125.395,34.65],[125.395,34.65],[125.395,34.65],[125.394,34.651],[125.394,34.651],[125.394,34.651],[125.394,34.651],[125.394,34.651],[125.394,34.651],[125.394,34.651],[125.394,34.651],[125.393,34.651],[125.393,34.651],[125.393,34.651],[125.393,34.651],[125.393,34.651],[125.393,34.651],[125.393,34.651],[125.393,34.651],[125.393,34.651],[125.393,34.651],[125.393,34.651],[125.393,34.651],[125.393,34.651],[125.393,34.651],[125.393,34.651],[125.393,34.651],[125.393,34.651],[125.393,34.651],[125.393,34.651],[125.393,34.651],[125.393,34.651],[125.392,34.651],[125.392,34.652],[125.392,34.651],[125.392,34.651],[125.392,34.651],[125.392,34.651],[125.392,34.651],[125.392,34.652],[125.392,34.652],[125.392,34.652],[125.392,34.652],[125.392,34.652],[125.392,34.652],[125.392,34.652],[125.392,34.652],[125.391,34.652],[125.391,34.652],[125.391,34.652],[125.391,34.652],[125.391,34.652],[125.391,34.652],[125.391,34.652],[125.391,34.652],[125.391,34.652],[125.391,34.652],[125.391,34.652],[125.391,34.652],[125.39,34.653],[125.389,34.653],[125.389,34.654],[125.389,34.654],[125.389,34.654],[125.389,34.654],[125.389,34.654],[125.389,34.654],[125.389,34.654],[125.389,34.653],[125.389,34.653],[125.389,34.653],[125.389,34.653],[125.388,34.654],[125.388,34.654],[125.388,34.654],[125.388,34.654],[125.388,34.654],[125.388,34.654],[125.388,34.654],[125.388,34.654],[125.388,34.654],[125.388,34.654],[125.388,34.654],[125.388,34.654],[125.388,34.654],[125.388,34.654],[125.388,34.654],[125.388,34.654],[125.388,34.654],[125.388,34.654],[125.388,34.654],[125.388,34.654],[125.388,34.654],[125.388,34.654],[125.388,34.654],[125.388,34.654],[125.388,34.654],[125.388,34.654],[125.388,34.654],[125.388,34.655],[125.388,34.655],[125.388,34.655],[125.388,34.655],[125.388,34.655],[125.387,34.656],[125.387,34.656],[125.387,34.656],[125.387,34.656],[125.387,34.656],[125.387,34.656],[125.387,34.656],[125.387,34.656],[125.387,34.656],[125.387,34.656],[125.387,34.656],[125.387,34.656],[125.387,34.656],[125.387,34.656],[125.387,34.656],[125.387,34.656],[125.387,34.656],[125.387,34.656],[125.387,34.656],[125.387,34.656],[125.387,34.656],[125.387,34.656],[125.387,34.656],[125.387,34.656],[125.387,34.656],[125.387,34.656],[125.387,34.656],[125.387,34.656],[125.387,34.656],[125.387,34.656],[125.387,34.656],[125.387,34.656],[125.387,34.656],[125.387,34.656],[125.388,34.656],[125.387,34.657],[125.387,34.657],[125.387,34.657],[125.387,34.657],[125.387,34.657],[125.387,34.657],[125.387,34.657],[125.387,34.657],[125.387,34.657],[125.387,34.657],[125.387,34.657],[125.387,34.657],[125.387,34.657],[125.387,34.657],[125.387,34.657],[125.387,34.657],[125.387,34.657],[125.387,34.657],[125.387,34.657],[125.387,34.657],[125.387,34.657],[125.387,34.657],[125.387,34.658],[125.387,34.658],[125.387,34.658],[125.387,34.658],[125.387,34.658],[125.387,34.658],[125.387,34.658],[125.387,34.658],[125.387,34.658],[125.387,34.658],[125.387,34.658],[125.387,34.658],[125.388,34.658],[125.387,34.659],[125.388,34.659],[125.388,34.659],[125.388,34.659],[125.388,34.659],[125.388,34.659],[125.388,34.659],[125.388,34.659],[125.388,34.659],[125.388,34.659],[125.388,34.659],[125.388,34.659],[125.388,34.659],[125.388,34.659],[125.388,34.659],[125.388,34.66],[125.388,34.66],[125.388,34.66],[125.388,34.66],[125.388,34.66],[125.388,34.66],[125.388,34.66],[125.388,34.66],[125.388,34.66],[125.388,34.66],[125.388,34.66],[125.388,34.66],[125.388,34.66],[125.388,34.66],[125.388,34.66],[125.388,34.661],[125.389,34.661],[125.389,34.661],[125.389,34.661],[125.389,34.661],[125.389,34.661],[125.389,34.661],[125.389,34.661],[125.389,34.661],[125.39,34.661],[125.39,34.661],[125.39,34.661],[125.39,34.661],[125.39,34.661],[125.39,34.661],[125.39,34.661],[125.39,34.661],[125.39,34.661],[125.39,34.661],[125.39,34.661],[125.39,34.662],[125.39,34.662],[125.39,34.662],[125.39,34.662],[125.391,34.662],[125.391,34.662],[125.391,34.662],[125.392,34.661],[125.392,34.661],[125.392,34.661],[125.392,34.661],[125.392,34.661],[125.392,34.661],[125.393,34.661],[125.393,34.661],[125.393,34.661],[125.393,34.661],[125.393,34.661],[125.393,34.661],[125.393,34.662],[125.393,34.662],[125.393,34.662],[125.393,34.662],[125.393,34.662],[125.393,34.662],[125.393,34.662],[125.393,34.662],[125.393,34.662],[125.393,34.662],[125.393,34.662],[125.393,34.662],[125.393,34.662],[125.393,34.662],[125.393,34.662],[125.393,34.662],[125.393,34.662],[125.393,34.662],[125.393,34.662],[125.393,34.662],[125.393,34.662],[125.394,34.662],[125.394,34.662],[125.394,34.662],[125.394,34.662],[125.395,34.662],[125.395,34.662],[125.395,34.661],[125.395,34.661],[125.395,34.661],[125.395,34.661],[125.396,34.661],[125.396,34.661],[125.396,34.661],[125.396,34.661],[125.396,34.661],[125.396,34.661],[125.396,34.661],[125.396,34.661],[125.396,34.661],[125.396,34.661],[125.396,34.661],[125.397,34.661],[125.397,34.661],[125.397,34.661],[125.397,34.661],[125.397,34.662],[125.397,34.662],[125.397,34.662],[125.397,34.662],[125.397,34.662],[125.397,34.662],[125.397,34.662],[125.397,34.662],[125.397,34.662],[125.397,34.662],[125.397,34.663],[125.397,34.663],[125.397,34.663],[125.397,34.663],[125.397,34.663],[125.397,34.663],[125.397,34.663],[125.397,34.663],[125.397,34.663],[125.397,34.663],[125.397,34.664],[125.397,34.664],[125.397,34.664],[125.397,34.664],[125.397,34.664],[125.397,34.664],[125.397,34.664],[125.397,34.664],[125.397,34.664],[125.397,34.664],[125.397,34.664],[125.397,34.664],[125.397,34.664],[125.397,34.664],[125.398,34.664],[125.398,34.664],[125.398,34.664],[125.398,34.664],[125.398,34.664],[125.398,34.665],[125.398,34.665],[125.398,34.665],[125.398,34.665],[125.398,34.665],[125.398,34.665],[125.398,34.665],[125.398,34.665],[125.398,34.665],[125.398,34.665],[125.398,34.665],[125.398,34.665],[125.398,34.665],[125.398,34.665],[125.398,34.665],[125.398,34.665],[125.398,34.665],[125.398,34.665],[125.398,34.665],[125.398,34.665],[125.398,34.665],[125.398,34.665],[125.398,34.665],[125.398,34.665],[125.398,34.665],[125.398,34.665],[125.398,34.665],[125.398,34.665],[125.398,34.665],[125.398,34.665],[125.398,34.665],[125.398,34.665],[125.398,34.665],[125.398,34.666],[125.398,34.666],[125.398,34.666],[125.398,34.666],[125.398,34.666],[125.398,34.666],[125.396,34.667],[125.396,34.669],[125.396,34.669],[125.401,34.678],[125.404,34.678],[125.405,34.679],[125.405,34.68],[125.405,34.681],[125.407,34.683],[125.407,34.683],[125.407,34.683],[125.408,34.683],[125.408,34.683],[125.408,34.683],[125.408,34.683],[125.408,34.682],[125.408,34.682],[125.408,34.682],[125.408,34.682],[125.408,34.682],[125.409,34.683],[125.409,34.683],[125.409,34.687],[125.407,34.691],[125.409,34.692],[125.411,34.694],[125.411,34.694],[125.411,34.695],[125.415,34.699],[125.415,34.698],[125.424,34.697],[125.425,34.697]]],[[[127.778,34.721],[127.778,34.721],[127.778,34.722],[127.777,34.722],[127.779,34.721],[127.787,34.709],[127.791,34.702],[127.791,34.702],[127.791,34.702],[127.791,34.702],[127.79,34.702],[127.79,34.702],[127.789,34.702],[127.789,34.702],[127.789,34.702],[127.788,34.701],[127.788,34.701],[127.789,34.7],[127.789,34.7],[127.789,34.699],[127.787,34.699],[127.786,34.699],[127.786,34.699],[127.786,34.7],[127.786,34.7],[127.786,34.7],[127.786,34.701],[127.786,34.701],[127.786,34.702],[127.784,34.703],[127.784,34.703],[127.783,34.703],[127.783,34.703],[127.783,34.703],[127.783,34.703],[127.783,34.703],[127.783,34.703],[127.783,34.703],[127.782,34.702],[127.78,34.701],[127.78,34.701],[127.776,34.702],[127.776,34.702],[127.776,34.702],[127.776,34.703],[127.778,34.706],[127.78,34.707],[127.78,34.707],[127.78,34.707],[127.781,34.708],[127.779,34.712],[127.779,34.712],[127.777,34.711],[127.774,34.706],[127.774,34.704],[127.774,34.704],[127.774,34.704],[127.773,34.704],[127.771,34.705],[127.771,34.706],[127.772,34.707],[127.772,34.707],[127.772,34.707],[127.772,34.707],[127.772,34.707],[127.772,34.708],[127.772,34.708],[127.771,34.711],[127.771,34.711],[127.771,34.711],[127.771,34.711],[127.77,34.711],[127.766,34.711],[127.766,34.711],[127.765,34.711],[127.764,34.71],[127.764,34.709],[127.766,34.705],[127.766,34.705],[127.766,34.705],[127.768,34.704],[127.769,34.704],[127.771,34.703],[127.771,34.703],[127.771,34.702],[127.77,34.702],[127.77,34.702],[127.77,34.702],[127.765,34.704],[127.763,34.705],[127.763,34.705],[127.763,34.705],[127.763,34.705],[127.763,34.705],[127.763,34.705],[127.764,34.706],[127.764,34.706],[127.764,34.706],[127.764,34.706],[127.764,34.706],[127.764,34.706],[127.764,34.706],[127.764,34.706],[127.764,34.706],[127.763,34.706],[127.76,34.706],[127.76,34.706],[127.76,34.706],[127.76,34.705],[127.759,34.704],[127.759,34.704],[127.759,34.704],[127.76,34.703],[127.761,34.701],[127.764,34.698],[127.764,34.697],[127.764,34.696],[127.764,34.696],[127.764,34.696],[127.766,34.695],[127.766,34.694],[127.766,34.694],[127.774,34.699],[127.778,34.697],[127.779,34.697],[127.779,34.697],[127.78,34.696],[127.78,34.696],[127.78,34.696],[127.78,34.696],[127.78,34.696],[127.779,34.695],[127.779,34.695],[127.779,34.695],[127.779,34.693],[127.779,34.693],[127.779,34.693],[127.779,34.693],[127.779,34.693],[127.779,34.693],[127.779,34.693],[127.782,34.69],[127.782,34.689],[127.781,34.688],[127.78,34.687],[127.78,34.687],[127.779,34.687],[127.778,34.687],[127.777,34.686],[127.777,34.686],[127.777,34.684],[127.776,34.682],[127.776,34.682],[127.776,34.682],[127.776,34.682],[127.776,34.681],[127.776,34.681],[127.776,34.681],[127.777,34.681],[127.777,34.68],[127.778,34.679],[127.78,34.677],[127.783,34.674],[127.783,34.674],[127.783,34.673],[127.783,34.673],[127.783,34.672],[127.783,34.672],[127.783,34.671],[127.783,34.671],[127.784,34.671],[127.784,34.67],[127.785,34.67],[127.785,34.67],[127.785,34.67],[127.785,34.67],[127.789,34.67],[127.79,34.67],[127.79,34.67],[127.791,34.672],[127.792,34.672],[127.792,34.672],[127.793,34.672],[127.795,34.671],[127.795,34.671],[127.795,34.67],[127.795,34.67],[127.794,34.67],[127.794,34.67],[127.794,34.67],[127.794,34.67],[127.794,34.67],[127.794,34.669],[127.794,34.669],[127.794,34.669],[127.795,34.668],[127.795,34.668],[127.795,34.668],[127.796,34.667],[127.796,34.667],[127.796,34.667],[127.797,34.667],[127.799,34.668],[127.799,34.668],[127.799,34.668],[127.799,34.668],[127.8,34.668],[127.801,34.668],[127.801,34.666],[127.801,34.666],[127.8,34.666],[127.794,34.665],[127.794,34.665],[127.794,34.665],[127.794,34.665],[127.794,34.665],[127.794,34.665],[127.794,34.665],[127.794,34.665],[127.794,34.664],[127.794,34.664],[127.794,34.664],[127.794,34.664],[127.794,34.663],[127.794,34.663],[127.794,34.663],[127.794,34.662],[127.794,34.662],[127.794,34.662],[127.794,34.662],[127.795,34.661],[127.795,34.661],[127.795,34.661],[127.798,34.66],[127.798,34.66],[127.798,34.66],[127.8,34.661],[127.801,34.661],[127.806,34.661],[127.806,34.661],[127.806,34.661],[127.806,34.658],[127.806,34.658],[127.805,34.657],[127.805,34.657],[127.804,34.658],[127.802,34.657],[127.798,34.655],[127.798,34.655],[127.798,34.655],[127.798,34.654],[127.798,34.654],[127.798,34.654],[127.797,34.65],[127.796,34.649],[127.797,34.646],[127.797,34.646],[127.797,34.646],[127.797,34.645],[127.797,34.646],[127.798,34.646],[127.798,34.646],[127.798,34.646],[127.798,34.646],[127.798,34.646],[127.798,34.645],[127.798,34.645],[127.797,34.644],[127.796,34.645],[127.796,34.645],[127.796,34.646],[127.796,34.646],[127.795,34.646],[127.794,34.645],[127.794,34.644],[127.794,34.643],[127.794,34.643],[127.794,34.643],[127.794,34.643],[127.798,34.638],[127.8,34.63],[127.797,34.628],[127.797,34.628],[127.796,34.628],[127.794,34.629],[127.794,34.629],[127.795,34.629],[127.794,34.63],[127.794,34.63],[127.794,34.63],[127.794,34.63],[127.794,34.63],[127.794,34.63],[127.793,34.63],[127.793,34.63],[127.793,34.63],[127.793,34.63],[127.793,34.63],[127.792,34.63],[127.792,34.63],[127.792,34.63],[127.792,34.626],[127.792,34.625],[127.792,34.625],[127.793,34.625],[127.794,34.624],[127.794,34.624],[127.794,34.623],[127.794,34.623],[127.793,34.622],[127.793,34.622],[127.791,34.622],[127.791,34.623],[127.791,34.623],[127.791,34.622],[127.79,34.622],[127.79,34.622],[127.79,34.622],[127.79,34.622],[127.79,34.621],[127.79,34.621],[127.79,34.615],[127.791,34.615],[127.792,34.613],[127.792,34.611],[127.79,34.609],[127.788,34.608],[127.788,34.607],[127.788,34.607],[127.788,34.606],[127.788,34.606],[127.788,34.606],[127.788,34.606],[127.788,34.606],[127.794,34.603],[127.794,34.603],[127.795,34.603],[127.802,34.602],[127.804,34.6],[127.804,34.6],[127.804,34.599],[127.804,34.599],[127.802,34.599],[127.802,34.599],[127.802,34.599],[127.801,34.599],[127.801,34.599],[127.801,34.598],[127.801,34.598],[127.801,34.598],[127.802,34.596],[127.802,34.596],[127.804,34.596],[127.808,34.597],[127.806,34.59],[127.803,34.588],[127.797,34.586],[127.792,34.585],[127.79,34.585],[127.786,34.585],[127.784,34.586],[127.783,34.588],[127.78,34.589],[127.779,34.59],[127.778,34.59],[127.778,34.59],[127.778,34.59],[127.777,34.589],[127.777,34.588],[127.777,34.588],[127.776,34.587],[127.776,34.587],[127.771,34.588],[127.77,34.588],[127.766,34.593],[127.764,34.593],[127.763,34.594],[127.763,34.594],[127.762,34.593],[127.762,34.593],[127.761,34.593],[127.761,34.593],[127.756,34.594],[127.756,34.594],[127.756,34.594],[127.756,34.594],[127.756,34.594],[127.752,34.593],[127.749,34.593],[127.748,34.593],[127.745,34.596],[127.743,34.599],[127.739,34.604],[127.738,34.606],[127.738,34.606],[127.738,34.606],[127.738,34.607],[127.738,34.607],[127.738,34.607],[127.738,34.607],[127.738,34.61],[127.738,34.61],[127.738,34.611],[127.737,34.611],[127.736,34.611],[127.734,34.612],[127.734,34.611],[127.734,34.611],[127.723,34.614],[127.716,34.619],[127.714,34.621],[127.714,34.621],[127.714,34.621],[127.713,34.621],[127.713,34.621],[127.713,34.621],[127.712,34.621],[127.712,34.621],[127.712,34.621],[127.712,34.621],[127.712,34.621],[127.713,34.624],[127.715,34.626],[127.716,34.626],[127.716,34.627],[127.717,34.629],[127.719,34.629],[127.72,34.629],[127.72,34.629],[127.72,34.629],[127.719,34.629],[127.719,34.629],[127.719,34.629],[127.72,34.629],[127.72,34.629],[127.72,34.629],[127.722,34.63],[127.724,34.635],[127.724,34.635],[127.725,34.638],[127.718,34.643],[127.718,34.643],[127.717,34.643],[127.716,34.643],[127.716,34.643],[127.716,34.643],[127.716,34.643],[127.716,34.643],[127.712,34.642],[127.712,34.643],[127.712,34.643],[127.712,34.643],[127.713,34.644],[127.713,34.644],[127.716,34.644],[127.716,34.643],[127.717,34.644],[127.719,34.646],[127.72,34.646],[127.72,34.646],[127.721,34.65],[127.721,34.65],[127.721,34.652],[127.722,34.654],[127.722,34.654],[127.724,34.656],[127.725,34.656],[127.727,34.656],[127.729,34.656],[127.729,34.656],[127.729,34.656],[127.73,34.656],[127.73,34.656],[127.731,34.657],[127.735,34.659],[127.737,34.661],[127.742,34.664],[127.742,34.664],[127.748,34.67],[127.748,34.67],[127.748,34.67],[127.748,34.671],[127.747,34.671],[127.747,34.671],[127.747,34.672],[127.747,34.672],[127.747,34.674],[127.749,34.675],[127.749,34.675],[127.75,34.675],[127.75,34.676],[127.751,34.677],[127.752,34.68],[127.754,34.682],[127.761,34.684],[127.762,34.686],[127.763,34.688],[127.763,34.688],[127.763,34.688],[127.761,34.689],[127.758,34.692],[127.758,34.692],[127.758,34.692],[127.758,34.693],[127.758,34.693],[127.758,34.693],[127.758,34.693],[127.758,34.694],[127.758,34.694],[127.758,34.694],[127.756,34.696],[127.756,34.696],[127.756,34.697],[127.755,34.697],[127.755,34.697],[127.754,34.697],[127.754,34.697],[127.754,34.697],[127.754,34.698],[127.754,34.698],[127.754,34.698],[127.755,34.7],[127.756,34.707],[127.756,34.707],[127.756,34.708],[127.747,34.716],[127.742,34.724],[127.742,34.727],[127.742,34.727],[127.742,34.727],[127.741,34.728],[127.74,34.728],[127.737,34.729],[127.737,34.73],[127.737,34.731],[127.737,34.731],[127.738,34.733],[127.76,34.729],[127.769,34.726],[127.773,34.724],[127.774,34.722],[127.774,34.722],[127.775,34.722],[127.775,34.721],[127.778,34.721]]],[[[127.674,34.743],[127.672,34.742],[127.67,34.745],[127.67,34.745],[127.67,34.746],[127.673,34.746],[127.674,34.746],[127.674,34.743],[127.674,34.743]]],[[[125.97,34.726],[125.972,34.726],[125.972,34.726],[125.972,34.726],[125.976,34.722],[125.976,34.719],[125.981,34.721],[125.982,34.722],[125.982,34.722],[125.991,34.719],[125.993,34.714],[125.993,34.714],[125.991,34.712],[126.0,34.703],[126.006,34.702],[126.007,34.702],[126.009,34.703],[126.009,34.703],[126.012,34.702],[126.013,34.703],[126.013,34.703],[126.013,34.703],[126.013,34.703],[126.013,34.703],[126.013,34.703],[126.013,34.703],[126.013,34.703],[126.013,34.703],[126.013,34.703],[126.013,34.703],[126.013,34.703],[126.013,34.703],[126.013,34.703],[126.013,34.703],[126.013,34.703],[126.013,34.703],[126.014,34.703],[126.014,34.703],[126.014,34.703],[126.014,34.703],[126.014,34.703],[126.014,34.703],[126.014,34.703],[126.014,34.702],[126.014,34.702],[126.014,34.702],[126.013,34.701],[126.013,34.701],[126.013,34.701],[126.013,34.701],[126.013,34.701],[126.012,34.7],[126.012,34.7],[126.012,34.7],[126.012,34.7],[126.012,34.7],[126.012,34.7],[126.012,34.7],[126.012,34.7],[126.013,34.699],[126.013,34.699],[126.013,34.699],[126.013,34.699],[126.013,34.699],[126.013,34.699],[126.013,34.699],[126.014,34.699],[126.014,34.699],[126.014,34.699],[126.014,34.699],[126.014,34.699],[126.014,34.699],[126.014,34.698],[126.014,34.698],[126.014,34.698],[126.013,34.698],[126.013,34.698],[126.013,34.698],[126.013,34.698],[126.012,34.698],[126.012,34.698],[126.012,34.698],[126.012,34.698],[126.012,34.698],[126.012,34.698],[126.012,34.698],[126.011,34.698],[126.011,34.698],[126.011,34.698],[126.011,34.698],[126.011,34.698],[126.011,34.698],[126.011,34.698],[126.01,34.698],[126.01,34.698],[126.01,34.698],[126.01,34.697],[126.01,34.697],[126.01,34.697],[126.01,34.697],[126.01,34.697],[126.01,34.697],[126.01,34.696],[126.01,34.696],[126.01,34.696],[126.01,34.696],[126.01,34.696],[126.01,34.696],[126.01,34.696],[126.01,34.696],[126.01,34.696],[126.01,34.696],[126.01,34.696],[126.01,34.696],[126.01,34.695],[126.01,34.694],[126.009,34.693],[126.009,34.693],[126.009,34.692],[126.009,34.692],[126.009,34.692],[126.009,34.692],[126.009,34.692],[126.009,34.692],[126.009,34.692],[126.01,34.692],[126.01,34.692],[126.01,34.692],[126.01,34.692],[126.01,34.691],[126.01,34.691],[126.011,34.69],[126.011,34.69],[126.011,34.69],[126.011,34.69],[126.011,34.69],[126.011,34.69],[126.009,34.687],[126.009,34.687],[126.009,34.687],[126.008,34.685],[126.007,34.685],[126.007,34.685],[126.006,34.685],[125.996,34.681],[125.99,34.68],[125.988,34.679],[125.987,34.678],[125.987,34.678],[125.987,34.678],[125.987,34.677],[125.988,34.674],[125.986,34.673],[125.986,34.673],[125.98,34.673],[125.979,34.672],[125.98,34.664],[125.98,34.664],[125.978,34.663],[125.975,34.66],[125.975,34.659],[125.975,34.659],[125.971,34.659],[125.971,34.659],[125.971,34.659],[125.97,34.659],[125.97,34.659],[125.97,34.659],[125.97,34.659],[125.97,34.658],[125.968,34.659],[125.968,34.659],[125.968,34.659],[125.968,34.659],[125.968,34.659],[125.968,34.659],[125.968,34.659],[125.968,34.659],[125.967,34.659],[125.967,34.659],[125.967,34.659],[125.967,34.659],[125.967,34.659],[125.967,34.659],[125.967,34.659],[125.967,34.659],[125.967,34.659],[125.967,34.659],[125.967,34.659],[125.967,34.659],[125.967,34.658],[125.967,34.658],[125.967,34.658],[125.967,34.658],[125.967,34.658],[125.966,34.658],[125.966,34.658],[125.966,34.658],[125.966,34.658],[125.966,34.658],[125.966,34.658],[125.966,34.658],[125.966,34.658],[125.966,34.658],[125.966,34.658],[125.965,34.657],[125.965,34.657],[125.965,34.657],[125.965,34.657],[125.965,34.657],[125.965,34.657],[125.965,34.657],[125.965,34.657],[125.965,34.657],[125.965,34.657],[125.965,34.657],[125.965,34.657],[125.965,34.657],[125.965,34.657],[125.965,34.657],[125.965,34.657],[125.965,34.657],[125.965,34.657],[125.965,34.657],[125.965,34.656],[125.965,34.656],[125.965,34.656],[125.965,34.656],[125.965,34.656],[125.965,34.657],[125.965,34.657],[125.965,34.657],[125.965,34.657],[125.965,34.657],[125.965,34.657],[125.965,34.657],[125.965,34.657],[125.965,34.657],[125.965,34.657],[125.965,34.657],[125.965,34.657],[125.965,34.657],[125.965,34.657],[125.965,34.657],[125.965,34.657],[125.965,34.657],[125.964,34.657],[125.964,34.657],[125.964,34.657],[125.964,34.657],[125.964,34.657],[125.964,34.657],[125.964,34.657],[125.964,34.657],[125.964,34.657],[125.964,34.657],[125.964,34.657],[125.963,34.657],[125.963,34.657],[125.963,34.657],[125.963,34.657],[125.963,34.657],[125.963,34.657],[125.963,34.657],[125.963,34.657],[125.963,34.657],[125.963,34.657],[125.963,34.657],[125.963,34.657],[125.963,34.657],[125.963,34.657],[125.963,34.657],[125.962,34.657],[125.961,34.657],[125.96,34.657],[125.955,34.658],[125.954,34.659],[125.955,34.665],[125.956,34.667],[125.957,34.667],[125.957,34.669],[125.956,34.671],[125.951,34.673],[125.95,34.672],[125.949,34.672],[125.949,34.671],[125.948,34.669],[125.948,34.669],[125.948,34.669],[125.948,34.669],[125.949,34.669],[125.95,34.669],[125.949,34.668],[125.947,34.667],[125.946,34.667],[125.946,34.667],[125.946,34.667],[125.946,34.667],[125.946,34.667],[125.946,34.667],[125.946,34.667],[125.946,34.667],[125.946,34.667],[125.946,34.667],[125.946,34.667],[125.946,34.667],[125.946,34.667],[125.946,34.667],[125.946,34.667],[125.946,34.667],[125.945,34.667],[125.945,34.667],[125.945,34.667],[125.945,34.666],[125.945,34.666],[125.945,34.666],[125.945,34.666],[125.945,34.666],[125.945,34.666],[125.945,34.666],[125.944,34.666],[125.944,34.667],[125.943,34.667],[125.943,34.667],[125.943,34.667],[125.943,34.667],[125.943,34.667],[125.943,34.667],[125.943,34.667],[125.943,34.667],[125.943,34.667],[125.943,34.667],[125.943,34.667],[125.942,34.667],[125.942,34.667],[125.942,34.667],[125.94,34.665],[125.938,34.668],[125.934,34.672],[125.935,34.672],[125.935,34.672],[125.935,34.673],[125.935,34.673],[125.935,34.673],[125.934,34.677],[125.934,34.678],[125.933,34.679],[125.933,34.679],[125.933,34.679],[125.928,34.679],[125.927,34.679],[125.927,34.679],[125.927,34.679],[125.927,34.677],[125.921,34.671],[125.921,34.672],[125.92,34.672],[125.921,34.677],[125.922,34.677],[125.923,34.677],[125.923,34.678],[125.923,34.679],[125.922,34.679],[125.922,34.68],[125.922,34.68],[125.922,34.68],[125.919,34.68],[125.919,34.679],[125.919,34.679],[125.919,34.679],[125.919,34.679],[125.919,34.679],[125.919,34.679],[125.919,34.679],[125.919,34.678],[125.919,34.678],[125.919,34.678],[125.919,34.677],[125.918,34.677],[125.918,34.677],[125.916,34.678],[125.916,34.678],[125.915,34.682],[125.917,34.685],[125.917,34.685],[125.919,34.689],[125.919,34.689],[125.919,34.687],[125.918,34.687],[125.914,34.686],[125.914,34.686],[125.914,34.689],[125.915,34.692],[125.916,34.693],[125.914,34.697],[125.914,34.697],[125.915,34.697],[125.916,34.704],[125.917,34.707],[125.916,34.71],[125.916,34.711],[125.916,34.711],[125.916,34.711],[125.921,34.712],[125.934,34.716],[125.938,34.715],[125.938,34.715],[125.938,34.714],[125.941,34.714],[125.946,34.714],[125.947,34.715],[125.947,34.715],[125.946,34.718],[125.946,34.719],[125.956,34.73],[125.961,34.737],[125.961,34.737],[125.961,34.737],[125.961,34.737],[125.962,34.737],[125.964,34.736],[125.965,34.736],[125.968,34.731],[125.968,34.727],[125.97,34.726]]],[[[126.146,34.701],[126.147,34.704],[126.149,34.708],[126.15,34.714],[126.146,34.718],[126.145,34.718],[126.142,34.719],[126.139,34.721],[126.138,34.724],[126.139,34.725],[126.142,34.727],[126.142,34.728],[126.137,34.729],[126.135,34.728],[126.135,34.728],[126.131,34.726],[126.131,34.726],[126.13,34.726],[126.129,34.726],[126.124,34.724],[126.122,34.721],[126.118,34.715],[126.117,34.715],[126.117,34.716],[126.115,34.717],[126.114,34.718],[126.114,34.718],[126.114,34.718],[126.114,34.718],[126.114,34.718],[126.114,34.718],[126.113,34.718],[126.113,34.718],[126.113,34.718],[126.113,34.718],[126.113,34.718],[126.113,34.718],[126.113,34.718],[126.112,34.718],[126.111,34.718],[126.11,34.718],[126.11,34.718],[126.11,34.719],[126.11,34.719],[126.11,34.72],[126.11,34.72],[126.111,34.72],[126.111,34.719],[126.112,34.719],[126.112,34.72],[126.112,34.72],[126.112,34.72],[126.111,34.721],[126.106,34.721],[126.1,34.72],[126.084,34.717],[126.083,34.716],[126.083,34.714],[126.081,34.709],[126.081,34.708],[126.082,34.709],[126.082,34.71],[126.082,34.71],[126.082,34.71],[126.082,34.71],[126.082,34.71],[126.082,34.71],[126.083,34.71],[126.083,34.71],[126.083,34.709],[126.075,34.709],[126.075,34.709],[126.074,34.712],[126.074,34.713],[126.075,34.714],[126.075,34.714],[126.076,34.715],[126.081,34.72],[126.079,34.724],[126.072,34.733],[126.072,34.733],[126.072,34.733],[126.072,34.733],[126.072,34.733],[126.072,34.734],[126.072,34.734],[126.072,34.734],[126.072,34.734],[126.072,34.734],[126.072,34.734],[126.072,34.734],[126.072,34.734],[126.072,34.734],[126.072,34.734],[126.072,34.734],[126.072,34.734],[126.072,34.735],[126.072,34.735],[126.072,34.735],[126.072,34.735],[126.072,34.735],[126.072,34.735],[126.072,34.735],[126.072,34.735],[126.072,34.735],[126.072,34.735],[126.072,34.735],[126.072,34.735],[126.071,34.735],[126.071,34.735],[126.071,34.735],[126.071,34.735],[126.071,34.735],[126.071,34.735],[126.071,34.735],[126.071,34.735],[126.071,34.735],[126.071,34.735],[126.071,34.735],[126.071,34.735],[126.071,34.735],[126.07,34.738],[126.07,34.738],[126.071,34.739],[126.071,34.739],[126.071,34.739],[126.071,34.739],[126.071,34.739],[126.071,34.739],[126.071,34.739],[126.071,34.739],[126.071,34.739],[126.071,34.739],[126.071,34.739],[126.071,34.739],[126.071,34.742],[126.071,34.742],[126.071,34.742],[126.071,34.742],[126.071,34.742],[126.073,34.742],[126.074,34.742],[126.074,34.742],[126.075,34.743],[126.076,34.743],[126.076,34.744],[126.076,34.744],[126.076,34.744],[126.076,34.744],[126.076,34.744],[126.074,34.746],[126.074,34.746],[126.074,34.747],[126.074,34.747],[126.074,34.747],[126.076,34.747],[126.08,34.748],[126.082,34.75],[126.082,34.751],[126.081,34.753],[126.081,34.754],[126.08,34.755],[126.079,34.757],[126.079,34.757],[126.077,34.762],[126.077,34.764],[126.077,34.764],[126.075,34.764],[126.075,34.764],[126.075,34.764],[126.073,34.764],[126.072,34.764],[126.067,34.765],[126.064,34.767],[126.065,34.768],[126.065,34.768],[126.066,34.767],[126.069,34.766],[126.069,34.766],[126.07,34.766],[126.07,34.766],[126.07,34.766],[126.07,34.766],[126.074,34.767],[126.074,34.767],[126.076,34.767],[126.076,34.767],[126.077,34.767],[126.077,34.767],[126.077,34.768],[126.079,34.768],[126.079,34.768],[126.079,34.768],[126.078,34.768],[126.079,34.765],[126.079,34.764],[126.079,34.764],[126.079,34.764],[126.079,34.764],[126.081,34.763],[126.082,34.763],[126.082,34.763],[126.083,34.764],[126.084,34.764],[126.085,34.764],[126.086,34.765],[126.087,34.765],[126.088,34.767],[126.089,34.767],[126.087,34.772],[126.087,34.774],[126.088,34.774],[126.089,34.775],[126.089,34.775],[126.09,34.775],[126.096,34.77],[126.096,34.77],[126.104,34.767],[126.114,34.768],[126.117,34.77],[126.118,34.771],[126.118,34.771],[126.124,34.771],[126.125,34.771],[126.125,34.771],[126.126,34.771],[126.126,34.77],[126.127,34.768],[126.128,34.767],[126.128,34.766],[126.127,34.766],[126.127,34.766],[126.127,34.766],[126.135,34.756],[126.144,34.752],[126.144,34.752],[126.149,34.752],[126.15,34.753],[126.151,34.754],[126.151,34.754],[126.151,34.754],[126.151,34.755],[126.151,34.755],[126.15,34.757],[126.156,34.758],[126.161,34.758],[126.161,34.758],[126.163,34.757],[126.163,34.757],[126.163,34.756],[126.163,34.756],[126.163,34.755],[126.163,34.754],[126.168,34.752],[126.172,34.752],[126.173,34.753],[126.174,34.753],[126.174,34.753],[126.172,34.749],[126.169,34.748],[126.169,34.748],[126.169,34.748],[126.168,34.748],[126.167,34.747],[126.167,34.747],[126.169,34.744],[126.171,34.744],[126.172,34.744],[126.175,34.742],[126.175,34.742],[126.176,34.741],[126.176,34.741],[126.177,34.737],[126.18,34.728],[126.183,34.724],[126.183,34.724],[126.178,34.717],[126.177,34.716],[126.176,34.716],[126.176,34.716],[126.176,34.715],[126.177,34.714],[126.178,34.713],[126.178,34.709],[126.178,34.706],[126.178,34.706],[126.175,34.704],[126.174,34.703],[126.175,34.701],[126.162,34.701],[126.161,34.702],[126.161,34.702],[126.16,34.703],[126.152,34.702],[126.146,34.702],[126.146,34.701]]],[[[126.358,34.78],[126.366,34.774],[126.372,34.773],[126.375,34.771],[126.376,34.771],[126.375,34.769],[126.375,34.769],[126.371,34.764],[126.371,34.764],[126.371,34.762],[126.371,34.762],[126.373,34.761],[126.373,34.759],[126.373,34.759],[126.373,34.759],[126.373,34.759],[126.373,34.759],[126.373,34.759],[126.372,34.759],[126.37,34.759],[126.36,34.752],[126.359,34.752],[126.358,34.75],[126.358,34.75],[126.359,34.749],[126.359,34.749],[126.36,34.748],[126.361,34.745],[126.36,34.745],[126.36,34.745],[126.36,34.745],[126.359,34.746],[126.352,34.75],[126.35,34.751],[126.351,34.762],[126.354,34.762],[126.354,34.762],[126.354,34.765],[126.354,34.765],[126.354,34.765],[126.354,34.765],[126.354,34.765],[126.354,34.765],[126.352,34.765],[126.352,34.765],[126.352,34.765],[126.352,34.765],[126.353,34.766],[126.353,34.766],[126.353,34.766],[126.353,34.766],[126.355,34.766],[126.358,34.766],[126.358,34.766],[126.358,34.766],[126.358,34.766],[126.359,34.766],[126.359,34.766],[126.359,34.766],[126.359,34.766],[126.359,34.766],[126.359,34.767],[126.359,34.769],[126.358,34.771],[126.358,34.771],[126.358,34.771],[126.358,34.771],[126.358,34.771],[126.357,34.772],[126.357,34.772],[126.357,34.772],[126.357,34.772],[126.357,34.772],[126.357,34.772],[126.356,34.772],[126.356,34.772],[126.353,34.772],[126.353,34.772],[126.353,34.772],[126.353,34.772],[126.353,34.772],[126.353,34.772],[126.353,34.772],[126.353,34.772],[126.353,34.772],[126.353,34.772],[126.353,34.772],[126.353,34.772],[126.353,34.772],[126.353,34.772],[126.353,34.772],[126.356,34.772],[126.356,34.772],[126.357,34.772],[126.358,34.772],[126.358,34.772],[126.358,34.772],[126.358,34.772],[126.358,34.772],[126.358,34.772],[126.358,34.771],[126.358,34.771],[126.358,34.771],[126.359,34.771],[126.359,34.771],[126.358,34.772],[126.358,34.772],[126.358,34.773],[126.358,34.773],[126.358,34.774],[126.357,34.775],[126.357,34.776],[126.357,34.776],[126.357,34.776],[126.357,34.777],[126.357,34.778],[126.356,34.778],[126.356,34.778],[126.356,34.778],[126.356,34.778],[126.356,34.778],[126.356,34.778],[126.356,34.778],[126.356,34.778],[126.356,34.778],[126.356,34.778],[126.356,34.778],[126.356,34.778],[126.356,34.778],[126.356,34.778],[126.356,34.778],[126.355,34.778],[126.355,34.778],[126.355,34.778],[126.355,34.778],[126.355,34.778],[126.355,34.778],[126.355,34.779],[126.355,34.779],[126.355,34.779],[126.355,34.779],[126.355,34.779],[126.355,34.78],[126.355,34.78],[126.355,34.78],[126.355,34.78],[126.355,34.78],[126.355,34.78],[126.355,34.78],[126.355,34.78],[126.355,34.78],[126.355,34.78],[126.355,34.78],[126.355,34.78],[126.355,34.782],[126.355,34.782],[126.355,34.782],[126.355,34.783],[126.355,34.784],[126.355,34.785],[126.355,34.785],[126.355,34.785],[126.355,34.785],[126.355,34.785],[126.355,34.785],[126.355,34.785],[126.355,34.785],[126.355,34.785],[126.355,34.785],[126.355,34.785],[126.356,34.785],[126.356,34.785],[126.356,34.784],[126.356,34.782],[126.357,34.781],[126.358,34.78],[126.358,34.78]]],[[[125.993,34.807],[125.994,34.807],[125.996,34.806],[125.997,34.806],[125.997,34.805],[125.997,34.805],[125.999,34.798],[126.001,34.79],[126.001,34.79],[126.001,34.79],[126.001,34.79],[126.001,34.79],[126.001,34.79],[125.996,34.781],[125.994,34.781],[125.993,34.78],[125.985,34.775],[125.985,34.775],[125.988,34.773],[126.0,34.767],[125.992,34.76],[125.991,34.761],[125.99,34.762],[125.99,34.762],[125.99,34.762],[125.983,34.759],[125.981,34.756],[125.977,34.754],[125.977,34.754],[125.976,34.754],[125.975,34.754],[125.972,34.755],[125.972,34.755],[125.972,34.756],[125.972,34.756],[125.972,34.756],[125.973,34.756],[125.973,34.757],[125.973,34.758],[125.972,34.759],[125.972,34.759],[125.968,34.757],[125.963,34.751],[125.963,34.751],[125.963,34.751],[125.962,34.748],[125.962,34.747],[125.961,34.747],[125.959,34.748],[125.959,34.748],[125.957,34.755],[125.957,34.756],[125.959,34.761],[125.959,34.761],[125.963,34.762],[125.961,34.765],[125.96,34.766],[125.959,34.766],[125.959,34.766],[125.958,34.765],[125.957,34.764],[125.957,34.765],[125.957,34.765],[125.954,34.767],[125.953,34.766],[125.953,34.765],[125.953,34.765],[125.954,34.764],[125.954,34.763],[125.954,34.763],[125.955,34.763],[125.956,34.763],[125.957,34.76],[125.956,34.754],[125.956,34.753],[125.955,34.753],[125.954,34.753],[125.952,34.753],[125.951,34.754],[125.951,34.754],[125.951,34.755],[125.951,34.756],[125.949,34.757],[125.939,34.754],[125.937,34.749],[125.937,34.749],[125.937,34.748],[125.937,34.748],[125.933,34.75],[125.933,34.75],[125.932,34.751],[125.932,34.751],[125.933,34.753],[125.933,34.753],[125.933,34.753],[125.931,34.754],[125.93,34.752],[125.936,34.748],[125.936,34.747],[125.937,34.745],[125.938,34.745],[125.94,34.743],[125.94,34.742],[125.943,34.738],[125.948,34.735],[125.95,34.734],[125.95,34.734],[125.95,34.734],[125.95,34.733],[125.946,34.732],[125.945,34.733],[125.943,34.732],[125.943,34.731],[125.943,34.73],[125.942,34.729],[125.942,34.729],[125.942,34.728],[125.941,34.728],[125.94,34.729],[125.94,34.729],[125.939,34.73],[125.939,34.73],[125.939,34.731],[125.94,34.732],[125.94,34.732],[125.939,34.732],[125.938,34.728],[125.938,34.727],[125.939,34.727],[125.94,34.727],[125.942,34.727],[125.942,34.726],[125.942,34.726],[125.94,34.723],[125.94,34.722],[125.936,34.72],[125.936,34.72],[125.936,34.72],[125.926,34.72],[125.926,34.72],[125.925,34.719],[125.923,34.717],[125.911,34.719],[125.903,34.726],[125.903,34.727],[125.902,34.728],[125.897,34.728],[125.894,34.728],[125.894,34.728],[125.893,34.728],[125.893,34.728],[125.893,34.728],[125.893,34.728],[125.893,34.728],[125.893,34.728],[125.894,34.729],[125.895,34.729],[125.895,34.729],[125.896,34.729],[125.896,34.729],[125.896,34.729],[125.896,34.729],[125.896,34.729],[125.896,34.729],[125.896,34.729],[125.896,34.729],[125.896,34.729],[125.896,34.729],[125.896,34.729],[125.897,34.729],[125.895,34.732],[125.892,34.734],[125.891,34.734],[125.89,34.733],[125.889,34.734],[125.889,34.734],[125.889,34.734],[125.889,34.735],[125.889,34.735],[125.889,34.737],[125.889,34.738],[125.887,34.739],[125.887,34.739],[125.887,34.739],[125.887,34.739],[125.887,34.739],[125.887,34.739],[125.887,34.739],[125.887,34.739],[125.887,34.74],[125.887,34.74],[125.887,34.74],[125.887,34.74],[125.887,34.74],[125.886,34.74],[125.886,34.74],[125.886,34.74],[125.886,34.74],[125.887,34.741],[125.888,34.743],[125.888,34.743],[125.888,34.743],[125.889,34.744],[125.889,34.744],[125.889,34.744],[125.889,34.744],[125.889,34.744],[125.89,34.744],[125.89,34.744],[125.89,34.745],[125.89,34.747],[125.89,34.747],[125.89,34.747],[125.89,34.747],[125.894,34.748],[125.895,34.748],[125.895,34.748],[125.896,34.748],[125.896,34.748],[125.896,34.748],[125.896,34.748],[125.896,34.748],[125.896,34.748],[125.894,34.751],[125.894,34.751],[125.893,34.751],[125.892,34.751],[125.892,34.751],[125.892,34.751],[125.89,34.756],[125.891,34.759],[125.891,34.759],[125.891,34.759],[125.892,34.759],[125.892,34.759],[125.892,34.759],[125.893,34.758],[125.893,34.758],[125.893,34.758],[125.893,34.757],[125.893,34.757],[125.893,34.757],[125.893,34.757],[125.893,34.757],[125.893,34.757],[125.894,34.759],[125.894,34.759],[125.894,34.759],[125.894,34.759],[125.894,34.759],[125.895,34.76],[125.895,34.76],[125.897,34.76],[125.897,34.759],[125.897,34.76],[125.897,34.76],[125.897,34.76],[125.897,34.76],[125.898,34.76],[125.898,34.76],[125.898,34.76],[125.898,34.76],[125.898,34.76],[125.898,34.76],[125.898,34.76],[125.897,34.761],[125.896,34.761],[125.892,34.764],[125.89,34.766],[125.89,34.766],[125.89,34.766],[125.889,34.767],[125.89,34.767],[125.897,34.769],[125.898,34.769],[125.899,34.77],[125.902,34.772],[125.902,34.775],[125.901,34.775],[125.901,34.774],[125.901,34.774],[125.901,34.774],[125.901,34.774],[125.901,34.774],[125.9,34.773],[125.899,34.773],[125.899,34.773],[125.899,34.773],[125.898,34.774],[125.898,34.775],[125.898,34.776],[125.901,34.78],[125.906,34.78],[125.907,34.782],[125.907,34.782],[125.908,34.782],[125.908,34.777],[125.908,34.777],[125.909,34.776],[125.912,34.776],[125.913,34.776],[125.915,34.776],[125.923,34.776],[125.929,34.776],[125.933,34.776],[125.936,34.777],[125.939,34.777],[125.944,34.779],[125.95,34.782],[125.952,34.783],[125.953,34.784],[125.954,34.787],[125.953,34.788],[125.953,34.788],[125.953,34.788],[125.952,34.788],[125.952,34.789],[125.952,34.789],[125.952,34.789],[125.955,34.789],[125.959,34.789],[125.96,34.788],[125.96,34.787],[125.961,34.786],[125.961,34.786],[125.962,34.787],[125.963,34.787],[125.964,34.787],[125.965,34.788],[125.965,34.788],[125.969,34.793],[125.97,34.794],[125.972,34.798],[125.972,34.798],[125.972,34.798],[125.972,34.799],[125.972,34.799],[125.971,34.799],[125.971,34.799],[125.971,34.799],[125.971,34.8],[125.976,34.803],[125.978,34.802],[125.979,34.802],[125.983,34.803],[125.988,34.804],[125.99,34.804],[125.991,34.804],[125.992,34.804],[125.992,34.804],[125.992,34.804],[125.992,34.806],[125.993,34.807],[125.993,34.807],[125.993,34.807]]],[[[126.141,34.835],[126.141,34.835],[126.141,34.835],[126.141,34.835],[126.141,34.835],[126.141,34.835]]],[[[126.344,34.838],[126.344,34.838],[126.344,34.838],[126.344,34.838],[126.344,34.838]]],[[[126.141,34.835],[126.143,34.836],[126.143,34.837],[126.143,34.837],[126.143,34.837],[126.143,34.837],[126.143,34.836],[126.141,34.835],[126.141,34.835]]],[[[126.294,34.85],[126.294,34.849],[126.294,34.85]]],[[[126.116,34.882],[126.116,34.882],[126.117,34.882],[126.12,34.881],[126.123,34.88],[126.123,34.879],[126.124,34.879],[126.128,34.88],[126.13,34.881],[126.131,34.88],[126.131,34.88],[126.131,34.88],[126.13,34.879],[126.13,34.879],[126.13,34.876],[126.131,34.876],[126.131,34.876],[126.132,34.876],[126.133,34.876],[126.133,34.876],[126.134,34.876],[126.137,34.876],[126.138,34.875],[126.14,34.876],[126.141,34.878],[126.141,34.879],[126.14,34.88],[126.14,34.881],[126.142,34.882],[126.142,34.882],[126.144,34.881],[126.146,34.879],[126.145,34.875],[126.147,34.874],[126.148,34.874],[126.148,34.872],[126.152,34.87],[126.153,34.87],[126.153,34.87],[126.155,34.869],[126.158,34.865],[126.158,34.863],[126.157,34.861],[126.148,34.86],[126.147,34.861],[126.142,34.861],[126.135,34.862],[126.137,34.852],[126.137,34.852],[126.137,34.852],[126.139,34.852],[126.14,34.852],[126.147,34.848],[126.148,34.847],[126.151,34.844],[126.148,34.839],[126.148,34.838],[126.144,34.837],[126.144,34.837],[126.144,34.837],[126.144,34.837],[126.143,34.837],[126.14,34.836],[126.139,34.83],[126.139,34.83],[126.141,34.828],[126.138,34.827],[126.137,34.827],[126.136,34.827],[126.136,34.828],[126.136,34.828],[126.134,34.831],[126.133,34.832],[126.13,34.832],[126.126,34.835],[126.121,34.834],[126.115,34.826],[126.117,34.817],[126.118,34.817],[126.121,34.815],[126.123,34.813],[126.123,34.813],[126.123,34.813],[126.123,34.812],[126.123,34.811],[126.122,34.81],[126.121,34.809],[126.118,34.806],[126.119,34.805],[126.12,34.803],[126.119,34.8],[126.118,34.8],[126.11,34.8],[126.105,34.8],[126.101,34.796],[126.093,34.799],[126.091,34.801],[126.092,34.802],[126.092,34.802],[126.095,34.802],[126.096,34.806],[126.092,34.812],[126.09,34.815],[126.089,34.817],[126.088,34.817],[126.087,34.817],[126.086,34.816],[126.085,34.817],[126.085,34.817],[126.083,34.817],[126.082,34.818],[126.08,34.819],[126.071,34.813],[126.074,34.807],[126.078,34.8],[126.08,34.798],[126.08,34.798],[126.079,34.798],[126.077,34.794],[126.075,34.794],[126.073,34.796],[126.072,34.797],[126.072,34.797],[126.071,34.799],[126.066,34.806],[126.064,34.809],[126.063,34.808],[126.063,34.808],[126.063,34.808],[126.063,34.808],[126.057,34.809],[126.056,34.811],[126.056,34.812],[126.056,34.812],[126.056,34.812],[126.056,34.812],[126.057,34.812],[126.056,34.812],[126.056,34.813],[126.056,34.813],[126.056,34.814],[126.056,34.814],[126.056,34.814],[126.055,34.814],[126.052,34.815],[126.049,34.815],[126.044,34.82],[126.043,34.825],[126.043,34.825],[126.044,34.827],[126.048,34.828],[126.048,34.828],[126.05,34.822],[126.054,34.822],[126.056,34.823],[126.059,34.822],[126.059,34.82],[126.059,34.819],[126.061,34.818],[126.061,34.818],[126.066,34.813],[126.071,34.813],[126.072,34.814],[126.08,34.819],[126.077,34.822],[126.075,34.822],[126.074,34.823],[126.074,34.823],[126.075,34.825],[126.076,34.826],[126.076,34.826],[126.076,34.827],[126.077,34.827],[126.077,34.828],[126.076,34.829],[126.068,34.837],[126.061,34.844],[126.068,34.85],[126.074,34.851],[126.077,34.852],[126.081,34.858],[126.09,34.858],[126.105,34.851],[126.108,34.85],[126.111,34.85],[126.115,34.851],[126.117,34.852],[126.12,34.858],[126.119,34.858],[126.119,34.859],[126.119,34.859],[126.117,34.858],[126.117,34.858],[126.116,34.858],[126.115,34.859],[126.111,34.865],[126.11,34.865],[126.11,34.865],[126.109,34.868],[126.109,34.868],[126.111,34.875],[126.109,34.877],[126.109,34.879],[126.109,34.88],[126.11,34.88],[126.111,34.88],[126.112,34.88],[126.112,34.88],[126.115,34.883],[126.115,34.882],[126.116,34.882]]],[[[126.344,34.838],[126.345,34.838],[126.345,34.838],[126.344,34.842],[126.342,34.842],[126.342,34.842],[126.342,34.842],[126.342,34.842],[126.341,34.842],[126.34,34.839],[126.339,34.839],[126.339,34.839],[126.339,34.839],[126.339,34.839],[126.337,34.839],[126.336,34.84],[126.336,34.841],[126.336,34.842],[126.336,34.842],[126.337,34.843],[126.337,34.843],[126.337,34.844],[126.337,34.844],[126.329,34.851],[126.322,34.851],[126.319,34.85],[126.319,34.85],[126.319,34.849],[126.316,34.846],[126.315,34.848],[126.314,34.849],[126.314,34.849],[126.313,34.853],[126.312,34.853],[126.302,34.854],[126.3,34.853],[126.295,34.851],[126.294,34.85],[126.295,34.85],[126.294,34.852],[126.293,34.853],[126.291,34.855],[126.289,34.855],[126.283,34.855],[126.282,34.856],[126.277,34.856],[126.276,34.856],[126.275,34.855],[126.274,34.854],[126.273,34.85],[126.273,34.85],[126.274,34.851],[126.274,34.852],[126.274,34.852],[126.274,34.852],[126.274,34.852],[126.274,34.852],[126.274,34.852],[126.274,34.852],[126.274,34.852],[126.274,34.851],[126.274,34.851],[126.273,34.848],[126.272,34.848],[126.272,34.847],[126.269,34.846],[126.266,34.842],[126.264,34.84],[126.264,34.84],[126.262,34.84],[126.262,34.84],[126.26,34.841],[126.259,34.841],[126.257,34.841],[126.257,34.841],[126.256,34.84],[126.256,34.84],[126.255,34.84],[126.255,34.84],[126.248,34.844],[126.247,34.845],[126.247,34.845],[126.247,34.846],[126.241,34.848],[126.238,34.848],[126.233,34.849],[126.231,34.849],[126.229,34.848],[126.227,34.848],[126.226,34.849],[126.226,34.85],[126.229,34.853],[126.229,34.855],[126.229,34.855],[126.229,34.855],[126.229,34.855],[126.229,34.855],[126.229,34.855],[126.229,34.855],[126.229,34.855],[126.229,34.855],[126.229,34.855],[126.228,34.855],[126.228,34.855],[126.228,34.855],[126.228,34.855],[126.229,34.856],[126.229,34.856],[126.229,34.856],[126.229,34.856],[126.23,34.857],[126.23,34.857],[126.23,34.857],[126.23,34.857],[126.23,34.857],[126.23,34.857],[126.23,34.857],[126.23,34.857],[126.23,34.857],[126.23,34.857],[126.23,34.857],[126.23,34.857],[126.23,34.857],[126.231,34.857],[126.231,34.858],[126.231,34.858],[126.231,34.858],[126.231,34.858],[126.231,34.858],[126.231,34.858],[126.231,34.858],[126.231,34.859],[126.232,34.86],[126.232,34.86],[126.232,34.86],[126.232,34.86],[126.232,34.861],[126.232,34.861],[126.232,34.861],[126.232,34.861],[126.232,34.861],[126.232,34.862],[126.232,34.862],[126.232,34.862],[126.232,34.862],[126.232,34.862],[126.232,34.862],[126.233,34.864],[126.233,34.864],[126.233,34.865],[126.235,34.864],[126.237,34.863],[126.237,34.863],[126.237,34.862],[126.238,34.861],[126.242,34.859],[126.244,34.859],[126.251,34.859],[126.26,34.858],[126.268,34.869],[126.268,34.872],[126.269,34.872],[126.271,34.872],[126.272,34.871],[126.274,34.864],[126.274,34.864],[126.275,34.864],[126.275,34.864],[126.275,34.864],[126.275,34.865],[126.278,34.864],[126.279,34.863],[126.279,34.863],[126.281,34.871],[126.279,34.872],[126.278,34.873],[126.278,34.873],[126.279,34.878],[126.279,34.878],[126.281,34.882],[126.281,34.882],[126.281,34.886],[126.281,34.887],[126.281,34.887],[126.282,34.887],[126.285,34.887],[126.285,34.887],[126.286,34.887],[126.287,34.887],[126.287,34.887],[126.287,34.887],[126.289,34.885],[126.289,34.885],[126.289,34.885],[126.289,34.885],[126.289,34.884],[126.289,34.884],[126.289,34.884],[126.289,34.884],[126.289,34.884],[126.29,34.882],[126.293,34.881],[126.298,34.882],[126.299,34.883],[126.303,34.891],[126.299,34.895],[126.296,34.9],[126.296,34.9],[126.295,34.902],[126.293,34.902],[126.291,34.901],[126.291,34.901],[126.281,34.909],[126.281,34.91],[126.281,34.91],[126.281,34.91],[126.282,34.913],[126.284,34.915],[126.291,34.918],[126.294,34.921],[126.296,34.922],[126.297,34.922],[126.297,34.922],[126.299,34.922],[126.299,34.922],[126.299,34.922],[126.299,34.922],[126.299,34.922],[126.3,34.922],[126.3,34.922],[126.3,34.921],[126.301,34.92],[126.302,34.92],[126.303,34.919],[126.304,34.919],[126.305,34.92],[126.305,34.92],[126.304,34.92],[126.304,34.92],[126.305,34.92],[126.305,34.92],[126.306,34.917],[126.305,34.916],[126.305,34.916],[126.304,34.916],[126.304,34.916],[126.304,34.916],[126.304,34.916],[126.304,34.914],[126.318,34.906],[126.318,34.906],[126.323,34.911],[126.324,34.912],[126.325,34.912],[126.326,34.911],[126.327,34.91],[126.329,34.909],[126.335,34.909],[126.338,34.908],[126.339,34.905],[126.34,34.902],[126.345,34.899],[126.351,34.891],[126.351,34.891],[126.35,34.887],[126.349,34.887],[126.349,34.887],[126.349,34.888],[126.349,34.888],[126.348,34.89],[126.349,34.891],[126.349,34.892],[126.348,34.892],[126.347,34.894],[126.346,34.894],[126.345,34.895],[126.344,34.895],[126.337,34.893],[126.337,34.889],[126.336,34.888],[126.336,34.887],[126.336,34.887],[126.335,34.887],[126.335,34.887],[126.334,34.887],[126.334,34.887],[126.333,34.887],[126.333,34.887],[126.333,34.887],[126.333,34.887],[126.333,34.889],[126.333,34.889],[126.331,34.891],[126.327,34.892],[126.327,34.892],[126.326,34.892],[126.326,34.892],[126.326,34.882],[126.327,34.881],[126.328,34.881],[126.329,34.88],[126.327,34.879],[126.324,34.882],[126.313,34.879],[126.313,34.879],[126.313,34.878],[126.315,34.877],[126.316,34.877],[126.316,34.877],[126.325,34.874],[126.326,34.873],[126.326,34.873],[126.326,34.873],[126.325,34.872],[126.325,34.872],[126.324,34.872],[126.323,34.872],[126.323,34.872],[126.321,34.871],[126.321,34.869],[126.321,34.869],[126.321,34.868],[126.321,34.868],[126.316,34.868],[126.316,34.868],[126.315,34.868],[126.315,34.869],[126.315,34.869],[126.315,34.869],[126.315,34.869],[126.314,34.868],[126.314,34.867],[126.315,34.867],[126.319,34.863],[126.32,34.862],[126.321,34.862],[126.322,34.862],[126.323,34.861],[126.324,34.861],[126.325,34.861],[126.325,34.861],[126.332,34.862],[126.333,34.862],[126.334,34.862],[126.334,34.863],[126.335,34.863],[126.336,34.864],[126.337,34.864],[126.342,34.864],[126.348,34.863],[126.349,34.863],[126.35,34.863],[126.352,34.863],[126.353,34.864],[126.357,34.864],[126.358,34.863],[126.358,34.863],[126.358,34.863],[126.358,34.862],[126.363,34.856],[126.365,34.856],[126.367,34.857],[126.367,34.857],[126.367,34.857],[126.367,34.857],[126.367,34.857],[126.367,34.857],[126.367,34.857],[126.367,34.857],[126.367,34.857],[126.367,34.858],[126.367,34.858],[126.367,34.858],[126.367,34.858],[126.367,34.858],[126.367,34.858],[126.367,34.858],[126.367,34.858],[126.367,34.858],[126.367,34.858],[126.367,34.858],[126.367,34.858],[126.367,34.858],[126.367,34.858],[126.367,34.858],[126.368,34.857],[126.368,34.857],[126.368,34.857],[126.368,34.857],[126.368,34.855],[126.368,34.854],[126.367,34.853],[126.367,34.852],[126.367,34.851],[126.368,34.851],[126.368,34.85],[126.369,34.85],[126.369,34.85],[126.37,34.849],[126.371,34.843],[126.371,34.842],[126.37,34.842],[126.369,34.842],[126.365,34.839],[126.365,34.836],[126.365,34.836],[126.365,34.836],[126.365,34.836],[126.365,34.836],[126.365,34.836],[126.366,34.836],[126.366,34.836],[126.366,34.836],[126.366,34.836],[126.366,34.836],[126.366,34.836],[126.366,34.836],[126.367,34.836],[126.367,34.836],[126.367,34.836],[126.367,34.836],[126.367,34.836],[126.367,34.836],[126.367,34.836],[126.371,34.839],[126.371,34.839],[126.372,34.837],[126.373,34.833],[126.371,34.832],[126.369,34.832],[126.368,34.833],[126.368,34.833],[126.368,34.833],[126.365,34.828],[126.366,34.827],[126.366,34.827],[126.366,34.827],[126.367,34.827],[126.368,34.826],[126.367,34.824],[126.367,34.824],[126.367,34.824],[126.367,34.824],[126.364,34.823],[126.359,34.819],[126.354,34.815],[126.351,34.815],[126.35,34.815],[126.35,34.814],[126.35,34.814],[126.35,34.814],[126.35,34.814],[126.349,34.814],[126.348,34.814],[126.348,34.814],[126.348,34.814],[126.347,34.815],[126.347,34.815],[126.347,34.816],[126.347,34.816],[126.347,34.816],[126.344,34.818],[126.343,34.819],[126.34,34.817],[126.333,34.818],[126.328,34.822],[126.328,34.822],[126.327,34.822],[126.327,34.824],[126.327,34.825],[126.328,34.825],[126.328,34.825],[126.328,34.824],[126.329,34.824],[126.329,34.824],[126.334,34.825],[126.335,34.826],[126.336,34.827],[126.335,34.83],[126.335,34.831],[126.336,34.832],[126.337,34.834],[126.343,34.833],[126.344,34.833],[126.346,34.835],[126.346,34.835],[126.346,34.835],[126.346,34.835],[126.346,34.835],[126.346,34.835],[126.346,34.836],[126.346,34.836],[126.345,34.836],[126.344,34.838]]],[[[127.664,34.915],[127.664,34.915],[127.666,34.919],[127.668,34.921],[127.671,34.925],[127.671,34.925],[127.672,34.93],[127.673,34.93],[127.673,34.93],[127.679,34.929],[127.682,34.927],[127.683,34.926],[127.687,34.924],[127.693,34.917],[127.69,34.915],[127.673,34.904],[127.667,34.91],[127.666,34.91],[127.664,34.911],[127.664,34.912],[127.664,34.912],[127.664,34.912],[127.664,34.912],[127.663,34.913],[127.663,34.913],[127.664,34.913],[127.664,34.914],[127.664,34.914],[127.664,34.915]]],[[[126.063,34.933],[126.063,34.933],[126.064,34.933],[126.066,34.935],[126.068,34.937],[126.071,34.935],[126.075,34.934],[126.075,34.934],[126.075,34.934],[126.079,34.931],[126.075,34.925],[126.075,34.924],[126.075,34.923],[126.076,34.921],[126.078,34.921],[126.081,34.919],[126.082,34.919],[126.087,34.921],[126.091,34.923],[126.091,34.923],[126.091,34.923],[126.091,34.922],[126.091,34.921],[126.087,34.918],[126.087,34.918],[126.083,34.915],[126.083,34.913],[126.084,34.912],[126.084,34.911],[126.084,34.911],[126.086,34.912],[126.088,34.912],[126.092,34.91],[126.093,34.909],[126.094,34.908],[126.095,34.909],[126.097,34.911],[126.097,34.911],[126.097,34.911],[126.099,34.91],[126.099,34.909],[126.091,34.904],[126.087,34.901],[126.084,34.894],[126.091,34.89],[126.091,34.89],[126.096,34.891],[126.097,34.89],[126.099,34.889],[126.097,34.885],[126.096,34.885],[126.094,34.884],[126.094,34.883],[126.095,34.88],[126.095,34.88],[126.095,34.88],[126.095,34.881],[126.096,34.881],[126.097,34.881],[126.097,34.881],[126.097,34.88],[126.097,34.88],[126.095,34.877],[126.09,34.876],[126.09,34.876],[126.089,34.876],[126.086,34.876],[126.084,34.877],[126.084,34.878],[126.079,34.881],[126.079,34.881],[126.079,34.878],[126.082,34.868],[126.084,34.867],[126.084,34.866],[126.084,34.866],[126.085,34.866],[126.085,34.865],[126.084,34.864],[126.082,34.864],[126.081,34.864],[126.08,34.864],[126.08,34.865],[126.08,34.865],[126.078,34.866],[126.077,34.865],[126.076,34.864],[126.068,34.864],[126.068,34.864],[126.068,34.863],[126.069,34.86],[126.069,34.859],[126.069,34.859],[126.066,34.857],[126.059,34.856],[126.051,34.855],[126.051,34.855],[126.051,34.855],[126.044,34.848],[126.046,34.847],[126.046,34.847],[126.046,34.847],[126.047,34.847],[126.047,34.847],[126.047,34.846],[126.046,34.845],[126.039,34.85],[126.033,34.857],[126.033,34.858],[126.032,34.859],[126.03,34.859],[126.028,34.86],[126.027,34.86],[126.026,34.86],[126.026,34.86],[126.025,34.86],[126.02,34.862],[126.02,34.862],[126.02,34.862],[126.021,34.863],[126.021,34.863],[126.022,34.864],[126.023,34.865],[126.023,34.865],[126.023,34.866],[126.023,34.866],[126.023,34.867],[126.023,34.868],[126.023,34.869],[126.024,34.871],[126.025,34.872],[126.025,34.872],[126.023,34.872],[126.018,34.866],[126.018,34.865],[126.016,34.863],[126.01,34.86],[126.007,34.859],[126.007,34.86],[126.004,34.863],[126.0,34.865],[125.999,34.865],[125.997,34.865],[125.994,34.865],[125.994,34.865],[125.993,34.865],[125.993,34.864],[125.993,34.864],[125.988,34.865],[125.983,34.863],[125.977,34.864],[125.977,34.864],[125.977,34.865],[125.977,34.866],[125.979,34.866],[125.98,34.867],[125.981,34.867],[125.982,34.867],[125.982,34.867],[125.982,34.867],[125.983,34.868],[125.983,34.868],[125.982,34.868],[125.982,34.869],[125.982,34.87],[125.982,34.871],[125.981,34.871],[125.981,34.872],[125.98,34.873],[125.979,34.873],[125.979,34.874],[125.979,34.874],[125.978,34.874],[125.978,34.874],[125.978,34.874],[125.977,34.874],[125.974,34.872],[125.975,34.872],[125.972,34.87],[125.969,34.871],[125.968,34.872],[125.967,34.874],[125.969,34.876],[125.975,34.874],[125.984,34.875],[125.986,34.874],[125.986,34.874],[125.988,34.875],[125.988,34.875],[125.989,34.876],[125.99,34.876],[125.99,34.877],[125.991,34.877],[125.991,34.878],[125.995,34.887],[125.995,34.887],[126.0,34.887],[126.0,34.887],[126.002,34.89],[126.003,34.89],[126.011,34.903],[126.012,34.903],[126.012,34.904],[126.016,34.909],[126.016,34.909],[126.016,34.909],[126.016,34.909],[126.015,34.91],[126.014,34.912],[126.016,34.912],[126.017,34.912],[126.018,34.911],[126.017,34.911],[126.017,34.911],[126.018,34.909],[126.031,34.909],[126.031,34.909],[126.032,34.909],[126.032,34.909],[126.033,34.91],[126.034,34.911],[126.037,34.913],[126.037,34.914],[126.037,34.915],[126.037,34.915],[126.038,34.915],[126.038,34.915],[126.037,34.916],[126.037,34.916],[126.037,34.916],[126.037,34.916],[126.035,34.918],[126.034,34.918],[126.034,34.919],[126.035,34.92],[126.039,34.92],[126.04,34.919],[126.04,34.919],[126.04,34.919],[126.042,34.914],[126.04,34.911],[126.04,34.911],[126.044,34.91],[126.045,34.91],[126.046,34.91],[126.046,34.91],[126.048,34.91],[126.048,34.91],[126.05,34.91],[126.051,34.911],[126.052,34.911],[126.053,34.912],[126.055,34.912],[126.055,34.913],[126.056,34.913],[126.061,34.92],[126.061,34.92],[126.061,34.921],[126.061,34.922],[126.06,34.922],[126.058,34.926],[126.06,34.929],[126.061,34.929],[126.061,34.931],[126.061,34.931],[126.06,34.932],[126.059,34.932],[126.059,34.933],[126.056,34.938],[126.056,34.939],[126.057,34.939],[126.061,34.936],[126.063,34.935],[126.063,34.934],[126.062,34.934],[126.062,34.934],[126.062,34.934],[126.062,34.933],[126.063,34.933]]],[[[127.738,34.94],[127.736,34.935],[127.736,34.935],[127.747,34.932],[127.765,34.932],[127.782,34.918],[127.784,34.915],[127.784,34.91],[127.785,34.91],[127.785,34.905],[127.784,34.903],[127.784,34.888],[127.784,34.887],[127.779,34.887],[127.769,34.891],[127.765,34.892],[127.765,34.892],[127.763,34.892],[127.762,34.896],[127.748,34.904],[127.743,34.906],[127.76,34.903],[127.761,34.908],[127.748,34.908],[127.744,34.907],[127.741,34.909],[127.735,34.908],[127.735,34.908],[127.737,34.908],[127.738,34.907],[127.709,34.912],[127.705,34.925],[127.704,34.926],[127.704,34.926],[127.704,34.929],[127.704,34.93],[127.706,34.93],[127.708,34.93],[127.708,34.93],[127.709,34.93],[127.714,34.932],[127.715,34.934],[127.715,34.938],[127.717,34.94],[127.721,34.943],[127.723,34.945],[127.723,34.945],[127.724,34.946],[127.73,34.952],[127.731,34.952],[127.732,34.952],[127.732,34.951],[127.733,34.95],[127.738,34.947],[127.74,34.946],[127.74,34.946],[127.74,34.946],[127.738,34.94]],[[127.768,34.912],[127.767,34.905],[127.782,34.896],[127.782,34.897],[127.782,34.902],[127.782,34.909],[127.781,34.913],[127.78,34.912],[127.772,34.915],[127.768,34.912]]],[[[126.162,34.961],[126.161,34.96],[126.161,34.96],[126.162,34.959],[126.163,34.958],[126.163,34.958],[126.163,34.958],[126.164,34.953],[126.164,34.953],[126.165,34.948],[126.166,34.948],[126.166,34.949],[126.166,34.949],[126.169,34.945],[126.16,34.943],[126.16,34.943],[126.16,34.943],[126.16,34.942],[126.16,34.942],[126.16,34.942],[126.16,34.942],[126.16,34.942],[126.16,34.94],[126.159,34.94],[126.159,34.939],[126.159,34.939],[126.159,34.939],[126.157,34.938],[126.157,34.938],[126.157,34.938],[126.157,34.938],[126.157,34.938],[126.156,34.939],[126.156,34.939],[126.157,34.939],[126.157,34.939],[126.157,34.939],[126.157,34.939],[126.157,34.939],[126.157,34.939],[126.157,34.939],[126.157,34.939],[126.157,34.939],[126.158,34.939],[126.158,34.939],[126.158,34.939],[126.158,34.939],[126.158,34.939],[126.158,34.94],[126.159,34.94],[126.159,34.94],[126.159,34.94],[126.159,34.94],[126.159,34.94],[126.159,34.941],[126.159,34.941],[126.16,34.942],[126.16,34.943],[126.16,34.943],[126.161,34.945],[126.161,34.946],[126.161,34.947],[126.161,34.948],[126.16,34.949],[126.158,34.953],[126.157,34.954],[126.157,34.955],[126.157,34.955],[126.157,34.956],[126.157,34.956],[126.157,34.956],[126.158,34.956],[126.158,34.956],[126.16,34.955],[126.16,34.955],[126.159,34.955],[126.158,34.955],[126.158,34.955],[126.16,34.954],[126.162,34.961]]],[[[126.162,34.961],[126.164,34.963],[126.163,34.962],[126.162,34.961]]],[[[126.164,34.963],[126.167,34.968],[126.166,34.969],[126.162,34.972],[126.161,34.972],[126.155,34.969],[126.153,34.97],[126.153,34.97],[126.15,34.971],[126.144,34.969],[126.144,34.968],[126.144,34.965],[126.14,34.954],[126.139,34.954],[126.138,34.953],[126.133,34.949],[126.133,34.949],[126.132,34.95],[126.13,34.95],[126.129,34.95],[126.128,34.949],[126.127,34.949],[126.127,34.949],[126.126,34.949],[126.126,34.949],[126.125,34.948],[126.125,34.948],[126.125,34.948],[126.126,34.948],[126.126,34.948],[126.126,34.948],[126.125,34.947],[126.124,34.947],[126.123,34.947],[126.124,34.949],[126.124,34.951],[126.125,34.951],[126.125,34.951],[126.126,34.951],[126.127,34.951],[126.127,34.951],[126.127,34.951],[126.127,34.951],[126.127,34.951],[126.128,34.951],[126.128,34.951],[126.134,34.96],[126.134,34.96],[126.134,34.961],[126.134,34.961],[126.136,34.966],[126.136,34.967],[126.137,34.967],[126.137,34.969],[126.137,34.972],[126.136,34.978],[126.136,34.984],[126.135,34.985],[126.135,34.986],[126.134,34.989],[126.134,34.99],[126.135,34.992],[126.137,34.991],[126.14,34.989],[126.14,34.989],[126.141,34.989],[126.141,34.988],[126.141,34.987],[126.142,34.987],[126.144,34.987],[126.145,34.988],[126.145,34.988],[126.145,34.989],[126.141,34.994],[126.139,34.995],[126.136,34.998],[126.135,35.0],[126.135,35.0],[126.134,35.001],[126.134,35.001],[126.134,35.001],[126.134,35.001],[126.133,35.001],[126.133,35.001],[126.133,35.001],[126.133,35.002],[126.133,35.002],[126.126,35.0],[126.124,35.001],[126.124,35.001],[126.123,35.001],[126.122,35.001],[126.121,34.998],[126.12,34.997],[126.115,34.997],[126.115,34.997],[126.115,34.997],[126.114,34.997],[126.114,34.998],[126.112,34.998],[126.109,34.997],[126.109,34.997],[126.108,34.997],[126.108,34.997],[126.108,34.997],[126.108,34.997],[126.107,34.997],[126.107,34.997],[126.107,34.997],[126.104,34.999],[126.104,34.999],[126.104,34.999],[126.104,35.0],[126.102,35.001],[126.101,35.001],[126.101,35.001],[126.101,35.001],[126.1,35.001],[126.1,35.001],[126.1,35.001],[126.1,35.001],[126.1,35.001],[126.1,35.001],[126.1,35.001],[126.1,35.001],[126.1,35.001],[126.098,35.002],[126.098,35.002],[126.099,35.005],[126.102,35.008],[126.102,35.008],[126.103,35.008],[126.106,35.005],[126.107,35.005],[126.107,35.005],[126.107,35.005],[126.107,35.005],[126.107,35.005],[126.107,35.005],[126.108,35.006],[126.109,35.006],[126.109,35.006],[126.109,35.006],[126.109,35.006],[126.109,35.006],[126.113,35.009],[126.113,35.009],[126.113,35.009],[126.113,35.009],[126.114,35.01],[126.114,35.01],[126.115,35.01],[126.115,35.011],[126.115,35.011],[126.115,35.011],[126.115,35.012],[126.115,35.013],[126.115,35.013],[126.115,35.013],[126.115,35.013],[126.115,35.013],[126.114,35.014],[126.113,35.014],[126.113,35.015],[126.113,35.015],[126.115,35.018],[126.115,35.018],[126.116,35.018],[126.116,35.018],[126.117,35.017],[126.117,35.017],[126.12,35.017],[126.12,35.017],[126.12,35.017],[126.124,35.018],[126.128,35.022],[126.128,35.022],[126.126,35.023],[126.127,35.026],[126.128,35.027],[126.128,35.026],[126.129,35.026],[126.131,35.023],[126.131,35.023],[126.133,35.023],[126.133,35.023],[126.133,35.023],[126.134,35.024],[126.134,35.024],[126.134,35.024],[126.133,35.025],[126.133,35.025],[126.133,35.025],[126.132,35.026],[126.132,35.026],[126.132,35.027],[126.135,35.026],[126.138,35.024],[126.139,35.022],[126.141,35.022],[126.141,35.024],[126.145,35.022],[126.146,35.022],[126.153,35.022],[126.154,35.023],[126.155,35.022],[126.16,35.018],[126.164,35.019],[126.166,35.016],[126.166,35.015],[126.165,35.014],[126.165,35.014],[126.164,35.014],[126.162,35.01],[126.166,35.008],[126.165,35.004],[126.176,34.997],[126.178,34.988],[126.178,34.982],[126.18,34.974],[126.179,34.974],[126.179,34.974],[126.176,34.973],[126.167,34.967],[126.167,34.967],[126.167,34.967],[126.164,34.963]]],[[[126.056,35.075],[126.056,35.075],[126.055,35.075],[126.056,35.075]]],[[[126.056,35.075],[126.057,35.077],[126.057,35.077],[126.05,35.08],[126.049,35.081],[126.048,35.081],[126.048,35.081],[126.048,35.081],[126.047,35.081],[126.045,35.08],[126.042,35.085],[126.042,35.085],[126.044,35.086],[126.044,35.086],[126.044,35.086],[126.044,35.086],[126.046,35.086],[126.046,35.086],[126.046,35.086],[126.047,35.087],[126.047,35.087],[126.056,35.095],[126.056,35.096],[126.056,35.096],[126.056,35.096],[126.056,35.097],[126.056,35.097],[126.056,35.097],[126.056,35.097],[126.056,35.097],[126.056,35.097],[126.056,35.098],[126.056,35.098],[126.054,35.098],[126.054,35.098],[126.054,35.097],[126.051,35.099],[126.049,35.102],[126.049,35.103],[126.052,35.105],[126.053,35.104],[126.056,35.103],[126.057,35.103],[126.059,35.103],[126.061,35.104],[126.062,35.104],[126.063,35.104],[126.064,35.104],[126.064,35.104],[126.065,35.104],[126.066,35.104],[126.067,35.103],[126.07,35.103],[126.07,35.103],[126.074,35.104],[126.074,35.104],[126.074,35.104],[126.075,35.105],[126.081,35.108],[126.086,35.111],[126.09,35.114],[126.098,35.122],[126.101,35.126],[126.106,35.129],[126.109,35.13],[126.112,35.134],[126.115,35.138],[126.116,35.139],[126.115,35.14],[126.115,35.14],[126.115,35.14],[126.114,35.14],[126.114,35.14],[126.113,35.141],[126.113,35.142],[126.113,35.142],[126.114,35.143],[126.117,35.143],[126.117,35.143],[126.117,35.142],[126.116,35.142],[126.116,35.141],[126.117,35.141],[126.117,35.141],[126.117,35.141],[126.118,35.141],[126.13,35.143],[126.135,35.143],[126.14,35.143],[126.141,35.143],[126.14,35.142],[126.14,35.142],[126.14,35.142],[126.14,35.142],[126.14,35.142],[126.141,35.142],[126.141,35.141],[126.141,35.141],[126.141,35.141],[126.141,35.141],[126.141,35.141],[126.142,35.141],[126.142,35.141],[126.142,35.141],[126.142,35.141],[126.143,35.141],[126.143,35.141],[126.143,35.141],[126.144,35.141],[126.144,35.141],[126.144,35.141],[126.144,35.141],[126.144,35.141],[126.145,35.141],[126.145,35.141],[126.145,35.141],[126.145,35.142],[126.145,35.142],[126.145,35.142],[126.145,35.142],[126.145,35.142],[126.145,35.143],[126.145,35.143],[126.145,35.143],[126.145,35.143],[126.145,35.143],[126.145,35.143],[126.144,35.143],[126.144,35.144],[126.146,35.146],[126.146,35.146],[126.149,35.147],[126.159,35.147],[126.164,35.146],[126.164,35.145],[126.164,35.145],[126.164,35.145],[126.164,35.145],[126.162,35.145],[126.158,35.144],[126.158,35.144],[126.152,35.143],[126.152,35.143],[126.152,35.143],[126.151,35.144],[126.149,35.144],[126.149,35.144],[126.148,35.144],[126.148,35.144],[126.148,35.144],[126.148,35.144],[126.147,35.144],[126.147,35.143],[126.147,35.143],[126.146,35.14],[126.141,35.136],[126.128,35.137],[126.127,35.137],[126.126,35.136],[126.124,35.135],[126.123,35.13],[126.123,35.128],[126.121,35.124],[126.12,35.123],[126.12,35.123],[126.12,35.123],[126.119,35.123],[126.117,35.116],[126.117,35.116],[126.117,35.116],[126.117,35.116],[126.117,35.116],[126.117,35.116],[126.117,35.115],[126.118,35.114],[126.119,35.112],[126.118,35.107],[126.118,35.107],[126.117,35.107],[126.117,35.107],[126.117,35.106],[126.117,35.105],[126.118,35.099],[126.118,35.098],[126.118,35.097],[126.117,35.097],[126.117,35.097],[126.117,35.097],[126.117,35.097],[126.117,35.097],[126.117,35.098],[126.117,35.094],[126.118,35.093],[126.12,35.093],[126.123,35.088],[126.123,35.087],[126.122,35.087],[126.122,35.087],[126.121,35.087],[126.121,35.087],[126.12,35.085],[126.12,35.084],[126.121,35.083],[126.121,35.083],[126.121,35.083],[126.122,35.083],[126.122,35.083],[126.122,35.083],[126.122,35.083],[126.122,35.083],[126.122,35.083],[126.123,35.082],[126.124,35.081],[126.121,35.081],[126.12,35.082],[126.112,35.083],[126.111,35.083],[126.108,35.085],[126.107,35.087],[126.106,35.088],[126.104,35.089],[126.102,35.089],[126.102,35.088],[126.103,35.088],[126.107,35.085],[126.108,35.084],[126.116,35.081],[126.12,35.079],[126.122,35.078],[126.122,35.077],[126.122,35.077],[126.116,35.071],[126.116,35.071],[126.114,35.071],[126.114,35.071],[126.114,35.071],[126.114,35.072],[126.113,35.072],[126.112,35.072],[126.109,35.07],[126.115,35.063],[126.116,35.063],[126.117,35.061],[126.117,35.061],[126.117,35.061],[126.116,35.059],[126.116,35.059],[126.116,35.059],[126.116,35.059],[126.113,35.059],[126.113,35.059],[126.113,35.059],[126.113,35.059],[126.113,35.059],[126.111,35.061],[126.111,35.061],[126.111,35.061],[126.107,35.06],[126.102,35.057],[126.104,35.052],[126.103,35.051],[126.102,35.051],[126.102,35.051],[126.101,35.051],[126.101,35.051],[126.1,35.05],[126.1,35.05],[126.1,35.05],[126.101,35.049],[126.101,35.048],[126.101,35.048],[126.096,35.048],[126.096,35.048],[126.096,35.049],[126.096,35.049],[126.096,35.049],[126.096,35.05],[126.096,35.05],[126.096,35.051],[126.095,35.051],[126.094,35.052],[126.094,35.052],[126.093,35.052],[126.083,35.055],[126.077,35.057],[126.074,35.06],[126.074,35.06],[126.074,35.06],[126.077,35.068],[126.077,35.07],[126.077,35.07],[126.077,35.07],[126.076,35.07],[126.074,35.07],[126.069,35.067],[126.069,35.068],[126.067,35.069],[126.067,35.069],[126.063,35.07],[126.063,35.069],[126.062,35.069],[126.062,35.069],[126.061,35.068],[126.06,35.068],[126.06,35.068],[126.059,35.066],[126.059,35.066],[126.059,35.066],[126.059,35.066],[126.06,35.065],[126.061,35.063],[126.062,35.059],[126.062,35.059],[126.062,35.059],[126.062,35.059],[126.062,35.058],[126.064,35.057],[126.064,35.057],[126.063,35.056],[126.063,35.055],[126.063,35.056],[126.058,35.057],[126.058,35.057],[126.058,35.057],[126.058,35.057],[126.058,35.057],[126.058,35.057],[126.059,35.058],[126.06,35.061],[126.06,35.061],[126.06,35.062],[126.058,35.063],[126.057,35.064],[126.054,35.064],[126.053,35.063],[126.053,35.063],[126.053,35.063],[126.053,35.063],[126.053,35.063],[126.053,35.063],[126.053,35.063],[126.053,35.063],[126.053,35.062],[126.053,35.062],[126.053,35.062],[126.053,35.062],[126.051,35.061],[126.044,35.067],[126.042,35.067],[126.041,35.065],[126.041,35.065],[126.041,35.065],[126.038,35.065],[126.038,35.066],[126.038,35.07],[126.038,35.071],[126.039,35.071],[126.046,35.069],[126.055,35.068],[126.055,35.068],[126.055,35.068],[126.055,35.068],[126.056,35.069],[126.057,35.071],[126.058,35.076],[126.057,35.077],[126.057,35.077],[126.057,35.077],[126.057,35.077],[126.057,35.077],[126.056,35.075]]],[[[127.664,34.915],[127.663,34.914],[127.663,34.914],[127.663,34.914],[127.663,34.914],[127.663,34.914],[127.663,34.914],[127.663,34.914],[127.663,34.912],[127.663,34.912],[127.663,34.912],[127.663,34.912],[127.663,34.912],[127.663,34.912],[127.663,34.912],[127.663,34.912],[127.663,34.911],[127.663,34.911],[127.663,34.911],[127.663,34.911],[127.666,34.909],[127.668,34.908],[127.671,34.903],[127.646,34.888],[127.635,34.888],[127.632,34.894],[127.625,34.902],[127.628,34.904],[127.655,34.908],[127.656,34.909],[127.648,34.908],[127.645,34.907],[127.642,34.907],[127.636,34.906],[127.635,34.906],[127.635,34.907],[127.634,34.907],[127.631,34.906],[127.628,34.906],[127.626,34.906],[127.624,34.906],[127.616,34.909],[127.612,34.916],[127.608,34.922],[127.599,34.926],[127.581,34.922],[127.58,34.922],[127.58,34.921],[127.579,34.919],[127.579,34.916],[127.579,34.918],[127.58,34.919],[127.591,34.919],[127.604,34.905],[127.605,34.903],[127.605,34.903],[127.604,34.902],[127.609,34.898],[127.611,34.896],[127.612,34.896],[127.612,34.893],[127.606,34.887],[127.59,34.877],[127.59,34.876],[127.59,34.875],[127.592,34.87],[127.602,34.859],[127.602,34.858],[127.603,34.857],[127.603,34.856],[127.604,34.855],[127.604,34.854],[127.604,34.854],[127.605,34.854],[127.606,34.855],[127.606,34.855],[127.607,34.856],[127.609,34.857],[127.611,34.858],[127.611,34.858],[127.611,34.858],[127.612,34.858],[127.612,34.858],[127.612,34.858],[127.612,34.858],[127.612,34.858],[127.612,34.858],[127.612,34.858],[127.612,34.858],[127.612,34.858],[127.611,34.858],[127.611,34.858],[127.611,34.858],[127.61,34.857],[127.61,34.857],[127.609,34.857],[127.605,34.853],[127.606,34.852],[127.61,34.85],[127.611,34.85],[127.611,34.85],[127.611,34.85],[127.61,34.852],[127.61,34.853],[127.61,34.854],[127.613,34.854],[127.614,34.854],[127.618,34.848],[127.621,34.846],[127.624,34.844],[127.625,34.844],[127.625,34.844],[127.626,34.844],[127.627,34.844],[127.635,34.847],[127.635,34.847],[127.636,34.846],[127.636,34.84],[127.635,34.839],[127.634,34.838],[127.629,34.839],[127.628,34.84],[127.628,34.84],[127.627,34.841],[127.627,34.837],[127.627,34.835],[127.627,34.835],[127.627,34.835],[127.636,34.828],[127.64,34.83],[127.662,34.845],[127.666,34.84],[127.666,34.84],[127.67,34.837],[127.675,34.841],[127.685,34.851],[127.695,34.865],[127.697,34.861],[127.712,34.859],[127.717,34.859],[127.724,34.86],[127.726,34.862],[127.728,34.862],[127.729,34.86],[127.733,34.858],[127.734,34.856],[127.741,34.852],[127.743,34.851],[127.743,34.851],[127.742,34.857],[127.74,34.86],[127.749,34.861],[127.76,34.863],[127.76,34.863],[127.76,34.863],[127.762,34.864],[127.763,34.863],[127.771,34.862],[127.775,34.86],[127.776,34.856],[127.775,34.845],[127.775,34.845],[127.775,34.839],[127.775,34.837],[127.769,34.833],[127.768,34.832],[127.768,34.831],[127.769,34.827],[127.768,34.826],[127.768,34.826],[127.768,34.826],[127.767,34.825],[127.768,34.824],[127.768,34.823],[127.768,34.823],[127.769,34.823],[127.769,34.822],[127.771,34.822],[127.772,34.822],[127.772,34.822],[127.773,34.823],[127.773,34.823],[127.774,34.823],[127.774,34.822],[127.774,34.822],[127.774,34.821],[127.774,34.82],[127.771,34.82],[127.77,34.821],[127.769,34.82],[127.767,34.819],[127.767,34.818],[127.768,34.815],[127.767,34.811],[127.766,34.809],[127.767,34.808],[127.767,34.808],[127.767,34.808],[127.767,34.808],[127.769,34.805],[127.769,34.805],[127.768,34.802],[127.763,34.802],[127.759,34.801],[127.757,34.799],[127.755,34.793],[127.755,34.793],[127.755,34.793],[127.757,34.787],[127.748,34.781],[127.748,34.781],[127.747,34.781],[127.746,34.78],[127.745,34.778],[127.745,34.778],[127.745,34.777],[127.745,34.776],[127.745,34.776],[127.748,34.772],[127.751,34.768],[127.756,34.761],[127.76,34.759],[127.76,34.759],[127.756,34.761],[127.752,34.755],[127.752,34.755],[127.752,34.755],[127.756,34.752],[127.75,34.751],[127.75,34.751],[127.748,34.748],[127.748,34.748],[127.749,34.748],[127.751,34.746],[127.755,34.743],[127.755,34.739],[127.752,34.737],[127.75,34.736],[127.748,34.737],[127.748,34.737],[127.748,34.737],[127.748,34.737],[127.748,34.737],[127.747,34.737],[127.746,34.738],[127.746,34.738],[127.745,34.738],[127.745,34.738],[127.745,34.738],[127.745,34.738],[127.745,34.738],[127.742,34.737],[127.74,34.737],[127.738,34.737],[127.738,34.738],[127.738,34.738],[127.733,34.739],[127.733,34.738],[127.732,34.734],[127.732,34.733],[127.732,34.733],[127.732,34.732],[127.733,34.731],[127.733,34.731],[127.733,34.731],[127.733,34.73],[127.733,34.73],[127.725,34.728],[127.726,34.727],[127.725,34.727],[127.725,34.727],[127.72,34.726],[127.716,34.724],[127.717,34.725],[127.713,34.725],[127.709,34.724],[127.708,34.723],[127.698,34.721],[127.698,34.721],[127.698,34.721],[127.698,34.721],[127.698,34.721],[127.699,34.722],[127.699,34.722],[127.7,34.723],[127.7,34.723],[127.7,34.723],[127.7,34.724],[127.7,34.724],[127.688,34.732],[127.683,34.733],[127.683,34.732],[127.682,34.733],[127.673,34.742],[127.673,34.742],[127.674,34.743],[127.674,34.746],[127.674,34.746],[127.673,34.746],[127.666,34.748],[127.662,34.752],[127.661,34.754],[127.662,34.755],[127.664,34.756],[127.664,34.756],[127.663,34.757],[127.663,34.757],[127.663,34.757],[127.655,34.75],[127.656,34.749],[127.658,34.749],[127.659,34.747],[127.658,34.746],[127.658,34.746],[127.658,34.746],[127.657,34.746],[127.657,34.746],[127.657,34.746],[127.655,34.746],[127.653,34.744],[127.65,34.74],[127.642,34.727],[127.64,34.724],[127.64,34.724],[127.64,34.722],[127.64,34.721],[127.64,34.72],[127.64,34.719],[127.639,34.719],[127.643,34.707],[127.639,34.706],[127.639,34.706],[127.639,34.706],[127.637,34.709],[127.637,34.709],[127.635,34.71],[127.633,34.711],[127.632,34.711],[127.631,34.71],[127.628,34.711],[127.627,34.713],[127.628,34.717],[127.628,34.718],[127.625,34.718],[127.621,34.713],[127.621,34.713],[127.621,34.713],[127.621,34.712],[127.621,34.712],[127.622,34.709],[127.622,34.708],[127.62,34.708],[127.62,34.709],[127.617,34.71],[127.617,34.71],[127.617,34.71],[127.615,34.708],[127.614,34.707],[127.614,34.706],[127.618,34.701],[127.619,34.701],[127.625,34.699],[127.628,34.696],[127.628,34.695],[127.627,34.695],[127.622,34.691],[127.622,34.691],[127.622,34.691],[127.622,34.69],[127.623,34.687],[127.632,34.683],[127.632,34.683],[127.632,34.683],[127.632,34.683],[127.632,34.683],[127.633,34.683],[127.633,34.684],[127.633,34.684],[127.634,34.686],[127.635,34.686],[127.636,34.685],[127.639,34.684],[127.639,34.683],[127.639,34.683],[127.637,34.682],[127.637,34.682],[127.637,34.682],[127.637,34.682],[127.637,34.683],[127.637,34.683],[127.637,34.683],[127.636,34.683],[127.636,34.683],[127.636,34.683],[127.636,34.683],[127.635,34.683],[127.635,34.683],[127.634,34.683],[127.631,34.68],[127.631,34.68],[127.631,34.68],[127.623,34.682],[127.623,34.682],[127.622,34.683],[127.62,34.684],[127.619,34.685],[127.619,34.685],[127.617,34.683],[127.618,34.683],[127.618,34.683],[127.618,34.683],[127.618,34.683],[127.619,34.682],[127.621,34.68],[127.625,34.678],[127.627,34.677],[127.629,34.675],[127.629,34.674],[127.629,34.673],[127.629,34.672],[127.63,34.672],[127.632,34.671],[127.633,34.67],[127.633,34.67],[127.632,34.667],[127.632,34.666],[127.632,34.665],[127.634,34.663],[127.633,34.657],[127.632,34.657],[127.63,34.65],[127.63,34.649],[127.63,34.649],[127.631,34.649],[127.637,34.649],[127.638,34.649],[127.638,34.649],[127.638,34.649],[127.638,34.649],[127.638,34.649],[127.638,34.65],[127.638,34.65],[127.638,34.651],[127.638,34.651],[127.641,34.652],[127.641,34.652],[127.643,34.65],[127.64,34.646],[127.64,34.646],[127.64,34.646],[127.639,34.646],[127.637,34.646],[127.637,34.647],[127.633,34.646],[127.64,34.644],[127.64,34.644],[127.64,34.644],[127.64,34.644],[127.64,34.643],[127.639,34.643],[127.639,34.643],[127.638,34.642],[127.635,34.642],[127.635,34.641],[127.633,34.636],[127.633,34.636],[127.641,34.637],[127.646,34.629],[127.646,34.629],[127.644,34.627],[127.637,34.626],[127.637,34.626],[127.636,34.626],[127.635,34.628],[127.634,34.628],[127.634,34.628],[127.636,34.629],[127.636,34.629],[127.636,34.63],[127.636,34.63],[127.636,34.63],[127.636,34.631],[127.636,34.631],[127.635,34.632],[127.634,34.633],[127.634,34.633],[127.631,34.633],[127.631,34.633],[127.628,34.631],[127.628,34.631],[127.628,34.631],[127.628,34.63],[127.627,34.63],[127.626,34.63],[127.625,34.63],[127.624,34.63],[127.624,34.631],[127.624,34.631],[127.624,34.631],[127.624,34.631],[127.624,34.631],[127.625,34.631],[127.625,34.632],[127.626,34.632],[127.626,34.632],[127.626,34.632],[127.626,34.633],[127.626,34.633],[127.621,34.639],[127.621,34.639],[127.615,34.643],[127.613,34.644],[127.609,34.645],[127.609,34.645],[127.604,34.646],[127.603,34.646],[127.602,34.647],[127.592,34.651],[127.591,34.651],[127.59,34.652],[127.59,34.652],[127.583,34.652],[127.581,34.652],[127.579,34.651],[127.577,34.65],[127.575,34.648],[127.575,34.648],[127.575,34.647],[127.576,34.64],[127.576,34.639],[127.577,34.639],[127.577,34.639],[127.577,34.639],[127.578,34.638],[127.579,34.638],[127.582,34.632],[127.583,34.631],[127.583,34.63],[127.581,34.631],[127.58,34.631],[127.575,34.636],[127.573,34.641],[127.57,34.646],[127.568,34.65],[127.565,34.655],[127.56,34.658],[127.559,34.659],[127.559,34.659],[127.559,34.659],[127.559,34.659],[127.558,34.659],[127.558,34.659],[127.557,34.658],[127.555,34.658],[127.554,34.658],[127.554,34.659],[127.551,34.665],[127.553,34.669],[127.553,34.67],[127.553,34.67],[127.558,34.671],[127.558,34.671],[127.559,34.671],[127.559,34.671],[127.56,34.671],[127.561,34.672],[127.564,34.675],[127.563,34.676],[127.563,34.677],[127.563,34.677],[127.558,34.679],[127.557,34.679],[127.557,34.679],[127.557,34.679],[127.557,34.679],[127.556,34.679],[127.556,34.679],[127.556,34.678],[127.556,34.677],[127.55,34.682],[127.55,34.682],[127.55,34.682],[127.551,34.689],[127.551,34.691],[127.552,34.692],[127.553,34.694],[127.553,34.694],[127.554,34.694],[127.555,34.694],[127.559,34.695],[127.559,34.695],[127.558,34.696],[127.558,34.696],[127.558,34.696],[127.557,34.696],[127.557,34.696],[127.557,34.696],[127.556,34.696],[127.557,34.697],[127.559,34.7],[127.559,34.7],[127.56,34.7],[127.56,34.7],[127.562,34.699],[127.563,34.698],[127.566,34.698],[127.567,34.699],[127.567,34.699],[127.567,34.699],[127.568,34.699],[127.568,34.7],[127.573,34.699],[127.574,34.699],[127.575,34.698],[127.577,34.696],[127.581,34.693],[127.581,34.694],[127.581,34.694],[127.581,34.694],[127.58,34.697],[127.572,34.704],[127.568,34.703],[127.568,34.702],[127.567,34.702],[127.566,34.701],[127.566,34.701],[127.563,34.704],[127.563,34.705],[127.563,34.705],[127.563,34.709],[127.563,34.709],[127.563,34.709],[127.562,34.709],[127.558,34.708],[127.558,34.705],[127.558,34.705],[127.558,34.704],[127.559,34.705],[127.559,34.705],[127.559,34.705],[127.559,34.705],[127.559,34.704],[127.559,34.703],[127.556,34.701],[127.555,34.7],[127.554,34.701],[127.553,34.701],[127.553,34.701],[127.556,34.709],[127.557,34.714],[127.555,34.714],[127.555,34.714],[127.554,34.714],[127.554,34.713],[127.551,34.711],[127.549,34.711],[127.549,34.711],[127.548,34.712],[127.548,34.713],[127.549,34.713],[127.552,34.716],[127.554,34.719],[127.554,34.719],[127.555,34.719],[127.555,34.719],[127.564,34.724],[127.564,34.724],[127.564,34.724],[127.564,34.725],[127.564,34.726],[127.564,34.727],[127.564,34.728],[127.563,34.728],[127.563,34.728],[127.563,34.728],[127.561,34.732],[127.561,34.732],[127.562,34.732],[127.564,34.731],[127.566,34.729],[127.566,34.729],[127.566,34.729],[127.566,34.728],[127.567,34.728],[127.567,34.728],[127.576,34.731],[127.578,34.733],[127.579,34.733],[127.58,34.735],[127.58,34.736],[127.58,34.736],[127.58,34.736],[127.578,34.737],[127.578,34.739],[127.581,34.74],[127.583,34.74],[127.583,34.739],[127.583,34.739],[127.584,34.739],[127.584,34.74],[127.584,34.74],[127.584,34.743],[127.584,34.743],[127.585,34.746],[127.587,34.746],[127.587,34.745],[127.587,34.745],[127.587,34.745],[127.587,34.745],[127.588,34.744],[127.594,34.746],[127.594,34.748],[127.592,34.75],[127.59,34.751],[127.589,34.751],[127.588,34.75],[127.587,34.75],[127.587,34.749],[127.587,34.749],[127.586,34.749],[127.589,34.754],[127.587,34.763],[127.582,34.768],[127.579,34.761],[127.576,34.761],[127.573,34.76],[127.573,34.76],[127.573,34.76],[127.573,34.76],[127.572,34.76],[127.572,34.76],[127.572,34.76],[127.572,34.761],[127.572,34.761],[127.572,34.762],[127.572,34.762],[127.572,34.762],[127.572,34.762],[127.572,34.762],[127.573,34.762],[127.573,34.763],[127.573,34.763],[127.574,34.764],[127.575,34.769],[127.575,34.769],[127.575,34.769],[127.572,34.774],[127.569,34.777],[127.569,34.777],[127.568,34.777],[127.568,34.777],[127.567,34.777],[127.567,34.777],[127.566,34.777],[127.566,34.777],[127.566,34.777],[127.566,34.777],[127.565,34.777],[127.565,34.777],[127.565,34.777],[127.564,34.777],[127.562,34.776],[127.561,34.777],[127.563,34.78],[127.564,34.781],[127.564,34.781],[127.565,34.78],[127.565,34.78],[127.565,34.78],[127.565,34.78],[127.565,34.78],[127.566,34.779],[127.566,34.779],[127.566,34.779],[127.57,34.779],[127.57,34.779],[127.57,34.779],[127.57,34.779],[127.57,34.779],[127.571,34.78],[127.571,34.78],[127.571,34.78],[127.571,34.781],[127.571,34.782],[127.571,34.782],[127.57,34.783],[127.568,34.786],[127.566,34.791],[127.565,34.792],[127.563,34.794],[127.562,34.794],[127.562,34.794],[127.561,34.794],[127.558,34.797],[127.558,34.798],[127.559,34.8],[127.56,34.8],[127.56,34.801],[127.561,34.802],[127.56,34.803],[127.558,34.806],[127.556,34.808],[127.554,34.809],[127.554,34.809],[127.546,34.81],[127.545,34.81],[127.543,34.809],[127.543,34.807],[127.543,34.807],[127.544,34.806],[127.544,34.806],[127.543,34.806],[127.542,34.806],[127.527,34.811],[127.527,34.811],[127.527,34.811],[127.526,34.81],[127.526,34.81],[127.525,34.809],[127.525,34.809],[127.523,34.81],[127.524,34.816],[127.526,34.822],[127.526,34.823],[127.527,34.824],[127.528,34.824],[127.537,34.831],[127.538,34.832],[127.539,34.833],[127.543,34.84],[127.541,34.843],[127.541,34.842],[127.54,34.842],[127.539,34.841],[127.534,34.841],[127.534,34.841],[127.529,34.843],[127.528,34.844],[127.526,34.845],[127.523,34.855],[127.523,34.855],[127.523,34.858],[127.522,34.859],[127.518,34.867],[127.518,34.867],[127.518,34.878],[127.518,34.879],[127.517,34.878],[127.517,34.877],[127.517,34.876],[127.516,34.875],[127.513,34.873],[127.508,34.874],[127.496,34.874],[127.495,34.874],[127.494,34.875],[127.494,34.875],[127.493,34.876],[127.493,34.876],[127.49,34.874],[127.49,34.874],[127.492,34.868],[127.493,34.867],[127.493,34.867],[127.494,34.867],[127.494,34.863],[127.494,34.861],[127.493,34.858],[127.493,34.858],[127.493,34.858],[127.492,34.858],[127.492,34.858],[127.493,34.852],[127.491,34.845],[127.49,34.844],[127.48,34.842],[127.473,34.845],[127.472,34.845],[127.464,34.842],[127.462,34.841],[127.452,34.84],[127.44,34.836],[127.44,34.837],[127.438,34.842],[127.438,34.842],[127.436,34.842],[127.436,34.844],[127.437,34.846],[127.438,34.845],[127.434,34.842],[127.43,34.836],[127.428,34.835],[127.426,34.833],[127.426,34.833],[127.426,34.832],[127.42,34.832],[127.414,34.837],[127.412,34.838],[127.416,34.834],[127.414,34.828],[127.411,34.828],[127.409,34.827],[127.401,34.825],[127.396,34.825],[127.396,34.826],[127.393,34.827],[127.389,34.83],[127.384,34.836],[127.374,34.836],[127.373,34.836],[127.373,34.836],[127.37,34.835],[127.369,34.835],[127.369,34.835],[127.368,34.835],[127.368,34.835],[127.367,34.835],[127.358,34.838],[127.358,34.838],[127.357,34.839],[127.357,34.839],[127.356,34.84],[127.355,34.84],[127.354,34.838],[127.354,34.837],[127.354,34.837],[127.362,34.833],[127.366,34.831],[127.367,34.831],[127.368,34.831],[127.368,34.831],[127.369,34.831],[127.369,34.831],[127.37,34.831],[127.375,34.829],[127.375,34.829],[127.376,34.829],[127.376,34.829],[127.376,34.828],[127.377,34.828],[127.378,34.828],[127.383,34.827],[127.383,34.827],[127.384,34.826],[127.39,34.818],[127.391,34.818],[127.391,34.818],[127.391,34.817],[127.391,34.817],[127.392,34.815],[127.395,34.814],[127.398,34.816],[127.398,34.817],[127.401,34.817],[127.402,34.816],[127.406,34.815],[127.411,34.814],[127.412,34.813],[127.412,34.813],[127.423,34.813],[127.426,34.815],[127.423,34.811],[127.416,34.806],[127.413,34.803],[127.41,34.802],[127.409,34.802],[127.407,34.802],[127.395,34.797],[127.395,34.797],[127.395,34.796],[127.394,34.795],[127.394,34.795],[127.394,34.795],[127.394,34.795],[127.395,34.794],[127.389,34.788],[127.392,34.785],[127.393,34.784],[127.393,34.783],[127.392,34.783],[127.392,34.783],[127.392,34.783],[127.392,34.783],[127.391,34.784],[127.391,34.785],[127.391,34.785],[127.391,34.785],[127.391,34.785],[127.391,34.785],[127.391,34.785],[127.389,34.785],[127.389,34.785],[127.388,34.785],[127.388,34.785],[127.388,34.785],[127.388,34.785],[127.388,34.785],[127.387,34.784],[127.387,34.784],[127.387,34.784],[127.386,34.783],[127.386,34.783],[127.387,34.779],[127.387,34.779],[127.386,34.779],[127.386,34.775],[127.39,34.774],[127.391,34.775],[127.391,34.776],[127.391,34.776],[127.391,34.776],[127.393,34.776],[127.393,34.776],[127.393,34.776],[127.394,34.774],[127.395,34.773],[127.398,34.771],[127.399,34.771],[127.4,34.771],[127.4,34.771],[127.402,34.769],[127.389,34.752],[127.385,34.751],[127.384,34.752],[127.384,34.752],[127.383,34.752],[127.373,34.742],[127.374,34.739],[127.376,34.736],[127.378,34.735],[127.379,34.735],[127.38,34.729],[127.379,34.728],[127.379,34.728],[127.379,34.728],[127.379,34.728],[127.379,34.728],[127.379,34.727],[127.379,34.727],[127.386,34.722],[127.387,34.721],[127.389,34.72],[127.39,34.72],[127.39,34.72],[127.391,34.72],[127.393,34.719],[127.391,34.718],[127.391,34.718],[127.39,34.718],[127.389,34.718],[127.389,34.718],[127.389,34.717],[127.39,34.713],[127.39,34.711],[127.396,34.707],[127.397,34.707],[127.398,34.707],[127.407,34.705],[127.407,34.703],[127.407,34.702],[127.405,34.702],[127.404,34.702],[127.402,34.703],[127.402,34.701],[127.404,34.7],[127.415,34.695],[127.417,34.694],[127.421,34.692],[127.425,34.688],[127.423,34.687],[127.423,34.687],[127.431,34.679],[127.431,34.68],[127.431,34.68],[127.432,34.68],[127.432,34.68],[127.432,34.68],[127.433,34.679],[127.43,34.677],[127.429,34.677],[127.428,34.674],[127.428,34.674],[127.429,34.674],[127.436,34.678],[127.437,34.678],[127.442,34.676],[127.447,34.674],[127.449,34.672],[127.448,34.671],[127.447,34.667],[127.448,34.666],[127.444,34.663],[127.445,34.662],[127.447,34.661],[127.448,34.662],[127.453,34.666],[127.454,34.667],[127.454,34.667],[127.453,34.667],[127.453,34.668],[127.458,34.668],[127.457,34.666],[127.46,34.664],[127.467,34.664],[127.467,34.664],[127.467,34.665],[127.467,34.665],[127.47,34.665],[127.471,34.665],[127.473,34.66],[127.474,34.657],[127.474,34.655],[127.483,34.651],[127.486,34.652],[127.487,34.652],[127.487,34.651],[127.49,34.649],[127.49,34.648],[127.49,34.646],[127.492,34.644],[127.492,34.644],[127.491,34.643],[127.49,34.642],[127.487,34.642],[127.486,34.643],[127.477,34.649],[127.477,34.649],[127.476,34.648],[127.472,34.643],[127.472,34.643],[127.474,34.642],[127.475,34.642],[127.475,34.642],[127.475,34.642],[127.473,34.641],[127.469,34.641],[127.468,34.643],[127.467,34.644],[127.464,34.649],[127.46,34.648],[127.458,34.647],[127.46,34.644],[127.46,34.644],[127.461,34.644],[127.462,34.642],[127.471,34.638],[127.474,34.635],[127.477,34.635],[127.482,34.635],[127.483,34.636],[127.487,34.634],[127.492,34.632],[127.492,34.632],[127.492,34.633],[127.497,34.632],[127.498,34.62],[127.497,34.616],[127.497,34.616],[127.497,34.615],[127.497,34.615],[127.497,34.615],[127.5,34.613],[127.503,34.61],[127.506,34.603],[127.506,34.601],[127.506,34.6],[127.506,34.599],[127.506,34.595],[127.506,34.594],[127.507,34.595],[127.507,34.595],[127.507,34.595],[127.508,34.593],[127.508,34.593],[127.507,34.592],[127.507,34.592],[127.506,34.593],[127.502,34.594],[127.502,34.593],[127.497,34.59],[127.496,34.589],[127.494,34.586],[127.49,34.582],[127.49,34.582],[127.489,34.582],[127.488,34.58],[127.487,34.576],[127.488,34.575],[127.488,34.574],[127.488,34.574],[127.488,34.574],[127.488,34.574],[127.487,34.574],[127.485,34.574],[127.483,34.577],[127.483,34.577],[127.482,34.578],[127.48,34.579],[127.478,34.579],[127.477,34.579],[127.475,34.578],[127.476,34.578],[127.476,34.578],[127.476,34.578],[127.476,34.577],[127.476,34.577],[127.473,34.575],[127.472,34.577],[127.469,34.578],[127.462,34.581],[127.461,34.581],[127.461,34.582],[127.461,34.582],[127.462,34.586],[127.462,34.591],[127.462,34.591],[127.458,34.592],[127.453,34.588],[127.453,34.588],[127.454,34.587],[127.456,34.587],[127.456,34.587],[127.457,34.585],[127.452,34.581],[127.445,34.577],[127.445,34.577],[127.445,34.577],[127.445,34.577],[127.442,34.578],[127.434,34.585],[127.434,34.588],[127.433,34.589],[127.422,34.585],[127.42,34.583],[127.417,34.583],[127.414,34.586],[127.414,34.586],[127.415,34.588],[127.415,34.588],[127.415,34.589],[127.415,34.589],[127.407,34.589],[127.402,34.59],[127.401,34.59],[127.398,34.588],[127.395,34.587],[127.395,34.587],[127.394,34.581],[127.396,34.578],[127.404,34.579],[127.405,34.58],[127.406,34.58],[127.406,34.58],[127.408,34.58],[127.409,34.58],[127.409,34.579],[127.407,34.576],[127.405,34.575],[127.404,34.573],[127.404,34.572],[127.404,34.57],[127.404,34.569],[127.403,34.568],[127.402,34.567],[127.396,34.564],[127.396,34.563],[127.396,34.561],[127.406,34.557],[127.409,34.556],[127.411,34.557],[127.411,34.557],[127.411,34.557],[127.414,34.558],[127.418,34.558],[127.417,34.558],[127.416,34.557],[127.415,34.557],[127.415,34.556],[127.417,34.555],[127.418,34.555],[127.419,34.556],[127.419,34.556],[127.422,34.557],[127.423,34.557],[127.424,34.556],[127.423,34.556],[127.422,34.556],[127.417,34.553],[127.419,34.551],[127.42,34.551],[127.42,34.552],[127.42,34.552],[127.421,34.553],[127.427,34.553],[127.431,34.556],[127.432,34.556],[127.428,34.552],[127.427,34.551],[127.426,34.552],[127.426,34.549],[127.427,34.549],[127.428,34.548],[127.429,34.549],[127.432,34.552],[127.433,34.552],[127.438,34.549],[127.432,34.543],[127.429,34.544],[127.429,34.544],[127.428,34.544],[127.427,34.542],[127.427,34.542],[127.435,34.54],[127.435,34.54],[127.436,34.537],[127.435,34.535],[127.434,34.536],[127.434,34.536],[127.434,34.536],[127.432,34.538],[127.431,34.538],[127.429,34.537],[127.428,34.537],[127.425,34.531],[127.423,34.529],[127.425,34.524],[127.426,34.521],[127.427,34.52],[127.428,34.52],[127.429,34.52],[127.431,34.521],[127.431,34.52],[127.431,34.519],[127.428,34.518],[127.427,34.518],[127.425,34.519],[127.423,34.519],[127.422,34.519],[127.422,34.519],[127.422,34.519],[127.422,34.518],[127.422,34.518],[127.422,34.518],[127.423,34.517],[127.425,34.517],[127.43,34.515],[127.43,34.515],[127.431,34.514],[127.431,34.513],[127.429,34.512],[127.425,34.512],[127.425,34.512],[127.421,34.514],[127.418,34.516],[127.418,34.517],[127.418,34.517],[127.418,34.518],[127.418,34.518],[127.418,34.518],[127.415,34.521],[127.415,34.521],[127.414,34.521],[127.414,34.521],[127.413,34.521],[127.406,34.518],[127.407,34.513],[127.407,34.513],[127.407,34.512],[127.407,34.511],[127.407,34.511],[127.405,34.506],[127.396,34.505],[127.392,34.506],[127.392,34.508],[127.393,34.509],[127.393,34.509],[127.392,34.509],[127.39,34.51],[127.388,34.51],[127.387,34.509],[127.387,34.509],[127.387,34.508],[127.388,34.507],[127.38,34.504],[127.379,34.504],[127.378,34.504],[127.376,34.503],[127.377,34.503],[127.378,34.502],[127.378,34.502],[127.379,34.502],[127.38,34.502],[127.388,34.491],[127.391,34.489],[127.391,34.488],[127.388,34.484],[127.387,34.483],[127.387,34.484],[127.386,34.484],[127.386,34.484],[127.384,34.487],[127.38,34.487],[127.379,34.487],[127.378,34.488],[127.378,34.488],[127.376,34.486],[127.375,34.485],[127.375,34.485],[127.375,34.482],[127.374,34.481],[127.372,34.48],[127.371,34.48],[127.366,34.483],[127.365,34.484],[127.365,34.484],[127.367,34.486],[127.367,34.486],[127.367,34.486],[127.367,34.486],[127.367,34.486],[127.367,34.487],[127.367,34.487],[127.361,34.492],[127.361,34.492],[127.359,34.492],[127.358,34.492],[127.356,34.491],[127.355,34.491],[127.354,34.491],[127.354,34.49],[127.354,34.488],[127.354,34.488],[127.354,34.488],[127.354,34.488],[127.354,34.488],[127.352,34.482],[127.349,34.478],[127.349,34.478],[127.347,34.478],[127.347,34.478],[127.347,34.478],[127.347,34.479],[127.347,34.48],[127.347,34.48],[127.347,34.48],[127.347,34.48],[127.349,34.48],[127.349,34.48],[127.35,34.481],[127.348,34.484],[127.348,34.484],[127.348,34.484],[127.347,34.484],[127.347,34.484],[127.347,34.484],[127.347,34.484],[127.346,34.484],[127.346,34.484],[127.346,34.484],[127.346,34.483],[127.346,34.483],[127.345,34.483],[127.344,34.483],[127.344,34.484],[127.343,34.486],[127.343,34.487],[127.344,34.487],[127.344,34.487],[127.344,34.487],[127.344,34.487],[127.344,34.488],[127.344,34.488],[127.343,34.489],[127.342,34.489],[127.34,34.488],[127.34,34.488],[127.34,34.487],[127.341,34.487],[127.341,34.485],[127.341,34.484],[127.34,34.484],[127.341,34.481],[127.332,34.477],[127.331,34.476],[127.331,34.476],[127.327,34.477],[127.326,34.477],[127.325,34.477],[127.325,34.473],[127.328,34.473],[127.334,34.472],[127.337,34.468],[127.337,34.468],[127.333,34.464],[127.331,34.465],[127.325,34.47],[127.325,34.47],[127.324,34.47],[127.322,34.47],[127.319,34.466],[127.32,34.465],[127.32,34.465],[127.32,34.465],[127.321,34.465],[127.32,34.464],[127.32,34.463],[127.318,34.463],[127.322,34.461],[127.321,34.461],[127.321,34.461],[127.321,34.461],[127.322,34.463],[127.322,34.463],[127.327,34.462],[127.33,34.459],[127.337,34.457],[127.337,34.457],[127.339,34.455],[127.34,34.449],[127.339,34.447],[127.331,34.443],[127.331,34.443],[127.327,34.442],[127.326,34.444],[127.326,34.444],[127.327,34.445],[127.327,34.445],[127.327,34.445],[127.327,34.446],[127.327,34.446],[127.327,34.446],[127.326,34.446],[127.326,34.446],[127.325,34.445],[127.325,34.443],[127.325,34.442],[127.322,34.442],[127.32,34.442],[127.32,34.443],[127.32,34.444],[127.32,34.444],[127.318,34.445],[127.315,34.447],[127.315,34.448],[127.312,34.45],[127.311,34.45],[127.307,34.449],[127.306,34.449],[127.304,34.453],[127.305,34.454],[127.309,34.455],[127.31,34.455],[127.31,34.455],[127.311,34.454],[127.315,34.453],[127.315,34.453],[127.316,34.453],[127.316,34.453],[127.316,34.454],[127.316,34.455],[127.313,34.459],[127.313,34.459],[127.313,34.46],[127.31,34.462],[127.304,34.46],[127.304,34.459],[127.303,34.459],[127.303,34.458],[127.303,34.458],[127.303,34.458],[127.303,34.457],[127.302,34.457],[127.302,34.459],[127.302,34.459],[127.304,34.462],[127.304,34.465],[127.304,34.465],[127.304,34.465],[127.303,34.465],[127.303,34.465],[127.303,34.465],[127.303,34.464],[127.303,34.464],[127.302,34.464],[127.298,34.463],[127.298,34.463],[127.298,34.463],[127.298,34.465],[127.298,34.465],[127.298,34.465],[127.299,34.465],[127.299,34.465],[127.3,34.466],[127.302,34.467],[127.302,34.468],[127.3,34.471],[127.294,34.471],[127.292,34.473],[127.292,34.474],[127.29,34.476],[127.288,34.476],[127.281,34.479],[127.282,34.48],[127.281,34.481],[127.281,34.481],[127.28,34.481],[127.278,34.481],[127.277,34.48],[127.277,34.479],[127.277,34.479],[127.277,34.478],[127.277,34.478],[127.277,34.478],[127.274,34.479],[127.268,34.483],[127.269,34.484],[127.27,34.484],[127.27,34.485],[127.27,34.486],[127.27,34.486],[127.271,34.489],[127.274,34.493],[127.276,34.493],[127.278,34.492],[127.279,34.491],[127.28,34.49],[127.28,34.49],[127.281,34.49],[127.283,34.491],[127.283,34.492],[127.282,34.494],[127.279,34.495],[127.279,34.495],[127.279,34.496],[127.279,34.496],[127.281,34.496],[127.283,34.497],[127.283,34.497],[127.282,34.502],[127.281,34.502],[127.28,34.502],[127.277,34.503],[127.277,34.503],[127.275,34.502],[127.274,34.505],[127.273,34.506],[127.273,34.506],[127.273,34.506],[127.269,34.51],[127.267,34.511],[127.267,34.511],[127.266,34.511],[127.266,34.511],[127.266,34.512],[127.265,34.512],[127.259,34.515],[127.258,34.517],[127.257,34.519],[127.255,34.521],[127.254,34.521],[127.252,34.522],[127.249,34.522],[127.246,34.522],[127.244,34.521],[127.249,34.515],[127.243,34.515],[127.239,34.518],[127.231,34.52],[127.233,34.521],[127.234,34.524],[127.234,34.525],[127.226,34.526],[127.225,34.526],[127.221,34.534],[127.221,34.535],[127.218,34.532],[127.215,34.525],[127.213,34.527],[127.213,34.527],[127.21,34.528],[127.209,34.527],[127.209,34.526],[127.209,34.521],[127.209,34.521],[127.209,34.52],[127.211,34.52],[127.21,34.517],[127.208,34.517],[127.209,34.518],[127.209,34.519],[127.209,34.519],[127.208,34.52],[127.208,34.521],[127.208,34.521],[127.196,34.531],[127.196,34.532],[127.193,34.532],[127.184,34.532],[127.178,34.531],[127.175,34.528],[127.173,34.526],[127.174,34.526],[127.174,34.525],[127.175,34.525],[127.174,34.522],[127.171,34.519],[127.172,34.519],[127.168,34.526],[127.167,34.526],[127.167,34.526],[127.163,34.526],[127.162,34.525],[127.152,34.526],[127.152,34.526],[127.151,34.526],[127.15,34.525],[127.151,34.525],[127.151,34.525],[127.151,34.523],[127.143,34.524],[127.139,34.524],[127.129,34.529],[127.124,34.528],[127.122,34.538],[127.122,34.54],[127.121,34.541],[127.121,34.541],[127.115,34.546],[127.117,34.563],[127.119,34.562],[127.119,34.563],[127.12,34.563],[127.129,34.573],[127.134,34.573],[127.135,34.573],[127.135,34.573],[127.136,34.573],[127.136,34.574],[127.137,34.575],[127.136,34.576],[127.135,34.576],[127.135,34.576],[127.133,34.577],[127.134,34.579],[127.137,34.579],[127.137,34.579],[127.138,34.579],[127.142,34.583],[127.145,34.586],[127.145,34.587],[127.149,34.6],[127.149,34.6],[127.151,34.598],[127.151,34.597],[127.151,34.596],[127.15,34.595],[127.15,34.595],[127.15,34.595],[127.151,34.594],[127.152,34.594],[127.156,34.592],[127.157,34.592],[127.158,34.593],[127.158,34.592],[127.159,34.591],[127.162,34.59],[127.166,34.591],[127.167,34.591],[127.17,34.593],[127.171,34.594],[127.172,34.595],[127.172,34.596],[127.171,34.598],[127.171,34.598],[127.17,34.598],[127.168,34.602],[127.168,34.603],[127.169,34.604],[127.17,34.605],[127.171,34.605],[127.171,34.605],[127.171,34.606],[127.173,34.611],[127.173,34.62],[127.174,34.62],[127.174,34.622],[127.174,34.622],[127.173,34.623],[127.173,34.623],[127.173,34.623],[127.172,34.623],[127.172,34.623],[127.172,34.623],[127.172,34.624],[127.173,34.627],[127.179,34.631],[127.182,34.632],[127.182,34.632],[127.183,34.633],[127.184,34.634],[127.185,34.635],[127.185,34.636],[127.186,34.639],[127.189,34.643],[127.19,34.644],[127.19,34.644],[127.19,34.644],[127.193,34.644],[127.195,34.645],[127.196,34.646],[127.196,34.646],[127.196,34.647],[127.196,34.647],[127.195,34.649],[127.195,34.649],[127.196,34.651],[127.196,34.652],[127.198,34.651],[127.199,34.649],[127.205,34.649],[127.214,34.652],[127.228,34.655],[127.23,34.669],[127.231,34.67],[127.233,34.678],[127.233,34.679],[127.233,34.679],[127.233,34.68],[127.241,34.681],[127.241,34.681],[127.242,34.682],[127.243,34.682],[127.243,34.683],[127.243,34.683],[127.243,34.683],[127.243,34.683],[127.243,34.683],[127.244,34.685],[127.244,34.686],[127.244,34.686],[127.244,34.686],[127.244,34.687],[127.244,34.687],[127.244,34.687],[127.243,34.687],[127.243,34.687],[127.243,34.687],[127.243,34.687],[127.243,34.687],[127.243,34.687],[127.241,34.689],[127.241,34.689],[127.241,34.689],[127.241,34.689],[127.241,34.689],[127.24,34.689],[127.24,34.689],[127.24,34.689],[127.24,34.689],[127.24,34.689],[127.237,34.692],[127.237,34.692],[127.237,34.693],[127.237,34.693],[127.237,34.693],[127.238,34.693],[127.239,34.692],[127.239,34.692],[127.239,34.692],[127.239,34.692],[127.239,34.692],[127.239,34.692],[127.239,34.692],[127.239,34.692],[127.239,34.692],[127.239,34.692],[127.239,34.692],[127.24,34.692],[127.24,34.692],[127.24,34.692],[127.24,34.692],[127.24,34.692],[127.241,34.692],[127.241,34.692],[127.241,34.692],[127.241,34.692],[127.241,34.693],[127.241,34.693],[127.241,34.693],[127.242,34.694],[127.242,34.695],[127.242,34.695],[127.242,34.695],[127.242,34.695],[127.242,34.695],[127.241,34.695],[127.241,34.695],[127.241,34.695],[127.24,34.696],[127.24,34.697],[127.239,34.698],[127.239,34.698],[127.239,34.698],[127.239,34.698],[127.239,34.698],[127.24,34.698],[127.24,34.7],[127.24,34.7],[127.24,34.7],[127.24,34.7],[127.241,34.7],[127.241,34.701],[127.241,34.701],[127.241,34.701],[127.241,34.701],[127.241,34.701],[127.242,34.701],[127.242,34.701],[127.242,34.701],[127.242,34.701],[127.242,34.7],[127.242,34.7],[127.242,34.7],[127.243,34.7],[127.243,34.7],[127.243,34.7],[127.243,34.7],[127.243,34.7],[127.244,34.7],[127.247,34.702],[127.252,34.708],[127.252,34.708],[127.252,34.709],[127.251,34.709],[127.251,34.71],[127.251,34.712],[127.252,34.712],[127.252,34.711],[127.259,34.712],[127.26,34.713],[127.264,34.715],[127.264,34.714],[127.268,34.712],[127.27,34.712],[127.271,34.713],[127.274,34.715],[127.275,34.717],[127.275,34.717],[127.275,34.718],[127.274,34.719],[127.275,34.72],[127.277,34.719],[127.277,34.719],[127.278,34.719],[127.278,34.719],[127.279,34.719],[127.281,34.718],[127.28,34.717],[127.28,34.717],[127.28,34.717],[127.278,34.715],[127.277,34.711],[127.279,34.71],[127.28,34.71],[127.281,34.706],[127.282,34.704],[127.282,34.703],[127.28,34.7],[127.28,34.7],[127.28,34.7],[127.28,34.699],[127.28,34.699],[127.284,34.699],[127.287,34.697],[127.286,34.696],[127.285,34.695],[127.284,34.693],[127.28,34.687],[127.278,34.679],[127.277,34.678],[127.278,34.674],[127.285,34.667],[127.285,34.667],[127.297,34.668],[127.3,34.668],[127.304,34.666],[127.305,34.666],[127.306,34.667],[127.306,34.667],[127.307,34.666],[127.315,34.665],[127.318,34.669],[127.318,34.669],[127.32,34.67],[127.32,34.672],[127.32,34.679],[127.323,34.688],[127.324,34.687],[127.327,34.69],[127.328,34.691],[127.328,34.691],[127.326,34.693],[127.33,34.699],[127.33,34.699],[127.334,34.708],[127.335,34.709],[127.335,34.709],[127.337,34.709],[127.337,34.709],[127.338,34.708],[127.343,34.709],[127.344,34.709],[127.345,34.71],[127.344,34.71],[127.343,34.713],[127.344,34.714],[127.343,34.716],[127.341,34.715],[127.341,34.714],[127.34,34.714],[127.337,34.713],[127.334,34.714],[127.333,34.715],[127.333,34.715],[127.333,34.715],[127.333,34.716],[127.33,34.724],[127.327,34.735],[127.328,34.739],[127.327,34.749],[127.319,34.752],[127.318,34.752],[127.318,34.752],[127.31,34.752],[127.299,34.743],[127.299,34.743],[127.298,34.743],[127.297,34.743],[127.295,34.738],[127.295,34.733],[127.294,34.732],[127.293,34.731],[127.29,34.731],[127.289,34.731],[127.289,34.732],[127.289,34.733],[127.288,34.734],[127.287,34.735],[127.284,34.736],[127.284,34.736],[127.28,34.734],[127.278,34.734],[127.278,34.734],[127.278,34.736],[127.276,34.74],[127.272,34.742],[127.271,34.741],[127.271,34.74],[127.271,34.74],[127.27,34.738],[127.269,34.737],[127.265,34.734],[127.262,34.732],[127.261,34.732],[127.252,34.742],[127.253,34.744],[127.253,34.744],[127.253,34.744],[127.252,34.748],[127.245,34.756],[127.245,34.757],[127.244,34.759],[127.244,34.759],[127.242,34.76],[127.242,34.76],[127.242,34.76],[127.232,34.758],[127.225,34.753],[127.21,34.738],[127.21,34.736],[127.211,34.734],[127.211,34.734],[127.211,34.732],[127.211,34.732],[127.211,34.731],[127.21,34.729],[127.206,34.723],[127.206,34.721],[127.206,34.721],[127.206,34.72],[127.206,34.72],[127.206,34.72],[127.206,34.72],[127.206,34.72],[127.206,34.719],[127.206,34.719],[127.206,34.719],[127.206,34.719],[127.206,34.719],[127.206,34.719],[127.206,34.719],[127.206,34.719],[127.202,34.715],[127.2,34.714],[127.2,34.714],[127.2,34.714],[127.2,34.714],[127.201,34.713],[127.201,34.713],[127.2,34.713],[127.2,34.713],[127.2,34.713],[127.2,34.713],[127.2,34.712],[127.2,34.712],[127.199,34.712],[127.199,34.712],[127.199,34.712],[127.199,34.712],[127.199,34.712],[127.199,34.712],[127.199,34.712],[127.199,34.712],[127.199,34.712],[127.199,34.712],[127.198,34.71],[127.198,34.709],[127.198,34.708],[127.198,34.708],[127.198,34.708],[127.198,34.708],[127.198,34.708],[127.198,34.708],[127.198,34.707],[127.196,34.706],[127.194,34.706],[127.193,34.705],[127.191,34.704],[127.19,34.704],[127.19,34.703],[127.19,34.703],[127.189,34.7],[127.185,34.695],[127.18,34.692],[127.178,34.692],[127.175,34.692],[127.175,34.692],[127.174,34.692],[127.174,34.693],[127.174,34.693],[127.173,34.693],[127.173,34.693],[127.172,34.693],[127.169,34.693],[127.169,34.693],[127.168,34.692],[127.167,34.692],[127.167,34.692],[127.158,34.692],[127.155,34.692],[127.155,34.692],[127.155,34.692],[127.151,34.694],[127.15,34.694],[127.147,34.693],[127.147,34.693],[127.142,34.694],[127.142,34.694],[127.136,34.701],[127.135,34.702],[127.119,34.697],[127.114,34.693],[127.11,34.685],[127.11,34.684],[127.104,34.677],[127.102,34.676],[127.102,34.676],[127.099,34.675],[127.099,34.675],[127.096,34.671],[127.094,34.67],[127.093,34.67],[127.093,34.67],[127.093,34.67],[127.092,34.67],[127.09,34.67],[127.089,34.67],[127.083,34.665],[127.078,34.665],[127.078,34.665],[127.077,34.665],[127.077,34.665],[127.077,34.665],[127.075,34.664],[127.075,34.664],[127.074,34.663],[127.073,34.663],[127.073,34.663],[127.073,34.662],[127.073,34.662],[127.067,34.663],[127.062,34.657],[127.062,34.657],[127.062,34.656],[127.062,34.656],[127.061,34.655],[127.061,34.654],[127.061,34.654],[127.061,34.654],[127.062,34.654],[127.062,34.654],[127.062,34.653],[127.062,34.653],[127.062,34.653],[127.062,34.653],[127.062,34.653],[127.063,34.653],[127.063,34.653],[127.063,34.653],[127.063,34.653],[127.063,34.653],[127.063,34.651],[127.063,34.651],[127.062,34.651],[127.062,34.651],[127.061,34.651],[127.059,34.65],[127.059,34.65],[127.057,34.648],[127.057,34.648],[127.055,34.645],[127.049,34.638],[127.048,34.638],[127.048,34.637],[127.048,34.636],[127.047,34.635],[127.044,34.637],[127.042,34.637],[127.042,34.637],[127.039,34.636],[127.034,34.634],[127.033,34.634],[127.033,34.634],[127.033,34.633],[127.032,34.633],[127.032,34.633],[127.032,34.633],[127.031,34.631],[127.03,34.631],[127.03,34.63],[127.03,34.63],[127.031,34.63],[127.031,34.63],[127.029,34.629],[127.028,34.629],[127.028,34.629],[127.027,34.628],[127.027,34.628],[127.027,34.628],[127.026,34.629],[127.026,34.629],[127.026,34.629],[127.026,34.629],[127.025,34.629],[127.025,34.629],[127.025,34.629],[127.024,34.629],[127.024,34.629],[127.023,34.628],[127.023,34.628],[127.022,34.628],[127.021,34.627],[127.019,34.627],[127.007,34.625],[127.002,34.626],[126.994,34.627],[126.992,34.627],[126.992,34.627],[126.985,34.627],[126.982,34.628],[126.967,34.625],[126.964,34.626],[126.962,34.627],[126.961,34.629],[126.957,34.631],[126.967,34.623],[126.969,34.623],[126.978,34.625],[126.979,34.625],[126.981,34.624],[126.986,34.623],[126.989,34.622],[126.992,34.622],[126.992,34.622],[126.993,34.622],[126.994,34.623],[126.995,34.622],[126.995,34.62],[127.001,34.611],[127.001,34.611],[127.001,34.611],[127.001,34.611],[127.003,34.61],[127.003,34.61],[127.003,34.61],[127.004,34.611],[127.007,34.61],[127.008,34.609],[127.009,34.607],[127.009,34.606],[127.009,34.605],[127.009,34.605],[127.009,34.605],[127.006,34.606],[127.006,34.606],[127.006,34.606],[127.001,34.604],[127.001,34.604],[127.001,34.604],[127.001,34.605],[126.999,34.605],[126.997,34.603],[126.997,34.603],[126.998,34.603],[126.999,34.603],[126.999,34.602],[127.0,34.601],[126.999,34.598],[126.993,34.594],[126.994,34.586],[126.993,34.583],[126.989,34.579],[126.981,34.575],[126.98,34.575],[126.98,34.575],[126.979,34.574],[126.979,34.573],[126.979,34.573],[126.985,34.569],[126.998,34.566],[126.999,34.566],[126.999,34.566],[127.0,34.566],[127.003,34.57],[127.003,34.57],[127.007,34.57],[127.007,34.57],[127.007,34.57],[127.007,34.57],[127.005,34.57],[127.005,34.569],[127.005,34.566],[127.004,34.563],[127.003,34.562],[127.003,34.561],[127.003,34.561],[127.003,34.56],[127.004,34.56],[127.004,34.56],[127.004,34.559],[127.005,34.559],[127.005,34.558],[127.005,34.558],[127.005,34.558],[127.005,34.558],[127.005,34.558],[127.004,34.555],[127.003,34.555],[127.003,34.555],[127.003,34.555],[127.003,34.555],[127.003,34.555],[127.003,34.555],[127.002,34.556],[127.002,34.556],[127.002,34.556],[127.002,34.557],[127.002,34.558],[126.998,34.562],[126.998,34.562],[126.996,34.562],[126.989,34.562],[126.987,34.556],[126.988,34.554],[126.988,34.551],[126.986,34.549],[126.986,34.548],[126.986,34.546],[126.986,34.546],[126.988,34.543],[126.989,34.54],[126.988,34.539],[126.988,34.539],[126.988,34.539],[126.988,34.539],[126.989,34.54],[126.989,34.54],[126.989,34.54],[126.986,34.54],[126.986,34.54],[126.985,34.54],[126.983,34.533],[126.977,34.513],[126.977,34.512],[126.968,34.509],[126.968,34.509],[126.968,34.508],[126.968,34.507],[126.968,34.507],[126.968,34.507],[126.969,34.507],[126.969,34.506],[126.969,34.505],[126.966,34.501],[126.964,34.498],[126.965,34.498],[126.966,34.498],[126.967,34.499],[126.968,34.499],[126.968,34.499],[126.968,34.5],[126.968,34.5],[126.97,34.499],[126.97,34.499],[126.97,34.499],[126.97,34.498],[126.969,34.498],[126.969,34.498],[126.967,34.497],[126.967,34.498],[126.966,34.498],[126.964,34.498],[126.964,34.496],[126.964,34.496],[126.964,34.495],[126.973,34.488],[126.975,34.488],[126.975,34.488],[126.978,34.486],[126.978,34.475],[126.979,34.471],[126.975,34.471],[126.975,34.473],[126.975,34.474],[126.975,34.475],[126.975,34.475],[126.964,34.474],[126.962,34.472],[126.962,34.471],[126.964,34.469],[126.963,34.469],[126.957,34.469],[126.957,34.469],[126.957,34.469],[126.957,34.469],[126.956,34.468],[126.954,34.471],[126.954,34.472],[126.954,34.472],[126.954,34.472],[126.955,34.473],[126.954,34.473],[126.954,34.473],[126.949,34.477],[126.948,34.478],[126.948,34.478],[126.947,34.481],[126.946,34.482],[126.944,34.483],[126.941,34.482],[126.941,34.477],[126.941,34.477],[126.94,34.477],[126.939,34.478],[126.939,34.478],[126.938,34.476],[126.94,34.471],[126.941,34.464],[126.941,34.462],[126.943,34.461],[126.943,34.461],[126.945,34.461],[126.946,34.459],[126.942,34.454],[126.939,34.451],[126.939,34.451],[126.939,34.45],[126.939,34.449],[126.939,34.447],[126.939,34.447],[126.938,34.447],[126.931,34.447],[126.929,34.447],[126.929,34.447],[126.927,34.448],[126.927,34.451],[126.926,34.453],[126.925,34.453],[126.907,34.455],[126.898,34.456],[126.891,34.456],[126.89,34.456],[126.89,34.456],[126.889,34.456],[126.872,34.456],[126.871,34.456],[126.871,34.455],[126.87,34.454],[126.871,34.454],[126.879,34.449],[126.882,34.44],[126.883,34.439],[126.885,34.438],[126.887,34.433],[126.887,34.429],[126.887,34.428],[126.886,34.428],[126.886,34.429],[126.885,34.428],[126.885,34.428],[126.885,34.425],[126.885,34.424],[126.885,34.424],[126.885,34.423],[126.885,34.422],[126.884,34.422],[126.88,34.427],[126.88,34.429],[126.881,34.429],[126.88,34.43],[126.875,34.435],[126.872,34.438],[126.868,34.439],[126.868,34.439],[126.866,34.438],[126.866,34.438],[126.866,34.438],[126.867,34.437],[126.867,34.436],[126.865,34.434],[126.865,34.434],[126.865,34.434],[126.863,34.436],[126.863,34.438],[126.863,34.438],[126.86,34.441],[126.856,34.442],[126.849,34.447],[126.844,34.452],[126.844,34.45],[126.844,34.45],[126.844,34.449],[126.843,34.448],[126.843,34.448],[126.843,34.448],[126.842,34.448],[126.839,34.45],[126.839,34.45],[126.836,34.452],[126.832,34.449],[126.833,34.449],[126.833,34.449],[126.833,34.449],[126.832,34.449],[126.83,34.448],[126.829,34.448],[126.829,34.448],[126.828,34.448],[126.827,34.45],[126.826,34.45],[126.816,34.45],[126.816,34.451],[126.816,34.452],[126.816,34.452],[126.815,34.453],[126.815,34.453],[126.811,34.455],[126.81,34.455],[126.809,34.454],[126.807,34.455],[126.807,34.455],[126.807,34.456],[126.805,34.456],[126.805,34.457],[126.805,34.459],[126.807,34.463],[126.808,34.468],[126.808,34.468],[126.801,34.469],[126.793,34.467],[126.792,34.467],[126.792,34.467],[126.792,34.467],[126.791,34.462],[126.79,34.461],[126.79,34.461],[126.789,34.461],[126.789,34.461],[126.789,34.461],[126.788,34.461],[126.788,34.461],[126.788,34.462],[126.789,34.463],[126.79,34.463],[126.791,34.464],[126.792,34.467],[126.792,34.467],[126.791,34.467],[126.786,34.473],[126.787,34.476],[126.789,34.478],[126.793,34.479],[126.794,34.479],[126.795,34.479],[126.797,34.48],[126.797,34.485],[126.796,34.488],[126.795,34.489],[126.795,34.489],[126.794,34.489],[126.792,34.492],[126.791,34.498],[126.791,34.498],[126.792,34.499],[126.792,34.5],[126.792,34.501],[126.792,34.509],[126.792,34.51],[126.79,34.511],[126.788,34.512],[126.787,34.513],[126.788,34.516],[126.789,34.517],[126.789,34.517],[126.789,34.517],[126.79,34.52],[126.79,34.523],[126.792,34.532],[126.791,34.534],[126.793,34.543],[126.794,34.547],[126.792,34.548],[126.791,34.55],[126.791,34.554],[126.791,34.555],[126.792,34.556],[126.792,34.557],[126.792,34.557],[126.792,34.558],[126.792,34.558],[126.791,34.561],[126.794,34.565],[126.793,34.57],[126.792,34.571],[126.789,34.572],[126.786,34.578],[126.786,34.578],[126.787,34.578],[126.789,34.579],[126.79,34.582],[126.788,34.587],[126.787,34.588],[126.786,34.588],[126.785,34.588],[126.783,34.588],[126.78,34.593],[126.779,34.594],[126.778,34.596],[126.779,34.596],[126.779,34.597],[126.78,34.597],[126.78,34.597],[126.782,34.598],[126.78,34.603],[126.78,34.604],[126.779,34.608],[126.779,34.613],[126.777,34.61],[126.775,34.607],[126.773,34.605],[126.773,34.604],[126.773,34.604],[126.772,34.603],[126.772,34.603],[126.772,34.602],[126.773,34.601],[126.773,34.598],[126.774,34.596],[126.775,34.594],[126.774,34.592],[126.774,34.591],[126.773,34.59],[126.772,34.589],[126.772,34.589],[126.772,34.589],[126.772,34.59],[126.772,34.59],[126.772,34.591],[126.772,34.59],[126.769,34.586],[126.768,34.58],[126.765,34.563],[126.768,34.556],[126.768,34.555],[126.765,34.546],[126.764,34.546],[126.764,34.545],[126.765,34.545],[126.764,34.534],[126.764,34.532],[126.765,34.531],[126.765,34.531],[126.765,34.531],[126.766,34.53],[126.766,34.53],[126.769,34.528],[126.77,34.528],[126.771,34.528],[126.771,34.528],[126.771,34.528],[126.771,34.528],[126.771,34.528],[126.771,34.528],[126.771,34.528],[126.771,34.529],[126.771,34.529],[126.772,34.529],[126.773,34.528],[126.772,34.526],[126.771,34.526],[126.769,34.527],[126.762,34.527],[126.762,34.527],[126.759,34.526],[126.759,34.518],[126.762,34.502],[126.763,34.502],[126.763,34.502],[126.765,34.501],[126.766,34.501],[126.766,34.499],[126.765,34.499],[126.762,34.498],[126.761,34.498],[126.761,34.497],[126.759,34.496],[126.758,34.495],[126.758,34.494],[126.758,34.494],[126.759,34.493],[126.76,34.493],[126.76,34.493],[126.76,34.492],[126.76,34.492],[126.758,34.491],[126.757,34.492],[126.755,34.492],[126.753,34.492],[126.752,34.492],[126.752,34.492],[126.751,34.491],[126.75,34.49],[126.749,34.49],[126.748,34.49],[126.746,34.49],[126.746,34.49],[126.746,34.49],[126.741,34.489],[126.74,34.488],[126.74,34.488],[126.739,34.486],[126.739,34.485],[126.74,34.483],[126.741,34.481],[126.741,34.48],[126.742,34.48],[126.743,34.479],[126.745,34.479],[126.748,34.477],[126.749,34.473],[126.75,34.473],[126.754,34.472],[126.755,34.473],[126.755,34.473],[126.755,34.473],[126.755,34.472],[126.752,34.47],[126.751,34.469],[126.751,34.47],[126.751,34.471],[126.752,34.471],[126.752,34.471],[126.752,34.471],[126.752,34.472],[126.751,34.472],[126.751,34.472],[126.75,34.472],[126.749,34.472],[126.748,34.472],[126.74,34.463],[126.729,34.448],[126.729,34.447],[126.729,34.447],[126.729,34.447],[126.724,34.443],[126.722,34.444],[126.721,34.445],[126.719,34.446],[126.719,34.446],[126.717,34.445],[126.716,34.445],[126.714,34.444],[126.711,34.441],[126.711,34.441],[126.709,34.44],[126.705,34.44],[126.705,34.44],[126.704,34.44],[126.704,34.44],[126.702,34.44],[126.701,34.44],[126.701,34.441],[126.698,34.44],[126.69,34.433],[126.681,34.427],[126.68,34.426],[126.68,34.426],[126.679,34.426],[126.678,34.427],[126.675,34.428],[126.673,34.427],[126.673,34.427],[126.678,34.422],[126.678,34.422],[126.678,34.421],[126.677,34.417],[126.677,34.416],[126.677,34.416],[126.674,34.416],[126.673,34.418],[126.674,34.418],[126.674,34.419],[126.67,34.422],[126.666,34.426],[126.665,34.426],[126.664,34.427],[126.661,34.426],[126.66,34.426],[126.657,34.421],[126.652,34.424],[126.651,34.423],[126.65,34.422],[126.65,34.422],[126.65,34.42],[126.65,34.42],[126.646,34.418],[126.646,34.417],[126.648,34.413],[126.645,34.413],[126.644,34.412],[126.644,34.411],[126.645,34.41],[126.647,34.409],[126.645,34.409],[126.641,34.41],[126.639,34.411],[126.639,34.411],[126.639,34.411],[126.635,34.412],[126.635,34.412],[126.63,34.405],[126.628,34.402],[126.628,34.402],[126.628,34.402],[126.628,34.402],[126.625,34.404],[126.624,34.405],[126.621,34.406],[126.616,34.402],[126.621,34.399],[126.621,34.399],[126.622,34.393],[126.617,34.392],[126.611,34.386],[126.614,34.38],[126.614,34.379],[126.614,34.379],[126.614,34.379],[126.616,34.379],[126.617,34.379],[126.618,34.379],[126.62,34.379],[126.621,34.379],[126.621,34.379],[126.621,34.378],[126.619,34.376],[126.619,34.375],[126.618,34.373],[126.618,34.373],[126.619,34.372],[126.62,34.372],[126.62,34.372],[126.62,34.371],[126.621,34.369],[126.618,34.365],[126.62,34.359],[126.612,34.354],[126.612,34.354],[126.611,34.354],[126.61,34.352],[126.604,34.35],[126.602,34.349],[126.603,34.346],[126.604,34.345],[126.606,34.345],[126.607,34.341],[126.605,34.34],[126.604,34.34],[126.601,34.337],[126.601,34.334],[126.604,34.333],[126.604,34.331],[126.604,34.331],[126.603,34.327],[126.602,34.326],[126.601,34.32],[126.601,34.319],[126.601,34.319],[126.601,34.318],[126.602,34.318],[126.602,34.318],[126.603,34.318],[126.606,34.316],[126.606,34.315],[126.605,34.315],[126.604,34.315],[126.603,34.316],[126.603,34.316],[126.602,34.315],[126.602,34.315],[126.6,34.314],[126.597,34.313],[126.59,34.316],[126.59,34.316],[126.589,34.318],[126.589,34.319],[126.588,34.319],[126.586,34.32],[126.579,34.321],[126.578,34.321],[126.574,34.32],[126.562,34.322],[126.559,34.322],[126.559,34.322],[126.558,34.321],[126.552,34.316],[126.552,34.316],[126.548,34.309],[126.545,34.303],[126.54,34.303],[126.539,34.304],[126.539,34.304],[126.539,34.304],[126.539,34.304],[126.538,34.304],[126.537,34.304],[126.537,34.304],[126.529,34.301],[126.529,34.3],[126.528,34.294],[126.528,34.293],[126.525,34.292],[126.524,34.292],[126.521,34.293],[126.521,34.293],[126.521,34.293],[126.522,34.294],[126.522,34.295],[126.522,34.295],[126.522,34.296],[126.521,34.296],[126.519,34.296],[126.517,34.299],[126.517,34.303],[126.517,34.304],[126.516,34.309],[126.518,34.31],[126.519,34.31],[126.52,34.31],[126.52,34.311],[126.52,34.311],[126.52,34.312],[126.519,34.314],[126.518,34.316],[126.517,34.316],[126.517,34.316],[126.513,34.318],[126.512,34.319],[126.513,34.32],[126.514,34.321],[126.514,34.321],[126.515,34.321],[126.515,34.321],[126.521,34.324],[126.521,34.324],[126.521,34.325],[126.521,34.325],[126.521,34.325],[126.521,34.326],[126.525,34.329],[126.527,34.334],[126.526,34.337],[126.526,34.337],[126.525,34.339],[126.525,34.339],[126.522,34.341],[126.518,34.339],[126.516,34.339],[126.516,34.339],[126.516,34.339],[126.517,34.34],[126.517,34.34],[126.517,34.34],[126.518,34.34],[126.519,34.34],[126.521,34.341],[126.522,34.341],[126.522,34.342],[126.522,34.355],[126.522,34.357],[126.52,34.361],[126.519,34.361],[126.516,34.363],[126.512,34.365],[126.506,34.366],[126.502,34.365],[126.501,34.363],[126.502,34.361],[126.502,34.36],[126.499,34.357],[126.498,34.357],[126.498,34.357],[126.498,34.357],[126.498,34.357],[126.497,34.358],[126.497,34.358],[126.497,34.358],[126.494,34.36],[126.493,34.36],[126.492,34.36],[126.491,34.36],[126.49,34.359],[126.49,34.358],[126.49,34.358],[126.49,34.358],[126.489,34.357],[126.488,34.356],[126.486,34.355],[126.485,34.355],[126.481,34.354],[126.479,34.35],[126.479,34.349],[126.476,34.348],[126.475,34.348],[126.476,34.348],[126.476,34.348],[126.476,34.348],[126.476,34.349],[126.477,34.35],[126.476,34.35],[126.475,34.351],[126.475,34.351],[126.474,34.351],[126.474,34.351],[126.473,34.35],[126.473,34.35],[126.471,34.349],[126.471,34.351],[126.471,34.351],[126.471,34.353],[126.472,34.353],[126.471,34.353],[126.471,34.354],[126.471,34.354],[126.465,34.362],[126.465,34.362],[126.468,34.364],[126.469,34.363],[126.475,34.356],[126.476,34.355],[126.477,34.356],[126.479,34.357],[126.481,34.358],[126.481,34.359],[126.481,34.359],[126.48,34.361],[126.479,34.361],[126.477,34.363],[126.476,34.365],[126.476,34.365],[126.476,34.365],[126.476,34.365],[126.476,34.365],[126.476,34.365],[126.477,34.365],[126.477,34.365],[126.479,34.363],[126.482,34.364],[126.482,34.365],[126.483,34.365],[126.483,34.365],[126.485,34.364],[126.486,34.364],[126.486,34.364],[126.486,34.363],[126.486,34.363],[126.487,34.364],[126.487,34.365],[126.487,34.365],[126.486,34.365],[126.482,34.367],[126.48,34.368],[126.476,34.373],[126.476,34.373],[126.476,34.373],[126.481,34.374],[126.481,34.374],[126.481,34.374],[126.481,34.374],[126.481,34.374],[126.481,34.374],[126.481,34.375],[126.481,34.375],[126.481,34.375],[126.481,34.376],[126.481,34.376],[126.481,34.376],[126.478,34.377],[126.478,34.377],[126.477,34.377],[126.474,34.378],[126.473,34.378],[126.474,34.379],[126.474,34.38],[126.479,34.381],[126.48,34.381],[126.481,34.381],[126.481,34.381],[126.481,34.382],[126.481,34.382],[126.481,34.383],[126.477,34.383],[126.477,34.383],[126.476,34.383],[126.476,34.382],[126.471,34.383],[126.471,34.383],[126.471,34.383],[126.471,34.384],[126.472,34.385],[126.473,34.383],[126.473,34.383],[126.474,34.383],[126.475,34.384],[126.481,34.385],[126.482,34.385],[126.482,34.385],[126.483,34.386],[126.484,34.387],[126.484,34.387],[126.492,34.385],[126.496,34.384],[126.498,34.389],[126.497,34.389],[126.496,34.39],[126.493,34.392],[126.494,34.393],[126.494,34.393],[126.494,34.393],[126.494,34.394],[126.493,34.395],[126.492,34.395],[126.491,34.395],[126.491,34.395],[126.49,34.395],[126.489,34.396],[126.489,34.397],[126.491,34.404],[126.492,34.405],[126.492,34.405],[126.491,34.406],[126.49,34.406],[126.49,34.406],[126.489,34.406],[126.489,34.406],[126.487,34.408],[126.487,34.408],[126.487,34.408],[126.487,34.408],[126.489,34.409],[126.494,34.408],[126.494,34.408],[126.494,34.408],[126.494,34.407],[126.494,34.407],[126.494,34.407],[126.495,34.407],[126.495,34.406],[126.498,34.405],[126.5,34.405],[126.505,34.405],[126.507,34.407],[126.509,34.409],[126.515,34.413],[126.515,34.413],[126.517,34.414],[126.514,34.42],[126.508,34.427],[126.508,34.428],[126.508,34.429],[126.511,34.431],[126.513,34.432],[126.513,34.432],[126.514,34.433],[126.514,34.434],[126.514,34.435],[126.513,34.436],[126.512,34.437],[126.511,34.438],[126.51,34.439],[126.51,34.439],[126.501,34.437],[126.498,34.435],[126.498,34.434],[126.498,34.433],[126.498,34.433],[126.498,34.432],[126.496,34.432],[126.493,34.433],[126.493,34.433],[126.493,34.434],[126.491,34.435],[126.488,34.435],[126.485,34.434],[126.484,34.434],[126.483,34.433],[126.481,34.43],[126.483,34.426],[126.476,34.428],[126.476,34.428],[126.476,34.429],[126.476,34.429],[126.466,34.441],[126.463,34.444],[126.462,34.445],[126.461,34.445],[126.458,34.449],[126.461,34.451],[126.463,34.452],[126.464,34.453],[126.466,34.453],[126.466,34.452],[126.467,34.451],[126.467,34.45],[126.467,34.45],[126.469,34.448],[126.472,34.447],[126.473,34.447],[126.473,34.447],[126.475,34.448],[126.475,34.448],[126.478,34.45],[126.478,34.45],[126.475,34.453],[126.471,34.456],[126.469,34.456],[126.468,34.462],[126.469,34.462],[126.469,34.463],[126.472,34.468],[126.471,34.469],[126.47,34.47],[126.468,34.471],[126.467,34.471],[126.463,34.47],[126.458,34.475],[126.457,34.476],[126.456,34.477],[126.456,34.481],[126.461,34.482],[126.464,34.482],[126.465,34.482],[126.465,34.483],[126.466,34.484],[126.46,34.49],[126.465,34.495],[126.465,34.496],[126.464,34.497],[126.462,34.498],[126.462,34.498],[126.46,34.497],[126.46,34.497],[126.459,34.497],[126.456,34.501],[126.456,34.502],[126.457,34.502],[126.464,34.504],[126.465,34.504],[126.467,34.504],[126.471,34.507],[126.471,34.507],[126.465,34.515],[126.464,34.518],[126.46,34.52],[126.458,34.523],[126.458,34.523],[126.457,34.523],[126.456,34.524],[126.449,34.522],[126.442,34.522],[126.443,34.527],[126.443,34.527],[126.443,34.527],[126.443,34.527],[126.45,34.528],[126.456,34.53],[126.457,34.53],[126.458,34.53],[126.458,34.53],[126.452,34.536],[126.447,34.537],[126.446,34.538],[126.444,34.539],[126.443,34.539],[126.44,34.538],[126.44,34.538],[126.44,34.537],[126.44,34.537],[126.44,34.537],[126.44,34.537],[126.439,34.536],[126.434,34.535],[126.435,34.537],[126.437,34.537],[126.437,34.537],[126.438,34.538],[126.438,34.539],[126.438,34.54],[126.436,34.543],[126.435,34.547],[126.436,34.548],[126.435,34.55],[126.431,34.553],[126.431,34.554],[126.431,34.554],[126.424,34.555],[126.42,34.554],[126.417,34.556],[126.416,34.557],[126.415,34.558],[126.417,34.555],[126.417,34.554],[126.418,34.55],[126.418,34.548],[126.418,34.547],[126.414,34.547],[126.414,34.547],[126.414,34.547],[126.414,34.547],[126.414,34.547],[126.414,34.547],[126.414,34.547],[126.414,34.547],[126.414,34.547],[126.414,34.547],[126.414,34.547],[126.414,34.548],[126.414,34.548],[126.413,34.548],[126.413,34.548],[126.409,34.548],[126.405,34.547],[126.4,34.546],[126.402,34.543],[126.402,34.542],[126.403,34.542],[126.403,34.542],[126.403,34.541],[126.403,34.539],[126.39,34.533],[126.389,34.532],[126.389,34.532],[126.386,34.532],[126.379,34.538],[126.379,34.539],[126.383,34.542],[126.385,34.543],[126.385,34.543],[126.387,34.553],[126.387,34.553],[126.385,34.553],[126.385,34.553],[126.385,34.553],[126.385,34.553],[126.384,34.554],[126.384,34.554],[126.384,34.555],[126.385,34.555],[126.385,34.555],[126.386,34.556],[126.386,34.556],[126.383,34.562],[126.378,34.562],[126.37,34.561],[126.36,34.564],[126.36,34.565],[126.358,34.566],[126.355,34.57],[126.355,34.57],[126.353,34.57],[126.352,34.569],[126.352,34.569],[126.353,34.569],[126.352,34.568],[126.347,34.568],[126.346,34.569],[126.346,34.569],[126.345,34.569],[126.342,34.57],[126.342,34.57],[126.341,34.57],[126.341,34.57],[126.34,34.571],[126.334,34.573],[126.333,34.572],[126.331,34.57],[126.327,34.569],[126.322,34.569],[126.322,34.57],[126.317,34.568],[126.311,34.57],[126.311,34.571],[126.311,34.571],[126.308,34.573],[126.307,34.574],[126.308,34.575],[126.309,34.576],[126.309,34.577],[126.306,34.577],[126.306,34.577],[126.306,34.577],[126.306,34.576],[126.306,34.576],[126.306,34.576],[126.305,34.575],[126.305,34.575],[126.304,34.577],[126.304,34.577],[126.304,34.578],[126.304,34.578],[126.305,34.579],[126.305,34.579],[126.309,34.581],[126.312,34.584],[126.313,34.586],[126.313,34.587],[126.313,34.588],[126.312,34.588],[126.308,34.589],[126.307,34.59],[126.301,34.59],[126.3,34.59],[126.299,34.59],[126.298,34.592],[126.299,34.598],[126.295,34.601],[126.294,34.6],[126.294,34.599],[126.294,34.599],[126.295,34.598],[126.295,34.597],[126.292,34.592],[126.29,34.593],[126.284,34.595],[126.283,34.595],[126.281,34.595],[126.28,34.595],[126.281,34.6],[126.282,34.599],[126.282,34.599],[126.283,34.6],[126.283,34.6],[126.284,34.601],[126.284,34.602],[126.284,34.602],[126.283,34.603],[126.287,34.604],[126.288,34.605],[126.288,34.606],[126.283,34.608],[126.283,34.608],[126.282,34.608],[126.281,34.61],[126.28,34.61],[126.281,34.611],[126.279,34.612],[126.269,34.61],[126.262,34.609],[126.259,34.612],[126.259,34.612],[126.262,34.612],[126.263,34.611],[126.267,34.613],[126.268,34.614],[126.269,34.615],[126.27,34.615],[126.276,34.613],[126.278,34.612],[126.28,34.612],[126.282,34.613],[126.284,34.617],[126.284,34.618],[126.284,34.618],[126.283,34.62],[126.281,34.622],[126.281,34.622],[126.281,34.622],[126.287,34.622],[126.287,34.621],[126.289,34.621],[126.289,34.621],[126.29,34.621],[126.29,34.622],[126.29,34.627],[126.29,34.628],[126.291,34.627],[126.291,34.627],[126.294,34.629],[126.294,34.63],[126.29,34.635],[126.289,34.636],[126.289,34.636],[126.288,34.636],[126.287,34.635],[126.285,34.633],[126.285,34.633],[126.286,34.633],[126.285,34.63],[126.282,34.63],[126.276,34.632],[126.27,34.634],[126.266,34.638],[126.265,34.638],[126.264,34.638],[126.264,34.639],[126.261,34.641],[126.26,34.641],[126.26,34.643],[126.26,34.644],[126.26,34.645],[126.262,34.645],[126.268,34.648],[126.268,34.649],[126.264,34.65],[126.26,34.653],[126.259,34.654],[126.26,34.655],[126.261,34.655],[126.262,34.655],[126.262,34.655],[126.262,34.655],[126.263,34.656],[126.263,34.656],[126.259,34.663],[126.259,34.663],[126.258,34.663],[126.257,34.663],[126.255,34.664],[126.256,34.667],[126.256,34.668],[126.257,34.668],[126.258,34.668],[126.26,34.669],[126.26,34.672],[126.26,34.676],[126.26,34.676],[126.259,34.677],[126.259,34.677],[126.256,34.677],[126.255,34.679],[126.255,34.68],[126.256,34.68],[126.26,34.683],[126.261,34.683],[126.261,34.687],[126.261,34.692],[126.26,34.693],[126.26,34.693],[126.26,34.693],[126.26,34.693],[126.259,34.7],[126.259,34.701],[126.262,34.706],[126.261,34.707],[126.262,34.708],[126.262,34.708],[126.264,34.704],[126.264,34.704],[126.269,34.702],[126.269,34.702],[126.272,34.704],[126.271,34.706],[126.273,34.71],[126.275,34.712],[126.275,34.714],[126.274,34.716],[126.274,34.716],[126.275,34.717],[126.277,34.719],[126.278,34.719],[126.279,34.72],[126.279,34.718],[126.28,34.718],[126.279,34.718],[126.279,34.717],[126.28,34.717],[126.281,34.718],[126.281,34.718],[126.28,34.721],[126.279,34.721],[126.276,34.723],[126.275,34.73],[126.279,34.736],[126.283,34.745],[126.283,34.745],[126.286,34.756],[126.286,34.756],[126.286,34.756],[126.286,34.757],[126.285,34.757],[126.286,34.758],[126.289,34.76],[126.289,34.76],[126.294,34.761],[126.297,34.762],[126.299,34.762],[126.311,34.753],[126.311,34.753],[126.311,34.753],[126.311,34.752],[126.31,34.751],[126.308,34.75],[126.308,34.75],[126.308,34.75],[126.308,34.748],[126.312,34.746],[126.314,34.746],[126.317,34.75],[126.317,34.751],[126.317,34.751],[126.318,34.751],[126.319,34.75],[126.324,34.745],[126.328,34.741],[126.331,34.741],[126.332,34.74],[126.335,34.738],[126.334,34.736],[126.334,34.736],[126.331,34.723],[126.33,34.721],[126.331,34.721],[126.333,34.719],[126.334,34.719],[126.335,34.719],[126.337,34.719],[126.339,34.718],[126.347,34.711],[126.347,34.711],[126.347,34.711],[126.347,34.711],[126.347,34.711],[126.347,34.711],[126.348,34.71],[126.348,34.71],[126.348,34.71],[126.349,34.709],[126.349,34.709],[126.35,34.704],[126.349,34.702],[126.348,34.701],[126.347,34.7],[126.347,34.7],[126.35,34.697],[126.354,34.695],[126.355,34.694],[126.356,34.693],[126.361,34.694],[126.363,34.695],[126.364,34.695],[126.364,34.695],[126.364,34.696],[126.364,34.696],[126.363,34.696],[126.363,34.696],[126.363,34.697],[126.367,34.698],[126.368,34.698],[126.369,34.699],[126.372,34.705],[126.37,34.706],[126.371,34.707],[126.371,34.707],[126.375,34.71],[126.374,34.711],[126.374,34.711],[126.378,34.715],[126.384,34.719],[126.385,34.72],[126.386,34.722],[126.387,34.724],[126.389,34.731],[126.389,34.731],[126.381,34.734],[126.362,34.741],[126.361,34.743],[126.365,34.749],[126.366,34.749],[126.369,34.749],[126.368,34.749],[126.366,34.75],[126.367,34.752],[126.369,34.751],[126.371,34.75],[126.38,34.753],[126.38,34.753],[126.38,34.758],[126.378,34.756],[126.373,34.753],[126.372,34.754],[126.382,34.764],[126.38,34.764],[126.379,34.765],[126.379,34.765],[126.379,34.766],[126.381,34.769],[126.381,34.769],[126.382,34.769],[126.382,34.769],[126.383,34.769],[126.392,34.771],[126.392,34.772],[126.4,34.774],[126.405,34.773],[126.405,34.772],[126.405,34.772],[126.416,34.775],[126.416,34.776],[126.424,34.778],[126.431,34.778],[126.433,34.778],[126.433,34.778],[126.433,34.778],[126.434,34.778],[126.434,34.778],[126.44,34.779],[126.45,34.783],[126.448,34.785],[126.448,34.785],[126.448,34.785],[126.448,34.785],[126.448,34.785],[126.447,34.785],[126.447,34.785],[126.447,34.786],[126.447,34.786],[126.447,34.786],[126.447,34.786],[126.447,34.786],[126.447,34.786],[126.447,34.786],[126.447,34.786],[126.447,34.786],[126.447,34.786],[126.447,34.786],[126.447,34.786],[126.445,34.789],[126.445,34.789],[126.445,34.789],[126.445,34.789],[126.445,34.789],[126.445,34.789],[126.445,34.789],[126.445,34.789],[126.445,34.789],[126.445,34.789],[126.445,34.789],[126.445,34.789],[126.445,34.789],[126.445,34.789],[126.445,34.789],[126.446,34.79],[126.446,34.79],[126.446,34.79],[126.446,34.79],[126.446,34.79],[126.446,34.79],[126.446,34.79],[126.446,34.79],[126.446,34.79],[126.446,34.79],[126.446,34.79],[126.446,34.79],[126.446,34.791],[126.444,34.793],[126.44,34.799],[126.436,34.797],[126.429,34.794],[126.426,34.792],[126.425,34.792],[126.42,34.791],[126.418,34.791],[126.418,34.791],[126.415,34.792],[126.414,34.792],[126.411,34.793],[126.414,34.788],[126.396,34.782],[126.389,34.781],[126.39,34.785],[126.392,34.786],[126.387,34.786],[126.386,34.783],[126.382,34.779],[126.376,34.78],[126.373,34.78],[126.369,34.781],[126.369,34.781],[126.369,34.781],[126.368,34.783],[126.368,34.784],[126.368,34.784],[126.368,34.785],[126.366,34.789],[126.363,34.791],[126.36,34.793],[126.361,34.794],[126.356,34.795],[126.35,34.796],[126.356,34.802],[126.357,34.802],[126.365,34.804],[126.36,34.805],[126.36,34.805],[126.368,34.811],[126.369,34.812],[126.369,34.812],[126.368,34.813],[126.368,34.813],[126.369,34.813],[126.369,34.813],[126.369,34.813],[126.369,34.813],[126.369,34.813],[126.37,34.814],[126.37,34.814],[126.37,34.814],[126.37,34.814],[126.37,34.814],[126.37,34.814],[126.37,34.814],[126.37,34.814],[126.37,34.814],[126.37,34.814],[126.371,34.816],[126.375,34.821],[126.375,34.821],[126.383,34.827],[126.382,34.83],[126.388,34.837],[126.388,34.837],[126.389,34.837],[126.397,34.838],[126.4,34.84],[126.408,34.842],[126.409,34.842],[126.411,34.842],[126.412,34.843],[126.412,34.844],[126.406,34.85],[126.407,34.851],[126.407,34.852],[126.404,34.858],[126.403,34.859],[126.402,34.861],[126.396,34.867],[126.395,34.869],[126.396,34.873],[126.399,34.877],[126.402,34.879],[126.402,34.879],[126.402,34.879],[126.402,34.879],[126.401,34.881],[126.401,34.881],[126.392,34.883],[126.389,34.879],[126.389,34.878],[126.388,34.877],[126.387,34.878],[126.387,34.878],[126.386,34.882],[126.386,34.882],[126.386,34.882],[126.387,34.882],[126.387,34.882],[126.387,34.882],[126.388,34.882],[126.388,34.883],[126.388,34.883],[126.39,34.884],[126.39,34.885],[126.39,34.885],[126.394,34.894],[126.394,34.895],[126.392,34.899],[126.391,34.899],[126.391,34.9],[126.392,34.9],[126.395,34.899],[126.396,34.898],[126.397,34.898],[126.397,34.898],[126.4,34.9],[126.401,34.901],[126.403,34.905],[126.405,34.911],[126.4,34.917],[126.393,34.92],[126.391,34.922],[126.391,34.923],[126.391,34.923],[126.39,34.927],[126.389,34.928],[126.394,34.931],[126.394,34.931],[126.395,34.932],[126.399,34.935],[126.398,34.936],[126.397,34.937],[126.397,34.936],[126.396,34.936],[126.392,34.936],[126.392,34.936],[126.388,34.947],[126.388,34.948],[126.39,34.955],[126.391,34.955],[126.392,34.955],[126.394,34.965],[126.393,34.965],[126.391,34.967],[126.387,34.968],[126.386,34.968],[126.385,34.968],[126.384,34.968],[126.383,34.969],[126.379,34.972],[126.379,34.977],[126.38,34.985],[126.38,34.988],[126.379,34.989],[126.377,34.989],[126.377,34.99],[126.376,34.989],[126.374,34.991],[126.374,34.994],[126.374,34.999],[126.372,34.999],[126.372,34.999],[126.372,34.999],[126.372,34.999],[126.372,34.999],[126.37,34.997],[126.37,34.997],[126.37,34.996],[126.37,34.996],[126.368,34.996],[126.368,34.991],[126.368,34.99],[126.368,34.989],[126.368,34.979],[126.368,34.979],[126.369,34.978],[126.369,34.978],[126.37,34.975],[126.37,34.975],[126.364,34.972],[126.364,34.972],[126.363,34.972],[126.363,34.972],[126.36,34.97],[126.359,34.968],[126.359,34.968],[126.361,34.967],[126.361,34.966],[126.361,34.966],[126.36,34.964],[126.367,34.963],[126.368,34.963],[126.369,34.963],[126.373,34.958],[126.371,34.954],[126.371,34.954],[126.371,34.951],[126.369,34.947],[126.367,34.946],[126.366,34.943],[126.366,34.943],[126.371,34.942],[126.372,34.939],[126.369,34.937],[126.366,34.932],[126.367,34.927],[126.367,34.927],[126.367,34.926],[126.369,34.925],[126.368,34.92],[126.361,34.92],[126.358,34.922],[126.352,34.922],[126.351,34.921],[126.351,34.921],[126.351,34.921],[126.351,34.92],[126.35,34.917],[126.35,34.917],[126.335,34.917],[126.333,34.917],[126.331,34.917],[126.328,34.925],[126.328,34.926],[126.329,34.926],[126.33,34.926],[126.326,34.931],[126.325,34.931],[126.322,34.931],[126.322,34.93],[126.322,34.93],[126.322,34.929],[126.322,34.929],[126.321,34.93],[126.32,34.932],[126.32,34.932],[126.32,34.932],[126.318,34.932],[126.313,34.928],[126.312,34.927],[126.311,34.926],[126.307,34.928],[126.306,34.934],[126.306,34.933],[126.307,34.933],[126.31,34.934],[126.317,34.94],[126.318,34.945],[126.314,34.947],[126.313,34.947],[126.31,34.948],[126.308,34.95],[126.306,34.955],[126.306,34.955],[126.307,34.956],[126.307,34.956],[126.306,34.956],[126.304,34.957],[126.295,34.966],[126.297,34.971],[126.298,34.974],[126.304,34.977],[126.304,34.977],[126.305,34.983],[126.305,34.985],[126.306,34.986],[126.307,34.986],[126.308,34.986],[126.308,34.986],[126.308,34.985],[126.31,34.986],[126.311,34.986],[126.312,34.988],[126.313,34.988],[126.313,34.988],[126.313,34.988],[126.314,34.988],[126.314,34.988],[126.314,34.988],[126.314,34.988],[126.314,34.986],[126.314,34.986],[126.313,34.985],[126.313,34.985],[126.313,34.985],[126.313,34.985],[126.313,34.985],[126.313,34.985],[126.318,34.981],[126.321,34.975],[126.321,34.974],[126.322,34.972],[126.325,34.972],[126.327,34.968],[126.327,34.967],[126.327,34.967],[126.329,34.967],[126.33,34.967],[126.331,34.968],[126.332,34.969],[126.332,34.97],[126.335,34.971],[126.336,34.972],[126.339,34.973],[126.342,34.972],[126.343,34.972],[126.343,34.972],[126.344,34.972],[126.345,34.973],[126.349,34.977],[126.349,34.978],[126.349,34.978],[126.349,34.978],[126.35,34.98],[126.353,34.984],[126.353,34.984],[126.356,34.985],[126.356,34.985],[126.357,34.985],[126.357,34.984],[126.357,34.984],[126.357,34.983],[126.357,34.984],[126.359,34.987],[126.359,34.987],[126.358,34.99],[126.359,34.992],[126.357,34.993],[126.357,34.993],[126.356,34.993],[126.355,34.993],[126.353,34.993],[126.352,34.994],[126.345,34.995],[126.343,34.996],[126.343,34.996],[126.343,34.997],[126.341,34.997],[126.339,34.997],[126.336,34.996],[126.335,34.993],[126.335,34.993],[126.335,34.993],[126.335,34.992],[126.334,34.991],[126.334,34.991],[126.334,34.991],[126.334,34.991],[126.334,34.991],[126.334,34.991],[126.334,34.991],[126.334,34.991],[126.334,34.991],[126.334,34.991],[126.334,34.992],[126.333,34.994],[126.335,34.995],[126.345,35.001],[126.353,35.005],[126.361,35.009],[126.366,35.011],[126.384,35.022],[126.384,35.023],[126.384,35.023],[126.388,35.024],[126.39,35.024],[126.391,35.027],[126.391,35.032],[126.389,35.037],[126.386,35.042],[126.382,35.049],[126.381,35.049],[126.381,35.049],[126.381,35.049],[126.373,35.047],[126.371,35.048],[126.371,35.048],[126.367,35.046],[126.365,35.044],[126.364,35.044],[126.361,35.043],[126.36,35.043],[126.36,35.043],[126.36,35.043],[126.358,35.043],[126.358,35.043],[126.357,35.042],[126.357,35.042],[126.357,35.042],[126.358,35.041],[126.358,35.041],[126.358,35.041],[126.358,35.041],[126.358,35.04],[126.358,35.04],[126.358,35.039],[126.358,35.039],[126.358,35.039],[126.357,35.038],[126.357,35.038],[126.357,35.038],[126.356,35.038],[126.356,35.038],[126.353,35.039],[126.352,35.039],[126.351,35.04],[126.348,35.045],[126.348,35.047],[126.349,35.051],[126.35,35.051],[126.353,35.053],[126.348,35.058],[126.345,35.059],[126.34,35.06],[126.338,35.061],[126.337,35.061],[126.336,35.061],[126.335,35.06],[126.335,35.06],[126.335,35.059],[126.334,35.059],[126.331,35.062],[126.334,35.063],[126.334,35.063],[126.334,35.063],[126.334,35.063],[126.334,35.063],[126.334,35.063],[126.334,35.063],[126.334,35.062],[126.334,35.062],[126.335,35.062],[126.336,35.062],[126.34,35.063],[126.34,35.064],[126.344,35.069],[126.345,35.069],[126.345,35.07],[126.345,35.071],[126.345,35.071],[126.343,35.073],[126.34,35.076],[126.339,35.078],[126.338,35.08],[126.338,35.081],[126.334,35.088],[126.332,35.088],[126.326,35.089],[126.325,35.089],[126.322,35.089],[126.319,35.089],[126.318,35.088],[126.317,35.087],[126.316,35.087],[126.316,35.083],[126.316,35.078],[126.311,35.076],[126.311,35.076],[126.314,35.072],[126.315,35.072],[126.316,35.072],[126.316,35.071],[126.316,35.071],[126.312,35.067],[126.311,35.068],[126.306,35.067],[126.3,35.062],[126.3,35.061],[126.3,35.061],[126.301,35.06],[126.308,35.059],[126.308,35.059],[126.309,35.06],[126.31,35.059],[126.312,35.059],[126.313,35.058],[126.314,35.054],[126.314,35.054],[126.31,35.051],[126.308,35.05],[126.307,35.049],[126.305,35.047],[126.305,35.045],[126.297,35.042],[126.296,35.042],[126.296,35.042],[126.296,35.042],[126.297,35.042],[126.298,35.043],[126.301,35.044],[126.302,35.046],[126.302,35.047],[126.295,35.05],[126.295,35.052],[126.296,35.053],[126.296,35.055],[126.292,35.06],[126.291,35.06],[126.283,35.062],[126.282,35.062],[126.281,35.061],[126.281,35.06],[126.281,35.06],[126.281,35.059],[126.281,35.058],[126.278,35.055],[126.276,35.054],[126.273,35.053],[126.272,35.054],[126.271,35.055],[126.269,35.054],[126.262,35.054],[126.261,35.05],[126.264,35.043],[126.273,35.039],[126.275,35.034],[126.274,35.034],[126.271,35.032],[126.266,35.028],[126.266,35.026],[126.267,35.025],[126.267,35.025],[126.267,35.025],[126.267,35.025],[126.267,35.024],[126.267,35.024],[126.266,35.022],[126.265,35.022],[126.263,35.021],[126.26,35.019],[126.256,35.013],[126.256,35.013],[126.255,35.013],[126.25,35.012],[126.247,35.014],[126.248,35.014],[126.244,35.027],[126.244,35.027],[126.243,35.028],[126.243,35.028],[126.239,35.022],[126.24,35.021],[126.239,35.018],[126.23,35.017],[126.23,35.018],[126.229,35.018],[126.229,35.018],[126.229,35.018],[126.229,35.018],[126.227,35.02],[126.227,35.02],[126.227,35.02],[126.227,35.02],[126.227,35.02],[126.227,35.02],[126.227,35.023],[126.227,35.023],[126.227,35.023],[126.227,35.023],[126.227,35.023],[126.227,35.023],[126.227,35.023],[126.227,35.023],[126.229,35.024],[126.229,35.024],[126.231,35.024],[126.232,35.026],[126.232,35.026],[126.231,35.027],[126.231,35.027],[126.231,35.027],[126.229,35.028],[126.229,35.031],[126.229,35.031],[126.229,35.032],[126.23,35.033],[126.229,35.036],[126.228,35.038],[126.228,35.038],[126.232,35.043],[126.233,35.044],[126.233,35.053],[126.223,35.058],[126.216,35.057],[126.211,35.057],[126.209,35.056],[126.208,35.056],[126.207,35.055],[126.209,35.054],[126.209,35.054],[126.209,35.054],[126.206,35.055],[126.203,35.06],[126.192,35.061],[126.185,35.058],[126.183,35.058],[126.182,35.058],[126.182,35.059],[126.182,35.06],[126.182,35.061],[126.177,35.067],[126.175,35.066],[126.175,35.066],[126.175,35.066],[126.175,35.065],[126.175,35.065],[126.174,35.064],[126.174,35.064],[126.173,35.064],[126.173,35.064],[126.173,35.064],[126.17,35.066],[126.169,35.07],[126.169,35.071],[126.167,35.072],[126.167,35.072],[126.167,35.071],[126.167,35.07],[126.167,35.07],[126.167,35.07],[126.167,35.07],[126.167,35.07],[126.167,35.07],[126.167,35.069],[126.167,35.069],[126.167,35.069],[126.167,35.069],[126.167,35.069],[126.167,35.069],[126.165,35.067],[126.165,35.067],[126.165,35.067],[126.165,35.067],[126.165,35.067],[126.162,35.067],[126.162,35.067],[126.162,35.067],[126.162,35.067],[126.162,35.067],[126.162,35.067],[126.162,35.067],[126.16,35.07],[126.16,35.072],[126.161,35.072],[126.163,35.074],[126.163,35.074],[126.162,35.075],[126.165,35.08],[126.165,35.085],[126.158,35.087],[126.16,35.099],[126.172,35.106],[126.174,35.106],[126.175,35.105],[126.175,35.105],[126.178,35.104],[126.18,35.105],[126.18,35.106],[126.18,35.106],[126.18,35.108],[126.181,35.108],[126.182,35.109],[126.19,35.113],[126.191,35.113],[126.194,35.11],[126.21,35.103],[126.21,35.103],[126.218,35.107],[126.224,35.104],[126.225,35.104],[126.227,35.103],[126.227,35.103],[126.232,35.099],[126.234,35.099],[126.236,35.101],[126.242,35.1],[126.243,35.099],[126.245,35.097],[126.251,35.097],[126.252,35.099],[126.254,35.102],[126.254,35.102],[126.256,35.102],[126.258,35.101],[126.259,35.101],[126.258,35.094],[126.258,35.094],[126.258,35.094],[126.262,35.102],[126.253,35.107],[126.249,35.109],[126.249,35.111],[126.249,35.111],[126.245,35.114],[126.245,35.115],[126.247,35.12],[126.247,35.12],[126.247,35.12],[126.253,35.13],[126.253,35.13],[126.253,35.13],[126.254,35.131],[126.254,35.131],[126.253,35.132],[126.253,35.132],[126.252,35.132],[126.252,35.133],[126.252,35.133],[126.252,35.133],[126.252,35.133],[126.254,35.134],[126.255,35.134],[126.255,35.134],[126.255,35.134],[126.255,35.134],[126.256,35.134],[126.256,35.134],[126.259,35.135],[126.259,35.135],[126.259,35.135],[126.259,35.135],[126.259,35.136],[126.257,35.138],[126.257,35.138],[126.257,35.138],[126.256,35.139],[126.258,35.141],[126.259,35.143],[126.264,35.146],[126.264,35.146],[126.266,35.145],[126.266,35.145],[126.267,35.145],[126.267,35.145],[126.267,35.145],[126.268,35.145],[126.271,35.145],[126.271,35.145],[126.272,35.146],[126.272,35.146],[126.272,35.146],[126.272,35.146],[126.272,35.147],[126.272,35.147],[126.271,35.149],[126.271,35.15],[126.271,35.15],[126.271,35.15],[126.271,35.15],[126.271,35.15],[126.272,35.15],[126.275,35.147],[126.274,35.146],[126.274,35.146],[126.274,35.145],[126.276,35.144],[126.277,35.143],[126.277,35.143],[126.278,35.142],[126.278,35.137],[126.279,35.136],[126.282,35.135],[126.283,35.135],[126.284,35.135],[126.287,35.135],[126.289,35.135],[126.291,35.136],[126.291,35.136],[126.292,35.137],[126.292,35.138],[126.298,35.138],[126.3,35.138],[126.309,35.137],[126.309,35.137],[126.309,35.133],[126.308,35.132],[126.306,35.132],[126.306,35.132],[126.306,35.131],[126.308,35.128],[126.308,35.128],[126.309,35.128],[126.311,35.128],[126.321,35.127],[126.322,35.129],[126.322,35.129],[126.322,35.129],[126.327,35.135],[126.329,35.138],[126.331,35.141],[126.331,35.142],[126.331,35.143],[126.33,35.145],[126.328,35.145],[126.328,35.145],[126.327,35.146],[126.326,35.146],[126.325,35.147],[126.326,35.15],[126.326,35.15],[126.327,35.151],[126.33,35.151],[126.33,35.151],[126.33,35.15],[126.333,35.149],[126.333,35.149],[126.334,35.149],[126.334,35.149],[126.334,35.149],[126.334,35.149],[126.334,35.149],[126.334,35.149],[126.334,35.149],[126.334,35.149],[126.334,35.149],[126.335,35.15],[126.335,35.15],[126.335,35.15],[126.335,35.15],[126.338,35.152],[126.342,35.156],[126.344,35.158],[126.344,35.158],[126.344,35.158],[126.344,35.158],[126.345,35.159],[126.346,35.16],[126.346,35.16],[126.346,35.16],[126.347,35.159],[126.347,35.159],[126.348,35.157],[126.348,35.157],[126.347,35.157],[126.346,35.156],[126.346,35.156],[126.345,35.156],[126.345,35.151],[126.345,35.151],[126.346,35.148],[126.346,35.148],[126.345,35.146],[126.345,35.141],[126.345,35.141],[126.345,35.14],[126.346,35.139],[126.345,35.134],[126.341,35.131],[126.341,35.13],[126.341,35.13],[126.339,35.123],[126.338,35.123],[126.338,35.122],[126.338,35.122],[126.339,35.121],[126.337,35.117],[126.332,35.11],[126.331,35.11],[126.33,35.109],[126.33,35.107],[126.335,35.099],[126.331,35.095],[126.331,35.095],[126.332,35.093],[126.333,35.093],[126.335,35.092],[126.338,35.092],[126.34,35.092],[126.342,35.092],[126.342,35.092],[126.35,35.095],[126.352,35.1],[126.353,35.098],[126.353,35.098],[126.352,35.097],[126.351,35.096],[126.351,35.096],[126.351,35.095],[126.35,35.094],[126.351,35.092],[126.351,35.092],[126.351,35.091],[126.352,35.088],[126.35,35.086],[126.35,35.087],[126.349,35.088],[126.349,35.088],[126.342,35.086],[126.342,35.086],[126.342,35.086],[126.343,35.085],[126.343,35.084],[126.344,35.084],[126.344,35.078],[126.344,35.077],[126.345,35.077],[126.345,35.076],[126.346,35.075],[126.348,35.075],[126.349,35.076],[126.35,35.078],[126.358,35.075],[126.359,35.075],[126.361,35.075],[126.361,35.075],[126.361,35.075],[126.362,35.075],[126.362,35.075],[126.362,35.075],[126.362,35.075],[126.362,35.075],[126.362,35.076],[126.362,35.076],[126.362,35.076],[126.362,35.076],[126.362,35.076],[126.362,35.077],[126.362,35.077],[126.362,35.077],[126.362,35.077],[126.362,35.077],[126.362,35.077],[126.362,35.077],[126.362,35.077],[126.362,35.078],[126.362,35.078],[126.362,35.078],[126.362,35.078],[126.363,35.079],[126.364,35.079],[126.367,35.078],[126.368,35.077],[126.368,35.077],[126.368,35.077],[126.366,35.076],[126.366,35.076],[126.365,35.076],[126.365,35.076],[126.364,35.075],[126.364,35.075],[126.364,35.075],[126.364,35.075],[126.364,35.075],[126.364,35.075],[126.364,35.074],[126.366,35.073],[126.367,35.072],[126.367,35.072],[126.368,35.071],[126.367,35.067],[126.367,35.067],[126.367,35.067],[126.365,35.065],[126.371,35.062],[126.374,35.064],[126.374,35.065],[126.376,35.069],[126.382,35.077],[126.383,35.078],[126.382,35.079],[126.381,35.081],[126.381,35.081],[126.381,35.081],[126.381,35.082],[126.386,35.084],[126.387,35.085],[126.387,35.085],[126.388,35.085],[126.388,35.086],[126.388,35.086],[126.388,35.086],[126.388,35.086],[126.388,35.087],[126.391,35.086],[126.39,35.083],[126.386,35.076],[126.384,35.067],[126.391,35.065],[126.392,35.066],[126.392,35.066],[126.392,35.07],[126.392,35.07],[126.396,35.076],[126.397,35.076],[126.397,35.076],[126.398,35.075],[126.399,35.074],[126.399,35.074],[126.404,35.071],[126.405,35.067],[126.404,35.069],[126.403,35.067],[126.403,35.066],[126.406,35.058],[126.404,35.057],[126.403,35.057],[126.401,35.055],[126.4,35.055],[126.4,35.052],[126.4,35.052],[126.402,35.051],[126.403,35.051],[126.403,35.051],[126.402,35.05],[126.402,35.05],[126.397,35.048],[126.395,35.048],[126.391,35.043],[126.39,35.043],[126.391,35.043],[126.396,35.042],[126.4,35.035],[126.404,35.027],[126.411,35.029],[126.411,35.029],[126.412,35.029],[126.412,35.029],[126.417,35.027],[126.418,35.027],[126.418,35.027],[126.425,35.028],[126.425,35.028],[126.427,35.027],[126.427,35.03],[126.421,35.037],[126.418,35.04],[126.418,35.039],[126.418,35.039],[126.418,35.041],[126.418,35.041],[126.421,35.045],[126.421,35.045],[126.421,35.045],[126.421,35.045],[126.421,35.045],[126.421,35.045],[126.421,35.045],[126.421,35.045],[126.421,35.045],[126.42,35.044],[126.42,35.044],[126.42,35.044],[126.42,35.044],[126.42,35.044],[126.42,35.044],[126.42,35.044],[126.42,35.044],[126.42,35.044],[126.42,35.045],[126.42,35.045],[126.423,35.048],[126.423,35.048],[126.423,35.048],[126.423,35.048],[126.423,35.048],[126.423,35.048],[126.423,35.048],[126.423,35.048],[126.423,35.048],[126.423,35.048],[126.424,35.049],[126.424,35.049],[126.424,35.049],[126.424,35.049],[126.424,35.049],[126.424,35.049],[126.424,35.049],[126.425,35.049],[126.425,35.049],[126.425,35.049],[126.425,35.049],[126.431,35.052],[126.432,35.052],[126.432,35.052],[126.439,35.055],[126.444,35.059],[126.45,35.068],[126.451,35.07],[126.457,35.074],[126.457,35.076],[126.456,35.076],[126.455,35.077],[126.455,35.076],[126.442,35.084],[126.44,35.084],[126.439,35.085],[126.438,35.084],[126.437,35.084],[126.436,35.085],[126.436,35.086],[126.436,35.086],[126.436,35.086],[126.436,35.086],[126.44,35.087],[126.455,35.09],[126.456,35.09],[126.456,35.09],[126.456,35.09],[126.457,35.09],[126.46,35.093],[126.462,35.096],[126.465,35.1],[126.463,35.102],[126.463,35.102],[126.462,35.102],[126.454,35.102],[126.453,35.103],[126.446,35.106],[126.445,35.106],[126.441,35.105],[126.441,35.105],[126.441,35.105],[126.441,35.105],[126.44,35.105],[126.438,35.105],[126.437,35.105],[126.432,35.107],[126.432,35.107],[126.431,35.107],[126.43,35.108],[126.428,35.107],[126.426,35.107],[126.425,35.107],[126.422,35.107],[126.403,35.137],[126.402,35.137],[126.397,35.135],[126.397,35.134],[126.396,35.135],[126.387,35.147],[126.386,35.148],[126.385,35.148],[126.384,35.149],[126.384,35.149],[126.382,35.154],[126.382,35.154],[126.384,35.157],[126.384,35.158],[126.384,35.158],[126.383,35.159],[126.383,35.159],[126.373,35.16],[126.37,35.164],[126.366,35.168],[126.359,35.169],[126.36,35.171],[126.36,35.171],[126.361,35.171],[126.36,35.177],[126.36,35.177],[126.354,35.183],[126.361,35.185],[126.363,35.186],[126.363,35.186],[126.363,35.186],[126.367,35.186],[126.372,35.19],[126.373,35.19],[126.373,35.19],[126.372,35.191],[126.369,35.195],[126.37,35.198],[126.372,35.199],[126.379,35.209],[126.379,35.209],[126.376,35.212],[126.366,35.205],[126.354,35.202],[126.355,35.199],[126.355,35.198],[126.355,35.197],[126.354,35.196],[126.347,35.195],[126.342,35.194],[126.338,35.192],[126.338,35.191],[126.338,35.191],[126.337,35.193],[126.337,35.194],[126.337,35.196],[126.339,35.204],[126.339,35.205],[126.34,35.205],[126.342,35.208],[126.343,35.212],[126.342,35.214],[126.34,35.209],[126.339,35.207],[126.335,35.205],[126.334,35.205],[126.33,35.204],[126.329,35.204],[126.329,35.203],[126.328,35.203],[126.321,35.204],[126.315,35.208],[126.316,35.209],[126.317,35.217],[126.317,35.216],[126.317,35.214],[126.314,35.21],[126.312,35.21],[126.306,35.212],[126.303,35.212],[126.303,35.211],[126.304,35.212],[126.305,35.212],[126.306,35.211],[126.305,35.211],[126.304,35.209],[126.304,35.209],[126.3,35.21],[126.299,35.211],[126.3,35.212],[126.3,35.218],[126.299,35.219],[126.299,35.223],[126.3,35.228],[126.303,35.239],[126.304,35.24],[126.308,35.251],[126.313,35.253],[126.32,35.246],[126.326,35.243],[126.327,35.247],[126.324,35.253],[126.324,35.253],[126.326,35.257],[126.322,35.263],[126.322,35.263],[126.324,35.264],[126.33,35.267],[126.331,35.266],[126.333,35.268],[126.346,35.275],[126.347,35.275],[126.347,35.274],[126.347,35.275],[126.346,35.275],[126.346,35.275],[126.335,35.27],[126.325,35.271],[126.325,35.271],[126.325,35.271],[126.329,35.279],[126.33,35.28],[126.338,35.285],[126.339,35.286],[126.34,35.286],[126.34,35.286],[126.35,35.286],[126.351,35.286],[126.353,35.283],[126.361,35.285],[126.365,35.285],[126.37,35.284],[126.372,35.285],[126.37,35.287],[126.366,35.287],[126.366,35.287],[126.366,35.287],[126.365,35.288],[126.366,35.29],[126.366,35.292],[126.366,35.293],[126.367,35.292],[126.367,35.292],[126.367,35.292],[126.369,35.292],[126.373,35.297],[126.375,35.301],[126.378,35.306],[126.377,35.308],[126.377,35.308],[126.377,35.308],[126.377,35.308],[126.377,35.308],[126.377,35.308],[126.377,35.308],[126.377,35.308],[126.377,35.308],[126.377,35.308],[126.377,35.308],[126.377,35.308],[126.377,35.308],[126.377,35.308],[126.377,35.308],[126.377,35.308],[126.376,35.314],[126.378,35.318],[126.379,35.319],[126.379,35.319],[126.379,35.32],[126.379,35.321],[126.379,35.325],[126.381,35.333],[126.384,35.335],[126.387,35.342],[126.388,35.346],[126.388,35.346],[126.388,35.346],[126.387,35.347],[126.387,35.349],[126.387,35.352],[126.387,35.352],[126.387,35.352],[126.388,35.353],[126.389,35.354],[126.389,35.354],[126.389,35.354],[126.389,35.354],[126.389,35.354],[126.389,35.354],[126.389,35.354],[126.389,35.355],[126.389,35.355],[126.389,35.355],[126.389,35.355],[126.389,35.355],[126.389,35.355],[126.389,35.355],[126.389,35.355],[126.389,35.355],[126.389,35.355],[126.389,35.355],[126.389,35.355],[126.389,35.355],[126.389,35.355],[126.389,35.355],[126.389,35.355],[126.389,35.355],[126.389,35.355],[126.389,35.355],[126.39,35.355],[126.39,35.355],[126.39,35.355],[126.39,35.355],[126.39,35.355],[126.39,35.355],[126.39,35.355],[126.39,35.356],[126.39,35.356],[126.39,35.356],[126.39,35.356],[126.39,35.356],[126.391,35.356],[126.391,35.356],[126.392,35.356],[126.392,35.356],[126.392,35.356],[126.392,35.356],[126.392,35.356],[126.392,35.356],[126.392,35.357],[126.392,35.357],[126.392,35.357],[126.392,35.357],[126.392,35.358],[126.392,35.358],[126.392,35.358],[126.392,35.358],[126.392,35.358],[126.392,35.358],[126.392,35.358],[126.392,35.358],[126.392,35.358],[126.392,35.358],[126.393,35.358],[126.393,35.358],[126.393,35.358],[126.393,35.358],[126.393,35.359],[126.393,35.359],[126.393,35.359],[126.393,35.359],[126.393,35.359],[126.393,35.359],[126.393,35.359],[126.393,35.36],[126.393,35.361],[126.393,35.361],[126.393,35.361],[126.393,35.361],[126.393,35.361],[126.393,35.361],[126.393,35.361],[126.393,35.361],[126.393,35.362],[126.393,35.363],[126.393,35.363],[126.393,35.363],[126.395,35.366],[126.399,35.37],[126.399,35.369],[126.399,35.37],[126.402,35.369],[126.403,35.369],[126.404,35.367],[126.404,35.366],[126.403,35.364],[126.403,35.363],[126.403,35.363],[126.405,35.363],[126.405,35.363],[126.406,35.363],[126.406,35.363],[126.406,35.363],[126.406,35.363],[126.406,35.363],[126.406,35.363],[126.406,35.365],[126.406,35.365],[126.407,35.365],[126.409,35.365],[126.413,35.364],[126.422,35.365],[126.423,35.365],[126.423,35.364],[126.424,35.362],[126.425,35.361],[126.426,35.36],[126.426,35.36],[126.427,35.359],[126.429,35.358],[126.429,35.358],[126.429,35.358],[126.43,35.358],[126.43,35.358],[126.43,35.358],[126.43,35.358],[126.431,35.358],[126.432,35.358],[126.433,35.358],[126.435,35.358],[126.437,35.359],[126.438,35.359],[126.443,35.358],[126.443,35.357],[126.444,35.357],[126.446,35.352],[126.449,35.351],[126.448,35.353],[126.446,35.355],[126.446,35.355],[126.446,35.355],[126.445,35.357],[126.445,35.357],[126.444,35.358],[126.437,35.36],[126.434,35.36],[126.432,35.359],[126.43,35.359],[126.43,35.359],[126.428,35.36],[126.427,35.361],[126.424,35.365],[126.424,35.366],[126.425,35.366],[126.426,35.367],[126.427,35.367],[126.427,35.366],[126.428,35.366],[126.43,35.368],[126.429,35.367],[126.428,35.367],[126.428,35.367],[126.425,35.367],[126.423,35.365],[126.423,35.366],[126.416,35.374],[126.411,35.375],[126.41,35.376],[126.409,35.378],[126.407,35.386],[126.407,35.393],[126.404,35.394],[126.404,35.394],[126.402,35.395],[126.403,35.4],[126.403,35.4],[126.409,35.404],[126.411,35.405],[126.411,35.406],[126.403,35.404],[126.403,35.404],[126.403,35.405],[126.406,35.41],[126.408,35.411],[126.41,35.413],[126.41,35.414],[126.409,35.415],[126.407,35.417],[126.413,35.421],[126.416,35.422],[126.42,35.426],[126.417,35.428],[126.41,35.432],[126.41,35.433],[126.41,35.433],[126.413,35.431],[126.421,35.427],[126.424,35.43],[126.427,35.426],[126.427,35.426],[126.427,35.426],[126.427,35.426],[126.43,35.427],[126.439,35.43],[126.439,35.43],[126.439,35.43],[126.44,35.43],[126.44,35.43],[126.44,35.43],[126.444,35.427],[126.445,35.427],[126.451,35.428],[126.454,35.427],[126.456,35.427],[126.464,35.425],[126.469,35.425],[126.47,35.425],[126.475,35.429],[126.48,35.426],[126.479,35.426],[126.483,35.418],[126.492,35.411],[126.492,35.41],[126.493,35.409],[126.493,35.408],[126.492,35.406],[126.491,35.404],[126.491,35.403],[126.491,35.4],[126.489,35.393],[126.484,35.39],[126.477,35.386],[126.481,35.386],[126.483,35.383],[126.484,35.38],[126.487,35.377],[126.497,35.374],[126.497,35.371],[126.497,35.365],[126.496,35.358],[126.492,35.353],[126.493,35.351],[126.496,35.35],[126.497,35.35],[126.503,35.358],[126.508,35.361],[126.51,35.362],[126.515,35.355],[126.519,35.35],[126.52,35.349],[126.52,35.343],[126.518,35.34],[126.517,35.339],[126.517,35.336],[126.517,35.335],[126.516,35.331],[126.514,35.327],[126.518,35.326],[126.519,35.326],[126.523,35.321],[126.524,35.316],[126.523,35.316],[126.524,35.315],[126.526,35.313],[126.528,35.313],[126.53,35.309],[126.532,35.307],[126.534,35.307],[126.535,35.309],[126.54,35.31],[126.544,35.31],[126.547,35.312],[126.547,35.313],[126.551,35.314],[126.557,35.312],[126.558,35.311],[126.561,35.312],[126.563,35.31],[126.567,35.311],[126.568,35.311],[126.576,35.306],[126.577,35.304],[126.579,35.303],[126.586,35.302],[126.589,35.313],[126.589,35.314],[126.589,35.316],[126.589,35.318],[126.588,35.318],[126.586,35.318],[126.584,35.316],[126.582,35.317],[126.582,35.317],[126.583,35.328],[126.584,35.329],[126.584,35.329],[126.586,35.33],[126.593,35.33],[126.599,35.331],[126.601,35.333],[126.608,35.332],[126.621,35.324],[126.63,35.32],[126.636,35.321],[126.642,35.321],[126.645,35.32],[126.647,35.323],[126.647,35.325],[126.644,35.327],[126.649,35.328],[126.651,35.327],[126.653,35.328],[126.655,35.331],[126.661,35.341],[126.661,35.345],[126.664,35.346],[126.666,35.351],[126.673,35.35],[126.678,35.348],[126.682,35.347],[126.686,35.345],[126.691,35.351],[126.693,35.351],[126.696,35.35],[126.7,35.352],[126.704,35.362],[126.709,35.365],[126.71,35.364],[126.711,35.364],[126.719,35.365],[126.728,35.374],[126.73,35.376],[126.731,35.381],[126.732,35.385],[126.731,35.389],[126.73,35.395],[126.723,35.398],[126.722,35.398],[126.722,35.399],[126.724,35.401],[126.728,35.401],[126.736,35.403],[126.742,35.408],[126.747,35.413],[126.748,35.414],[126.75,35.416],[126.754,35.419],[126.751,35.423],[126.752,35.436],[126.746,35.44],[126.744,35.441],[126.742,35.443],[126.742,35.444],[126.741,35.446],[126.738,35.449],[126.742,35.453],[126.75,35.451],[126.756,35.457],[126.763,35.466],[126.771,35.467],[126.773,35.468],[126.782,35.471],[126.784,35.47],[126.791,35.468],[126.8,35.468],[126.814,35.469],[126.813,35.476],[126.814,35.483],[126.823,35.487],[126.827,35.486],[126.829,35.485],[126.831,35.48],[126.838,35.479],[126.843,35.479],[126.843,35.476],[126.84,35.469],[126.838,35.464],[126.839,35.463],[126.842,35.463],[126.843,35.464],[126.857,35.464],[126.859,35.462],[126.864,35.461],[126.869,35.462],[126.87,35.461],[126.876,35.457],[126.878,35.456],[126.881,35.456],[126.883,35.453],[126.884,35.451],[126.899,35.445],[126.9,35.442],[126.905,35.441],[126.899,35.436],[126.898,35.435],[126.897,35.435],[126.898,35.433],[126.901,35.43],[126.904,35.43],[126.903,35.427],[126.903,35.421],[126.907,35.42],[126.908,35.42],[126.909,35.419],[126.909,35.418],[126.908,35.416],[126.909,35.415],[126.911,35.415],[126.914,35.416],[126.916,35.416],[126.92,35.41],[126.917,35.405],[126.917,35.402],[126.927,35.405],[126.933,35.406],[126.932,35.402],[126.931,35.402],[126.931,35.401],[126.931,35.399],[126.939,35.395],[126.945,35.395],[126.954,35.397],[126.957,35.396],[126.964,35.395],[126.971,35.398],[126.974,35.4],[126.976,35.401],[126.975,35.41],[126.973,35.413],[126.971,35.415],[126.971,35.427],[126.979,35.427],[126.982,35.427],[126.983,35.434],[126.99,35.439],[126.998,35.446],[127.0,35.453],[126.998,35.457],[127.001,35.463],[127.005,35.464],[127.013,35.459],[127.02,35.462],[127.027,35.464],[127.034,35.466],[127.036,35.462],[127.036,35.46],[127.036,35.447],[127.037,35.439],[127.038,35.435],[127.038,35.433],[127.043,35.433],[127.045,35.434],[127.045,35.433],[127.046,35.431],[127.052,35.426],[127.048,35.416],[127.046,35.408],[127.047,35.403],[127.042,35.399],[127.027,35.4],[127.03,35.39],[127.04,35.384],[127.04,35.382],[127.039,35.38],[127.044,35.378],[127.048,35.377],[127.051,35.378],[127.061,35.379],[127.063,35.377],[127.064,35.373],[127.064,35.37],[127.066,35.369],[127.066,35.369],[127.068,35.367],[127.071,35.365],[127.067,35.358],[127.065,35.358],[127.065,35.356],[127.068,35.355],[127.069,35.353],[127.07,35.351],[127.068,35.344],[127.07,35.342],[127.07,35.34],[127.065,35.337],[127.058,35.338],[127.054,35.341],[127.051,35.332],[127.051,35.329],[127.047,35.326],[127.044,35.324],[127.047,35.318],[127.053,35.317],[127.062,35.317],[127.062,35.317],[127.065,35.313],[127.068,35.311],[127.07,35.312],[127.079,35.311],[127.082,35.309],[127.094,35.303],[127.103,35.3],[127.103,35.3],[127.107,35.299],[127.116,35.3],[127.118,35.301],[127.125,35.303],[127.126,35.303],[127.127,35.306],[127.133,35.309],[127.141,35.309],[127.147,35.311],[127.151,35.318],[127.159,35.326],[127.16,35.327],[127.162,35.328],[127.166,35.331],[127.171,35.333],[127.173,35.331],[127.173,35.331],[127.185,35.336],[127.186,35.337],[127.187,35.336],[127.184,35.332],[127.187,35.324],[127.189,35.322],[127.192,35.321],[127.194,35.32],[127.197,35.319],[127.198,35.317],[127.2,35.316],[127.204,35.316],[127.207,35.315],[127.21,35.316],[127.212,35.317],[127.215,35.323],[127.216,35.329],[127.217,35.331],[127.22,35.334],[127.222,35.335],[127.223,35.335],[127.226,35.334],[127.232,35.334],[127.233,35.333],[127.234,35.331],[127.237,35.329],[127.24,35.327],[127.242,35.324],[127.245,35.322],[127.251,35.317],[127.252,35.315],[127.254,35.314],[127.257,35.312],[127.262,35.313],[127.264,35.313],[127.267,35.314],[127.268,35.313],[127.272,35.313],[127.274,35.313],[127.286,35.314],[127.291,35.313],[127.294,35.312],[127.295,35.311],[127.298,35.31],[127.299,35.309],[127.303,35.306],[127.307,35.305],[127.309,35.304],[127.313,35.305],[127.316,35.306],[127.321,35.307],[127.326,35.31],[127.326,35.309],[127.326,35.309],[127.33,35.313],[127.33,35.313],[127.33,35.315],[127.334,35.315],[127.349,35.32],[127.355,35.322],[127.358,35.321],[127.36,35.32],[127.363,35.316],[127.369,35.314],[127.371,35.315],[127.377,35.311],[127.379,35.306],[127.387,35.303],[127.391,35.307],[127.393,35.309],[127.393,35.313],[127.399,35.317],[127.4,35.321],[127.404,35.323],[127.41,35.329],[127.415,35.336],[127.416,35.339],[127.419,35.343],[127.421,35.347],[127.423,35.351],[127.436,35.362],[127.437,35.363],[127.442,35.364],[127.442,35.362],[127.446,35.361],[127.452,35.361],[127.455,35.361],[127.462,35.364],[127.464,35.363],[127.472,35.365],[127.481,35.362],[127.486,35.358],[127.5,35.359],[127.505,35.356],[127.508,35.353],[127.514,35.351],[127.518,35.347],[127.522,35.346],[127.525,35.344],[127.529,35.338],[127.532,35.335],[127.534,35.335],[127.539,35.335],[127.542,35.334],[127.542,35.329],[127.544,35.328],[127.547,35.327],[127.552,35.325],[127.555,35.322],[127.567,35.319],[127.573,35.312],[127.573,35.311],[127.577,35.308],[127.576,35.304],[127.577,35.298],[127.578,35.295],[127.584,35.291],[127.591,35.276],[127.596,35.272],[127.596,35.269],[127.599,35.267],[127.601,35.267],[127.603,35.266],[127.609,35.262],[127.61,35.262],[127.611,35.257],[127.614,35.252],[127.615,35.25],[127.614,35.24],[127.619,35.235],[127.621,35.225],[127.62,35.221],[127.62,35.22],[127.621,35.213],[127.617,35.21],[127.617,35.207],[127.621,35.193],[127.621,35.192],[127.62,35.19],[127.622,35.186],[127.625,35.182],[127.627,35.182],[127.628,35.181],[127.629,35.18],[127.631,35.178],[127.633,35.176],[127.636,35.174],[127.641,35.169],[127.645,35.163],[127.647,35.161],[127.651,35.16],[127.654,35.16],[127.657,35.16],[127.662,35.156],[127.668,35.152],[127.672,35.15],[127.676,35.147],[127.678,35.144],[127.687,35.137],[127.692,35.131],[127.694,35.127],[127.695,35.124],[127.695,35.123],[127.695,35.121],[127.695,35.115],[127.697,35.102],[127.707,35.095],[127.717,35.083],[127.725,35.08],[127.734,35.075],[127.739,35.07],[127.739,35.067],[127.74,35.063],[127.746,35.06],[127.757,35.055],[127.762,35.055],[127.765,35.054],[127.77,35.046],[127.771,35.038],[127.771,35.036],[127.774,35.031],[127.777,35.027],[127.779,35.024],[127.784,35.022],[127.786,35.02],[127.787,35.011],[127.783,35.0],[127.781,34.991],[127.78,34.989],[127.778,34.988],[127.775,34.984],[127.774,34.983],[127.77,34.98],[127.769,34.979],[127.767,34.979],[127.765,34.977],[127.762,34.973],[127.757,34.966],[127.757,34.965],[127.754,34.962],[127.753,34.96],[127.756,34.959],[127.758,34.96],[127.76,34.96],[127.761,34.96],[127.763,34.959],[127.768,34.954],[127.769,34.946],[127.768,34.944],[127.767,34.943],[127.769,34.934],[127.748,34.933],[127.745,34.935],[127.745,34.936],[127.742,34.941],[127.742,34.941],[127.74,34.949],[127.74,34.949],[127.74,34.95],[127.741,34.951],[127.742,34.952],[127.749,34.956],[127.752,34.96],[127.745,34.96],[127.731,34.955],[127.726,34.951],[127.721,34.947],[127.718,34.945],[127.712,34.937],[127.712,34.937],[127.712,34.937],[127.708,34.935],[127.702,34.933],[127.701,34.932],[127.699,34.929],[127.7,34.927],[127.699,34.925],[127.698,34.922],[127.692,34.92],[127.689,34.924],[127.683,34.927],[127.682,34.929],[127.682,34.93],[127.682,34.93],[127.681,34.93],[127.674,34.931],[127.672,34.931],[127.667,34.921],[127.664,34.918],[127.664,34.916],[127.664,34.916],[127.664,34.915],[127.664,34.915]],[[126.809,35.052],[126.815,35.053],[126.819,35.053],[126.821,35.058],[126.822,35.06],[126.826,35.062],[126.83,35.062],[126.836,35.064],[126.838,35.066],[126.844,35.065],[126.846,35.067],[126.848,35.072],[126.85,35.073],[126.854,35.075],[126.856,35.078],[126.861,35.079],[126.865,35.076],[126.872,35.074],[126.879,35.078],[126.886,35.081],[126.891,35.078],[126.895,35.081],[126.899,35.081],[126.906,35.082],[126.917,35.091],[126.919,35.092],[126.925,35.088],[126.929,35.079],[126.932,35.074],[126.944,35.074],[126.947,35.073],[126.952,35.073],[126.958,35.079],[126.959,35.083],[126.963,35.087],[126.979,35.092],[126.989,35.095],[126.989,35.097],[126.989,35.11],[126.998,35.113],[126.999,35.116],[127.004,35.12],[127.008,35.124],[127.011,35.126],[127.011,35.129],[127.009,35.131],[127.009,35.133],[127.009,35.14],[127.008,35.152],[127.009,35.156],[127.011,35.16],[127.01,35.162],[127.012,35.166],[127.014,35.166],[127.015,35.166],[127.022,35.17],[127.019,35.174],[127.016,35.175],[127.001,35.189],[126.997,35.189],[126.996,35.189],[126.995,35.188],[126.994,35.187],[126.993,35.186],[126.989,35.187],[126.988,35.188],[126.987,35.189],[126.984,35.187],[126.983,35.184],[126.982,35.184],[126.977,35.186],[126.972,35.185],[126.972,35.184],[126.971,35.18],[126.968,35.182],[126.966,35.184],[126.96,35.19],[126.959,35.191],[126.96,35.195],[126.962,35.198],[126.966,35.201],[126.966,35.202],[126.965,35.204],[126.964,35.203],[126.963,35.203],[126.96,35.205],[126.95,35.216],[126.949,35.221],[126.95,35.222],[126.952,35.225],[126.945,35.231],[126.944,35.232],[126.941,35.236],[126.936,35.239],[126.933,35.243],[126.934,35.247],[126.932,35.249],[126.928,35.252],[126.921,35.253],[126.911,35.258],[126.905,35.258],[126.903,35.257],[126.902,35.256],[126.9,35.254],[126.897,35.253],[126.891,35.25],[126.89,35.247],[126.886,35.246],[126.88,35.248],[126.879,35.248],[126.879,35.249],[126.873,35.249],[126.87,35.246],[126.868,35.246],[126.863,35.246],[126.861,35.244],[126.861,35.243],[126.861,35.243],[126.861,35.243],[126.861,35.242],[126.86,35.24],[126.855,35.239],[126.854,35.239],[126.851,35.238],[126.848,35.236],[126.847,35.237],[126.84,35.234],[126.837,35.23],[126.835,35.23],[126.835,35.229],[126.832,35.23],[126.826,35.232],[126.825,35.232],[126.824,35.231],[126.825,35.227],[126.824,35.226],[126.81,35.221],[126.805,35.218],[126.805,35.22],[126.805,35.22],[126.804,35.221],[126.802,35.221],[126.795,35.22],[126.794,35.22],[126.793,35.222],[126.789,35.224],[126.782,35.225],[126.78,35.226],[126.777,35.228],[126.765,35.233],[126.759,35.234],[126.756,35.234],[126.754,35.237],[126.755,35.241],[126.761,35.247],[126.764,35.254],[126.758,35.258],[126.754,35.257],[126.751,35.257],[126.749,35.256],[126.748,35.253],[126.741,35.251],[126.737,35.253],[126.736,35.251],[126.733,35.247],[126.73,35.243],[126.73,35.241],[126.728,35.236],[126.726,35.236],[126.724,35.231],[126.723,35.229],[126.72,35.227],[126.72,35.216],[126.718,35.212],[126.715,35.212],[126.707,35.21],[126.697,35.21],[126.691,35.214],[126.688,35.215],[126.687,35.215],[126.685,35.211],[126.68,35.204],[126.679,35.204],[126.677,35.201],[126.677,35.191],[126.674,35.191],[126.672,35.194],[126.668,35.193],[126.668,35.193],[126.657,35.194],[126.654,35.193],[126.655,35.191],[126.655,35.189],[126.658,35.186],[126.66,35.186],[126.663,35.182],[126.662,35.181],[126.668,35.175],[126.671,35.175],[126.672,35.172],[126.671,35.17],[126.666,35.169],[126.664,35.168],[126.658,35.167],[126.655,35.165],[126.654,35.161],[126.655,35.158],[126.651,35.155],[126.653,35.154],[126.654,35.153],[126.651,35.149],[126.65,35.148],[126.648,35.147],[126.647,35.144],[126.649,35.144],[126.653,35.143],[126.653,35.141],[126.655,35.137],[126.654,35.133],[126.653,35.128],[126.652,35.125],[126.652,35.12],[126.654,35.118],[126.655,35.117],[126.657,35.113],[126.662,35.114],[126.663,35.115],[126.665,35.114],[126.669,35.109],[126.669,35.108],[126.667,35.105],[126.676,35.105],[126.68,35.107],[126.682,35.107],[126.683,35.107],[126.685,35.109],[126.683,35.111],[126.684,35.112],[126.686,35.112],[126.691,35.111],[126.698,35.108],[126.7,35.109],[126.7,35.11],[126.702,35.113],[126.705,35.113],[126.709,35.11],[126.709,35.109],[126.714,35.11],[126.716,35.111],[126.718,35.109],[126.72,35.108],[126.731,35.108],[126.731,35.11],[126.731,35.111],[126.732,35.113],[126.735,35.109],[126.745,35.104],[126.754,35.092],[126.758,35.092],[126.762,35.091],[126.765,35.084],[126.766,35.083],[126.765,35.08],[126.767,35.075],[126.771,35.072],[126.769,35.069],[126.767,35.068],[126.764,35.068],[126.762,35.069],[126.759,35.069],[126.754,35.067],[126.753,35.065],[126.756,35.061],[126.756,35.059],[126.758,35.059],[126.759,35.061],[126.76,35.062],[126.761,35.063],[126.764,35.064],[126.767,35.063],[126.768,35.061],[126.768,35.06],[126.768,35.058],[126.767,35.056],[126.772,35.053],[126.777,35.053],[126.779,35.054],[126.781,35.054],[126.786,35.056],[126.792,35.06],[126.796,35.061],[126.796,35.061],[126.797,35.059],[126.798,35.059],[126.8,35.059],[126.803,35.055],[126.803,35.053],[126.805,35.052],[126.809,35.052]],[[126.391,34.733],[126.388,34.726],[126.423,34.719],[126.467,34.719],[126.464,34.718],[126.456,34.719],[126.452,34.721],[126.441,34.722],[126.432,34.723],[126.422,34.726],[126.428,34.733],[126.426,34.735],[126.42,34.738],[126.422,34.733],[126.424,34.729],[126.419,34.729],[126.414,34.731],[126.404,34.731],[126.403,34.731],[126.403,34.731],[126.402,34.731],[126.401,34.731],[126.401,34.732],[126.401,34.732],[126.4,34.732],[126.398,34.733],[126.399,34.734],[126.399,34.733],[126.4,34.733],[126.4,34.732],[126.4,34.732],[126.401,34.732],[126.401,34.732],[126.402,34.732],[126.402,34.731],[126.403,34.731],[126.404,34.731],[126.396,34.74],[126.395,34.74],[126.395,34.739],[126.397,34.736],[126.397,34.735],[126.391,34.733]]]]}},{"type":"Feature","properties":{"sido_short":"경북","sido_nm":"경상북도","시도":"경북"},"geometry":{"type":"MultiPolygon","coordinates":[[[[129.476,35.693],[129.476,35.693],[129.476,35.693],[129.476,35.693],[129.476,35.693]]],[[[129.401,36.039],[129.401,36.039],[129.401,36.039],[129.401,36.039]]],[[[129.412,36.072],[129.412,36.072],[129.411,36.072],[129.412,36.072]]],[[[129.448,36.828],[129.452,36.825],[129.452,36.824],[129.45,36.825],[129.449,36.827],[129.448,36.828]]],[[[129.448,36.828],[129.448,36.828],[129.448,36.828],[129.448,36.828]]],[[[129.419,36.893],[129.42,36.892],[129.419,36.892],[129.419,36.893]]],[[[129.425,37.054],[129.424,37.052],[129.425,37.054],[129.425,37.054]]],[[[129.425,37.054],[129.425,37.057],[129.422,37.058],[129.419,37.057],[129.415,37.053],[129.413,37.048],[129.413,37.047],[129.413,37.046],[129.413,37.043],[129.416,37.036],[129.412,37.033],[129.41,37.031],[129.409,37.028],[129.409,37.027],[129.41,37.025],[129.416,37.012],[129.417,37.005],[129.417,36.991],[129.416,36.991],[129.414,36.989],[129.408,36.98],[129.408,36.98],[129.408,36.98],[129.408,36.979],[129.412,36.972],[129.414,36.968],[129.415,36.964],[129.415,36.964],[129.415,36.964],[129.415,36.964],[129.415,36.963],[129.415,36.962],[129.415,36.962],[129.415,36.962],[129.415,36.961],[129.416,36.958],[129.416,36.958],[129.417,36.957],[129.418,36.953],[129.418,36.953],[129.419,36.953],[129.419,36.952],[129.419,36.952],[129.419,36.952],[129.419,36.952],[129.419,36.95],[129.419,36.95],[129.419,36.95],[129.419,36.95],[129.419,36.95],[129.419,36.95],[129.419,36.95],[129.418,36.949],[129.418,36.948],[129.418,36.948],[129.418,36.947],[129.42,36.945],[129.419,36.933],[129.417,36.932],[129.417,36.931],[129.417,36.93],[129.417,36.93],[129.418,36.929],[129.419,36.924],[129.419,36.919],[129.418,36.919],[129.417,36.919],[129.417,36.918],[129.416,36.916],[129.416,36.916],[129.416,36.912],[129.416,36.91],[129.416,36.91],[129.416,36.91],[129.416,36.909],[129.416,36.909],[129.416,36.909],[129.417,36.906],[129.417,36.904],[129.419,36.901],[129.42,36.895],[129.419,36.894],[129.419,36.894],[129.419,36.894],[129.419,36.893],[129.416,36.892],[129.416,36.891],[129.415,36.89],[129.418,36.882],[129.42,36.878],[129.421,36.874],[129.422,36.874],[129.422,36.874],[129.422,36.874],[129.422,36.874],[129.422,36.874],[129.422,36.873],[129.42,36.871],[129.42,36.87],[129.42,36.869],[129.42,36.869],[129.42,36.869],[129.42,36.868],[129.421,36.867],[129.421,36.867],[129.421,36.867],[129.421,36.867],[129.421,36.867],[129.421,36.867],[129.421,36.867],[129.421,36.866],[129.421,36.866],[129.421,36.866],[129.421,36.866],[129.421,36.865],[129.421,36.865],[129.421,36.865],[129.421,36.865],[129.421,36.865],[129.421,36.865],[129.421,36.864],[129.422,36.864],[129.424,36.858],[129.428,36.85],[129.434,36.843],[129.446,36.832],[129.446,36.828],[129.447,36.825],[129.457,36.811],[129.458,36.804],[129.458,36.803],[129.458,36.803],[129.459,36.801],[129.461,36.798],[129.463,36.796],[129.463,36.793],[129.463,36.792],[129.462,36.792],[129.462,36.792],[129.462,36.792],[129.462,36.789],[129.469,36.782],[129.472,36.776],[129.473,36.774],[129.477,36.769],[129.478,36.768],[129.476,36.764],[129.471,36.761],[129.468,36.759],[129.468,36.758],[129.468,36.757],[129.468,36.749],[129.469,36.748],[129.469,36.746],[129.475,36.736],[129.476,36.733],[129.476,36.732],[129.476,36.732],[129.476,36.732],[129.476,36.731],[129.476,36.73],[129.477,36.728],[129.477,36.728],[129.472,36.723],[129.472,36.723],[129.472,36.723],[129.472,36.722],[129.472,36.721],[129.472,36.721],[129.472,36.72],[129.472,36.72],[129.474,36.708],[129.475,36.705],[129.473,36.696],[129.471,36.696],[129.47,36.696],[129.469,36.695],[129.469,36.694],[129.468,36.693],[129.468,36.688],[129.466,36.688],[129.466,36.688],[129.466,36.688],[129.466,36.688],[129.466,36.688],[129.465,36.688],[129.465,36.687],[129.465,36.687],[129.465,36.687],[129.465,36.686],[129.465,36.686],[129.465,36.686],[129.465,36.683],[129.465,36.682],[129.465,36.682],[129.465,36.68],[129.462,36.677],[129.459,36.676],[129.458,36.674],[129.459,36.677],[129.453,36.68],[129.453,36.678],[129.448,36.678],[129.446,36.677],[129.441,36.674],[129.44,36.673],[129.437,36.67],[129.435,36.667],[129.434,36.663],[129.431,36.656],[129.428,36.649],[129.425,36.646],[129.423,36.643],[129.421,36.641],[129.418,36.64],[129.418,36.639],[129.417,36.636],[129.417,36.635],[129.417,36.632],[129.417,36.631],[129.413,36.625],[129.412,36.623],[129.412,36.622],[129.412,36.622],[129.412,36.618],[129.413,36.616],[129.415,36.607],[129.415,36.607],[129.416,36.607],[129.416,36.607],[129.416,36.605],[129.416,36.602],[129.415,36.599],[129.414,36.599],[129.413,36.599],[129.413,36.599],[129.412,36.599],[129.412,36.598],[129.412,36.598],[129.412,36.598],[129.411,36.598],[129.411,36.598],[129.411,36.597],[129.41,36.596],[129.41,36.596],[129.41,36.596],[129.41,36.594],[129.41,36.592],[129.411,36.591],[129.414,36.583],[129.418,36.575],[129.422,36.571],[129.429,36.564],[129.43,36.564],[129.437,36.559],[129.437,36.558],[129.437,36.558],[129.436,36.558],[129.435,36.559],[129.434,36.559],[129.433,36.557],[129.435,36.558],[129.441,36.55],[129.44,36.544],[129.439,36.537],[129.44,36.536],[129.44,36.532],[129.441,36.529],[129.442,36.528],[129.442,36.526],[129.442,36.523],[129.442,36.523],[129.442,36.523],[129.442,36.523],[129.442,36.523],[129.442,36.523],[129.442,36.522],[129.442,36.522],[129.443,36.522],[129.444,36.52],[129.445,36.516],[129.444,36.516],[129.444,36.515],[129.444,36.515],[129.444,36.515],[129.444,36.515],[129.444,36.514],[129.444,36.514],[129.444,36.514],[129.444,36.512],[129.446,36.513],[129.453,36.511],[129.453,36.511],[129.453,36.51],[129.449,36.511],[129.447,36.509],[129.447,36.508],[129.449,36.508],[129.449,36.509],[129.453,36.51],[129.453,36.509],[129.453,36.508],[129.453,36.507],[129.45,36.505],[129.45,36.505],[129.449,36.506],[129.449,36.506],[129.448,36.506],[129.448,36.506],[129.448,36.506],[129.448,36.506],[129.448,36.505],[129.447,36.505],[129.447,36.504],[129.446,36.501],[129.446,36.501],[129.446,36.499],[129.446,36.499],[129.447,36.497],[129.446,36.496],[129.444,36.493],[129.445,36.489],[129.444,36.489],[129.443,36.487],[129.434,36.483],[129.433,36.481],[129.433,36.477],[129.435,36.472],[129.435,36.472],[129.435,36.472],[129.435,36.472],[129.435,36.472],[129.435,36.472],[129.436,36.47],[129.436,36.47],[129.437,36.468],[129.436,36.458],[129.435,36.453],[129.436,36.45],[129.436,36.45],[129.437,36.447],[129.434,36.441],[129.433,36.437],[129.434,36.432],[129.436,36.429],[129.436,36.425],[129.432,36.419],[129.43,36.415],[129.429,36.409],[129.424,36.403],[129.419,36.399],[129.418,36.399],[129.418,36.399],[129.417,36.398],[129.417,36.398],[129.415,36.394],[129.411,36.389],[129.41,36.389],[129.41,36.389],[129.41,36.389],[129.41,36.389],[129.41,36.389],[129.41,36.389],[129.41,36.389],[129.411,36.389],[129.411,36.39],[129.411,36.39],[129.408,36.389],[129.407,36.388],[129.407,36.386],[129.406,36.382],[129.404,36.379],[129.403,36.378],[129.403,36.378],[129.403,36.378],[129.402,36.376],[129.399,36.372],[129.397,36.37],[129.397,36.37],[129.396,36.37],[129.396,36.37],[129.396,36.369],[129.395,36.367],[129.395,36.363],[129.395,36.362],[129.395,36.362],[129.395,36.361],[129.393,36.357],[129.389,36.356],[129.388,36.356],[129.387,36.354],[129.387,36.353],[129.388,36.351],[129.388,36.351],[129.386,36.344],[129.384,36.344],[129.384,36.343],[129.382,36.342],[129.382,36.341],[129.381,36.336],[129.379,36.333],[129.379,36.332],[129.379,36.331],[129.381,36.325],[129.382,36.324],[129.381,36.319],[129.379,36.319],[129.379,36.316],[129.38,36.309],[129.379,36.308],[129.378,36.308],[129.378,36.307],[129.377,36.307],[129.377,36.306],[129.377,36.306],[129.378,36.306],[129.378,36.304],[129.378,36.304],[129.379,36.303],[129.379,36.302],[129.379,36.302],[129.379,36.302],[129.379,36.302],[129.379,36.302],[129.379,36.302],[129.379,36.301],[129.379,36.301],[129.379,36.301],[129.379,36.301],[129.379,36.298],[129.378,36.298],[129.378,36.296],[129.378,36.295],[129.378,36.295],[129.378,36.295],[129.379,36.295],[129.379,36.295],[129.379,36.295],[129.38,36.294],[129.38,36.294],[129.38,36.294],[129.38,36.294],[129.379,36.294],[129.379,36.294],[129.379,36.294],[129.379,36.294],[129.378,36.293],[129.378,36.293],[129.378,36.293],[129.378,36.293],[129.379,36.292],[129.379,36.291],[129.379,36.291],[129.378,36.29],[129.376,36.29],[129.376,36.29],[129.375,36.29],[129.375,36.29],[129.375,36.289],[129.375,36.288],[129.375,36.287],[129.376,36.283],[129.376,36.283],[129.378,36.278],[129.379,36.277],[129.379,36.277],[129.379,36.277],[129.379,36.277],[129.379,36.277],[129.379,36.277],[129.379,36.278],[129.38,36.278],[129.38,36.278],[129.38,36.278],[129.38,36.278],[129.381,36.275],[129.38,36.274],[129.378,36.272],[129.378,36.272],[129.376,36.27],[129.376,36.269],[129.376,36.269],[129.373,36.255],[129.373,36.254],[129.376,36.249],[129.383,36.241],[129.385,36.235],[129.383,36.234],[129.381,36.232],[129.381,36.231],[129.381,36.23],[129.381,36.229],[129.383,36.226],[129.383,36.225],[129.384,36.224],[129.386,36.222],[129.386,36.218],[129.387,36.217],[129.386,36.214],[129.381,36.21],[129.382,36.211],[129.38,36.21],[129.374,36.208],[129.373,36.207],[129.372,36.206],[129.372,36.205],[129.372,36.204],[129.372,36.203],[129.372,36.201],[129.372,36.2],[129.372,36.197],[129.373,36.196],[129.374,36.194],[129.377,36.19],[129.387,36.184],[129.388,36.184],[129.387,36.185],[129.386,36.186],[129.386,36.186],[129.387,36.186],[129.391,36.184],[129.392,36.184],[129.392,36.184],[129.393,36.179],[129.395,36.173],[129.395,36.172],[129.398,36.168],[129.399,36.163],[129.398,36.162],[129.398,36.161],[129.398,36.157],[129.398,36.156],[129.399,36.155],[129.4,36.155],[129.4,36.155],[129.397,36.148],[129.395,36.142],[129.395,36.142],[129.395,36.141],[129.398,36.135],[129.398,36.135],[129.402,36.131],[129.412,36.124],[129.422,36.117],[129.423,36.116],[129.423,36.115],[129.426,36.114],[129.43,36.112],[129.431,36.112],[129.431,36.114],[129.44,36.112],[129.432,36.113],[129.435,36.111],[129.44,36.111],[129.44,36.11],[129.436,36.097],[129.436,36.094],[129.436,36.093],[129.429,36.093],[129.429,36.093],[129.429,36.093],[129.429,36.093],[129.429,36.096],[129.429,36.096],[129.428,36.096],[129.427,36.096],[129.427,36.096],[129.427,36.096],[129.422,36.09],[129.419,36.087],[129.418,36.085],[129.417,36.084],[129.417,36.081],[129.418,36.08],[129.419,36.078],[129.419,36.077],[129.42,36.077],[129.42,36.077],[129.418,36.074],[129.418,36.074],[129.413,36.072],[129.412,36.073],[129.411,36.073],[129.41,36.073],[129.409,36.073],[129.401,36.07],[129.401,36.069],[129.4,36.068],[129.4,36.067],[129.4,36.066],[129.399,36.065],[129.398,36.064],[129.397,36.063],[129.396,36.063],[129.386,36.064],[129.386,36.064],[129.386,36.064],[129.384,36.064],[129.384,36.063],[129.381,36.061],[129.38,36.06],[129.378,36.056],[129.378,36.056],[129.378,36.054],[129.378,36.052],[129.379,36.052],[129.379,36.052],[129.382,36.051],[129.382,36.05],[129.374,36.052],[129.376,36.05],[129.377,36.044],[129.377,36.043],[129.377,36.043],[129.377,36.042],[129.377,36.042],[129.38,36.037],[129.38,36.036],[129.386,36.028],[129.391,36.031],[129.394,36.033],[129.401,36.039],[129.403,36.038],[129.411,36.036],[129.412,36.036],[129.401,36.039],[129.405,36.038],[129.431,36.03],[129.431,36.03],[129.432,36.03],[129.432,36.027],[129.432,36.027],[129.418,36.026],[129.407,36.029],[129.399,36.021],[129.396,36.018],[129.405,36.014],[129.406,36.013],[129.405,36.01],[129.41,36.011],[129.413,36.016],[129.413,36.012],[129.416,36.017],[129.418,36.013],[129.422,36.015],[129.424,36.022],[129.424,36.022],[129.424,36.022],[129.424,36.019],[129.423,36.011],[129.422,36.011],[129.416,36.006],[129.414,36.005],[129.415,36.004],[129.416,36.005],[129.416,36.006],[129.423,36.01],[129.42,36.008],[129.419,36.007],[129.418,36.006],[129.42,36.004],[129.421,36.002],[129.421,36.002],[129.421,36.001],[129.421,36.001],[129.429,35.997],[129.432,35.996],[129.434,35.995],[129.444,35.992],[129.446,35.992],[129.45,35.991],[129.451,35.992],[129.451,35.992],[129.454,35.992],[129.458,35.998],[129.458,35.998],[129.457,36.0],[129.458,36.003],[129.459,36.003],[129.462,36.005],[129.478,36.014],[129.484,36.016],[129.485,36.016],[129.488,36.016],[129.492,36.018],[129.495,36.021],[129.498,36.023],[129.501,36.024],[129.502,36.025],[129.503,36.026],[129.504,36.033],[129.503,36.034],[129.503,36.034],[129.505,36.037],[129.505,36.037],[129.508,36.04],[129.509,36.04],[129.509,36.04],[129.509,36.04],[129.51,36.04],[129.51,36.04],[129.51,36.04],[129.51,36.04],[129.515,36.043],[129.515,36.043],[129.515,36.043],[129.515,36.044],[129.52,36.051],[129.52,36.051],[129.521,36.051],[129.522,36.051],[129.522,36.051],[129.523,36.052],[129.523,36.054],[129.523,36.055],[129.523,36.055],[129.523,36.055],[129.526,36.058],[129.53,36.057],[129.53,36.057],[129.531,36.056],[129.531,36.057],[129.533,36.057],[129.534,36.058],[129.534,36.058],[129.536,36.065],[129.538,36.067],[129.538,36.066],[129.538,36.066],[129.539,36.066],[129.539,36.066],[129.539,36.066],[129.54,36.067],[129.541,36.069],[129.541,36.07],[129.541,36.07],[129.54,36.072],[129.541,36.073],[129.541,36.073],[129.541,36.073],[129.541,36.073],[129.544,36.075],[129.544,36.075],[129.545,36.076],[129.546,36.08],[129.545,36.081],[129.547,36.085],[129.55,36.085],[129.551,36.084],[129.551,36.084],[129.554,36.085],[129.556,36.086],[129.557,36.086],[129.557,36.086],[129.557,36.086],[129.557,36.086],[129.557,36.086],[129.557,36.086],[129.557,36.086],[129.557,36.086],[129.557,36.086],[129.557,36.085],[129.559,36.083],[129.559,36.082],[129.561,36.079],[129.563,36.079],[129.564,36.079],[129.564,36.079],[129.566,36.079],[129.57,36.078],[129.57,36.078],[129.57,36.071],[129.573,36.065],[129.578,36.052],[129.582,36.048],[129.584,36.046],[129.584,36.046],[129.583,36.045],[129.583,36.045],[129.583,36.045],[129.582,36.045],[129.582,36.045],[129.581,36.043],[129.579,36.04],[129.579,36.039],[129.579,36.039],[129.58,36.039],[129.581,36.037],[129.58,36.036],[129.579,36.036],[129.579,36.036],[129.578,36.035],[129.577,36.035],[129.577,36.035],[129.577,36.034],[129.577,36.033],[129.578,36.033],[129.578,36.032],[129.581,36.032],[129.582,36.032],[129.582,36.028],[129.582,36.028],[129.581,36.028],[129.58,36.028],[129.578,36.027],[129.577,36.025],[129.577,36.025],[129.577,36.024],[129.577,36.024],[129.577,36.024],[129.578,36.024],[129.578,36.024],[129.579,36.023],[129.579,36.023],[129.579,36.023],[129.579,36.023],[129.579,36.023],[129.58,36.023],[129.58,36.023],[129.58,36.022],[129.58,36.022],[129.58,36.022],[129.58,36.022],[129.58,36.022],[129.58,36.022],[129.58,36.022],[129.58,36.022],[129.58,36.022],[129.58,36.022],[129.58,36.022],[129.58,36.022],[129.583,36.018],[129.581,36.015],[129.581,36.015],[129.581,36.015],[129.581,36.014],[129.578,36.013],[129.577,36.012],[129.577,36.012],[129.577,36.011],[129.577,36.011],[129.577,36.01],[129.577,36.01],[129.572,36.004],[129.572,36.003],[129.571,36.003],[129.571,36.002],[129.57,36.0],[129.567,35.998],[129.567,35.998],[129.567,35.997],[129.567,35.997],[129.567,35.997],[129.567,35.997],[129.566,35.997],[129.566,35.997],[129.566,35.997],[129.566,35.996],[129.566,35.996],[129.566,35.996],[129.566,35.996],[129.567,35.995],[129.567,35.995],[129.567,35.995],[129.567,35.995],[129.567,35.995],[129.567,35.995],[129.567,35.995],[129.567,35.994],[129.567,35.994],[129.567,35.994],[129.567,35.994],[129.567,35.994],[129.567,35.993],[129.567,35.993],[129.567,35.993],[129.567,35.993],[129.567,35.993],[129.567,35.993],[129.567,35.992],[129.567,35.99],[129.567,35.99],[129.566,35.989],[129.565,35.99],[129.565,35.99],[129.565,35.99],[129.564,35.99],[129.561,35.989],[129.558,35.987],[129.557,35.987],[129.56,35.99],[129.557,35.991],[129.553,35.987],[129.554,35.983],[129.554,35.983],[129.558,35.984],[129.558,35.983],[129.555,35.98],[129.552,35.98],[129.552,35.979],[129.552,35.979],[129.551,35.978],[129.552,35.974],[129.553,35.972],[129.554,35.97],[129.554,35.968],[129.554,35.968],[129.554,35.968],[129.554,35.968],[129.55,35.967],[129.549,35.967],[129.549,35.967],[129.547,35.964],[129.547,35.964],[129.547,35.964],[129.547,35.963],[129.547,35.963],[129.548,35.963],[129.549,35.963],[129.547,35.958],[129.547,35.957],[129.546,35.955],[129.546,35.954],[129.546,35.953],[129.545,35.953],[129.545,35.952],[129.544,35.951],[129.544,35.951],[129.544,35.952],[129.544,35.952],[129.544,35.952],[129.544,35.952],[129.544,35.952],[129.544,35.952],[129.544,35.952],[129.544,35.952],[129.544,35.952],[129.543,35.952],[129.543,35.952],[129.543,35.952],[129.543,35.952],[129.543,35.952],[129.543,35.952],[129.543,35.952],[129.543,35.952],[129.543,35.952],[129.543,35.952],[129.543,35.952],[129.543,35.952],[129.543,35.952],[129.543,35.952],[129.543,35.951],[129.543,35.951],[129.543,35.951],[129.543,35.951],[129.543,35.951],[129.543,35.951],[129.543,35.951],[129.543,35.951],[129.543,35.951],[129.543,35.95],[129.544,35.95],[129.544,35.949],[129.544,35.949],[129.544,35.949],[129.543,35.949],[129.543,35.949],[129.543,35.949],[129.543,35.95],[129.543,35.95],[129.543,35.95],[129.542,35.95],[129.542,35.95],[129.542,35.95],[129.542,35.95],[129.541,35.95],[129.541,35.95],[129.541,35.95],[129.54,35.95],[129.54,35.949],[129.539,35.948],[129.539,35.948],[129.536,35.944],[129.534,35.942],[129.53,35.935],[129.53,35.935],[129.529,35.934],[129.529,35.934],[129.531,35.932],[129.53,35.932],[129.528,35.932],[129.528,35.933],[129.526,35.934],[129.523,35.933],[129.522,35.933],[129.52,35.931],[129.519,35.93],[129.519,35.929],[129.519,35.927],[129.518,35.921],[129.521,35.917],[129.522,35.917],[129.523,35.916],[129.526,35.91],[129.526,35.909],[129.526,35.908],[129.526,35.908],[129.526,35.908],[129.526,35.907],[129.533,35.902],[129.534,35.9],[129.533,35.899],[129.532,35.898],[129.531,35.898],[129.531,35.898],[129.531,35.898],[129.531,35.898],[129.53,35.898],[129.53,35.898],[129.53,35.898],[129.53,35.898],[129.529,35.898],[129.529,35.898],[129.529,35.898],[129.528,35.898],[129.528,35.898],[129.528,35.898],[129.528,35.898],[129.528,35.898],[129.528,35.898],[129.528,35.898],[129.528,35.898],[129.525,35.896],[129.525,35.895],[129.525,35.894],[129.525,35.893],[129.525,35.892],[129.525,35.89],[129.525,35.889],[129.525,35.889],[129.526,35.888],[129.526,35.887],[129.526,35.887],[129.527,35.887],[129.527,35.887],[129.528,35.886],[129.528,35.886],[129.528,35.885],[129.528,35.885],[129.528,35.885],[129.529,35.884],[129.525,35.882],[129.52,35.881],[129.519,35.881],[129.519,35.879],[129.519,35.879],[129.519,35.879],[129.519,35.875],[129.519,35.874],[129.519,35.874],[129.519,35.874],[129.52,35.872],[129.521,35.872],[129.531,35.871],[129.531,35.872],[129.531,35.872],[129.531,35.872],[129.532,35.872],[129.532,35.872],[129.532,35.872],[129.532,35.872],[129.534,35.868],[129.534,35.868],[129.534,35.868],[129.531,35.866],[129.528,35.864],[129.527,35.864],[129.527,35.863],[129.527,35.862],[129.525,35.856],[129.525,35.856],[129.525,35.855],[129.525,35.855],[129.525,35.855],[129.525,35.854],[129.521,35.852],[129.52,35.852],[129.52,35.852],[129.52,35.851],[129.52,35.851],[129.52,35.851],[129.519,35.849],[129.519,35.848],[129.519,35.848],[129.519,35.847],[129.518,35.842],[129.519,35.837],[129.519,35.837],[129.519,35.837],[129.518,35.837],[129.518,35.837],[129.516,35.835],[129.511,35.827],[129.511,35.827],[129.511,35.827],[129.511,35.827],[129.511,35.827],[129.51,35.827],[129.51,35.824],[129.51,35.824],[129.509,35.823],[129.51,35.823],[129.51,35.822],[129.511,35.82],[129.512,35.815],[129.512,35.815],[129.511,35.814],[129.511,35.814],[129.51,35.812],[129.511,35.81],[129.511,35.809],[129.511,35.809],[129.512,35.809],[129.513,35.808],[129.512,35.806],[129.512,35.806],[129.506,35.809],[129.504,35.807],[129.503,35.805],[129.501,35.801],[129.501,35.801],[129.501,35.801],[129.5,35.801],[129.5,35.8],[129.499,35.8],[129.499,35.799],[129.499,35.798],[129.499,35.797],[129.498,35.791],[129.496,35.79],[129.492,35.789],[129.492,35.788],[129.491,35.787],[129.492,35.784],[129.492,35.783],[129.493,35.78],[129.494,35.77],[129.494,35.77],[129.494,35.77],[129.494,35.766],[129.494,35.764],[129.494,35.76],[129.494,35.759],[129.493,35.759],[129.493,35.759],[129.493,35.759],[129.493,35.759],[129.494,35.76],[129.494,35.761],[129.492,35.76],[129.491,35.759],[129.491,35.756],[129.492,35.756],[129.492,35.754],[129.492,35.754],[129.488,35.748],[129.484,35.743],[129.484,35.743],[129.484,35.743],[129.484,35.742],[129.486,35.733],[129.484,35.722],[129.483,35.722],[129.483,35.722],[129.479,35.717],[129.48,35.712],[129.481,35.712],[129.482,35.711],[129.482,35.711],[129.482,35.71],[129.482,35.707],[129.482,35.707],[129.481,35.707],[129.481,35.707],[129.481,35.707],[129.481,35.707],[129.481,35.707],[129.481,35.708],[129.482,35.711],[129.481,35.711],[129.479,35.712],[129.479,35.712],[129.477,35.712],[129.477,35.711],[129.475,35.708],[129.475,35.708],[129.475,35.707],[129.474,35.707],[129.474,35.706],[129.474,35.706],[129.473,35.705],[129.473,35.704],[129.473,35.704],[129.473,35.703],[129.473,35.702],[129.476,35.693],[129.476,35.693],[129.474,35.691],[129.474,35.685],[129.472,35.682],[129.472,35.681],[129.469,35.679],[129.466,35.679],[129.466,35.678],[129.465,35.677],[129.464,35.675],[129.464,35.675],[129.464,35.673],[129.465,35.671],[129.465,35.67],[129.466,35.668],[129.465,35.667],[129.461,35.666],[129.458,35.667],[129.457,35.666],[129.457,35.666],[129.455,35.666],[129.454,35.664],[129.453,35.664],[129.453,35.663],[129.452,35.658],[129.45,35.651],[129.449,35.651],[129.448,35.652],[129.445,35.654],[129.439,35.655],[129.437,35.654],[129.436,35.653],[129.434,35.653],[129.433,35.654],[129.433,35.657],[129.431,35.656],[129.429,35.656],[129.419,35.66],[129.414,35.663],[129.41,35.664],[129.407,35.663],[129.404,35.663],[129.403,35.663],[129.402,35.665],[129.401,35.666],[129.401,35.667],[129.398,35.668],[129.394,35.668],[129.388,35.67],[129.386,35.67],[129.383,35.671],[129.373,35.669],[129.372,35.672],[129.367,35.675],[129.364,35.677],[129.363,35.679],[129.355,35.679],[129.351,35.678],[129.348,35.677],[129.347,35.675],[129.342,35.671],[129.337,35.669],[129.334,35.669],[129.33,35.665],[129.329,35.663],[129.322,35.658],[129.318,35.659],[129.317,35.659],[129.311,35.66],[129.304,35.657],[129.298,35.648],[129.296,35.644],[129.295,35.644],[129.291,35.646],[129.29,35.648],[129.283,35.652],[129.281,35.651],[129.275,35.653],[129.27,35.651],[129.26,35.655],[129.255,35.664],[129.259,35.671],[129.26,35.672],[129.26,35.68],[129.26,35.684],[129.263,35.691],[129.257,35.701],[129.254,35.702],[129.248,35.702],[129.241,35.704],[129.237,35.704],[129.233,35.705],[129.234,35.706],[129.228,35.709],[129.224,35.71],[129.222,35.713],[129.219,35.714],[129.213,35.716],[129.209,35.719],[129.208,35.721],[129.207,35.721],[129.201,35.718],[129.201,35.717],[129.201,35.716],[129.198,35.715],[129.198,35.716],[129.192,35.719],[129.19,35.719],[129.186,35.722],[129.181,35.724],[129.181,35.722],[129.176,35.716],[129.158,35.718],[129.153,35.722],[129.146,35.725],[129.142,35.724],[129.139,35.718],[129.138,35.717],[129.136,35.713],[129.134,35.712],[129.126,35.714],[129.124,35.709],[129.124,35.708],[129.118,35.707],[129.112,35.708],[129.109,35.707],[129.106,35.706],[129.103,35.706],[129.102,35.706],[129.093,35.703],[129.09,35.703],[129.086,35.698],[129.077,35.693],[129.074,35.688],[129.074,35.687],[129.072,35.684],[129.07,35.68],[129.073,35.677],[129.073,35.677],[129.069,35.674],[129.069,35.669],[129.067,35.661],[129.072,35.656],[129.078,35.65],[129.081,35.648],[129.081,35.647],[129.081,35.644],[129.08,35.643],[129.078,35.641],[129.072,35.644],[129.071,35.644],[129.069,35.645],[129.057,35.648],[129.049,35.65],[129.046,35.647],[129.045,35.644],[129.044,35.642],[129.037,35.634],[129.035,35.632],[129.028,35.635],[129.021,35.635],[129.019,35.631],[129.015,35.628],[129.006,35.623],[129.0,35.617],[128.991,35.613],[128.987,35.609],[128.973,35.613],[128.962,35.615],[128.961,35.617],[128.958,35.623],[128.951,35.63],[128.937,35.636],[128.924,35.639],[128.91,35.639],[128.897,35.631],[128.885,35.632],[128.881,35.635],[128.875,35.628],[128.871,35.618],[128.866,35.611],[128.862,35.608],[128.858,35.604],[128.854,35.599],[128.852,35.595],[128.845,35.59],[128.836,35.596],[128.824,35.596],[128.81,35.589],[128.806,35.589],[128.802,35.589],[128.801,35.588],[128.8,35.58],[128.794,35.572],[128.788,35.567],[128.776,35.568],[128.771,35.569],[128.76,35.568],[128.756,35.568],[128.753,35.57],[128.749,35.571],[128.74,35.576],[128.732,35.576],[128.725,35.581],[128.721,35.581],[128.714,35.578],[128.703,35.578],[128.697,35.582],[128.695,35.583],[128.693,35.591],[128.689,35.594],[128.677,35.595],[128.672,35.596],[128.67,35.594],[128.664,35.594],[128.659,35.598],[128.656,35.598],[128.654,35.596],[128.647,35.594],[128.644,35.593],[128.638,35.589],[128.635,35.585],[128.631,35.587],[128.627,35.586],[128.624,35.585],[128.616,35.583],[128.615,35.582],[128.601,35.581],[128.593,35.584],[128.59,35.585],[128.585,35.586],[128.573,35.593],[128.572,35.595],[128.569,35.601],[128.565,35.602],[128.56,35.604],[128.559,35.612],[128.553,35.617],[128.546,35.62],[128.542,35.621],[128.537,35.624],[128.536,35.627],[128.538,35.632],[128.535,35.642],[128.538,35.651],[128.537,35.661],[128.533,35.662],[128.532,35.662],[128.531,35.663],[128.527,35.673],[128.529,35.678],[128.532,35.683],[128.531,35.687],[128.535,35.694],[128.534,35.703],[128.53,35.71],[128.529,35.711],[128.533,35.716],[128.543,35.719],[128.548,35.723],[128.556,35.728],[128.562,35.731],[128.564,35.736],[128.568,35.736],[128.576,35.737],[128.584,35.736],[128.589,35.732],[128.592,35.733],[128.595,35.737],[128.601,35.737],[128.607,35.739],[128.612,35.739],[128.614,35.734],[128.615,35.731],[128.614,35.729],[128.61,35.725],[128.613,35.722],[128.616,35.72],[128.616,35.716],[128.614,35.715],[128.614,35.71],[128.62,35.705],[128.627,35.705],[128.637,35.706],[128.643,35.707],[128.647,35.711],[128.655,35.716],[128.664,35.721],[128.671,35.719],[128.673,35.721],[128.68,35.721],[128.684,35.722],[128.683,35.725],[128.686,35.728],[128.691,35.731],[128.691,35.736],[128.689,35.74],[128.693,35.745],[128.693,35.749],[128.694,35.751],[128.695,35.755],[128.695,35.757],[128.693,35.759],[128.691,35.764],[128.689,35.768],[128.687,35.768],[128.686,35.771],[128.687,35.773],[128.686,35.778],[128.684,35.78],[128.682,35.784],[128.683,35.79],[128.688,35.792],[128.69,35.793],[128.691,35.795],[128.695,35.797],[128.697,35.794],[128.7,35.796],[128.701,35.797],[128.704,35.799],[128.708,35.802],[128.71,35.804],[128.716,35.809],[128.714,35.816],[128.713,35.818],[128.709,35.821],[128.709,35.823],[128.71,35.828],[128.71,35.828],[128.711,35.83],[128.718,35.835],[128.72,35.836],[128.721,35.836],[128.722,35.835],[128.722,35.835],[128.725,35.836],[128.725,35.838],[128.724,35.838],[128.726,35.842],[128.727,35.847],[128.725,35.854],[128.724,35.855],[128.722,35.857],[128.724,35.858],[128.727,35.857],[128.734,35.852],[128.735,35.851],[128.737,35.851],[128.739,35.851],[128.741,35.853],[128.746,35.856],[128.751,35.858],[128.755,35.863],[128.755,35.864],[128.756,35.864],[128.758,35.865],[128.759,35.866],[128.76,35.867],[128.759,35.871],[128.759,35.871],[128.761,35.875],[128.758,35.876],[128.761,35.883],[128.758,35.895],[128.757,35.904],[128.758,35.906],[128.757,35.912],[128.755,35.915],[128.752,35.917],[128.749,35.917],[128.743,35.92],[128.741,35.924],[128.739,35.927],[128.738,35.931],[128.741,35.937],[128.744,35.944],[128.742,35.948],[128.74,35.955],[128.738,35.956],[128.739,35.957],[128.742,35.959],[128.743,35.96],[128.746,35.973],[128.744,35.975],[128.739,35.977],[128.737,35.981],[128.733,35.983],[128.731,35.988],[128.733,35.991],[128.735,35.993],[128.734,35.995],[128.73,35.998],[128.726,36.004],[128.721,36.007],[128.706,36.01],[128.697,36.013],[128.687,36.014],[128.677,36.013],[128.667,36.012],[128.661,36.01],[128.654,36.009],[128.65,36.008],[128.645,36.01],[128.641,36.01],[128.639,36.009],[128.635,36.009],[128.631,36.007],[128.624,36.007],[128.621,36.006],[128.617,36.004],[128.61,35.996],[128.603,35.986],[128.593,35.983],[128.581,35.978],[128.566,35.974],[128.56,35.973],[128.556,35.971],[128.552,35.962],[128.546,35.966],[128.543,35.975],[128.538,35.977],[128.527,35.975],[128.53,35.965],[128.533,35.961],[128.535,35.957],[128.533,35.954],[128.533,35.951],[128.534,35.948],[128.535,35.942],[128.534,35.936],[128.531,35.929],[128.53,35.926],[128.528,35.923],[128.523,35.919],[128.518,35.913],[128.51,35.91],[128.506,35.897],[128.505,35.889],[128.502,35.887],[128.501,35.887],[128.5,35.887],[128.5,35.89],[128.497,35.889],[128.493,35.895],[128.489,35.898],[128.486,35.896],[128.484,35.895],[128.477,35.896],[128.475,35.895],[128.471,35.897],[128.469,35.899],[128.468,35.905],[128.466,35.908],[128.468,35.911],[128.473,35.914],[128.474,35.917],[128.473,35.924],[128.476,35.927],[128.476,35.934],[128.475,35.936],[128.468,35.939],[128.46,35.941],[128.455,35.943],[128.453,35.938],[128.451,35.935],[128.445,35.935],[128.441,35.934],[128.44,35.932],[128.438,35.932],[128.428,35.929],[128.428,35.928],[128.428,35.927],[128.425,35.928],[128.424,35.923],[128.418,35.921],[128.418,35.916],[128.414,35.911],[128.41,35.905],[128.404,35.901],[128.399,35.899],[128.398,35.893],[128.397,35.891],[128.396,35.89],[128.389,35.874],[128.387,35.87],[128.386,35.869],[128.384,35.866],[128.383,35.854],[128.389,35.852],[128.416,35.852],[128.431,35.85],[128.439,35.848],[128.449,35.847],[128.458,35.843],[128.466,35.84],[128.469,35.838],[128.474,35.833],[128.481,35.829],[128.483,35.824],[128.483,35.821],[128.483,35.818],[128.482,35.816],[128.481,35.815],[128.474,35.81],[128.472,35.806],[128.45,35.806],[128.441,35.809],[128.421,35.807],[128.419,35.806],[128.416,35.803],[128.412,35.803],[128.411,35.801],[128.408,35.799],[128.401,35.786],[128.399,35.782],[128.398,35.78],[128.396,35.777],[128.394,35.775],[128.392,35.773],[128.39,35.77],[128.383,35.76],[128.383,35.759],[128.384,35.757],[128.39,35.749],[128.396,35.745],[128.413,35.738],[128.423,35.732],[128.429,35.727],[128.433,35.725],[128.434,35.722],[128.435,35.716],[128.435,35.711],[128.433,35.706],[128.432,35.705],[128.423,35.698],[128.419,35.696],[128.406,35.698],[128.387,35.701],[128.381,35.702],[128.372,35.705],[128.359,35.709],[128.352,35.704],[128.352,35.697],[128.352,35.694],[128.355,35.688],[128.357,35.683],[128.358,35.681],[128.36,35.678],[128.373,35.666],[128.386,35.657],[128.399,35.647],[128.402,35.637],[128.401,35.633],[128.396,35.627],[128.393,35.623],[128.388,35.618],[128.373,35.612],[128.368,35.612],[128.364,35.618],[128.363,35.626],[128.362,35.628],[128.36,35.633],[128.358,35.637],[128.355,35.641],[128.353,35.644],[128.35,35.646],[128.342,35.645],[128.339,35.645],[128.337,35.645],[128.33,35.649],[128.328,35.648],[128.324,35.647],[128.32,35.65],[128.31,35.654],[128.302,35.655],[128.296,35.651],[128.288,35.653],[128.279,35.652],[128.278,35.65],[128.278,35.65],[128.277,35.647],[128.274,35.647],[128.266,35.645],[128.263,35.643],[128.261,35.645],[128.26,35.646],[128.251,35.651],[128.245,35.655],[128.244,35.655],[128.236,35.65],[128.238,35.645],[128.237,35.642],[128.23,35.639],[128.227,35.642],[128.22,35.64],[128.212,35.642],[128.205,35.644],[128.204,35.644],[128.2,35.646],[128.199,35.649],[128.196,35.651],[128.192,35.655],[128.185,35.658],[128.181,35.657],[128.177,35.657],[128.173,35.655],[128.165,35.653],[128.159,35.657],[128.162,35.66],[128.161,35.664],[128.16,35.668],[128.165,35.673],[128.173,35.673],[128.184,35.68],[128.192,35.68],[128.198,35.683],[128.199,35.684],[128.199,35.685],[128.204,35.686],[128.203,35.693],[128.204,35.695],[128.204,35.696],[128.205,35.697],[128.203,35.703],[128.203,35.704],[128.202,35.705],[128.201,35.71],[128.201,35.71],[128.202,35.711],[128.203,35.712],[128.202,35.719],[128.197,35.73],[128.197,35.732],[128.198,35.735],[128.198,35.736],[128.194,35.738],[128.192,35.743],[128.19,35.748],[128.189,35.75],[128.187,35.753],[128.186,35.754],[128.182,35.755],[128.178,35.757],[128.172,35.759],[128.162,35.768],[128.164,35.777],[128.16,35.778],[128.159,35.783],[128.159,35.784],[128.15,35.785],[128.14,35.784],[128.135,35.785],[128.133,35.788],[128.13,35.789],[128.129,35.794],[128.122,35.803],[128.123,35.807],[128.122,35.809],[128.125,35.819],[128.117,35.823],[128.112,35.824],[128.106,35.828],[128.102,35.829],[128.098,35.831],[128.096,35.832],[128.094,35.832],[128.091,35.831],[128.088,35.832],[128.086,35.835],[128.078,35.839],[128.074,35.839],[128.071,35.84],[128.065,35.838],[128.059,35.834],[128.055,35.834],[128.053,35.832],[128.05,35.83],[128.041,35.833],[128.033,35.835],[128.029,35.835],[128.024,35.833],[128.02,35.833],[128.011,35.829],[128.008,35.831],[128.006,35.833],[128.001,35.836],[127.997,35.837],[127.996,35.839],[127.994,35.842],[127.991,35.846],[127.989,35.849],[127.987,35.854],[127.981,35.859],[127.978,35.856],[127.976,35.854],[127.973,35.852],[127.971,35.852],[127.966,35.855],[127.963,35.855],[127.96,35.86],[127.95,35.862],[127.945,35.856],[127.943,35.855],[127.933,35.855],[127.929,35.856],[127.927,35.856],[127.926,35.856],[127.927,35.858],[127.928,35.858],[127.932,35.86],[127.933,35.864],[127.931,35.869],[127.929,35.87],[127.929,35.874],[127.929,35.877],[127.93,35.878],[127.928,35.881],[127.927,35.881],[127.923,35.882],[127.922,35.885],[127.922,35.886],[127.919,35.889],[127.919,35.891],[127.92,35.893],[127.914,35.891],[127.906,35.89],[127.896,35.888],[127.893,35.887],[127.891,35.889],[127.886,35.893],[127.884,35.898],[127.885,35.91],[127.888,35.912],[127.888,35.915],[127.887,35.916],[127.885,35.917],[127.883,35.919],[127.882,35.921],[127.883,35.922],[127.884,35.925],[127.882,35.929],[127.888,35.932],[127.892,35.932],[127.896,35.935],[127.897,35.936],[127.904,35.94],[127.91,35.946],[127.911,35.949],[127.909,35.952],[127.902,35.957],[127.899,35.968],[127.896,35.972],[127.897,35.974],[127.896,35.978],[127.896,35.978],[127.892,35.979],[127.89,35.98],[127.893,35.984],[127.894,35.985],[127.894,35.986],[127.881,35.994],[127.876,35.999],[127.878,36.001],[127.879,36.002],[127.878,36.006],[127.877,36.007],[127.876,36.008],[127.876,36.009],[127.876,36.018],[127.877,36.023],[127.881,36.025],[127.883,36.031],[127.887,36.035],[127.894,36.038],[127.903,36.041],[127.909,36.05],[127.911,36.051],[127.915,36.053],[127.92,36.054],[127.928,36.051],[127.93,36.05],[127.934,36.051],[127.937,36.051],[127.95,36.06],[127.952,36.065],[127.953,36.066],[127.961,36.07],[127.961,36.086],[127.959,36.088],[127.96,36.095],[127.965,36.096],[127.968,36.102],[127.967,36.108],[127.965,36.111],[127.967,36.117],[127.968,36.119],[127.972,36.122],[127.977,36.123],[127.986,36.128],[127.989,36.133],[127.988,36.135],[127.987,36.141],[127.988,36.145],[127.991,36.151],[127.997,36.155],[127.996,36.157],[127.991,36.158],[127.99,36.165],[127.983,36.171],[127.984,36.177],[127.983,36.178],[127.977,36.186],[127.98,36.195],[127.979,36.197],[127.989,36.2],[127.991,36.2],[127.994,36.202],[127.998,36.207],[128.0,36.207],[128.007,36.208],[128.01,36.209],[128.016,36.209],[128.024,36.207],[128.033,36.2],[128.039,36.194],[128.046,36.197],[128.052,36.201],[128.053,36.201],[128.057,36.201],[128.052,36.205],[128.049,36.211],[128.05,36.211],[128.05,36.215],[128.049,36.217],[128.042,36.218],[128.039,36.223],[128.039,36.229],[128.035,36.233],[128.031,36.238],[128.033,36.242],[128.036,36.244],[128.04,36.252],[128.046,36.254],[128.043,36.259],[128.027,36.266],[128.023,36.268],[128.019,36.267],[128.015,36.269],[128.01,36.272],[128.003,36.268],[128.0,36.266],[127.997,36.268],[127.994,36.267],[127.992,36.265],[127.984,36.263],[127.981,36.264],[127.977,36.258],[127.978,36.257],[127.978,36.255],[127.968,36.25],[127.966,36.252],[127.963,36.252],[127.96,36.253],[127.955,36.257],[127.949,36.257],[127.948,36.266],[127.946,36.267],[127.935,36.272],[127.933,36.277],[127.92,36.28],[127.907,36.286],[127.906,36.291],[127.905,36.301],[127.903,36.301],[127.892,36.292],[127.888,36.286],[127.881,36.274],[127.876,36.276],[127.867,36.277],[127.861,36.277],[127.85,36.281],[127.85,36.282],[127.848,36.29],[127.846,36.292],[127.846,36.298],[127.844,36.305],[127.843,36.306],[127.841,36.31],[127.845,36.317],[127.846,36.318],[127.851,36.321],[127.851,36.325],[127.853,36.33],[127.857,36.331],[127.866,36.336],[127.87,36.34],[127.87,36.343],[127.875,36.346],[127.881,36.345],[127.885,36.349],[127.885,36.352],[127.888,36.356],[127.891,36.36],[127.887,36.363],[127.885,36.366],[127.886,36.368],[127.882,36.373],[127.884,36.375],[127.884,36.379],[127.884,36.38],[127.881,36.382],[127.878,36.386],[127.876,36.391],[127.865,36.391],[127.864,36.394],[127.866,36.394],[127.866,36.395],[127.864,36.4],[127.867,36.403],[127.872,36.405],[127.874,36.407],[127.873,36.409],[127.877,36.416],[127.882,36.421],[127.883,36.424],[127.879,36.424],[127.873,36.424],[127.875,36.427],[127.874,36.435],[127.873,36.442],[127.873,36.445],[127.875,36.449],[127.878,36.45],[127.879,36.455],[127.879,36.458],[127.882,36.462],[127.879,36.467],[127.88,36.468],[127.881,36.47],[127.881,36.473],[127.882,36.476],[127.876,36.483],[127.876,36.488],[127.88,36.493],[127.886,36.493],[127.893,36.497],[127.898,36.498],[127.906,36.506],[127.906,36.507],[127.903,36.511],[127.903,36.516],[127.901,36.523],[127.902,36.527],[127.902,36.528],[127.895,36.53],[127.892,36.531],[127.885,36.535],[127.879,36.535],[127.875,36.539],[127.874,36.541],[127.871,36.546],[127.873,36.553],[127.866,36.56],[127.862,36.565],[127.857,36.57],[127.845,36.569],[127.837,36.57],[127.834,36.573],[127.827,36.571],[127.819,36.574],[127.817,36.577],[127.813,36.579],[127.805,36.581],[127.804,36.583],[127.803,36.584],[127.798,36.587],[127.8,36.589],[127.798,36.592],[127.797,36.6],[127.798,36.602],[127.801,36.602],[127.808,36.605],[127.816,36.608],[127.821,36.611],[127.821,36.613],[127.828,36.611],[127.83,36.613],[127.837,36.61],[127.841,36.609],[127.85,36.613],[127.853,36.613],[127.857,36.616],[127.854,36.618],[127.851,36.618],[127.848,36.624],[127.851,36.629],[127.848,36.633],[127.849,36.635],[127.857,36.634],[127.863,36.638],[127.865,36.641],[127.873,36.651],[127.874,36.654],[127.876,36.656],[127.88,36.657],[127.88,36.655],[127.882,36.647],[127.886,36.642],[127.887,36.641],[127.889,36.64],[127.889,36.637],[127.889,36.636],[127.888,36.635],[127.889,36.63],[127.89,36.629],[127.897,36.627],[127.901,36.627],[127.902,36.628],[127.903,36.628],[127.908,36.624],[127.911,36.615],[127.916,36.611],[127.919,36.603],[127.921,36.601],[127.925,36.607],[127.924,36.616],[127.928,36.617],[127.932,36.623],[127.935,36.632],[127.934,36.636],[127.935,36.642],[127.939,36.646],[127.939,36.652],[127.932,36.655],[127.932,36.661],[127.93,36.667],[127.927,36.669],[127.913,36.678],[127.907,36.68],[127.895,36.681],[127.89,36.681],[127.883,36.679],[127.879,36.679],[127.875,36.683],[127.882,36.683],[127.882,36.684],[127.887,36.691],[127.894,36.694],[127.898,36.693],[127.912,36.693],[127.914,36.693],[127.915,36.693],[127.915,36.694],[127.915,36.694],[127.925,36.691],[127.926,36.69],[127.929,36.691],[127.932,36.698],[127.931,36.701],[127.934,36.706],[127.946,36.706],[127.949,36.714],[127.951,36.721],[127.954,36.723],[127.957,36.736],[127.962,36.736],[127.969,36.731],[127.972,36.73],[127.973,36.727],[127.98,36.72],[127.991,36.718],[127.999,36.717],[128.006,36.723],[128.011,36.73],[128.02,36.725],[128.026,36.719],[128.029,36.719],[128.033,36.717],[128.036,36.715],[128.043,36.712],[128.046,36.71],[128.049,36.708],[128.051,36.708],[128.055,36.709],[128.07,36.708],[128.073,36.712],[128.067,36.723],[128.061,36.727],[128.059,36.73],[128.058,36.731],[128.056,36.73],[128.053,36.733],[128.047,36.738],[128.042,36.741],[128.032,36.748],[128.035,36.758],[128.039,36.763],[128.044,36.77],[128.046,36.777],[128.046,36.78],[128.046,36.782],[128.05,36.786],[128.052,36.789],[128.055,36.793],[128.055,36.803],[128.054,36.806],[128.057,36.807],[128.057,36.809],[128.058,36.812],[128.059,36.814],[128.06,36.817],[128.064,36.817],[128.074,36.813],[128.085,36.804],[128.084,36.803],[128.086,36.798],[128.093,36.797],[128.093,36.803],[128.101,36.806],[128.107,36.807],[128.108,36.814],[128.111,36.822],[128.118,36.821],[128.125,36.824],[128.133,36.828],[128.134,36.83],[128.134,36.833],[128.143,36.832],[128.146,36.83],[128.149,36.828],[128.153,36.822],[128.165,36.821],[128.175,36.821],[128.191,36.816],[128.201,36.814],[128.212,36.812],[128.215,36.812],[128.216,36.815],[128.216,36.821],[128.214,36.833],[128.213,36.839],[128.211,36.842],[128.211,36.845],[128.22,36.848],[128.224,36.847],[128.237,36.845],[128.238,36.851],[128.234,36.855],[128.235,36.859],[128.237,36.864],[128.24,36.868],[128.245,36.871],[128.254,36.866],[128.263,36.864],[128.265,36.864],[128.268,36.862],[128.268,36.862],[128.269,36.86],[128.278,36.857],[128.279,36.857],[128.28,36.857],[128.284,36.852],[128.286,36.849],[128.287,36.845],[128.288,36.844],[128.289,36.844],[128.295,36.836],[128.302,36.833],[128.306,36.829],[128.31,36.827],[128.312,36.825],[128.315,36.823],[128.316,36.821],[128.316,36.817],[128.316,36.817],[128.328,36.816],[128.335,36.817],[128.348,36.813],[128.357,36.808],[128.363,36.802],[128.366,36.803],[128.368,36.802],[128.373,36.805],[128.383,36.814],[128.397,36.814],[128.4,36.813],[128.41,36.812],[128.414,36.812],[128.417,36.812],[128.42,36.812],[128.425,36.815],[128.426,36.817],[128.431,36.823],[128.434,36.828],[128.439,36.836],[128.442,36.839],[128.447,36.843],[128.447,36.853],[128.449,36.863],[128.443,36.868],[128.443,36.868],[128.439,36.872],[128.428,36.875],[128.424,36.878],[128.426,36.881],[128.428,36.882],[128.427,36.887],[128.428,36.891],[128.434,36.895],[128.44,36.902],[128.445,36.914],[128.443,36.922],[128.445,36.928],[128.45,36.931],[128.454,36.932],[128.46,36.936],[128.463,36.942],[128.467,36.951],[128.474,36.956],[128.48,36.958],[128.485,36.957],[128.486,36.962],[128.49,36.964],[128.492,36.964],[128.507,36.97],[128.508,36.974],[128.513,36.976],[128.514,36.981],[128.515,36.983],[128.515,36.987],[128.53,36.991],[128.536,36.99],[128.555,36.998],[128.557,37.006],[128.563,37.009],[128.567,37.012],[128.573,37.021],[128.57,37.023],[128.565,37.031],[128.569,37.035],[128.574,37.035],[128.578,37.037],[128.581,37.04],[128.585,37.043],[128.591,37.043],[128.592,37.042],[128.598,37.043],[128.604,37.044],[128.605,37.043],[128.607,37.044],[128.608,37.049],[128.607,37.05],[128.61,37.052],[128.622,37.049],[128.622,37.046],[128.623,37.045],[128.626,37.044],[128.633,37.041],[128.638,37.052],[128.646,37.061],[128.652,37.065],[128.656,37.064],[128.657,37.063],[128.659,37.06],[128.673,37.059],[128.68,37.055],[128.69,37.052],[128.702,37.041],[128.709,37.039],[128.713,37.043],[128.727,37.042],[128.741,37.037],[128.745,37.032],[128.748,37.03],[128.752,37.028],[128.754,37.03],[128.758,37.034],[128.762,37.036],[128.762,37.044],[128.757,37.048],[128.752,37.056],[128.753,37.058],[128.756,37.065],[128.757,37.069],[128.758,37.07],[128.758,37.07],[128.76,37.067],[128.765,37.064],[128.768,37.068],[128.769,37.07],[128.769,37.073],[128.775,37.078],[128.775,37.086],[128.775,37.088],[128.776,37.09],[128.781,37.092],[128.784,37.09],[128.792,37.088],[128.801,37.086],[128.801,37.084],[128.8,37.081],[128.802,37.078],[128.809,37.077],[128.814,37.078],[128.821,37.077],[128.826,37.079],[128.831,37.074],[128.832,37.067],[128.84,37.061],[128.846,37.052],[128.855,37.05],[128.863,37.049],[128.867,37.047],[128.871,37.044],[128.877,37.048],[128.879,37.053],[128.894,37.046],[128.898,37.046],[128.897,37.056],[128.899,37.059],[128.905,37.062],[128.908,37.065],[128.91,37.07],[128.917,37.079],[128.915,37.084],[128.919,37.089],[128.924,37.092],[128.932,37.091],[128.94,37.093],[128.944,37.093],[128.949,37.09],[128.953,37.084],[128.953,37.082],[128.968,37.08],[128.974,37.081],[128.982,37.084],[128.984,37.085],[128.991,37.083],[129.009,37.079],[129.014,37.079],[129.019,37.078],[129.022,37.077],[129.032,37.076],[129.034,37.076],[129.042,37.071],[129.054,37.07],[129.057,37.067],[129.057,37.065],[129.065,37.07],[129.067,37.077],[129.069,37.082],[129.071,37.085],[129.07,37.087],[129.079,37.093],[129.084,37.095],[129.087,37.097],[129.094,37.099],[129.097,37.1],[129.099,37.099],[129.101,37.099],[129.104,37.098],[129.112,37.092],[129.118,37.093],[129.126,37.089],[129.126,37.085],[129.139,37.082],[129.139,37.082],[129.142,37.08],[129.145,37.076],[129.153,37.073],[129.162,37.069],[129.166,37.069],[129.166,37.067],[129.174,37.059],[129.178,37.056],[129.185,37.046],[129.185,37.042],[129.191,37.041],[129.204,37.045],[129.208,37.044],[129.215,37.044],[129.22,37.044],[129.226,37.044],[129.236,37.04],[129.238,37.039],[129.238,37.041],[129.233,37.044],[129.233,37.05],[129.231,37.052],[129.229,37.058],[129.232,37.06],[129.232,37.066],[129.228,37.072],[129.226,37.073],[129.23,37.077],[129.236,37.082],[129.24,37.085],[129.246,37.093],[129.252,37.097],[129.255,37.099],[129.266,37.102],[129.269,37.106],[129.271,37.116],[129.278,37.118],[129.284,37.117],[129.288,37.116],[129.295,37.116],[129.295,37.12],[129.301,37.126],[129.305,37.128],[129.31,37.129],[129.311,37.131],[129.319,37.134],[129.323,37.14],[129.327,37.142],[129.33,37.141],[129.333,37.141],[129.339,37.145],[129.34,37.147],[129.343,37.145],[129.345,37.146],[129.355,37.146],[129.357,37.145],[129.364,37.146],[129.366,37.143],[129.367,37.141],[129.37,37.137],[129.372,37.136],[129.373,37.136],[129.375,37.134],[129.375,37.133],[129.373,37.131],[129.372,37.131],[129.371,37.13],[129.371,37.13],[129.371,37.13],[129.371,37.127],[129.372,37.127],[129.374,37.122],[129.375,37.121],[129.377,37.119],[129.378,37.119],[129.378,37.119],[129.38,37.12],[129.38,37.12],[129.38,37.119],[129.38,37.119],[129.379,37.117],[129.377,37.115],[129.375,37.112],[129.375,37.112],[129.377,37.104],[129.379,37.102],[129.382,37.103],[129.383,37.103],[129.384,37.102],[129.386,37.1],[129.386,37.1],[129.386,37.1],[129.385,37.1],[129.383,37.102],[129.382,37.102],[129.382,37.102],[129.379,37.1],[129.383,37.097],[129.382,37.098],[129.381,37.099],[129.381,37.1],[129.381,37.1],[129.383,37.1],[129.383,37.1],[129.383,37.1],[129.383,37.1],[129.383,37.1],[129.383,37.1],[129.383,37.1],[129.383,37.1],[129.383,37.1],[129.382,37.1],[129.382,37.1],[129.382,37.099],[129.384,37.097],[129.388,37.093],[129.388,37.093],[129.393,37.09],[129.392,37.091],[129.392,37.091],[129.39,37.091],[129.39,37.09],[129.396,37.084],[129.396,37.084],[129.396,37.083],[129.402,37.079],[129.405,37.077],[129.416,37.071],[129.423,37.066],[129.427,37.064],[129.43,37.058],[129.43,37.057],[129.425,37.054]]],[[[131.87,37.241],[131.87,37.241],[131.87,37.241],[131.871,37.241],[131.871,37.241],[131.871,37.241],[131.871,37.241],[131.871,37.241],[131.87,37.239],[131.87,37.238],[131.87,37.238],[131.87,37.238],[131.868,37.239],[131.868,37.239],[131.868,37.239],[131.868,37.238],[131.868,37.238],[131.868,37.239],[131.867,37.239],[131.868,37.24],[131.868,37.239],[131.868,37.239],[131.868,37.239],[131.868,37.24],[131.868,37.24],[131.868,37.241],[131.868,37.241],[131.87,37.242],[131.87,37.242],[131.87,37.242],[131.87,37.242],[131.87,37.242],[131.87,37.242],[131.87,37.241],[131.87,37.241]]],[[[131.866,37.243],[131.865,37.24],[131.865,37.24],[131.863,37.24],[131.863,37.242],[131.865,37.243],[131.865,37.243],[131.865,37.243],[131.865,37.244],[131.866,37.244],[131.866,37.243],[131.866,37.243]]],[[[130.911,37.541],[130.917,37.542],[130.917,37.542],[130.918,37.542],[130.919,37.542],[130.92,37.541],[130.919,37.54],[130.917,37.54],[130.911,37.535],[130.908,37.528],[130.91,37.522],[130.91,37.521],[130.914,37.518],[130.914,37.518],[130.915,37.518],[130.916,37.519],[130.916,37.519],[130.915,37.505],[130.915,37.502],[130.914,37.498],[130.913,37.5],[130.91,37.497],[130.91,37.497],[130.912,37.492],[130.914,37.492],[130.913,37.494],[130.913,37.495],[130.913,37.497],[130.913,37.497],[130.914,37.497],[130.914,37.497],[130.914,37.49],[130.914,37.487],[130.914,37.486],[130.918,37.487],[130.918,37.487],[130.919,37.488],[130.92,37.487],[130.921,37.487],[130.921,37.487],[130.921,37.486],[130.92,37.485],[130.916,37.483],[130.913,37.482],[130.913,37.482],[130.913,37.482],[130.911,37.483],[130.909,37.481],[130.909,37.479],[130.907,37.477],[130.9,37.475],[130.897,37.476],[130.889,37.474],[130.882,37.468],[130.877,37.459],[130.882,37.461],[130.882,37.461],[130.882,37.461],[130.883,37.461],[130.883,37.461],[130.883,37.461],[130.883,37.461],[130.882,37.46],[130.875,37.458],[130.875,37.458],[130.875,37.458],[130.875,37.458],[130.875,37.458],[130.876,37.454],[130.876,37.454],[130.875,37.454],[130.875,37.454],[130.875,37.454],[130.875,37.453],[130.874,37.453],[130.874,37.453],[130.873,37.454],[130.873,37.454],[130.872,37.454],[130.872,37.456],[130.871,37.458],[130.869,37.459],[130.868,37.459],[130.864,37.46],[130.862,37.46],[130.859,37.46],[130.857,37.461],[130.857,37.46],[130.856,37.46],[130.856,37.46],[130.855,37.46],[130.854,37.462],[130.853,37.463],[130.843,37.463],[130.839,37.465],[130.834,37.467],[130.833,37.467],[130.833,37.466],[130.835,37.466],[130.835,37.466],[130.835,37.466],[130.835,37.466],[130.835,37.465],[130.835,37.465],[130.832,37.467],[130.83,37.468],[130.831,37.469],[130.831,37.469],[130.83,37.47],[130.829,37.471],[130.827,37.471],[130.823,37.473],[130.82,37.473],[130.82,37.473],[130.819,37.473],[130.813,37.474],[130.811,37.474],[130.81,37.475],[130.809,37.477],[130.809,37.478],[130.809,37.478],[130.809,37.479],[130.809,37.479],[130.809,37.48],[130.808,37.481],[130.808,37.482],[130.806,37.483],[130.802,37.484],[130.802,37.485],[130.802,37.489],[130.803,37.497],[130.804,37.497],[130.804,37.498],[130.805,37.498],[130.805,37.498],[130.805,37.499],[130.805,37.5],[130.804,37.5],[130.803,37.502],[130.805,37.503],[130.805,37.504],[130.803,37.506],[130.802,37.506],[130.802,37.506],[130.801,37.507],[130.798,37.512],[130.797,37.513],[130.796,37.514],[130.795,37.514],[130.795,37.514],[130.795,37.514],[130.795,37.513],[130.794,37.513],[130.793,37.513],[130.792,37.518],[130.796,37.524],[130.796,37.523],[130.796,37.521],[130.796,37.52],[130.796,37.52],[130.801,37.519],[130.803,37.519],[130.804,37.52],[130.805,37.521],[130.806,37.522],[130.806,37.522],[130.809,37.522],[130.81,37.522],[130.811,37.522],[130.812,37.522],[130.813,37.522],[130.813,37.522],[130.814,37.523],[130.815,37.524],[130.815,37.524],[130.823,37.529],[130.823,37.527],[130.828,37.526],[130.83,37.527],[130.831,37.528],[130.831,37.528],[130.831,37.529],[130.84,37.534],[130.845,37.535],[130.847,37.535],[130.848,37.535],[130.849,37.535],[130.868,37.537],[130.874,37.543],[130.88,37.543],[130.881,37.543],[130.888,37.541],[130.89,37.541],[130.89,37.541],[130.891,37.541],[130.892,37.541],[130.895,37.543],[130.895,37.543],[130.897,37.546],[130.9,37.548],[130.903,37.549],[130.906,37.549],[130.907,37.549],[130.908,37.548],[130.909,37.546],[130.909,37.546],[130.908,37.545],[130.909,37.544],[130.91,37.542],[130.911,37.541]]]]}},{"type":"Feature","properties":{"sido_short":"경남","sido_nm":"경상남도","시도":"경남"},"geometry":{"type":"MultiPolygon","coordinates":[[[[127.904,34.861],[127.904,34.861],[127.904,34.861],[127.904,34.861]]],[[[128.033,34.92],[128.028,34.906],[128.021,34.899],[128.015,34.892],[128.015,34.892],[128.014,34.882],[128.013,34.881],[128.013,34.881],[128.01,34.875],[128.01,34.868],[128.01,34.867],[128.011,34.866],[128.012,34.866],[128.016,34.866],[128.019,34.864],[128.025,34.866],[128.026,34.868],[128.026,34.868],[128.026,34.868],[128.024,34.869],[128.024,34.869],[128.024,34.87],[128.023,34.871],[128.021,34.88],[128.022,34.882],[128.023,34.883],[128.023,34.883],[128.024,34.883],[128.031,34.889],[128.031,34.889],[128.03,34.89],[128.03,34.891],[128.03,34.892],[128.03,34.893],[128.034,34.895],[128.035,34.897],[128.037,34.898],[128.037,34.898],[128.038,34.898],[128.038,34.898],[128.039,34.896],[128.038,34.894],[128.038,34.894],[128.038,34.893],[128.037,34.893],[128.037,34.893],[128.036,34.893],[128.036,34.893],[128.039,34.892],[128.039,34.892],[128.041,34.894],[128.041,34.894],[128.042,34.895],[128.047,34.897],[128.048,34.897],[128.048,34.897],[128.048,34.897],[128.048,34.894],[128.048,34.894],[128.047,34.894],[128.047,34.894],[128.042,34.894],[128.041,34.894],[128.041,34.893],[128.041,34.893],[128.041,34.892],[128.047,34.89],[128.048,34.89],[128.048,34.89],[128.05,34.887],[128.05,34.887],[128.047,34.884],[128.046,34.884],[128.048,34.882],[128.048,34.882],[128.049,34.882],[128.049,34.882],[128.055,34.885],[128.059,34.884],[128.059,34.884],[128.059,34.883],[128.059,34.881],[128.058,34.88],[128.058,34.88],[128.057,34.88],[128.057,34.88],[128.058,34.879],[128.058,34.879],[128.06,34.878],[128.06,34.879],[128.063,34.879],[128.064,34.878],[128.064,34.878],[128.064,34.878],[128.064,34.877],[128.063,34.876],[128.062,34.875],[128.063,34.875],[128.063,34.875],[128.063,34.874],[128.063,34.874],[128.064,34.874],[128.064,34.874],[128.065,34.874],[128.065,34.874],[128.065,34.874],[128.065,34.874],[128.065,34.875],[128.066,34.875],[128.067,34.874],[128.067,34.874],[128.067,34.874],[128.067,34.874],[128.065,34.87],[128.065,34.861],[128.064,34.861],[128.064,34.861],[128.064,34.861],[128.064,34.861],[128.064,34.861],[128.064,34.861],[128.062,34.861],[128.056,34.857],[128.053,34.853],[128.053,34.853],[128.053,34.853],[128.054,34.852],[128.054,34.852],[128.055,34.852],[128.059,34.853],[128.061,34.855],[128.062,34.856],[128.062,34.856],[128.062,34.855],[128.063,34.855],[128.063,34.855],[128.06,34.848],[128.06,34.847],[128.06,34.846],[128.061,34.845],[128.064,34.843],[128.065,34.844],[128.067,34.846],[128.079,34.839],[128.082,34.838],[128.085,34.836],[128.085,34.835],[128.085,34.831],[128.084,34.829],[128.083,34.829],[128.08,34.829],[128.08,34.828],[128.079,34.828],[128.078,34.828],[128.077,34.829],[128.077,34.83],[128.078,34.832],[128.076,34.835],[128.075,34.835],[128.072,34.836],[128.07,34.836],[128.07,34.836],[128.07,34.835],[128.07,34.835],[128.07,34.834],[128.068,34.831],[128.066,34.831],[128.065,34.831],[128.065,34.831],[128.064,34.831],[128.064,34.831],[128.064,34.832],[128.064,34.832],[128.064,34.833],[128.056,34.838],[128.055,34.838],[128.054,34.839],[128.054,34.839],[128.053,34.839],[128.053,34.838],[128.052,34.838],[128.052,34.838],[128.051,34.838],[128.052,34.837],[128.048,34.836],[128.046,34.836],[128.046,34.836],[128.045,34.836],[128.042,34.84],[128.03,34.844],[128.026,34.847],[128.025,34.847],[128.024,34.847],[128.024,34.847],[128.022,34.845],[128.022,34.843],[128.022,34.842],[128.024,34.84],[128.024,34.84],[128.024,34.839],[128.021,34.843],[128.02,34.843],[128.019,34.843],[128.019,34.842],[128.018,34.841],[128.018,34.841],[128.019,34.84],[128.019,34.839],[128.017,34.838],[128.015,34.838],[128.014,34.838],[128.014,34.838],[128.013,34.839],[128.001,34.836],[127.999,34.836],[127.989,34.836],[127.987,34.837],[127.979,34.841],[127.971,34.842],[127.969,34.843],[127.969,34.844],[127.971,34.848],[127.97,34.849],[127.97,34.85],[127.966,34.852],[127.965,34.853],[127.964,34.854],[127.964,34.854],[127.964,34.855],[127.965,34.858],[127.965,34.859],[127.961,34.868],[127.963,34.871],[127.964,34.872],[127.965,34.872],[127.966,34.873],[127.977,34.879],[127.977,34.879],[127.981,34.885],[127.981,34.885],[127.982,34.885],[127.984,34.888],[127.984,34.888],[127.984,34.889],[127.984,34.889],[127.984,34.889],[127.984,34.89],[127.985,34.892],[127.985,34.892],[127.986,34.892],[127.99,34.894],[127.99,34.894],[127.991,34.895],[127.991,34.895],[127.992,34.899],[127.992,34.899],[127.992,34.9],[127.991,34.901],[127.996,34.907],[127.996,34.91],[127.996,34.91],[127.996,34.91],[127.996,34.91],[127.997,34.91],[127.997,34.911],[127.998,34.911],[127.999,34.911],[128.002,34.913],[128.003,34.913],[128.003,34.914],[128.003,34.914],[128.004,34.914],[128.004,34.914],[128.003,34.915],[128.003,34.915],[128.003,34.915],[128.003,34.915],[128.003,34.915],[128.003,34.915],[128.017,34.92],[128.017,34.92],[128.017,34.921],[128.017,34.921],[128.017,34.921],[128.018,34.921],[128.019,34.921],[128.021,34.92],[128.021,34.92],[128.023,34.92],[128.025,34.92],[128.026,34.92],[128.029,34.922],[128.033,34.92]]],[[[127.831,34.939],[127.831,34.94],[127.831,34.94],[127.831,34.939]]],[[[127.831,34.939],[127.834,34.936],[127.833,34.935],[127.832,34.934],[127.832,34.932],[127.833,34.931],[127.833,34.931],[127.835,34.929],[127.834,34.928],[127.832,34.928],[127.829,34.929],[127.828,34.93],[127.828,34.93],[127.829,34.93],[127.829,34.93],[127.829,34.93],[127.83,34.933],[127.832,34.937],[127.832,34.939],[127.832,34.939],[127.832,34.939],[127.831,34.939]]],[[[127.904,34.861],[127.904,34.861],[127.904,34.86],[127.905,34.86],[127.905,34.86],[127.905,34.859],[127.906,34.859],[127.91,34.851],[127.914,34.848],[127.914,34.847],[127.916,34.842],[127.917,34.836],[127.917,34.835],[127.918,34.835],[127.918,34.835],[127.922,34.835],[127.924,34.831],[127.924,34.831],[127.924,34.831],[127.924,34.831],[127.924,34.831],[127.925,34.831],[127.925,34.831],[127.927,34.831],[127.928,34.831],[127.931,34.833],[127.931,34.833],[127.931,34.833],[127.931,34.833],[127.931,34.833],[127.932,34.833],[127.937,34.831],[127.942,34.822],[127.941,34.816],[127.941,34.815],[127.942,34.815],[127.942,34.815],[127.943,34.813],[127.944,34.813],[127.948,34.808],[127.953,34.806],[127.953,34.806],[127.954,34.805],[127.957,34.805],[127.962,34.808],[127.966,34.809],[127.966,34.809],[127.966,34.809],[127.965,34.811],[127.963,34.812],[127.96,34.813],[127.96,34.813],[127.965,34.816],[127.969,34.816],[127.97,34.816],[127.978,34.82],[127.979,34.821],[127.977,34.822],[127.975,34.823],[127.977,34.826],[127.977,34.826],[127.978,34.826],[127.978,34.826],[127.978,34.826],[127.982,34.826],[127.983,34.827],[127.999,34.833],[128.005,34.832],[128.016,34.83],[128.017,34.83],[128.017,34.83],[128.02,34.83],[128.02,34.83],[128.019,34.831],[128.019,34.831],[128.019,34.831],[128.019,34.832],[128.019,34.832],[128.019,34.832],[128.019,34.833],[128.019,34.833],[128.029,34.835],[128.031,34.834],[128.032,34.831],[128.032,34.831],[128.033,34.829],[128.037,34.825],[128.046,34.824],[128.047,34.824],[128.049,34.826],[128.051,34.825],[128.051,34.824],[128.055,34.822],[128.06,34.821],[128.066,34.818],[128.066,34.818],[128.067,34.818],[128.066,34.818],[128.065,34.817],[128.065,34.817],[128.064,34.817],[128.064,34.817],[128.064,34.817],[128.064,34.816],[128.063,34.815],[128.063,34.815],[128.063,34.814],[128.064,34.814],[128.064,34.814],[128.066,34.813],[128.065,34.811],[128.065,34.811],[128.062,34.808],[128.062,34.807],[128.062,34.805],[128.062,34.803],[128.063,34.8],[128.061,34.8],[128.058,34.801],[128.056,34.802],[128.055,34.802],[128.054,34.802],[128.053,34.801],[128.052,34.8],[128.051,34.798],[128.051,34.797],[128.051,34.796],[128.051,34.794],[128.051,34.794],[128.055,34.792],[128.058,34.793],[128.059,34.795],[128.059,34.795],[128.059,34.795],[128.059,34.796],[128.06,34.796],[128.06,34.796],[128.06,34.796],[128.06,34.796],[128.058,34.792],[128.056,34.791],[128.053,34.785],[128.053,34.785],[128.052,34.785],[128.052,34.785],[128.052,34.785],[128.052,34.785],[128.052,34.785],[128.052,34.785],[128.054,34.786],[128.053,34.786],[128.051,34.785],[128.049,34.782],[128.049,34.782],[128.05,34.774],[128.05,34.773],[128.05,34.773],[128.051,34.773],[128.052,34.772],[128.054,34.77],[128.055,34.768],[128.054,34.764],[128.054,34.764],[128.054,34.756],[128.054,34.756],[128.055,34.754],[128.056,34.754],[128.056,34.754],[128.058,34.75],[128.056,34.746],[128.052,34.744],[128.051,34.744],[128.049,34.743],[128.049,34.743],[128.049,34.742],[128.049,34.741],[128.049,34.741],[128.049,34.74],[128.049,34.74],[128.049,34.74],[128.051,34.741],[128.046,34.739],[128.042,34.738],[128.042,34.738],[128.035,34.731],[128.035,34.73],[128.034,34.724],[128.034,34.724],[128.034,34.723],[128.034,34.723],[128.034,34.722],[128.035,34.722],[128.038,34.719],[128.04,34.719],[128.041,34.718],[128.044,34.715],[128.045,34.714],[128.045,34.714],[128.047,34.713],[128.047,34.714],[128.047,34.714],[128.047,34.715],[128.053,34.715],[128.06,34.71],[128.057,34.708],[128.057,34.709],[128.056,34.709],[128.056,34.709],[128.055,34.711],[128.054,34.712],[128.053,34.708],[128.049,34.706],[128.048,34.708],[128.043,34.707],[128.043,34.706],[128.044,34.706],[128.044,34.705],[128.045,34.704],[128.044,34.702],[128.038,34.702],[128.036,34.703],[128.035,34.704],[128.036,34.705],[128.037,34.705],[128.037,34.706],[128.037,34.706],[128.037,34.707],[128.037,34.707],[128.037,34.707],[128.034,34.708],[128.03,34.709],[128.029,34.708],[128.027,34.708],[128.027,34.707],[128.027,34.707],[128.026,34.706],[128.026,34.706],[128.026,34.706],[128.026,34.705],[128.028,34.704],[128.028,34.703],[128.025,34.702],[128.019,34.703],[128.019,34.704],[128.021,34.709],[128.022,34.711],[128.026,34.718],[128.026,34.718],[128.026,34.719],[128.025,34.72],[128.024,34.721],[128.022,34.722],[128.021,34.723],[128.016,34.724],[128.015,34.724],[128.014,34.724],[128.012,34.724],[128.011,34.723],[128.009,34.722],[128.009,34.722],[128.008,34.722],[128.008,34.721],[128.007,34.721],[128.007,34.72],[128.007,34.72],[128.007,34.719],[128.009,34.718],[128.01,34.717],[128.011,34.717],[128.011,34.717],[128.011,34.716],[128.01,34.715],[128.007,34.711],[128.007,34.711],[128.004,34.713],[128.004,34.713],[128.004,34.714],[128.005,34.714],[127.999,34.717],[127.996,34.716],[127.997,34.716],[127.997,34.716],[127.997,34.716],[127.996,34.715],[127.993,34.714],[127.993,34.714],[127.993,34.714],[127.992,34.714],[127.991,34.718],[127.992,34.718],[127.992,34.719],[127.992,34.719],[127.992,34.719],[127.991,34.72],[127.991,34.72],[127.991,34.72],[127.99,34.72],[127.99,34.72],[127.99,34.72],[127.99,34.72],[127.989,34.72],[127.989,34.72],[127.989,34.72],[127.989,34.72],[127.988,34.72],[127.988,34.72],[127.988,34.72],[127.986,34.719],[127.984,34.718],[127.984,34.718],[127.984,34.717],[127.986,34.713],[127.986,34.713],[127.986,34.713],[127.988,34.712],[127.988,34.712],[127.988,34.712],[127.984,34.709],[127.984,34.709],[127.983,34.709],[127.983,34.709],[127.983,34.709],[127.98,34.71],[127.974,34.711],[127.974,34.711],[127.971,34.711],[127.97,34.713],[127.969,34.713],[127.969,34.713],[127.969,34.713],[127.966,34.71],[127.966,34.71],[127.966,34.71],[127.959,34.709],[127.958,34.709],[127.957,34.709],[127.954,34.713],[127.953,34.715],[127.953,34.716],[127.953,34.717],[127.954,34.717],[127.955,34.718],[127.957,34.717],[127.958,34.717],[127.958,34.717],[127.959,34.717],[127.959,34.718],[127.959,34.718],[127.959,34.718],[127.956,34.723],[127.951,34.725],[127.95,34.725],[127.95,34.727],[127.95,34.727],[127.952,34.728],[127.952,34.728],[127.953,34.729],[127.954,34.73],[127.954,34.731],[127.955,34.731],[127.955,34.731],[127.955,34.731],[127.954,34.731],[127.954,34.731],[127.953,34.732],[127.953,34.731],[127.953,34.731],[127.953,34.731],[127.952,34.731],[127.951,34.73],[127.949,34.73],[127.948,34.73],[127.947,34.733],[127.946,34.737],[127.947,34.739],[127.948,34.74],[127.948,34.74],[127.947,34.74],[127.947,34.741],[127.947,34.742],[127.944,34.747],[127.944,34.747],[127.944,34.747],[127.944,34.747],[127.945,34.747],[127.946,34.749],[127.946,34.75],[127.946,34.75],[127.946,34.752],[127.947,34.758],[127.947,34.759],[127.947,34.759],[127.948,34.76],[127.948,34.76],[127.948,34.76],[127.948,34.762],[127.948,34.764],[127.948,34.765],[127.948,34.766],[127.949,34.767],[127.952,34.77],[127.952,34.771],[127.953,34.771],[127.954,34.772],[127.954,34.773],[127.952,34.776],[127.949,34.778],[127.944,34.778],[127.943,34.778],[127.943,34.777],[127.936,34.776],[127.933,34.776],[127.93,34.776],[127.928,34.776],[127.928,34.776],[127.927,34.775],[127.923,34.773],[127.92,34.772],[127.919,34.772],[127.919,34.772],[127.919,34.77],[127.918,34.769],[127.918,34.769],[127.918,34.769],[127.917,34.769],[127.91,34.769],[127.907,34.768],[127.904,34.766],[127.903,34.764],[127.903,34.764],[127.903,34.763],[127.903,34.762],[127.905,34.762],[127.906,34.76],[127.906,34.757],[127.906,34.756],[127.905,34.755],[127.905,34.754],[127.906,34.752],[127.908,34.751],[127.908,34.75],[127.908,34.75],[127.909,34.75],[127.91,34.75],[127.911,34.75],[127.911,34.749],[127.909,34.745],[127.909,34.744],[127.909,34.744],[127.913,34.741],[127.913,34.74],[127.913,34.738],[127.91,34.732],[127.906,34.728],[127.906,34.728],[127.901,34.727],[127.898,34.726],[127.896,34.726],[127.892,34.724],[127.892,34.724],[127.891,34.723],[127.891,34.723],[127.891,34.723],[127.891,34.723],[127.891,34.723],[127.891,34.723],[127.891,34.723],[127.891,34.723],[127.892,34.723],[127.891,34.722],[127.891,34.722],[127.891,34.722],[127.891,34.722],[127.891,34.722],[127.89,34.722],[127.878,34.725],[127.878,34.725],[127.878,34.726],[127.878,34.726],[127.875,34.727],[127.874,34.728],[127.874,34.728],[127.874,34.728],[127.873,34.727],[127.873,34.727],[127.871,34.728],[127.87,34.728],[127.87,34.728],[127.868,34.727],[127.868,34.727],[127.868,34.727],[127.868,34.727],[127.869,34.727],[127.869,34.727],[127.869,34.726],[127.869,34.726],[127.868,34.726],[127.868,34.726],[127.867,34.727],[127.867,34.727],[127.866,34.727],[127.86,34.728],[127.859,34.728],[127.859,34.728],[127.859,34.728],[127.859,34.727],[127.858,34.728],[127.857,34.728],[127.857,34.728],[127.857,34.728],[127.857,34.728],[127.857,34.728],[127.859,34.729],[127.86,34.73],[127.862,34.731],[127.862,34.731],[127.862,34.731],[127.862,34.731],[127.862,34.732],[127.862,34.733],[127.862,34.733],[127.862,34.733],[127.862,34.733],[127.862,34.734],[127.862,34.734],[127.862,34.734],[127.859,34.736],[127.858,34.737],[127.857,34.737],[127.857,34.737],[127.856,34.735],[127.856,34.735],[127.856,34.735],[127.854,34.735],[127.854,34.735],[127.853,34.736],[127.852,34.737],[127.851,34.738],[127.851,34.738],[127.851,34.739],[127.852,34.739],[127.852,34.739],[127.855,34.74],[127.856,34.741],[127.856,34.743],[127.856,34.743],[127.853,34.748],[127.853,34.748],[127.852,34.749],[127.85,34.75],[127.849,34.75],[127.849,34.75],[127.849,34.75],[127.848,34.75],[127.848,34.75],[127.848,34.75],[127.848,34.75],[127.848,34.749],[127.847,34.749],[127.846,34.747],[127.846,34.747],[127.846,34.747],[127.837,34.749],[127.836,34.751],[127.835,34.756],[127.836,34.757],[127.841,34.757],[127.842,34.757],[127.842,34.757],[127.842,34.758],[127.844,34.763],[127.844,34.763],[127.843,34.764],[127.841,34.767],[127.841,34.767],[127.841,34.767],[127.841,34.767],[127.845,34.768],[127.852,34.769],[127.852,34.769],[127.852,34.77],[127.851,34.772],[127.854,34.775],[127.857,34.776],[127.858,34.776],[127.856,34.777],[127.855,34.777],[127.855,34.776],[127.855,34.776],[127.854,34.776],[127.853,34.775],[127.85,34.775],[127.849,34.775],[127.848,34.777],[127.848,34.779],[127.85,34.781],[127.85,34.782],[127.851,34.782],[127.854,34.782],[127.854,34.782],[127.854,34.782],[127.853,34.782],[127.852,34.783],[127.852,34.783],[127.851,34.783],[127.848,34.78],[127.848,34.78],[127.847,34.779],[127.846,34.779],[127.845,34.779],[127.845,34.779],[127.845,34.779],[127.847,34.783],[127.847,34.783],[127.847,34.784],[127.847,34.785],[127.846,34.786],[127.846,34.787],[127.845,34.787],[127.844,34.788],[127.839,34.789],[127.838,34.79],[127.838,34.79],[127.836,34.793],[127.834,34.796],[127.834,34.796],[127.835,34.797],[127.836,34.798],[127.837,34.798],[127.837,34.799],[127.836,34.8],[127.835,34.803],[127.835,34.803],[127.835,34.803],[127.834,34.803],[127.834,34.803],[127.833,34.803],[127.833,34.803],[127.831,34.807],[127.831,34.807],[127.831,34.807],[127.833,34.81],[127.833,34.811],[127.831,34.81],[127.829,34.81],[127.827,34.812],[127.827,34.813],[127.828,34.813],[127.828,34.813],[127.828,34.816],[127.828,34.817],[127.828,34.817],[127.827,34.817],[127.826,34.819],[127.825,34.819],[127.824,34.819],[127.822,34.821],[127.82,34.824],[127.813,34.834],[127.812,34.841],[127.812,34.841],[127.813,34.844],[127.813,34.848],[127.813,34.848],[127.812,34.849],[127.811,34.85],[127.809,34.854],[127.811,34.856],[127.81,34.859],[127.814,34.862],[127.815,34.862],[127.817,34.866],[127.819,34.869],[127.819,34.869],[127.819,34.869],[127.818,34.87],[127.818,34.873],[127.818,34.873],[127.818,34.873],[127.818,34.874],[127.819,34.876],[127.823,34.874],[127.827,34.874],[127.827,34.874],[127.828,34.876],[127.83,34.881],[127.829,34.881],[127.829,34.881],[127.83,34.885],[127.83,34.886],[127.831,34.887],[127.83,34.888],[127.832,34.888],[127.833,34.89],[127.833,34.893],[127.828,34.893],[127.824,34.894],[127.824,34.894],[127.824,34.894],[127.824,34.894],[127.824,34.895],[127.824,34.896],[127.824,34.896],[127.824,34.896],[127.824,34.896],[127.825,34.896],[127.825,34.896],[127.825,34.896],[127.825,34.895],[127.825,34.895],[127.825,34.895],[127.825,34.895],[127.825,34.895],[127.825,34.895],[127.825,34.895],[127.825,34.895],[127.825,34.895],[127.825,34.895],[127.825,34.895],[127.825,34.895],[127.825,34.895],[127.825,34.894],[127.825,34.894],[127.826,34.894],[127.826,34.894],[127.831,34.895],[127.831,34.895],[127.831,34.895],[127.831,34.895],[127.831,34.896],[127.831,34.897],[127.831,34.897],[127.828,34.901],[127.828,34.901],[127.828,34.901],[127.827,34.901],[127.827,34.901],[127.827,34.901],[127.827,34.901],[127.827,34.901],[127.827,34.9],[127.827,34.9],[127.827,34.9],[127.827,34.9],[127.827,34.9],[127.826,34.899],[127.826,34.899],[127.826,34.899],[127.826,34.899],[127.826,34.899],[127.826,34.899],[127.826,34.903],[127.827,34.903],[127.828,34.904],[127.828,34.904],[127.829,34.904],[127.829,34.904],[127.829,34.903],[127.831,34.9],[127.842,34.898],[127.843,34.899],[127.843,34.9],[127.843,34.9],[127.84,34.903],[127.841,34.906],[127.841,34.906],[127.841,34.907],[127.842,34.907],[127.842,34.907],[127.842,34.907],[127.843,34.907],[127.843,34.906],[127.843,34.906],[127.844,34.903],[127.844,34.903],[127.844,34.902],[127.844,34.902],[127.845,34.902],[127.847,34.901],[127.851,34.903],[127.859,34.902],[127.863,34.905],[127.856,34.911],[127.852,34.91],[127.852,34.91],[127.851,34.91],[127.851,34.91],[127.852,34.911],[127.853,34.911],[127.853,34.911],[127.854,34.911],[127.857,34.913],[127.857,34.913],[127.857,34.913],[127.857,34.913],[127.857,34.913],[127.857,34.913],[127.855,34.914],[127.853,34.916],[127.853,34.921],[127.853,34.922],[127.854,34.922],[127.854,34.922],[127.857,34.922],[127.857,34.922],[127.858,34.921],[127.859,34.921],[127.859,34.921],[127.859,34.922],[127.859,34.922],[127.857,34.925],[127.854,34.928],[127.854,34.928],[127.856,34.928],[127.856,34.928],[127.861,34.928],[127.861,34.928],[127.866,34.931],[127.866,34.932],[127.865,34.933],[127.865,34.934],[127.865,34.934],[127.865,34.937],[127.871,34.942],[127.872,34.942],[127.872,34.942],[127.873,34.941],[127.874,34.941],[127.883,34.944],[127.89,34.946],[127.894,34.947],[127.895,34.947],[127.897,34.944],[127.897,34.944],[127.898,34.943],[127.903,34.941],[127.905,34.941],[127.906,34.942],[127.906,34.943],[127.906,34.943],[127.907,34.943],[127.907,34.943],[127.909,34.941],[127.908,34.941],[127.908,34.941],[127.908,34.939],[127.908,34.939],[127.91,34.939],[127.911,34.938],[127.911,34.939],[127.911,34.94],[127.912,34.94],[127.912,34.941],[127.914,34.942],[127.914,34.942],[127.915,34.941],[127.915,34.94],[127.916,34.939],[127.918,34.939],[127.918,34.942],[127.918,34.942],[127.918,34.942],[127.92,34.942],[127.925,34.941],[127.926,34.941],[127.926,34.94],[127.926,34.94],[127.926,34.94],[127.926,34.94],[127.926,34.939],[127.925,34.939],[127.925,34.939],[127.925,34.939],[127.925,34.939],[127.921,34.935],[127.921,34.934],[127.922,34.932],[127.925,34.93],[127.927,34.929],[127.931,34.925],[127.931,34.924],[127.931,34.924],[127.931,34.924],[127.929,34.925],[127.927,34.927],[127.925,34.928],[127.924,34.927],[127.924,34.927],[127.924,34.926],[127.924,34.92],[127.925,34.92],[127.925,34.92],[127.929,34.918],[127.929,34.918],[127.927,34.912],[127.926,34.912],[127.925,34.912],[127.925,34.911],[127.925,34.911],[127.925,34.911],[127.925,34.911],[127.925,34.911],[127.925,34.905],[127.924,34.904],[127.922,34.901],[127.924,34.897],[127.924,34.891],[127.924,34.891],[127.923,34.891],[127.923,34.891],[127.923,34.892],[127.923,34.892],[127.923,34.892],[127.921,34.892],[127.92,34.892],[127.913,34.889],[127.91,34.886],[127.909,34.886],[127.904,34.885],[127.903,34.885],[127.901,34.884],[127.901,34.884],[127.901,34.882],[127.901,34.88],[127.898,34.871],[127.899,34.87],[127.899,34.869],[127.903,34.863],[127.904,34.861],[127.904,34.861],[127.904,34.861],[127.904,34.861],[127.903,34.861],[127.904,34.861]]],[[[128.022,35.031],[128.022,35.031],[128.022,35.031],[128.022,35.03],[128.022,35.031]]],[[[128.674,34.787],[128.674,34.787],[128.674,34.787],[128.671,34.784],[128.671,34.784],[128.67,34.781],[128.67,34.781],[128.67,34.781],[128.665,34.78],[128.664,34.779],[128.664,34.778],[128.664,34.778],[128.662,34.776],[128.658,34.774],[128.655,34.775],[128.65,34.779],[128.649,34.779],[128.649,34.779],[128.646,34.778],[128.645,34.778],[128.643,34.777],[128.643,34.776],[128.641,34.774],[128.641,34.773],[128.638,34.766],[128.638,34.765],[128.638,34.764],[128.638,34.762],[128.638,34.761],[128.64,34.76],[128.645,34.754],[128.648,34.752],[128.65,34.75],[128.648,34.749],[128.648,34.748],[128.647,34.748],[128.647,34.748],[128.647,34.748],[128.647,34.748],[128.647,34.747],[128.647,34.746],[128.653,34.742],[128.662,34.743],[128.674,34.744],[128.676,34.744],[128.677,34.744],[128.678,34.743],[128.678,34.742],[128.679,34.741],[128.679,34.741],[128.681,34.74],[128.681,34.74],[128.681,34.74],[128.681,34.739],[128.681,34.738],[128.683,34.738],[128.683,34.738],[128.683,34.738],[128.683,34.738],[128.683,34.737],[128.683,34.737],[128.682,34.737],[128.682,34.736],[128.68,34.737],[128.68,34.737],[128.68,34.737],[128.68,34.737],[128.68,34.737],[128.68,34.737],[128.677,34.738],[128.676,34.733],[128.677,34.73],[128.676,34.729],[128.676,34.729],[128.676,34.729],[128.675,34.728],[128.675,34.728],[128.675,34.728],[128.672,34.732],[128.672,34.733],[128.671,34.734],[128.671,34.734],[128.671,34.734],[128.671,34.734],[128.671,34.734],[128.671,34.736],[128.671,34.736],[128.671,34.736],[128.671,34.736],[128.671,34.736],[128.672,34.736],[128.673,34.738],[128.673,34.738],[128.672,34.739],[128.672,34.739],[128.672,34.739],[128.671,34.739],[128.669,34.738],[128.669,34.737],[128.668,34.736],[128.666,34.736],[128.665,34.736],[128.665,34.736],[128.665,34.736],[128.664,34.737],[128.663,34.739],[128.663,34.739],[128.663,34.739],[128.663,34.739],[128.662,34.739],[128.662,34.739],[128.662,34.739],[128.662,34.739],[128.656,34.739],[128.656,34.739],[128.656,34.739],[128.656,34.739],[128.656,34.739],[128.656,34.739],[128.656,34.74],[128.656,34.74],[128.656,34.74],[128.655,34.74],[128.654,34.74],[128.654,34.74],[128.653,34.74],[128.653,34.74],[128.653,34.739],[128.653,34.739],[128.652,34.739],[128.652,34.739],[128.652,34.739],[128.652,34.739],[128.652,34.738],[128.653,34.738],[128.653,34.737],[128.652,34.734],[128.652,34.734],[128.651,34.734],[128.645,34.735],[128.642,34.736],[128.641,34.736],[128.639,34.736],[128.638,34.736],[128.638,34.735],[128.636,34.734],[128.636,34.734],[128.628,34.733],[128.63,34.733],[128.63,34.733],[128.63,34.736],[128.629,34.737],[128.628,34.737],[128.627,34.737],[128.627,34.737],[128.627,34.736],[128.626,34.736],[128.627,34.736],[128.626,34.736],[128.626,34.735],[128.623,34.733],[128.622,34.733],[128.622,34.733],[128.621,34.733],[128.62,34.731],[128.62,34.731],[128.62,34.73],[128.62,34.73],[128.622,34.728],[128.622,34.728],[128.623,34.728],[128.625,34.729],[128.63,34.721],[128.63,34.72],[128.631,34.72],[128.633,34.718],[128.634,34.718],[128.636,34.718],[128.638,34.717],[128.642,34.715],[128.642,34.713],[128.642,34.713],[128.641,34.713],[128.641,34.713],[128.639,34.711],[128.638,34.708],[128.628,34.712],[128.628,34.713],[128.626,34.714],[128.625,34.714],[128.622,34.712],[128.621,34.712],[128.62,34.711],[128.62,34.71],[128.62,34.71],[128.62,34.71],[128.621,34.709],[128.618,34.706],[128.617,34.706],[128.617,34.706],[128.616,34.706],[128.61,34.702],[128.6,34.704],[128.599,34.706],[128.599,34.706],[128.598,34.707],[128.598,34.708],[128.597,34.708],[128.595,34.708],[128.586,34.707],[128.585,34.707],[128.581,34.704],[128.581,34.703],[128.581,34.703],[128.578,34.702],[128.577,34.703],[128.577,34.703],[128.579,34.709],[128.578,34.712],[128.583,34.716],[128.586,34.715],[128.587,34.72],[128.586,34.723],[128.594,34.723],[128.604,34.727],[128.605,34.728],[128.607,34.733],[128.607,34.734],[128.607,34.735],[128.602,34.737],[128.6,34.737],[128.6,34.737],[128.6,34.737],[128.6,34.737],[128.598,34.736],[128.596,34.736],[128.595,34.736],[128.589,34.737],[128.586,34.737],[128.584,34.738],[128.584,34.739],[128.584,34.739],[128.584,34.739],[128.583,34.739],[128.582,34.74],[128.582,34.74],[128.58,34.74],[128.58,34.74],[128.58,34.74],[128.58,34.74],[128.58,34.74],[128.579,34.74],[128.576,34.738],[128.577,34.741],[128.577,34.744],[128.577,34.744],[128.577,34.744],[128.577,34.744],[128.578,34.744],[128.578,34.744],[128.577,34.744],[128.577,34.744],[128.577,34.744],[128.577,34.744],[128.577,34.744],[128.577,34.744],[128.577,34.744],[128.577,34.744],[128.577,34.745],[128.577,34.747],[128.577,34.747],[128.577,34.748],[128.577,34.748],[128.577,34.748],[128.577,34.749],[128.577,34.75],[128.578,34.753],[128.582,34.756],[128.582,34.756],[128.582,34.756],[128.582,34.757],[128.582,34.757],[128.582,34.758],[128.58,34.761],[128.579,34.761],[128.579,34.762],[128.58,34.762],[128.583,34.763],[128.585,34.762],[128.586,34.762],[128.586,34.762],[128.587,34.761],[128.587,34.761],[128.587,34.761],[128.588,34.762],[128.588,34.762],[128.589,34.763],[128.599,34.763],[128.601,34.764],[128.601,34.764],[128.601,34.766],[128.602,34.767],[128.601,34.767],[128.601,34.767],[128.599,34.768],[128.599,34.768],[128.598,34.768],[128.597,34.768],[128.595,34.77],[128.594,34.77],[128.594,34.77],[128.594,34.77],[128.594,34.77],[128.594,34.77],[128.594,34.77],[128.594,34.77],[128.594,34.77],[128.594,34.77],[128.592,34.771],[128.592,34.771],[128.592,34.771],[128.592,34.771],[128.592,34.771],[128.593,34.771],[128.594,34.772],[128.594,34.772],[128.594,34.772],[128.594,34.772],[128.594,34.772],[128.594,34.772],[128.594,34.772],[128.594,34.773],[128.594,34.773],[128.594,34.773],[128.594,34.773],[128.594,34.773],[128.594,34.773],[128.594,34.773],[128.594,34.773],[128.594,34.773],[128.594,34.773],[128.594,34.773],[128.594,34.773],[128.594,34.773],[128.594,34.773],[128.594,34.773],[128.594,34.773],[128.594,34.773],[128.595,34.774],[128.595,34.774],[128.595,34.773],[128.596,34.774],[128.598,34.776],[128.598,34.776],[128.598,34.776],[128.598,34.777],[128.598,34.777],[128.598,34.777],[128.597,34.778],[128.597,34.778],[128.597,34.778],[128.595,34.779],[128.592,34.778],[128.585,34.776],[128.582,34.776],[128.582,34.776],[128.578,34.778],[128.576,34.779],[128.575,34.778],[128.574,34.778],[128.574,34.777],[128.575,34.776],[128.574,34.775],[128.57,34.774],[128.568,34.774],[128.568,34.774],[128.567,34.773],[128.567,34.773],[128.567,34.772],[128.567,34.772],[128.567,34.77],[128.564,34.766],[128.563,34.766],[128.562,34.766],[128.555,34.767],[128.553,34.769],[128.553,34.776],[128.556,34.778],[128.557,34.779],[128.558,34.779],[128.56,34.778],[128.56,34.778],[128.561,34.778],[128.561,34.779],[128.566,34.783],[128.567,34.784],[128.568,34.784],[128.568,34.784],[128.569,34.786],[128.569,34.786],[128.568,34.787],[128.566,34.788],[128.559,34.79],[128.558,34.79],[128.557,34.789],[128.556,34.789],[128.555,34.787],[128.555,34.787],[128.555,34.786],[128.555,34.786],[128.554,34.784],[128.553,34.783],[128.553,34.783],[128.553,34.783],[128.553,34.783],[128.553,34.783],[128.553,34.783],[128.553,34.783],[128.551,34.782],[128.548,34.78],[128.545,34.778],[128.545,34.778],[128.544,34.777],[128.544,34.777],[128.545,34.776],[128.544,34.776],[128.544,34.775],[128.543,34.775],[128.542,34.776],[128.541,34.777],[128.542,34.781],[128.543,34.783],[128.543,34.783],[128.545,34.783],[128.545,34.784],[128.545,34.784],[128.545,34.785],[128.544,34.785],[128.544,34.786],[128.544,34.786],[128.543,34.786],[128.542,34.786],[128.542,34.785],[128.541,34.785],[128.541,34.785],[128.541,34.786],[128.539,34.787],[128.539,34.788],[128.54,34.788],[128.543,34.789],[128.543,34.788],[128.544,34.788],[128.545,34.788],[128.546,34.788],[128.546,34.788],[128.548,34.789],[128.55,34.79],[128.551,34.794],[128.554,34.794],[128.554,34.794],[128.554,34.793],[128.554,34.793],[128.554,34.793],[128.554,34.793],[128.554,34.793],[128.554,34.793],[128.554,34.793],[128.554,34.793],[128.554,34.793],[128.554,34.792],[128.554,34.792],[128.554,34.792],[128.554,34.792],[128.554,34.792],[128.554,34.792],[128.555,34.791],[128.555,34.79],[128.562,34.791],[128.571,34.793],[128.578,34.794],[128.584,34.797],[128.584,34.798],[128.586,34.803],[128.586,34.803],[128.585,34.803],[128.586,34.808],[128.586,34.811],[128.586,34.813],[128.585,34.814],[128.585,34.814],[128.585,34.816],[128.588,34.821],[128.589,34.821],[128.595,34.827],[128.595,34.828],[128.595,34.828],[128.595,34.829],[128.593,34.828],[128.592,34.828],[128.591,34.83],[128.59,34.831],[128.589,34.831],[128.587,34.831],[128.585,34.834],[128.586,34.835],[128.586,34.835],[128.587,34.835],[128.586,34.838],[128.585,34.839],[128.581,34.84],[128.581,34.844],[128.581,34.844],[128.582,34.844],[128.583,34.843],[128.583,34.843],[128.583,34.843],[128.583,34.842],[128.583,34.842],[128.583,34.842],[128.583,34.841],[128.584,34.841],[128.587,34.841],[128.589,34.845],[128.589,34.847],[128.578,34.853],[128.573,34.854],[128.572,34.854],[128.571,34.852],[128.57,34.851],[128.565,34.846],[128.562,34.843],[128.563,34.84],[128.563,34.839],[128.564,34.837],[128.564,34.837],[128.564,34.836],[128.564,34.835],[128.564,34.835],[128.564,34.835],[128.564,34.835],[128.564,34.835],[128.564,34.835],[128.564,34.835],[128.564,34.835],[128.564,34.834],[128.564,34.834],[128.564,34.834],[128.564,34.833],[128.563,34.833],[128.561,34.833],[128.553,34.833],[128.55,34.834],[128.541,34.834],[128.54,34.836],[128.54,34.836],[128.538,34.834],[128.538,34.834],[128.539,34.832],[128.539,34.832],[128.539,34.831],[128.538,34.83],[128.537,34.829],[128.536,34.829],[128.536,34.83],[128.533,34.831],[128.533,34.832],[128.533,34.832],[128.533,34.832],[128.534,34.833],[128.534,34.833],[128.534,34.833],[128.533,34.833],[128.531,34.834],[128.529,34.834],[128.524,34.833],[128.524,34.832],[128.523,34.832],[128.524,34.831],[128.524,34.831],[128.525,34.831],[128.526,34.831],[128.527,34.828],[128.527,34.828],[128.527,34.828],[128.527,34.828],[128.527,34.828],[128.527,34.828],[128.526,34.828],[128.526,34.828],[128.523,34.828],[128.523,34.828],[128.522,34.828],[128.521,34.827],[128.521,34.827],[128.522,34.826],[128.523,34.826],[128.525,34.826],[128.525,34.826],[128.525,34.826],[128.525,34.826],[128.527,34.825],[128.527,34.825],[128.527,34.825],[128.527,34.825],[128.527,34.825],[128.528,34.825],[128.528,34.825],[128.528,34.825],[128.528,34.825],[128.528,34.824],[128.528,34.822],[128.528,34.822],[128.528,34.822],[128.528,34.821],[128.528,34.821],[128.528,34.821],[128.528,34.821],[128.528,34.821],[128.528,34.821],[128.528,34.821],[128.528,34.821],[128.528,34.821],[128.528,34.821],[128.528,34.821],[128.527,34.822],[128.527,34.822],[128.527,34.822],[128.527,34.822],[128.527,34.822],[128.522,34.824],[128.521,34.824],[128.52,34.823],[128.519,34.822],[128.523,34.818],[128.524,34.817],[128.524,34.817],[128.524,34.817],[128.52,34.812],[128.519,34.811],[128.518,34.811],[128.517,34.81],[128.511,34.809],[128.509,34.812],[128.509,34.812],[128.509,34.813],[128.51,34.813],[128.51,34.813],[128.51,34.815],[128.509,34.818],[128.506,34.82],[128.503,34.822],[128.502,34.822],[128.501,34.823],[128.501,34.824],[128.501,34.825],[128.501,34.826],[128.501,34.827],[128.501,34.827],[128.502,34.828],[128.501,34.833],[128.502,34.833],[128.505,34.835],[128.504,34.836],[128.495,34.835],[128.493,34.837],[128.485,34.839],[128.484,34.839],[128.484,34.839],[128.482,34.84],[128.481,34.842],[128.481,34.842],[128.481,34.842],[128.481,34.846],[128.479,34.852],[128.479,34.852],[128.48,34.852],[128.48,34.852],[128.48,34.852],[128.481,34.852],[128.481,34.852],[128.481,34.855],[128.481,34.855],[128.481,34.855],[128.48,34.855],[128.48,34.855],[128.48,34.855],[128.479,34.855],[128.478,34.855],[128.475,34.859],[128.476,34.868],[128.476,34.868],[128.475,34.869],[128.473,34.87],[128.476,34.881],[128.485,34.889],[128.491,34.895],[128.491,34.896],[128.491,34.897],[128.491,34.897],[128.491,34.897],[128.492,34.901],[128.493,34.902],[128.493,34.902],[128.494,34.901],[128.495,34.901],[128.495,34.901],[128.496,34.9],[128.496,34.899],[128.497,34.899],[128.497,34.899],[128.499,34.9],[128.502,34.903],[128.501,34.903],[128.498,34.903],[128.498,34.903],[128.496,34.905],[128.497,34.907],[128.497,34.907],[128.498,34.907],[128.498,34.907],[128.499,34.906],[128.505,34.904],[128.506,34.904],[128.507,34.905],[128.507,34.906],[128.505,34.907],[128.502,34.909],[128.5,34.911],[128.5,34.911],[128.501,34.911],[128.502,34.911],[128.504,34.91],[128.505,34.909],[128.507,34.907],[128.507,34.907],[128.507,34.907],[128.509,34.907],[128.516,34.91],[128.516,34.91],[128.517,34.911],[128.527,34.924],[128.528,34.924],[128.528,34.924],[128.528,34.923],[128.528,34.923],[128.528,34.922],[128.528,34.922],[128.533,34.92],[128.533,34.92],[128.533,34.92],[128.535,34.921],[128.535,34.922],[128.537,34.919],[128.54,34.916],[128.543,34.913],[128.543,34.913],[128.544,34.911],[128.549,34.907],[128.556,34.905],[128.56,34.903],[128.565,34.899],[128.569,34.898],[128.573,34.899],[128.574,34.899],[128.576,34.901],[128.576,34.902],[128.576,34.904],[128.574,34.906],[128.573,34.906],[128.573,34.907],[128.575,34.91],[128.582,34.913],[128.581,34.913],[128.579,34.913],[128.578,34.914],[128.579,34.914],[128.579,34.914],[128.579,34.913],[128.584,34.914],[128.588,34.913],[128.59,34.906],[128.596,34.906],[128.595,34.914],[128.596,34.907],[128.598,34.903],[128.601,34.904],[128.6,34.906],[128.6,34.911],[128.601,34.907],[128.601,34.903],[128.605,34.904],[128.608,34.907],[128.606,34.898],[128.608,34.898],[128.608,34.9],[128.611,34.902],[128.613,34.901],[128.615,34.897],[128.617,34.892],[128.623,34.895],[128.623,34.895],[128.623,34.895],[128.624,34.894],[128.624,34.894],[128.624,34.894],[128.625,34.893],[128.625,34.893],[128.625,34.894],[128.626,34.899],[128.619,34.906],[128.616,34.91],[128.617,34.911],[128.617,34.912],[128.617,34.912],[128.617,34.914],[128.615,34.916],[128.612,34.914],[128.609,34.914],[128.609,34.914],[128.608,34.914],[128.608,34.915],[128.608,34.916],[128.608,34.917],[128.609,34.919],[128.609,34.919],[128.609,34.919],[128.609,34.919],[128.61,34.919],[128.61,34.919],[128.611,34.921],[128.611,34.921],[128.611,34.922],[128.611,34.923],[128.611,34.923],[128.611,34.924],[128.61,34.924],[128.609,34.924],[128.608,34.924],[128.603,34.925],[128.6,34.931],[128.599,34.931],[128.598,34.93],[128.593,34.934],[128.593,34.936],[128.59,34.94],[128.586,34.943],[128.586,34.943],[128.586,34.944],[128.586,34.944],[128.586,34.945],[128.586,34.946],[128.586,34.947],[128.587,34.947],[128.589,34.949],[128.589,34.951],[128.589,34.952],[128.588,34.952],[128.588,34.952],[128.588,34.952],[128.588,34.952],[128.588,34.953],[128.588,34.953],[128.589,34.953],[128.59,34.952],[128.592,34.951],[128.592,34.951],[128.593,34.949],[128.594,34.949],[128.594,34.949],[128.596,34.95],[128.596,34.951],[128.599,34.954],[128.6,34.956],[128.6,34.96],[128.599,34.96],[128.599,34.961],[128.598,34.964],[128.598,34.966],[128.598,34.966],[128.599,34.967],[128.6,34.968],[128.607,34.97],[128.611,34.966],[128.61,34.965],[128.609,34.965],[128.609,34.965],[128.608,34.964],[128.605,34.959],[128.605,34.958],[128.605,34.958],[128.605,34.958],[128.606,34.958],[128.609,34.958],[128.61,34.959],[128.61,34.959],[128.611,34.96],[128.612,34.961],[128.617,34.963],[128.618,34.963],[128.619,34.961],[128.62,34.961],[128.622,34.962],[128.622,34.962],[128.622,34.963],[128.624,34.964],[128.625,34.964],[128.625,34.964],[128.63,34.962],[128.631,34.961],[128.634,34.962],[128.634,34.963],[128.634,34.963],[128.633,34.965],[128.633,34.965],[128.632,34.965],[128.632,34.965],[128.631,34.966],[128.631,34.966],[128.631,34.966],[128.633,34.967],[128.635,34.966],[128.635,34.966],[128.643,34.959],[128.645,34.958],[128.647,34.96],[128.649,34.957],[128.649,34.957],[128.65,34.959],[128.651,34.962],[128.649,34.962],[128.648,34.962],[128.647,34.963],[128.648,34.967],[128.649,34.969],[128.649,34.97],[128.65,34.979],[128.65,34.98],[128.653,34.98],[128.654,34.979],[128.655,34.979],[128.656,34.979],[128.658,34.979],[128.66,34.981],[128.659,34.982],[128.658,34.983],[128.656,34.983],[128.656,34.983],[128.655,34.983],[128.655,34.983],[128.654,34.983],[128.654,34.983],[128.654,34.983],[128.653,34.984],[128.653,34.984],[128.654,34.989],[128.655,34.99],[128.655,34.99],[128.656,34.99],[128.656,34.99],[128.664,34.99],[128.664,34.99],[128.664,34.99],[128.664,34.99],[128.666,34.988],[128.666,34.988],[128.667,34.988],[128.667,34.989],[128.667,34.99],[128.667,34.99],[128.665,34.992],[128.662,34.993],[128.662,34.993],[128.661,34.993],[128.661,34.993],[128.66,34.994],[128.66,34.994],[128.659,34.997],[128.659,34.997],[128.66,34.998],[128.66,34.998],[128.664,34.998],[128.664,34.998],[128.664,34.998],[128.664,34.997],[128.664,34.997],[128.668,34.998],[128.669,34.998],[128.669,34.998],[128.669,34.998],[128.671,34.999],[128.674,34.989],[128.679,34.987],[128.679,34.987],[128.681,34.989],[128.682,34.99],[128.682,34.99],[128.681,34.992],[128.679,34.997],[128.678,34.997],[128.676,34.997],[128.676,34.997],[128.676,34.997],[128.676,34.997],[128.675,34.997],[128.675,34.997],[128.674,34.998],[128.673,34.999],[128.673,35.001],[128.674,35.001],[128.678,35.001],[128.678,35.001],[128.678,35.0],[128.679,35.0],[128.679,35.0],[128.679,35.0],[128.68,35.0],[128.682,35.001],[128.682,35.002],[128.682,35.002],[128.682,35.003],[128.681,35.008],[128.68,35.009],[128.679,35.008],[128.678,35.007],[128.668,35.007],[128.668,35.007],[128.667,35.007],[128.668,35.011],[128.67,35.012],[128.67,35.012],[128.671,35.012],[128.671,35.012],[128.671,35.013],[128.672,35.013],[128.672,35.013],[128.672,35.017],[128.672,35.017],[128.671,35.017],[128.671,35.017],[128.672,35.021],[128.675,35.031],[128.675,35.031],[128.675,35.031],[128.675,35.032],[128.676,35.032],[128.677,35.033],[128.678,35.033],[128.683,35.032],[128.683,35.032],[128.684,35.033],[128.685,35.034],[128.685,35.034],[128.685,35.035],[128.685,35.035],[128.685,35.035],[128.685,35.036],[128.68,35.038],[128.68,35.038],[128.676,35.039],[128.675,35.04],[128.675,35.04],[128.675,35.04],[128.675,35.04],[128.675,35.04],[128.675,35.04],[128.676,35.04],[128.676,35.04],[128.678,35.041],[128.68,35.04],[128.68,35.04],[128.681,35.039],[128.681,35.039],[128.682,35.039],[128.683,35.039],[128.683,35.04],[128.688,35.038],[128.688,35.037],[128.69,35.032],[128.69,35.032],[128.691,35.032],[128.692,35.031],[128.694,35.03],[128.697,35.03],[128.698,35.031],[128.7,35.031],[128.7,35.032],[128.7,35.035],[128.699,35.036],[128.699,35.037],[128.699,35.037],[128.699,35.037],[128.699,35.037],[128.7,35.036],[128.703,35.034],[128.703,35.033],[128.706,35.032],[128.706,35.032],[128.706,35.032],[128.706,35.032],[128.707,35.032],[128.707,35.032],[128.708,35.032],[128.708,35.032],[128.709,35.032],[128.709,35.032],[128.718,35.025],[128.718,35.024],[128.718,35.024],[128.72,35.02],[128.72,35.019],[128.719,35.016],[128.717,35.012],[128.717,35.012],[128.718,35.011],[128.718,35.01],[128.717,35.009],[128.711,35.007],[128.709,35.009],[128.708,35.009],[128.708,35.009],[128.707,35.009],[128.705,35.009],[128.704,35.008],[128.704,35.008],[128.703,35.007],[128.703,35.007],[128.702,35.005],[128.701,35.005],[128.701,35.004],[128.701,35.004],[128.701,35.003],[128.701,35.002],[128.701,35.002],[128.702,35.001],[128.705,35.001],[128.707,35.001],[128.707,34.997],[128.707,34.997],[128.704,34.997],[128.695,34.998],[128.694,34.998],[128.694,34.997],[128.693,34.997],[128.693,34.996],[128.693,34.994],[128.695,34.991],[128.695,34.99],[128.696,34.99],[128.696,34.99],[128.697,34.99],[128.697,34.99],[128.698,34.991],[128.698,34.992],[128.7,34.992],[128.7,34.992],[128.7,34.992],[128.701,34.991],[128.698,34.986],[128.698,34.985],[128.698,34.985],[128.698,34.982],[128.697,34.982],[128.696,34.981],[128.695,34.981],[128.695,34.98],[128.695,34.979],[128.695,34.978],[128.695,34.977],[128.696,34.974],[128.697,34.973],[128.698,34.972],[128.698,34.971],[128.699,34.971],[128.702,34.971],[128.706,34.967],[128.707,34.966],[128.707,34.965],[128.708,34.965],[128.71,34.965],[128.716,34.964],[128.718,34.962],[128.718,34.961],[128.716,34.961],[128.716,34.961],[128.716,34.961],[128.716,34.961],[128.715,34.96],[128.715,34.959],[128.715,34.959],[128.715,34.958],[128.723,34.949],[128.723,34.949],[128.723,34.949],[128.726,34.948],[128.727,34.945],[128.726,34.941],[128.727,34.938],[128.726,34.938],[128.725,34.937],[128.723,34.937],[128.723,34.939],[128.72,34.941],[128.72,34.941],[128.719,34.941],[128.715,34.937],[128.715,34.937],[128.715,34.936],[128.715,34.936],[128.716,34.935],[128.718,34.934],[128.72,34.929],[128.72,34.927],[128.719,34.926],[128.718,34.925],[128.718,34.925],[128.721,34.918],[128.721,34.918],[128.721,34.918],[128.722,34.918],[128.722,34.918],[128.723,34.918],[128.724,34.918],[128.724,34.915],[128.723,34.913],[128.721,34.911],[128.72,34.91],[128.719,34.91],[128.718,34.91],[128.718,34.911],[128.718,34.911],[128.718,34.911],[128.717,34.912],[128.717,34.912],[128.713,34.913],[128.712,34.913],[128.712,34.912],[128.711,34.911],[128.71,34.911],[128.71,34.91],[128.711,34.91],[128.714,34.906],[128.713,34.904],[128.713,34.904],[128.714,34.903],[128.714,34.903],[128.714,34.903],[128.715,34.903],[128.715,34.903],[128.716,34.903],[128.716,34.903],[128.717,34.901],[128.718,34.901],[128.717,34.901],[128.717,34.901],[128.717,34.901],[128.716,34.901],[128.716,34.901],[128.715,34.901],[128.715,34.901],[128.715,34.901],[128.715,34.901],[128.715,34.9],[128.715,34.9],[128.715,34.9],[128.715,34.9],[128.715,34.9],[128.714,34.899],[128.713,34.899],[128.712,34.9],[128.712,34.9],[128.711,34.9],[128.708,34.9],[128.708,34.9],[128.708,34.9],[128.708,34.9],[128.708,34.9],[128.707,34.899],[128.707,34.899],[128.707,34.899],[128.706,34.897],[128.705,34.896],[128.705,34.896],[128.705,34.896],[128.705,34.896],[128.705,34.896],[128.705,34.896],[128.705,34.895],[128.704,34.893],[128.704,34.893],[128.704,34.893],[128.704,34.893],[128.704,34.893],[128.705,34.893],[128.705,34.893],[128.705,34.893],[128.705,34.892],[128.705,34.892],[128.705,34.891],[128.705,34.891],[128.705,34.891],[128.704,34.891],[128.704,34.891],[128.704,34.891],[128.704,34.892],[128.704,34.892],[128.704,34.892],[128.704,34.892],[128.704,34.892],[128.704,34.892],[128.704,34.892],[128.703,34.892],[128.703,34.892],[128.702,34.892],[128.702,34.891],[128.701,34.891],[128.7,34.89],[128.7,34.89],[128.7,34.89],[128.7,34.89],[128.7,34.89],[128.7,34.89],[128.7,34.89],[128.7,34.89],[128.7,34.89],[128.7,34.89],[128.7,34.89],[128.7,34.89],[128.7,34.89],[128.699,34.89],[128.699,34.891],[128.698,34.891],[128.697,34.891],[128.697,34.891],[128.698,34.886],[128.698,34.885],[128.695,34.879],[128.695,34.879],[128.695,34.879],[128.701,34.886],[128.697,34.881],[128.7,34.879],[128.698,34.875],[128.705,34.879],[128.708,34.881],[128.705,34.873],[128.71,34.869],[128.714,34.873],[128.718,34.882],[128.723,34.886],[128.726,34.888],[128.72,34.895],[128.726,34.888],[128.726,34.888],[128.726,34.888],[128.729,34.888],[128.729,34.889],[128.73,34.889],[128.731,34.89],[128.735,34.889],[128.737,34.885],[128.742,34.887],[128.746,34.891],[128.748,34.892],[128.748,34.892],[128.75,34.895],[128.751,34.895],[128.751,34.896],[128.752,34.896],[128.752,34.895],[128.752,34.895],[128.752,34.895],[128.753,34.894],[128.752,34.893],[128.747,34.887],[128.746,34.887],[128.746,34.887],[128.743,34.884],[128.743,34.884],[128.739,34.879],[128.739,34.879],[128.739,34.878],[128.739,34.878],[128.74,34.877],[128.741,34.876],[128.744,34.871],[128.744,34.871],[128.737,34.864],[128.736,34.863],[128.733,34.862],[128.73,34.864],[128.729,34.867],[128.725,34.867],[128.724,34.865],[128.724,34.864],[128.727,34.861],[128.729,34.859],[128.729,34.856],[128.728,34.856],[128.73,34.853],[128.732,34.852],[128.736,34.846],[128.736,34.845],[128.734,34.843],[128.734,34.843],[128.734,34.843],[128.734,34.843],[128.734,34.843],[128.731,34.843],[128.726,34.841],[128.725,34.842],[128.722,34.846],[128.721,34.849],[128.72,34.849],[128.719,34.85],[128.718,34.85],[128.717,34.849],[128.715,34.849],[128.709,34.846],[128.709,34.845],[128.709,34.845],[128.709,34.845],[128.708,34.844],[128.704,34.843],[128.703,34.842],[128.702,34.839],[128.703,34.832],[128.71,34.828],[128.721,34.838],[128.719,34.836],[128.722,34.834],[128.725,34.832],[128.725,34.832],[128.726,34.83],[128.726,34.828],[128.726,34.827],[128.725,34.827],[128.725,34.827],[128.725,34.827],[128.725,34.827],[128.725,34.827],[128.725,34.827],[128.724,34.827],[128.724,34.827],[128.723,34.826],[128.721,34.826],[128.72,34.826],[128.719,34.825],[128.719,34.825],[128.718,34.824],[128.72,34.822],[128.721,34.822],[128.721,34.822],[128.721,34.822],[128.722,34.821],[128.722,34.817],[128.722,34.816],[128.722,34.815],[128.722,34.815],[128.722,34.814],[128.722,34.814],[128.723,34.813],[128.727,34.812],[128.728,34.811],[128.731,34.807],[128.735,34.8],[128.736,34.8],[128.736,34.8],[128.736,34.8],[128.738,34.797],[128.738,34.797],[128.737,34.797],[128.737,34.796],[128.74,34.787],[128.74,34.787],[128.738,34.786],[128.737,34.786],[128.736,34.786],[128.736,34.786],[128.735,34.788],[128.735,34.788],[128.73,34.793],[128.728,34.793],[128.726,34.792],[128.72,34.792],[128.719,34.793],[128.71,34.795],[128.71,34.795],[128.71,34.798],[128.712,34.799],[128.713,34.799],[128.713,34.799],[128.714,34.799],[128.715,34.801],[128.715,34.801],[128.715,34.803],[128.714,34.804],[128.713,34.805],[128.713,34.805],[128.71,34.811],[128.71,34.812],[128.709,34.813],[128.707,34.813],[128.706,34.813],[128.696,34.806],[128.695,34.805],[128.699,34.798],[128.698,34.797],[128.69,34.797],[128.689,34.798],[128.688,34.799],[128.689,34.8],[128.689,34.8],[128.69,34.8],[128.69,34.8],[128.691,34.801],[128.693,34.805],[128.694,34.806],[128.693,34.806],[128.693,34.807],[128.692,34.808],[128.691,34.809],[128.688,34.809],[128.687,34.81],[128.68,34.812],[128.674,34.814],[128.673,34.814],[128.672,34.814],[128.672,34.814],[128.67,34.813],[128.669,34.813],[128.668,34.813],[128.667,34.812],[128.667,34.812],[128.666,34.811],[128.666,34.81],[128.667,34.809],[128.668,34.807],[128.668,34.807],[128.668,34.807],[128.668,34.807],[128.668,34.807],[128.668,34.807],[128.668,34.807],[128.668,34.807],[128.668,34.807],[128.668,34.807],[128.668,34.807],[128.668,34.807],[128.668,34.807],[128.669,34.806],[128.669,34.806],[128.669,34.806],[128.669,34.806],[128.669,34.806],[128.669,34.806],[128.669,34.806],[128.669,34.805],[128.669,34.805],[128.669,34.805],[128.669,34.805],[128.668,34.805],[128.668,34.805],[128.668,34.805],[128.668,34.805],[128.668,34.805],[128.667,34.805],[128.667,34.805],[128.667,34.805],[128.667,34.805],[128.667,34.805],[128.667,34.804],[128.667,34.804],[128.667,34.804],[128.667,34.804],[128.667,34.804],[128.667,34.804],[128.668,34.804],[128.668,34.804],[128.668,34.804],[128.668,34.803],[128.668,34.803],[128.668,34.803],[128.667,34.803],[128.667,34.803],[128.667,34.803],[128.667,34.803],[128.667,34.802],[128.667,34.802],[128.666,34.802],[128.666,34.802],[128.666,34.802],[128.666,34.802],[128.666,34.802],[128.666,34.802],[128.666,34.801],[128.666,34.801],[128.666,34.801],[128.666,34.801],[128.666,34.801],[128.666,34.801],[128.666,34.801],[128.666,34.801],[128.666,34.8],[128.668,34.798],[128.667,34.795],[128.666,34.794],[128.666,34.793],[128.668,34.791],[128.669,34.79],[128.671,34.79],[128.674,34.787],[128.674,34.787],[128.674,34.787],[128.674,34.787]]],[[[128.772,35.062],[128.777,35.059],[128.778,35.059],[128.778,35.059],[128.779,35.059],[128.778,35.058],[128.772,35.062],[128.771,35.062],[128.772,35.062],[128.772,35.062]]],[[[128.772,35.062],[128.771,35.063],[128.772,35.063],[128.772,35.063],[128.772,35.062]]],[[[128.461,35.09],[128.461,35.09],[128.462,35.09],[128.461,35.09]]],[[[128.771,35.063],[128.771,35.063],[128.771,35.064],[128.77,35.064],[128.769,35.064],[128.768,35.064],[128.767,35.063],[128.766,35.063],[128.766,35.062],[128.766,35.062],[128.766,35.062],[128.765,35.061],[128.765,35.061],[128.764,35.06],[128.764,35.06],[128.764,35.06],[128.764,35.06],[128.764,35.06],[128.764,35.06],[128.761,35.061],[128.761,35.061],[128.761,35.061],[128.761,35.061],[128.761,35.062],[128.761,35.062],[128.762,35.063],[128.762,35.065],[128.763,35.065],[128.763,35.066],[128.766,35.067],[128.766,35.069],[128.765,35.072],[128.764,35.077],[128.763,35.078],[128.756,35.078],[128.752,35.082],[128.751,35.082],[128.751,35.082],[128.747,35.082],[128.746,35.082],[128.746,35.081],[128.746,35.081],[128.746,35.081],[128.746,35.08],[128.742,35.078],[128.742,35.078],[128.742,35.078],[128.742,35.08],[128.746,35.085],[128.745,35.086],[128.74,35.084],[128.74,35.084],[128.736,35.091],[128.74,35.097],[128.742,35.097],[128.744,35.1],[128.74,35.1],[128.736,35.096],[128.737,35.095],[128.736,35.094],[128.729,35.09],[128.728,35.09],[128.728,35.09],[128.728,35.09],[128.729,35.092],[128.729,35.092],[128.729,35.092],[128.73,35.092],[128.731,35.094],[128.73,35.094],[128.73,35.095],[128.729,35.095],[128.728,35.094],[128.728,35.094],[128.722,35.097],[128.72,35.095],[128.72,35.095],[128.715,35.095],[128.714,35.096],[128.715,35.104],[128.712,35.107],[128.704,35.106],[128.704,35.106],[128.703,35.106],[128.7,35.103],[128.7,35.103],[128.701,35.101],[128.701,35.101],[128.702,35.101],[128.703,35.101],[128.703,35.1],[128.703,35.1],[128.702,35.1],[128.702,35.1],[128.701,35.1],[128.701,35.099],[128.701,35.099],[128.701,35.099],[128.701,35.099],[128.701,35.099],[128.701,35.099],[128.699,35.098],[128.698,35.098],[128.698,35.098],[128.698,35.098],[128.698,35.098],[128.697,35.1],[128.697,35.1],[128.696,35.1],[128.696,35.1],[128.696,35.1],[128.696,35.1],[128.696,35.1],[128.695,35.099],[128.695,35.099],[128.695,35.098],[128.696,35.098],[128.696,35.098],[128.696,35.098],[128.696,35.098],[128.696,35.098],[128.696,35.098],[128.696,35.098],[128.696,35.098],[128.696,35.098],[128.696,35.098],[128.696,35.097],[128.696,35.097],[128.696,35.097],[128.696,35.097],[128.696,35.097],[128.696,35.097],[128.696,35.097],[128.696,35.097],[128.696,35.097],[128.695,35.097],[128.695,35.097],[128.695,35.097],[128.694,35.098],[128.692,35.1],[128.692,35.1],[128.692,35.1],[128.692,35.1],[128.692,35.1],[128.688,35.103],[128.688,35.103],[128.688,35.104],[128.689,35.108],[128.686,35.107],[128.688,35.109],[128.689,35.109],[128.69,35.109],[128.691,35.108],[128.691,35.108],[128.692,35.108],[128.694,35.109],[128.696,35.11],[128.701,35.116],[128.701,35.116],[128.7,35.122],[128.697,35.128],[128.694,35.134],[128.694,35.134],[128.697,35.134],[128.696,35.137],[128.696,35.138],[128.696,35.139],[128.691,35.138],[128.691,35.137],[128.693,35.135],[128.689,35.14],[128.688,35.143],[128.691,35.148],[128.688,35.147],[128.686,35.147],[128.68,35.147],[128.68,35.147],[128.675,35.145],[128.675,35.145],[128.671,35.142],[128.674,35.138],[128.673,35.137],[128.673,35.134],[128.674,35.132],[128.675,35.131],[128.677,35.13],[128.677,35.13],[128.678,35.127],[128.678,35.126],[128.677,35.125],[128.677,35.125],[128.676,35.124],[128.671,35.122],[128.671,35.122],[128.671,35.122],[128.671,35.121],[128.666,35.119],[128.666,35.119],[128.666,35.119],[128.665,35.125],[128.665,35.125],[128.665,35.126],[128.663,35.13],[128.65,35.136],[128.643,35.148],[128.643,35.148],[128.643,35.148],[128.645,35.146],[128.646,35.146],[128.638,35.15],[128.637,35.147],[128.636,35.146],[128.63,35.149],[128.626,35.145],[128.621,35.133],[128.629,35.133],[128.629,35.133],[128.629,35.133],[128.619,35.133],[128.617,35.137],[128.616,35.14],[128.616,35.14],[128.615,35.14],[128.615,35.14],[128.614,35.14],[128.614,35.14],[128.614,35.14],[128.613,35.139],[128.611,35.138],[128.607,35.138],[128.607,35.138],[128.607,35.139],[128.611,35.144],[128.613,35.145],[128.614,35.145],[128.614,35.145],[128.614,35.145],[128.614,35.145],[128.615,35.145],[128.615,35.145],[128.615,35.145],[128.615,35.147],[128.614,35.147],[128.613,35.147],[128.613,35.147],[128.613,35.147],[128.613,35.147],[128.613,35.147],[128.613,35.147],[128.612,35.148],[128.612,35.148],[128.612,35.148],[128.612,35.148],[128.61,35.151],[128.609,35.158],[128.608,35.163],[128.608,35.162],[128.606,35.16],[128.606,35.16],[128.605,35.16],[128.605,35.16],[128.601,35.163],[128.6,35.167],[128.601,35.167],[128.601,35.167],[128.601,35.168],[128.601,35.168],[128.6,35.168],[128.599,35.169],[128.599,35.169],[128.598,35.17],[128.598,35.17],[128.598,35.169],[128.593,35.174],[128.592,35.177],[128.592,35.188],[128.589,35.195],[128.591,35.196],[128.593,35.202],[128.6,35.206],[128.608,35.212],[128.612,35.212],[128.615,35.212],[128.623,35.212],[128.624,35.213],[128.627,35.214],[128.632,35.22],[128.623,35.216],[128.618,35.213],[128.617,35.213],[128.617,35.213],[128.613,35.213],[128.613,35.213],[128.609,35.213],[128.609,35.213],[128.603,35.211],[128.6,35.211],[128.594,35.211],[128.589,35.21],[128.588,35.21],[128.588,35.211],[128.585,35.208],[128.585,35.206],[128.585,35.205],[128.585,35.205],[128.583,35.204],[128.58,35.202],[128.58,35.202],[128.576,35.199],[128.577,35.199],[128.573,35.194],[128.572,35.194],[128.565,35.185],[128.566,35.182],[128.568,35.179],[128.569,35.177],[128.574,35.175],[128.58,35.173],[128.586,35.165],[128.583,35.164],[128.583,35.164],[128.584,35.162],[128.587,35.16],[128.589,35.16],[128.591,35.158],[128.591,35.158],[128.59,35.156],[128.59,35.156],[128.587,35.156],[128.585,35.156],[128.584,35.155],[128.585,35.154],[128.587,35.154],[128.591,35.153],[128.591,35.153],[128.591,35.152],[128.591,35.152],[128.591,35.15],[128.59,35.149],[128.587,35.148],[128.585,35.147],[128.585,35.146],[128.586,35.146],[128.587,35.146],[128.588,35.146],[128.59,35.147],[128.591,35.147],[128.591,35.147],[128.591,35.147],[128.596,35.144],[128.596,35.144],[128.597,35.143],[128.595,35.138],[128.588,35.131],[128.588,35.131],[128.587,35.13],[128.587,35.13],[128.587,35.13],[128.58,35.139],[128.58,35.139],[128.58,35.139],[128.58,35.139],[128.575,35.137],[128.575,35.133],[128.575,35.133],[128.574,35.133],[128.573,35.133],[128.573,35.132],[128.575,35.13],[128.59,35.129],[128.591,35.129],[128.592,35.13],[128.592,35.131],[128.592,35.132],[128.594,35.133],[128.599,35.133],[128.6,35.132],[128.599,35.125],[128.599,35.124],[128.599,35.124],[128.593,35.123],[128.591,35.123],[128.591,35.123],[128.586,35.12],[128.588,35.118],[128.589,35.119],[128.59,35.12],[128.591,35.12],[128.592,35.12],[128.599,35.119],[128.6,35.119],[128.6,35.119],[128.601,35.106],[128.606,35.101],[128.608,35.098],[128.608,35.097],[128.609,35.097],[128.612,35.096],[128.616,35.094],[128.617,35.094],[128.618,35.093],[128.618,35.093],[128.616,35.092],[128.612,35.093],[128.612,35.093],[128.612,35.092],[128.612,35.092],[128.612,35.092],[128.612,35.092],[128.615,35.09],[128.615,35.09],[128.616,35.089],[128.617,35.089],[128.617,35.089],[128.618,35.09],[128.62,35.09],[128.621,35.09],[128.622,35.09],[128.622,35.09],[128.627,35.085],[128.628,35.083],[128.627,35.084],[128.626,35.084],[128.626,35.084],[128.625,35.084],[128.624,35.084],[128.623,35.084],[128.622,35.083],[128.621,35.082],[128.616,35.081],[128.61,35.081],[128.602,35.076],[128.603,35.075],[128.603,35.074],[128.606,35.074],[128.606,35.074],[128.606,35.075],[128.607,35.075],[128.609,35.076],[128.61,35.076],[128.611,35.075],[128.611,35.075],[128.611,35.075],[128.612,35.073],[128.612,35.073],[128.612,35.072],[128.612,35.072],[128.611,35.072],[128.609,35.071],[128.608,35.071],[128.608,35.07],[128.611,35.07],[128.612,35.069],[128.614,35.069],[128.614,35.069],[128.614,35.069],[128.617,35.07],[128.617,35.071],[128.617,35.071],[128.619,35.072],[128.624,35.074],[128.626,35.074],[128.633,35.072],[128.634,35.072],[128.635,35.069],[128.634,35.068],[128.628,35.066],[128.626,35.065],[128.624,35.064],[128.622,35.064],[128.619,35.063],[128.617,35.062],[128.616,35.062],[128.615,35.062],[128.615,35.063],[128.613,35.063],[128.613,35.062],[128.611,35.061],[128.61,35.061],[128.609,35.061],[128.609,35.061],[128.609,35.061],[128.609,35.061],[128.609,35.061],[128.609,35.061],[128.608,35.059],[128.608,35.059],[128.607,35.058],[128.607,35.058],[128.607,35.058],[128.607,35.058],[128.607,35.058],[128.607,35.058],[128.607,35.058],[128.607,35.058],[128.602,35.056],[128.602,35.056],[128.601,35.056],[128.601,35.056],[128.601,35.057],[128.601,35.057],[128.589,35.056],[128.581,35.054],[128.574,35.054],[128.574,35.054],[128.573,35.054],[128.573,35.055],[128.573,35.055],[128.573,35.055],[128.573,35.055],[128.575,35.056],[128.578,35.059],[128.578,35.059],[128.578,35.06],[128.578,35.06],[128.578,35.06],[128.578,35.06],[128.578,35.06],[128.578,35.06],[128.579,35.061],[128.582,35.061],[128.588,35.065],[128.59,35.066],[128.591,35.067],[128.592,35.067],[128.592,35.067],[128.592,35.067],[128.594,35.067],[128.597,35.068],[128.597,35.07],[128.596,35.07],[128.59,35.073],[128.587,35.073],[128.587,35.073],[128.586,35.072],[128.586,35.072],[128.587,35.071],[128.588,35.071],[128.588,35.071],[128.588,35.07],[128.588,35.07],[128.582,35.065],[128.581,35.065],[128.58,35.065],[128.58,35.065],[128.58,35.066],[128.58,35.067],[128.57,35.07],[128.57,35.07],[128.569,35.07],[128.569,35.07],[128.569,35.07],[128.568,35.07],[128.568,35.069],[128.563,35.067],[128.563,35.067],[128.562,35.067],[128.561,35.069],[128.561,35.07],[128.561,35.07],[128.561,35.07],[128.562,35.07],[128.565,35.07],[128.565,35.07],[128.566,35.07],[128.566,35.071],[128.566,35.073],[128.566,35.073],[128.565,35.074],[128.565,35.075],[128.565,35.075],[128.564,35.075],[128.564,35.075],[128.564,35.075],[128.563,35.075],[128.563,35.075],[128.563,35.075],[128.563,35.078],[128.564,35.082],[128.564,35.082],[128.564,35.082],[128.565,35.083],[128.565,35.083],[128.565,35.083],[128.565,35.083],[128.565,35.082],[128.566,35.082],[128.566,35.082],[128.568,35.082],[128.569,35.082],[128.57,35.083],[128.57,35.083],[128.571,35.084],[128.574,35.087],[128.578,35.088],[128.582,35.089],[128.583,35.091],[128.583,35.091],[128.579,35.092],[128.579,35.091],[128.579,35.091],[128.579,35.091],[128.579,35.091],[128.578,35.091],[128.577,35.091],[128.573,35.091],[128.571,35.093],[128.569,35.093],[128.569,35.093],[128.569,35.093],[128.566,35.094],[128.565,35.094],[128.557,35.096],[128.55,35.097],[128.55,35.097],[128.549,35.097],[128.549,35.097],[128.548,35.096],[128.548,35.096],[128.548,35.096],[128.548,35.096],[128.548,35.096],[128.549,35.094],[128.548,35.094],[128.548,35.093],[128.547,35.093],[128.547,35.093],[128.547,35.093],[128.547,35.093],[128.546,35.093],[128.546,35.093],[128.546,35.093],[128.546,35.093],[128.545,35.098],[128.545,35.098],[128.545,35.098],[128.545,35.098],[128.547,35.099],[128.547,35.099],[128.547,35.099],[128.548,35.099],[128.548,35.099],[128.548,35.1],[128.548,35.101],[128.547,35.101],[128.544,35.101],[128.544,35.101],[128.542,35.101],[128.541,35.102],[128.544,35.104],[128.544,35.104],[128.545,35.104],[128.546,35.104],[128.547,35.104],[128.547,35.104],[128.548,35.105],[128.549,35.107],[128.549,35.107],[128.548,35.108],[128.547,35.109],[128.545,35.11],[128.544,35.111],[128.543,35.111],[128.542,35.11],[128.542,35.11],[128.542,35.109],[128.542,35.109],[128.542,35.109],[128.542,35.109],[128.542,35.109],[128.542,35.108],[128.539,35.107],[128.536,35.108],[128.536,35.109],[128.536,35.11],[128.536,35.11],[128.537,35.11],[128.537,35.11],[128.537,35.11],[128.537,35.11],[128.537,35.11],[128.537,35.11],[128.538,35.11],[128.537,35.11],[128.537,35.11],[128.537,35.109],[128.538,35.109],[128.538,35.108],[128.539,35.108],[128.539,35.108],[128.539,35.108],[128.539,35.108],[128.541,35.11],[128.541,35.11],[128.541,35.111],[128.54,35.111],[128.54,35.111],[128.539,35.114],[128.539,35.115],[128.539,35.115],[128.539,35.115],[128.54,35.116],[128.54,35.116],[128.538,35.121],[128.536,35.12],[128.535,35.117],[128.535,35.117],[128.534,35.116],[128.533,35.113],[128.531,35.109],[128.53,35.107],[128.528,35.105],[128.527,35.104],[128.525,35.105],[128.522,35.106],[128.52,35.105],[128.52,35.105],[128.52,35.101],[128.52,35.1],[128.52,35.1],[128.519,35.099],[128.518,35.098],[128.518,35.098],[128.518,35.098],[128.513,35.099],[128.513,35.099],[128.513,35.099],[128.508,35.099],[128.507,35.098],[128.507,35.098],[128.506,35.098],[128.506,35.098],[128.499,35.103],[128.496,35.107],[128.495,35.107],[128.484,35.108],[128.485,35.107],[128.487,35.106],[128.485,35.102],[128.481,35.102],[128.481,35.102],[128.48,35.102],[128.48,35.102],[128.48,35.102],[128.479,35.1],[128.471,35.098],[128.468,35.099],[128.465,35.102],[128.46,35.106],[128.453,35.103],[128.452,35.103],[128.451,35.101],[128.448,35.096],[128.455,35.092],[128.461,35.089],[128.461,35.089],[128.463,35.088],[128.466,35.085],[128.476,35.083],[128.479,35.082],[128.48,35.081],[128.48,35.08],[128.479,35.079],[128.476,35.076],[128.476,35.076],[128.476,35.076],[128.473,35.077],[128.47,35.082],[128.468,35.081],[128.466,35.08],[128.465,35.078],[128.465,35.076],[128.465,35.076],[128.465,35.075],[128.465,35.074],[128.465,35.074],[128.461,35.072],[128.461,35.072],[128.461,35.072],[128.46,35.072],[128.459,35.072],[128.458,35.073],[128.453,35.074],[128.447,35.072],[128.446,35.072],[128.446,35.072],[128.444,35.072],[128.444,35.072],[128.439,35.071],[128.439,35.071],[128.439,35.071],[128.44,35.071],[128.44,35.071],[128.44,35.071],[128.44,35.071],[128.44,35.071],[128.44,35.071],[128.441,35.07],[128.439,35.067],[128.439,35.067],[128.439,35.067],[128.436,35.065],[128.432,35.058],[128.428,35.055],[128.427,35.055],[128.427,35.055],[128.427,35.056],[128.424,35.057],[128.424,35.057],[128.424,35.057],[128.423,35.056],[128.419,35.055],[128.419,35.055],[128.419,35.055],[128.417,35.055],[128.415,35.055],[128.415,35.057],[128.415,35.057],[128.415,35.058],[128.416,35.062],[128.412,35.062],[128.411,35.061],[128.41,35.061],[128.41,35.06],[128.402,35.057],[128.387,35.051],[128.384,35.051],[128.384,35.05],[128.383,35.05],[128.383,35.05],[128.384,35.048],[128.384,35.048],[128.383,35.046],[128.383,35.046],[128.383,35.046],[128.382,35.046],[128.382,35.046],[128.381,35.047],[128.381,35.047],[128.381,35.047],[128.381,35.047],[128.382,35.047],[128.382,35.048],[128.382,35.048],[128.382,35.048],[128.382,35.048],[128.382,35.049],[128.381,35.049],[128.381,35.049],[128.376,35.05],[128.374,35.048],[128.374,35.045],[128.374,35.045],[128.373,35.045],[128.372,35.044],[128.371,35.044],[128.367,35.047],[128.365,35.048],[128.368,35.045],[128.376,35.04],[128.376,35.039],[128.376,35.039],[128.377,35.039],[128.377,35.039],[128.378,35.039],[128.378,35.039],[128.379,35.04],[128.379,35.04],[128.38,35.04],[128.38,35.04],[128.381,35.039],[128.382,35.037],[128.382,35.035],[128.375,35.03],[128.375,35.03],[128.374,35.03],[128.373,35.031],[128.373,35.031],[128.369,35.031],[128.37,35.028],[128.371,35.026],[128.371,35.026],[128.371,35.026],[128.372,35.026],[128.372,35.026],[128.373,35.026],[128.373,35.025],[128.375,35.024],[128.375,35.024],[128.375,35.024],[128.374,35.023],[128.374,35.022],[128.374,35.022],[128.373,35.022],[128.373,35.023],[128.373,35.023],[128.373,35.023],[128.373,35.023],[128.373,35.023],[128.372,35.024],[128.372,35.024],[128.372,35.024],[128.367,35.018],[128.368,35.017],[128.369,35.016],[128.373,35.015],[128.374,35.015],[128.376,35.015],[128.383,35.019],[128.383,35.019],[128.388,35.025],[128.389,35.028],[128.389,35.028],[128.389,35.028],[128.389,35.033],[128.388,35.033],[128.386,35.033],[128.383,35.034],[128.383,35.035],[128.384,35.036],[128.384,35.036],[128.384,35.036],[128.384,35.035],[128.384,35.035],[128.384,35.035],[128.384,35.035],[128.384,35.035],[128.389,35.033],[128.389,35.033],[128.39,35.034],[128.403,35.041],[128.409,35.043],[128.409,35.043],[128.416,35.043],[128.416,35.043],[128.417,35.043],[128.417,35.043],[128.418,35.043],[128.418,35.043],[128.418,35.043],[128.422,35.045],[128.425,35.046],[128.425,35.045],[128.426,35.045],[128.428,35.045],[128.429,35.045],[128.43,35.045],[128.431,35.046],[128.431,35.047],[128.433,35.047],[128.435,35.047],[128.435,35.047],[128.437,35.046],[128.439,35.047],[128.44,35.048],[128.44,35.048],[128.439,35.048],[128.439,35.048],[128.439,35.048],[128.442,35.051],[128.449,35.051],[128.451,35.052],[128.451,35.052],[128.451,35.052],[128.449,35.054],[128.448,35.054],[128.448,35.054],[128.446,35.054],[128.445,35.056],[128.442,35.06],[128.442,35.061],[128.443,35.062],[128.444,35.066],[128.45,35.071],[128.452,35.071],[128.452,35.071],[128.452,35.071],[128.453,35.071],[128.453,35.071],[128.454,35.071],[128.456,35.07],[128.459,35.064],[128.459,35.064],[128.46,35.063],[128.467,35.067],[128.468,35.067],[128.469,35.068],[128.469,35.069],[128.469,35.07],[128.468,35.071],[128.468,35.072],[128.468,35.073],[128.468,35.075],[128.468,35.075],[128.468,35.075],[128.469,35.076],[128.469,35.076],[128.471,35.074],[128.471,35.074],[128.477,35.069],[128.477,35.069],[128.481,35.066],[128.482,35.066],[128.482,35.066],[128.482,35.064],[128.482,35.063],[128.482,35.063],[128.479,35.059],[128.476,35.056],[128.475,35.055],[128.475,35.055],[128.476,35.054],[128.476,35.054],[128.476,35.054],[128.476,35.054],[128.478,35.054],[128.479,35.054],[128.479,35.054],[128.48,35.054],[128.482,35.053],[128.479,35.047],[128.479,35.047],[128.469,35.049],[128.468,35.049],[128.462,35.05],[128.461,35.05],[128.461,35.049],[128.46,35.049],[128.46,35.049],[128.459,35.048],[128.459,35.048],[128.459,35.047],[128.462,35.044],[128.463,35.043],[128.465,35.043],[128.465,35.043],[128.47,35.041],[128.471,35.04],[128.472,35.039],[128.471,35.038],[128.471,35.037],[128.471,35.037],[128.473,35.035],[128.474,35.035],[128.474,35.035],[128.474,35.035],[128.475,35.038],[128.475,35.041],[128.475,35.041],[128.486,35.039],[128.486,35.038],[128.485,35.034],[128.482,35.031],[128.481,35.029],[128.481,35.028],[128.482,35.028],[128.488,35.025],[128.488,35.025],[128.488,35.025],[128.488,35.024],[128.496,35.023],[128.502,35.016],[128.502,35.015],[128.501,35.014],[128.501,35.013],[128.5,35.013],[128.499,35.013],[128.499,35.013],[128.497,35.013],[128.495,35.012],[128.495,35.012],[128.495,35.011],[128.495,35.011],[128.495,35.011],[128.494,35.008],[128.493,35.006],[128.493,35.006],[128.492,35.006],[128.492,35.005],[128.491,35.005],[128.491,35.005],[128.491,35.005],[128.491,35.006],[128.489,35.009],[128.488,35.009],[128.488,35.01],[128.487,35.012],[128.485,35.012],[128.484,35.012],[128.483,35.01],[128.483,35.009],[128.483,35.009],[128.481,35.004],[128.481,35.004],[128.481,35.003],[128.482,35.002],[128.482,34.999],[128.477,34.999],[128.476,34.999],[128.476,34.998],[128.476,34.998],[128.477,34.997],[128.479,34.996],[128.478,34.993],[128.473,34.994],[128.468,34.998],[128.467,34.998],[128.465,34.997],[128.469,34.991],[128.467,34.988],[128.458,34.992],[128.447,34.992],[128.439,34.995],[128.438,34.995],[128.427,34.993],[128.419,34.996],[128.415,34.997],[128.411,34.996],[128.411,34.996],[128.411,34.995],[128.407,34.994],[128.407,34.988],[128.406,34.988],[128.406,34.986],[128.41,34.984],[128.41,34.984],[128.411,34.985],[128.418,34.987],[128.425,34.986],[128.43,34.985],[128.434,34.985],[128.441,34.982],[128.444,34.978],[128.443,34.974],[128.443,34.973],[128.441,34.971],[128.433,34.959],[128.429,34.955],[128.43,34.947],[128.43,34.945],[128.427,34.943],[128.427,34.943],[128.427,34.943],[128.426,34.943],[128.426,34.943],[128.426,34.943],[128.425,34.942],[128.425,34.941],[128.425,34.94],[128.428,34.935],[128.429,34.935],[128.432,34.934],[128.432,34.934],[128.433,34.934],[128.433,34.934],[128.433,34.932],[128.433,34.931],[128.434,34.931],[128.434,34.931],[128.434,34.931],[128.435,34.931],[128.435,34.932],[128.436,34.932],[128.436,34.932],[128.436,34.932],[128.436,34.931],[128.435,34.931],[128.435,34.93],[128.431,34.929],[128.43,34.929],[128.43,34.929],[128.429,34.929],[128.429,34.929],[128.428,34.928],[128.429,34.923],[128.43,34.921],[128.429,34.914],[128.429,34.914],[128.429,34.914],[128.428,34.914],[128.428,34.914],[128.427,34.915],[128.427,34.916],[128.427,34.917],[128.426,34.916],[128.421,34.914],[128.418,34.911],[128.418,34.91],[128.418,34.909],[128.421,34.904],[128.423,34.904],[128.423,34.904],[128.423,34.905],[128.424,34.905],[128.424,34.905],[128.424,34.905],[128.425,34.905],[128.425,34.905],[128.425,34.905],[128.426,34.905],[128.426,34.904],[128.426,34.904],[128.425,34.903],[128.42,34.896],[128.418,34.892],[128.423,34.885],[128.423,34.884],[128.424,34.884],[128.424,34.883],[128.422,34.874],[128.421,34.873],[128.422,34.872],[128.423,34.872],[128.425,34.873],[128.43,34.876],[128.43,34.876],[128.433,34.877],[128.435,34.881],[128.435,34.884],[128.434,34.884],[128.434,34.885],[128.434,34.885],[128.434,34.885],[128.432,34.884],[128.431,34.887],[128.432,34.888],[128.432,34.888],[128.432,34.888],[128.433,34.888],[128.433,34.888],[128.436,34.888],[128.445,34.888],[128.445,34.888],[128.446,34.888],[128.446,34.889],[128.446,34.889],[128.443,34.891],[128.443,34.891],[128.443,34.891],[128.442,34.89],[128.441,34.891],[128.439,34.893],[128.442,34.898],[128.444,34.9],[128.444,34.9],[128.444,34.9],[128.45,34.902],[128.451,34.902],[128.451,34.902],[128.451,34.903],[128.45,34.905],[128.449,34.906],[128.443,34.91],[128.443,34.91],[128.441,34.911],[128.441,34.911],[128.441,34.911],[128.441,34.91],[128.441,34.91],[128.441,34.91],[128.438,34.912],[128.438,34.912],[128.44,34.913],[128.441,34.913],[128.448,34.914],[128.449,34.915],[128.449,34.915],[128.451,34.915],[128.452,34.915],[128.453,34.915],[128.453,34.912],[128.453,34.912],[128.452,34.912],[128.452,34.911],[128.452,34.911],[128.453,34.91],[128.46,34.905],[128.461,34.905],[128.46,34.905],[128.46,34.904],[128.46,34.904],[128.459,34.904],[128.454,34.902],[128.454,34.902],[128.454,34.901],[128.454,34.901],[128.454,34.901],[128.454,34.901],[128.454,34.901],[128.459,34.898],[128.462,34.9],[128.464,34.9],[128.465,34.899],[128.466,34.896],[128.465,34.895],[128.465,34.895],[128.464,34.895],[128.464,34.895],[128.464,34.895],[128.465,34.893],[128.465,34.893],[128.466,34.891],[128.467,34.891],[128.467,34.891],[128.471,34.892],[128.472,34.892],[128.473,34.894],[128.473,34.894],[128.473,34.894],[128.474,34.893],[128.474,34.893],[128.475,34.89],[128.47,34.889],[128.469,34.887],[128.469,34.887],[128.469,34.886],[128.47,34.885],[128.471,34.885],[128.471,34.885],[128.471,34.884],[128.471,34.884],[128.47,34.883],[128.469,34.882],[128.467,34.877],[128.467,34.876],[128.467,34.873],[128.467,34.873],[128.468,34.873],[128.467,34.872],[128.462,34.871],[128.461,34.874],[128.461,34.874],[128.458,34.882],[128.457,34.883],[128.457,34.882],[128.456,34.879],[128.454,34.875],[128.454,34.875],[128.453,34.875],[128.452,34.874],[128.452,34.874],[128.454,34.871],[128.455,34.87],[128.455,34.87],[128.455,34.871],[128.455,34.871],[128.456,34.871],[128.457,34.87],[128.457,34.869],[128.457,34.865],[128.456,34.865],[128.456,34.865],[128.454,34.864],[128.452,34.866],[128.452,34.866],[128.452,34.866],[128.451,34.868],[128.45,34.868],[128.45,34.868],[128.45,34.868],[128.447,34.866],[128.447,34.864],[128.452,34.857],[128.451,34.853],[128.451,34.852],[128.451,34.851],[128.451,34.85],[128.452,34.849],[128.452,34.847],[128.449,34.846],[128.448,34.845],[128.435,34.844],[128.434,34.844],[128.432,34.843],[128.437,34.84],[128.435,34.838],[128.434,34.838],[128.427,34.842],[128.426,34.843],[128.427,34.843],[128.426,34.845],[128.425,34.844],[128.425,34.842],[128.425,34.842],[128.426,34.842],[128.426,34.842],[128.426,34.841],[128.422,34.839],[128.416,34.838],[128.409,34.834],[128.411,34.834],[128.411,34.834],[128.415,34.833],[128.417,34.835],[128.417,34.835],[128.421,34.836],[128.421,34.834],[128.424,34.832],[128.432,34.83],[128.435,34.828],[128.435,34.828],[128.434,34.827],[128.433,34.826],[128.435,34.825],[128.436,34.825],[128.44,34.829],[128.438,34.83],[128.437,34.83],[128.437,34.83],[128.437,34.83],[128.44,34.829],[128.441,34.828],[128.44,34.824],[128.44,34.823],[128.441,34.821],[128.442,34.821],[128.441,34.82],[128.439,34.819],[128.439,34.816],[128.439,34.812],[128.439,34.812],[128.44,34.811],[128.442,34.809],[128.442,34.804],[128.442,34.803],[128.441,34.802],[128.436,34.803],[128.434,34.806],[128.434,34.807],[128.434,34.807],[128.434,34.808],[128.434,34.808],[128.434,34.809],[128.434,34.809],[128.434,34.809],[128.433,34.809],[128.431,34.806],[128.431,34.802],[128.432,34.8],[128.433,34.799],[128.438,34.798],[128.44,34.795],[128.424,34.792],[128.42,34.792],[128.423,34.788],[128.434,34.783],[128.436,34.782],[128.436,34.78],[128.435,34.779],[128.432,34.777],[128.426,34.772],[128.424,34.77],[128.424,34.769],[128.425,34.768],[128.425,34.765],[128.422,34.765],[128.422,34.765],[128.416,34.764],[128.415,34.763],[128.414,34.763],[128.414,34.763],[128.413,34.763],[128.412,34.763],[128.409,34.763],[128.409,34.763],[128.408,34.763],[128.408,34.763],[128.407,34.762],[128.406,34.763],[128.404,34.764],[128.404,34.764],[128.406,34.766],[128.406,34.766],[128.408,34.768],[128.407,34.768],[128.403,34.768],[128.402,34.768],[128.402,34.768],[128.399,34.765],[128.399,34.765],[128.398,34.765],[128.398,34.765],[128.397,34.766],[128.397,34.766],[128.397,34.768],[128.398,34.77],[128.398,34.77],[128.397,34.771],[128.396,34.773],[128.395,34.775],[128.397,34.779],[128.397,34.779],[128.397,34.78],[128.396,34.78],[128.396,34.781],[128.395,34.781],[128.395,34.781],[128.394,34.781],[128.394,34.781],[128.39,34.778],[128.386,34.78],[128.387,34.783],[128.389,34.783],[128.391,34.785],[128.391,34.785],[128.391,34.786],[128.391,34.787],[128.39,34.789],[128.389,34.79],[128.388,34.791],[128.387,34.791],[128.386,34.791],[128.382,34.792],[128.382,34.793],[128.384,34.797],[128.377,34.796],[128.377,34.794],[128.377,34.794],[128.377,34.794],[128.377,34.793],[128.376,34.789],[128.375,34.789],[128.374,34.789],[128.374,34.79],[128.374,34.791],[128.374,34.793],[128.374,34.794],[128.371,34.795],[128.371,34.794],[128.37,34.794],[128.365,34.795],[128.364,34.796],[128.364,34.797],[128.369,34.801],[128.369,34.801],[128.372,34.8],[128.372,34.803],[128.372,34.803],[128.372,34.803],[128.373,34.803],[128.375,34.8],[128.375,34.799],[128.376,34.798],[128.376,34.798],[128.378,34.799],[128.378,34.799],[128.378,34.799],[128.381,34.805],[128.381,34.806],[128.381,34.806],[128.381,34.806],[128.379,34.807],[128.378,34.807],[128.378,34.807],[128.378,34.807],[128.378,34.807],[128.377,34.807],[128.377,34.807],[128.376,34.807],[128.376,34.807],[128.376,34.807],[128.376,34.809],[128.378,34.811],[128.378,34.811],[128.378,34.811],[128.379,34.811],[128.381,34.811],[128.381,34.811],[128.381,34.811],[128.382,34.811],[128.382,34.811],[128.382,34.811],[128.382,34.811],[128.382,34.811],[128.381,34.812],[128.38,34.815],[128.379,34.815],[128.373,34.817],[128.369,34.818],[128.368,34.818],[128.359,34.824],[128.349,34.825],[128.346,34.825],[128.345,34.825],[128.342,34.823],[128.341,34.821],[128.34,34.82],[128.341,34.818],[128.341,34.818],[128.34,34.818],[128.338,34.817],[128.336,34.817],[128.335,34.818],[128.335,34.818],[128.336,34.82],[128.33,34.826],[128.33,34.83],[128.33,34.83],[128.331,34.83],[128.332,34.83],[128.332,34.829],[128.332,34.829],[128.332,34.829],[128.334,34.827],[128.336,34.826],[128.336,34.826],[128.336,34.826],[128.336,34.826],[128.337,34.827],[128.337,34.828],[128.336,34.828],[128.334,34.833],[128.333,34.834],[128.333,34.834],[128.333,34.834],[128.333,34.834],[128.333,34.834],[128.333,34.834],[128.334,34.834],[128.335,34.834],[128.336,34.833],[128.336,34.833],[128.337,34.832],[128.337,34.831],[128.337,34.83],[128.337,34.83],[128.337,34.829],[128.34,34.828],[128.34,34.828],[128.34,34.828],[128.34,34.828],[128.34,34.828],[128.34,34.829],[128.34,34.829],[128.34,34.829],[128.34,34.839],[128.339,34.839],[128.339,34.839],[128.338,34.84],[128.337,34.841],[128.337,34.841],[128.337,34.842],[128.337,34.842],[128.338,34.843],[128.342,34.842],[128.342,34.842],[128.342,34.841],[128.342,34.837],[128.344,34.832],[128.344,34.831],[128.345,34.831],[128.349,34.835],[128.349,34.835],[128.348,34.838],[128.348,34.838],[128.347,34.84],[128.347,34.84],[128.348,34.842],[128.348,34.842],[128.349,34.842],[128.353,34.842],[128.354,34.841],[128.354,34.839],[128.355,34.839],[128.355,34.839],[128.356,34.84],[128.356,34.84],[128.356,34.84],[128.357,34.841],[128.357,34.841],[128.357,34.841],[128.359,34.84],[128.359,34.84],[128.356,34.834],[128.356,34.834],[128.355,34.833],[128.355,34.833],[128.356,34.832],[128.357,34.832],[128.362,34.834],[128.367,34.832],[128.37,34.834],[128.37,34.834],[128.37,34.834],[128.37,34.834],[128.371,34.834],[128.374,34.829],[128.376,34.83],[128.376,34.83],[128.376,34.83],[128.378,34.83],[128.378,34.829],[128.378,34.829],[128.383,34.818],[128.385,34.817],[128.385,34.815],[128.385,34.814],[128.388,34.815],[128.387,34.819],[128.386,34.82],[128.385,34.825],[128.385,34.825],[128.385,34.825],[128.384,34.826],[128.384,34.826],[128.384,34.828],[128.384,34.829],[128.384,34.83],[128.384,34.829],[128.385,34.828],[128.385,34.828],[128.386,34.828],[128.388,34.828],[128.39,34.827],[128.392,34.826],[128.392,34.826],[128.392,34.825],[128.392,34.825],[128.392,34.825],[128.392,34.825],[128.391,34.824],[128.391,34.823],[128.391,34.823],[128.391,34.823],[128.391,34.823],[128.391,34.823],[128.391,34.823],[128.391,34.823],[128.391,34.823],[128.391,34.823],[128.392,34.823],[128.393,34.823],[128.404,34.83],[128.405,34.833],[128.404,34.833],[128.402,34.835],[128.403,34.834],[128.403,34.835],[128.402,34.836],[128.397,34.834],[128.397,34.833],[128.397,34.833],[128.397,34.832],[128.396,34.83],[128.396,34.829],[128.396,34.829],[128.394,34.829],[128.393,34.829],[128.392,34.831],[128.392,34.831],[128.394,34.832],[128.394,34.832],[128.393,34.834],[128.393,34.834],[128.393,34.834],[128.388,34.836],[128.388,34.836],[128.388,34.836],[128.386,34.834],[128.384,34.835],[128.383,34.836],[128.383,34.836],[128.383,34.838],[128.383,34.838],[128.384,34.838],[128.388,34.839],[128.389,34.839],[128.389,34.839],[128.389,34.84],[128.388,34.842],[128.388,34.843],[128.386,34.844],[128.385,34.844],[128.382,34.844],[128.382,34.844],[128.382,34.844],[128.381,34.843],[128.381,34.843],[128.377,34.84],[128.377,34.84],[128.372,34.844],[128.372,34.844],[128.372,34.844],[128.372,34.844],[128.372,34.844],[128.374,34.844],[128.375,34.844],[128.375,34.844],[128.375,34.844],[128.377,34.844],[128.377,34.844],[128.377,34.844],[128.377,34.844],[128.378,34.845],[128.378,34.845],[128.377,34.846],[128.373,34.849],[128.371,34.849],[128.371,34.849],[128.37,34.849],[128.37,34.849],[128.37,34.849],[128.37,34.85],[128.37,34.85],[128.371,34.852],[128.372,34.853],[128.372,34.853],[128.373,34.853],[128.373,34.853],[128.373,34.853],[128.373,34.853],[128.374,34.852],[128.375,34.851],[128.375,34.851],[128.375,34.851],[128.378,34.851],[128.378,34.852],[128.385,34.858],[128.384,34.861],[128.385,34.861],[128.385,34.861],[128.385,34.861],[128.386,34.86],[128.386,34.86],[128.386,34.859],[128.387,34.859],[128.387,34.859],[128.388,34.86],[128.39,34.862],[128.39,34.862],[128.39,34.862],[128.388,34.863],[128.388,34.863],[128.389,34.863],[128.389,34.863],[128.389,34.863],[128.391,34.863],[128.393,34.863],[128.393,34.863],[128.393,34.863],[128.394,34.863],[128.394,34.863],[128.397,34.863],[128.397,34.863],[128.397,34.863],[128.397,34.861],[128.397,34.861],[128.397,34.86],[128.396,34.859],[128.396,34.859],[128.397,34.858],[128.401,34.862],[128.401,34.862],[128.408,34.861],[128.415,34.861],[128.415,34.862],[128.415,34.862],[128.416,34.861],[128.416,34.861],[128.419,34.86],[128.421,34.862],[128.42,34.864],[128.419,34.865],[128.416,34.868],[128.415,34.868],[128.415,34.868],[128.414,34.868],[128.409,34.867],[128.406,34.868],[128.405,34.868],[128.405,34.868],[128.405,34.865],[128.403,34.866],[128.403,34.866],[128.399,34.867],[128.398,34.867],[128.395,34.867],[128.395,34.867],[128.395,34.867],[128.395,34.867],[128.395,34.867],[128.395,34.867],[128.395,34.867],[128.394,34.867],[128.393,34.867],[128.393,34.867],[128.389,34.867],[128.388,34.867],[128.385,34.868],[128.385,34.869],[128.385,34.869],[128.385,34.869],[128.385,34.869],[128.385,34.87],[128.385,34.871],[128.386,34.873],[128.387,34.873],[128.387,34.873],[128.388,34.873],[128.388,34.873],[128.389,34.873],[128.389,34.873],[128.39,34.872],[128.39,34.872],[128.391,34.873],[128.391,34.873],[128.391,34.874],[128.389,34.876],[128.388,34.876],[128.388,34.876],[128.387,34.876],[128.387,34.875],[128.383,34.873],[128.383,34.872],[128.382,34.872],[128.382,34.872],[128.382,34.872],[128.382,34.872],[128.381,34.873],[128.381,34.873],[128.381,34.874],[128.381,34.874],[128.381,34.875],[128.383,34.879],[128.383,34.879],[128.383,34.879],[128.385,34.88],[128.385,34.881],[128.381,34.889],[128.379,34.89],[128.378,34.89],[128.377,34.891],[128.376,34.891],[128.375,34.89],[128.375,34.89],[128.376,34.89],[128.377,34.889],[128.378,34.889],[128.38,34.886],[128.38,34.885],[128.379,34.883],[128.379,34.883],[128.375,34.882],[128.375,34.882],[128.373,34.884],[128.372,34.885],[128.37,34.886],[128.37,34.883],[128.372,34.878],[128.372,34.875],[128.375,34.873],[128.376,34.871],[128.376,34.871],[128.375,34.87],[128.374,34.869],[128.373,34.869],[128.372,34.87],[128.372,34.87],[128.371,34.871],[128.37,34.871],[128.368,34.872],[128.368,34.873],[128.368,34.873],[128.368,34.873],[128.367,34.872],[128.365,34.871],[128.364,34.87],[128.363,34.87],[128.363,34.87],[128.359,34.87],[128.356,34.871],[128.356,34.871],[128.355,34.873],[128.356,34.876],[128.357,34.877],[128.357,34.877],[128.357,34.88],[128.357,34.881],[128.357,34.881],[128.354,34.88],[128.354,34.88],[128.354,34.88],[128.354,34.879],[128.354,34.879],[128.354,34.879],[128.353,34.879],[128.353,34.879],[128.352,34.881],[128.352,34.883],[128.351,34.887],[128.349,34.887],[128.349,34.887],[128.348,34.887],[128.349,34.885],[128.349,34.882],[128.35,34.878],[128.35,34.877],[128.349,34.873],[128.348,34.873],[128.348,34.873],[128.346,34.873],[128.343,34.873],[128.342,34.878],[128.342,34.881],[128.342,34.882],[128.341,34.882],[128.341,34.882],[128.334,34.883],[128.333,34.883],[128.333,34.882],[128.332,34.881],[128.333,34.881],[128.333,34.881],[128.337,34.878],[128.337,34.878],[128.333,34.877],[128.329,34.876],[128.329,34.876],[128.326,34.879],[128.325,34.881],[128.327,34.882],[128.327,34.882],[128.328,34.883],[128.328,34.883],[128.33,34.885],[128.328,34.886],[128.327,34.887],[128.326,34.887],[128.322,34.885],[128.322,34.884],[128.322,34.884],[128.322,34.884],[128.322,34.882],[128.32,34.879],[128.319,34.879],[128.317,34.88],[128.316,34.88],[128.316,34.88],[128.316,34.881],[128.316,34.881],[128.316,34.884],[128.316,34.884],[128.316,34.884],[128.316,34.884],[128.313,34.886],[128.312,34.886],[128.311,34.887],[128.31,34.893],[128.306,34.896],[128.304,34.898],[128.303,34.898],[128.303,34.898],[128.302,34.898],[128.301,34.898],[128.3,34.898],[128.298,34.9],[128.298,34.901],[128.298,34.902],[128.308,34.909],[128.32,34.908],[128.319,34.908],[128.32,34.907],[128.32,34.907],[128.322,34.907],[128.327,34.907],[128.328,34.908],[128.332,34.909],[128.339,34.909],[128.344,34.907],[128.35,34.905],[128.351,34.906],[128.353,34.908],[128.354,34.908],[128.355,34.908],[128.356,34.909],[128.355,34.91],[128.353,34.913],[128.352,34.914],[128.351,34.916],[128.351,34.916],[128.352,34.916],[128.352,34.916],[128.352,34.916],[128.354,34.917],[128.355,34.919],[128.353,34.92],[128.351,34.919],[128.349,34.92],[128.348,34.92],[128.348,34.92],[128.346,34.921],[128.346,34.922],[128.346,34.922],[128.346,34.922],[128.346,34.922],[128.348,34.923],[128.35,34.923],[128.35,34.923],[128.35,34.923],[128.351,34.922],[128.351,34.923],[128.351,34.923],[128.345,34.925],[128.337,34.927],[128.338,34.927],[128.338,34.927],[128.338,34.927],[128.338,34.927],[128.338,34.927],[128.338,34.926],[128.339,34.926],[128.339,34.926],[128.338,34.926],[128.338,34.925],[128.338,34.925],[128.338,34.925],[128.341,34.924],[128.341,34.924],[128.341,34.924],[128.342,34.924],[128.341,34.925],[128.347,34.933],[128.346,34.937],[128.344,34.937],[128.344,34.94],[128.344,34.94],[128.343,34.94],[128.338,34.938],[128.338,34.936],[128.338,34.936],[128.338,34.936],[128.337,34.936],[128.336,34.936],[128.336,34.936],[128.335,34.936],[128.335,34.936],[128.335,34.937],[128.335,34.937],[128.337,34.939],[128.34,34.939],[128.342,34.94],[128.341,34.948],[128.34,34.949],[128.339,34.948],[128.337,34.945],[128.336,34.945],[128.334,34.945],[128.331,34.951],[128.333,34.956],[128.333,34.957],[128.332,34.957],[128.332,34.957],[128.331,34.957],[128.331,34.957],[128.33,34.956],[128.325,34.956],[128.32,34.962],[128.32,34.963],[128.318,34.962],[128.317,34.961],[128.316,34.961],[128.316,34.958],[128.316,34.958],[128.316,34.958],[128.317,34.958],[128.317,34.958],[128.317,34.958],[128.317,34.956],[128.317,34.956],[128.317,34.956],[128.318,34.955],[128.318,34.955],[128.318,34.955],[128.318,34.953],[128.316,34.952],[128.316,34.951],[128.317,34.949],[128.32,34.944],[128.319,34.945],[128.314,34.943],[128.314,34.943],[128.314,34.942],[128.314,34.94],[128.315,34.939],[128.315,34.939],[128.315,34.939],[128.311,34.94],[128.309,34.942],[128.307,34.941],[128.307,34.939],[128.308,34.937],[128.308,34.937],[128.308,34.937],[128.307,34.936],[128.304,34.935],[128.304,34.935],[128.302,34.937],[128.299,34.934],[128.3,34.933],[128.3,34.927],[128.301,34.923],[128.3,34.922],[128.302,34.92],[128.302,34.92],[128.302,34.92],[128.305,34.919],[128.305,34.919],[128.305,34.919],[128.304,34.919],[128.302,34.918],[128.298,34.917],[128.299,34.915],[128.299,34.915],[128.3,34.915],[128.3,34.915],[128.301,34.914],[128.301,34.914],[128.301,34.914],[128.3,34.913],[128.3,34.913],[128.298,34.913],[128.295,34.913],[128.289,34.91],[128.288,34.91],[128.287,34.911],[128.287,34.911],[128.284,34.915],[128.284,34.916],[128.283,34.916],[128.283,34.917],[128.282,34.916],[128.281,34.916],[128.282,34.915],[128.281,34.91],[128.28,34.909],[128.28,34.908],[128.28,34.908],[128.28,34.908],[128.281,34.908],[128.283,34.906],[128.283,34.905],[128.283,34.904],[128.28,34.904],[128.279,34.904],[128.278,34.904],[128.277,34.904],[128.275,34.904],[128.275,34.904],[128.275,34.904],[128.275,34.904],[128.275,34.904],[128.274,34.903],[128.274,34.903],[128.274,34.903],[128.273,34.903],[128.273,34.903],[128.273,34.901],[128.273,34.901],[128.273,34.901],[128.273,34.901],[128.274,34.9],[128.274,34.9],[128.274,34.9],[128.274,34.9],[128.274,34.9],[128.273,34.9],[128.271,34.9],[128.271,34.9],[128.271,34.903],[128.271,34.903],[128.271,34.903],[128.271,34.904],[128.271,34.904],[128.271,34.904],[128.271,34.904],[128.271,34.904],[128.271,34.904],[128.271,34.904],[128.271,34.904],[128.271,34.904],[128.271,34.904],[128.271,34.904],[128.271,34.904],[128.271,34.904],[128.271,34.904],[128.271,34.905],[128.272,34.905],[128.274,34.905],[128.275,34.904],[128.275,34.904],[128.275,34.904],[128.276,34.904],[128.276,34.905],[128.276,34.905],[128.276,34.909],[128.276,34.91],[128.276,34.91],[128.275,34.91],[128.272,34.913],[128.272,34.914],[128.272,34.914],[128.272,34.914],[128.269,34.914],[128.269,34.914],[128.268,34.913],[128.268,34.913],[128.268,34.912],[128.268,34.912],[128.267,34.912],[128.266,34.912],[128.266,34.913],[128.266,34.916],[128.266,34.916],[128.266,34.916],[128.267,34.916],[128.267,34.916],[128.268,34.917],[128.268,34.917],[128.268,34.917],[128.268,34.918],[128.268,34.918],[128.268,34.918],[128.267,34.919],[128.267,34.919],[128.265,34.92],[128.264,34.921],[128.261,34.926],[128.26,34.927],[128.258,34.929],[128.258,34.93],[128.258,34.93],[128.258,34.93],[128.258,34.93],[128.258,34.931],[128.258,34.931],[128.258,34.931],[128.26,34.93],[128.261,34.927],[128.261,34.927],[128.264,34.927],[128.266,34.928],[128.269,34.93],[128.269,34.93],[128.269,34.93],[128.269,34.93],[128.269,34.931],[128.268,34.939],[128.267,34.939],[128.266,34.939],[128.266,34.939],[128.265,34.938],[128.265,34.938],[128.265,34.938],[128.265,34.938],[128.263,34.937],[128.262,34.938],[128.262,34.938],[128.262,34.939],[128.262,34.939],[128.261,34.939],[128.261,34.939],[128.261,34.939],[128.261,34.939],[128.261,34.939],[128.261,34.939],[128.261,34.939],[128.261,34.939],[128.261,34.939],[128.261,34.939],[128.26,34.939],[128.26,34.939],[128.26,34.939],[128.26,34.94],[128.26,34.94],[128.26,34.94],[128.26,34.94],[128.26,34.94],[128.26,34.94],[128.26,34.94],[128.26,34.94],[128.26,34.94],[128.26,34.94],[128.26,34.94],[128.26,34.94],[128.26,34.94],[128.26,34.94],[128.26,34.94],[128.26,34.94],[128.259,34.94],[128.259,34.94],[128.259,34.94],[128.259,34.94],[128.259,34.94],[128.259,34.94],[128.259,34.94],[128.259,34.94],[128.259,34.94],[128.258,34.94],[128.258,34.94],[128.258,34.94],[128.259,34.94],[128.259,34.94],[128.259,34.94],[128.259,34.94],[128.259,34.94],[128.258,34.939],[128.258,34.938],[128.257,34.937],[128.257,34.936],[128.257,34.936],[128.257,34.936],[128.257,34.936],[128.257,34.936],[128.257,34.936],[128.257,34.936],[128.255,34.937],[128.254,34.939],[128.253,34.941],[128.252,34.941],[128.25,34.941],[128.248,34.941],[128.248,34.94],[128.248,34.94],[128.249,34.94],[128.248,34.938],[128.246,34.936],[128.245,34.936],[128.245,34.936],[128.245,34.937],[128.247,34.941],[128.247,34.941],[128.247,34.943],[128.241,34.944],[128.239,34.944],[128.234,34.942],[128.233,34.942],[128.232,34.942],[128.227,34.941],[128.226,34.941],[128.225,34.942],[128.225,34.942],[128.225,34.943],[128.225,34.944],[128.225,34.944],[128.225,34.945],[128.223,34.946],[128.221,34.946],[128.219,34.945],[128.219,34.944],[128.219,34.944],[128.219,34.943],[128.219,34.942],[128.216,34.939],[128.216,34.939],[128.216,34.94],[128.214,34.943],[128.214,34.943],[128.213,34.943],[128.212,34.943],[128.21,34.942],[128.21,34.941],[128.211,34.941],[128.209,34.936],[128.209,34.936],[128.209,34.936],[128.209,34.936],[128.209,34.936],[128.209,34.936],[128.209,34.936],[128.209,34.936],[128.209,34.936],[128.208,34.938],[128.208,34.939],[128.202,34.94],[128.197,34.937],[128.197,34.936],[128.197,34.934],[128.198,34.934],[128.201,34.933],[128.204,34.932],[128.204,34.931],[128.204,34.931],[128.201,34.932],[128.2,34.933],[128.199,34.933],[128.199,34.932],[128.199,34.931],[128.2,34.93],[128.202,34.923],[128.202,34.923],[128.201,34.922],[128.2,34.92],[128.196,34.912],[128.196,34.912],[128.198,34.905],[128.2,34.902],[128.2,34.902],[128.201,34.901],[128.201,34.901],[128.203,34.9],[128.203,34.9],[128.204,34.899],[128.203,34.895],[128.202,34.894],[128.199,34.893],[128.197,34.894],[128.189,34.894],[128.189,34.894],[128.189,34.894],[128.189,34.894],[128.189,34.894],[128.189,34.894],[128.188,34.893],[128.188,34.894],[128.187,34.895],[128.187,34.899],[128.187,34.899],[128.187,34.899],[128.189,34.904],[128.189,34.905],[128.189,34.905],[128.186,34.906],[128.185,34.906],[128.185,34.905],[128.185,34.905],[128.185,34.904],[128.186,34.902],[128.186,34.902],[128.186,34.901],[128.186,34.901],[128.184,34.895],[128.184,34.895],[128.181,34.896],[128.178,34.9],[128.178,34.901],[128.179,34.904],[128.179,34.905],[128.179,34.905],[128.179,34.905],[128.172,34.904],[128.172,34.904],[128.172,34.903],[128.172,34.903],[128.172,34.903],[128.172,34.903],[128.173,34.903],[128.176,34.897],[128.177,34.895],[128.176,34.895],[128.169,34.897],[128.17,34.9],[128.17,34.9],[128.17,34.901],[128.166,34.903],[128.165,34.899],[128.167,34.897],[128.167,34.897],[128.167,34.897],[128.167,34.897],[128.167,34.897],[128.167,34.897],[128.167,34.897],[128.167,34.897],[128.166,34.897],[128.162,34.9],[128.16,34.902],[128.16,34.903],[128.16,34.907],[128.158,34.909],[128.158,34.909],[128.157,34.909],[128.157,34.909],[128.156,34.909],[128.156,34.909],[128.155,34.909],[128.155,34.909],[128.152,34.905],[128.152,34.904],[128.15,34.904],[128.148,34.906],[128.146,34.905],[128.146,34.905],[128.145,34.905],[128.145,34.904],[128.146,34.904],[128.146,34.899],[128.145,34.9],[128.144,34.9],[128.144,34.901],[128.144,34.901],[128.144,34.902],[128.145,34.902],[128.144,34.902],[128.143,34.903],[128.143,34.903],[128.143,34.903],[128.142,34.903],[128.142,34.903],[128.141,34.903],[128.141,34.903],[128.141,34.903],[128.141,34.902],[128.141,34.894],[128.141,34.894],[128.14,34.894],[128.139,34.894],[128.139,34.894],[128.139,34.894],[128.139,34.894],[128.138,34.894],[128.138,34.894],[128.138,34.894],[128.137,34.893],[128.134,34.888],[128.133,34.888],[128.132,34.889],[128.129,34.893],[128.129,34.893],[128.128,34.893],[128.127,34.896],[128.127,34.897],[128.126,34.897],[128.122,34.896],[128.119,34.898],[128.116,34.902],[128.118,34.904],[128.114,34.906],[128.114,34.906],[128.113,34.903],[128.114,34.903],[128.104,34.901],[128.111,34.903],[128.101,34.914],[128.101,34.914],[128.101,34.915],[128.103,34.915],[128.107,34.916],[128.11,34.917],[128.11,34.917],[128.11,34.917],[128.11,34.917],[128.109,34.917],[128.105,34.916],[128.104,34.916],[128.104,34.916],[128.104,34.916],[128.104,34.916],[128.104,34.916],[128.104,34.916],[128.103,34.916],[128.103,34.916],[128.103,34.916],[128.103,34.916],[128.103,34.916],[128.103,34.917],[128.103,34.919],[128.103,34.919],[128.103,34.919],[128.103,34.919],[128.104,34.919],[128.104,34.919],[128.104,34.919],[128.111,34.923],[128.113,34.923],[128.113,34.923],[128.115,34.921],[128.116,34.921],[128.117,34.921],[128.122,34.922],[128.121,34.923],[128.12,34.922],[128.115,34.923],[128.109,34.923],[128.106,34.922],[128.103,34.923],[128.103,34.923],[128.101,34.925],[128.1,34.925],[128.099,34.925],[128.099,34.925],[128.099,34.924],[128.099,34.924],[128.099,34.924],[128.099,34.924],[128.099,34.924],[128.099,34.921],[128.098,34.92],[128.098,34.92],[128.098,34.921],[128.097,34.922],[128.097,34.922],[128.097,34.922],[128.098,34.922],[128.098,34.922],[128.098,34.922],[128.098,34.924],[128.098,34.925],[128.097,34.926],[128.097,34.926],[128.097,34.926],[128.097,34.926],[128.097,34.926],[128.097,34.926],[128.097,34.926],[128.097,34.926],[128.096,34.926],[128.096,34.926],[128.096,34.926],[128.096,34.926],[128.096,34.926],[128.096,34.926],[128.096,34.926],[128.096,34.926],[128.096,34.926],[128.094,34.924],[128.094,34.924],[128.094,34.924],[128.095,34.924],[128.095,34.924],[128.095,34.924],[128.095,34.924],[128.095,34.924],[128.095,34.924],[128.093,34.923],[128.083,34.917],[128.083,34.918],[128.086,34.919],[128.088,34.924],[128.086,34.927],[128.08,34.927],[128.081,34.928],[128.074,34.923],[128.072,34.927],[128.071,34.927],[128.07,34.927],[128.063,34.927],[128.061,34.928],[128.057,34.929],[128.056,34.929],[128.057,34.927],[128.058,34.927],[128.058,34.927],[128.056,34.928],[128.055,34.929],[128.053,34.931],[128.052,34.931],[128.052,34.931],[128.05,34.933],[128.048,34.935],[128.047,34.935],[128.047,34.935],[128.047,34.935],[128.046,34.935],[128.04,34.941],[128.04,34.945],[128.04,34.946],[128.039,34.946],[128.039,34.947],[128.03,34.957],[128.03,34.958],[128.03,34.959],[128.031,34.959],[128.033,34.958],[128.033,34.958],[128.033,34.958],[128.034,34.958],[128.034,34.958],[128.039,34.962],[128.043,34.966],[128.045,34.966],[128.046,34.966],[128.046,34.967],[128.051,34.975],[128.049,34.979],[128.048,34.979],[128.043,34.984],[128.044,34.984],[128.044,34.985],[128.044,34.985],[128.044,34.986],[128.044,34.986],[128.043,34.988],[128.042,34.989],[128.041,34.99],[128.039,34.996],[128.039,34.998],[128.04,35.003],[128.048,35.01],[128.05,35.016],[128.05,35.016],[128.05,35.016],[128.047,35.02],[128.045,35.024],[128.045,35.024],[128.045,35.024],[128.043,35.025],[128.043,35.025],[128.043,35.024],[128.038,35.022],[128.038,35.021],[128.038,35.021],[128.038,35.021],[128.038,35.017],[128.039,35.016],[128.04,35.016],[128.04,35.016],[128.04,35.016],[128.039,35.016],[128.035,35.023],[128.035,35.024],[128.036,35.025],[128.042,35.031],[128.042,35.031],[128.042,35.032],[128.042,35.032],[128.042,35.032],[128.042,35.032],[128.042,35.032],[128.042,35.032],[128.042,35.032],[128.042,35.032],[128.04,35.034],[128.039,35.038],[128.04,35.044],[128.041,35.046],[128.043,35.047],[128.043,35.047],[128.043,35.047],[128.04,35.047],[128.039,35.049],[128.038,35.051],[128.039,35.055],[128.043,35.065],[128.044,35.066],[128.046,35.068],[128.06,35.077],[128.058,35.078],[128.053,35.081],[128.051,35.079],[128.046,35.076],[128.036,35.078],[128.035,35.077],[128.035,35.077],[128.036,35.076],[128.037,35.076],[128.038,35.076],[128.039,35.076],[128.04,35.076],[128.04,35.075],[128.041,35.075],[128.041,35.072],[128.04,35.071],[128.034,35.069],[128.033,35.069],[128.033,35.069],[128.033,35.067],[128.033,35.067],[128.033,35.066],[128.033,35.066],[128.034,35.064],[128.035,35.063],[128.035,35.062],[128.034,35.062],[128.029,35.06],[128.026,35.052],[128.026,35.051],[128.028,35.05],[128.029,35.05],[128.029,35.05],[128.029,35.05],[128.03,35.051],[128.03,35.051],[128.03,35.051],[128.031,35.051],[128.031,35.051],[128.031,35.05],[128.031,35.05],[128.031,35.05],[128.031,35.05],[128.031,35.049],[128.031,35.049],[128.031,35.049],[128.031,35.049],[128.03,35.049],[128.03,35.048],[128.03,35.048],[128.03,35.048],[128.03,35.048],[128.03,35.048],[128.03,35.048],[128.03,35.048],[128.03,35.048],[128.03,35.048],[128.03,35.048],[128.03,35.048],[128.03,35.048],[128.03,35.048],[128.029,35.046],[128.029,35.046],[128.029,35.046],[128.029,35.045],[128.026,35.042],[128.027,35.042],[128.027,35.042],[128.027,35.042],[128.027,35.041],[128.027,35.041],[128.027,35.041],[128.027,35.041],[128.027,35.041],[128.027,35.041],[128.027,35.041],[128.027,35.041],[128.027,35.039],[128.027,35.039],[128.027,35.039],[128.027,35.039],[128.027,35.039],[128.027,35.039],[128.026,35.039],[128.026,35.039],[128.026,35.039],[128.026,35.039],[128.026,35.039],[128.026,35.039],[128.026,35.038],[128.026,35.037],[128.026,35.037],[128.026,35.037],[128.026,35.037],[128.026,35.037],[128.026,35.037],[128.026,35.037],[128.026,35.037],[128.026,35.036],[128.026,35.036],[128.026,35.036],[128.026,35.036],[128.026,35.036],[128.026,35.036],[128.026,35.036],[128.026,35.036],[128.026,35.035],[128.026,35.034],[128.026,35.034],[128.026,35.034],[128.025,35.033],[128.025,35.033],[128.021,35.031],[128.021,35.031],[128.021,35.031],[128.022,35.031],[128.021,35.03],[128.021,35.03],[128.021,35.03],[128.021,35.03],[128.021,35.03],[128.021,35.03],[128.021,35.03],[128.021,35.03],[128.021,35.03],[128.021,35.03],[128.021,35.03],[128.021,35.029],[128.021,35.029],[128.021,35.029],[128.021,35.029],[128.021,35.029],[128.021,35.029],[128.021,35.029],[128.021,35.029],[128.021,35.029],[128.021,35.029],[128.021,35.029],[128.021,35.029],[128.021,35.029],[128.021,35.029],[128.02,35.028],[128.02,35.028],[128.02,35.028],[128.02,35.028],[128.019,35.028],[128.019,35.028],[128.019,35.028],[128.019,35.028],[128.019,35.028],[128.016,35.029],[128.016,35.03],[128.015,35.029],[128.015,35.029],[128.015,35.029],[128.015,35.029],[128.015,35.029],[128.015,35.029],[128.015,35.029],[128.015,35.029],[128.015,35.029],[128.014,35.029],[128.014,35.029],[128.01,35.031],[128.009,35.031],[128.009,35.031],[128.009,35.031],[128.009,35.031],[128.009,35.031],[128.009,35.031],[128.009,35.031],[128.009,35.031],[128.006,35.033],[128.006,35.033],[128.006,35.033],[128.006,35.033],[128.006,35.033],[128.006,35.033],[128.006,35.033],[128.006,35.034],[128.006,35.034],[128.006,35.034],[128.006,35.034],[128.006,35.034],[128.006,35.034],[128.006,35.034],[128.006,35.034],[128.006,35.034],[128.006,35.034],[128.006,35.034],[128.006,35.034],[128.007,35.034],[128.011,35.035],[128.015,35.037],[128.015,35.037],[128.015,35.037],[128.015,35.037],[128.015,35.037],[128.015,35.038],[128.015,35.038],[128.017,35.039],[128.017,35.039],[128.017,35.039],[128.017,35.039],[128.017,35.039],[128.017,35.039],[128.018,35.039],[128.018,35.039],[128.018,35.039],[128.018,35.039],[128.018,35.039],[128.018,35.039],[128.018,35.039],[128.018,35.039],[128.018,35.039],[128.019,35.04],[128.019,35.04],[128.019,35.04],[128.019,35.04],[128.019,35.041],[128.019,35.041],[128.019,35.041],[128.019,35.041],[128.019,35.041],[128.019,35.041],[128.019,35.041],[128.019,35.042],[128.019,35.042],[128.019,35.042],[128.019,35.042],[128.019,35.042],[128.019,35.042],[128.018,35.042],[128.016,35.044],[128.016,35.044],[128.016,35.045],[128.016,35.045],[128.016,35.046],[128.014,35.046],[128.014,35.046],[128.014,35.046],[128.013,35.047],[128.013,35.047],[128.011,35.049],[128.01,35.05],[128.009,35.05],[128.009,35.049],[128.009,35.049],[128.009,35.049],[128.009,35.049],[128.009,35.049],[128.009,35.049],[128.009,35.049],[128.009,35.049],[128.009,35.049],[128.009,35.049],[128.009,35.048],[128.009,35.048],[128.009,35.048],[128.009,35.047],[128.009,35.047],[128.011,35.045],[128.012,35.044],[128.014,35.043],[128.014,35.043],[128.014,35.043],[128.014,35.043],[128.014,35.042],[128.015,35.041],[128.015,35.041],[128.015,35.041],[128.015,35.041],[128.015,35.04],[128.015,35.04],[128.015,35.04],[128.015,35.04],[128.015,35.04],[128.015,35.04],[128.015,35.04],[128.014,35.04],[128.014,35.04],[128.014,35.04],[128.009,35.038],[128.009,35.038],[128.009,35.038],[128.008,35.039],[128.008,35.039],[128.008,35.039],[128.008,35.039],[128.008,35.039],[128.007,35.04],[128.007,35.04],[128.005,35.042],[128.005,35.042],[128.005,35.042],[128.005,35.042],[128.005,35.042],[128.005,35.042],[128.005,35.042],[128.005,35.042],[128.005,35.042],[128.005,35.042],[128.005,35.042],[128.005,35.042],[128.005,35.042],[128.005,35.042],[128.005,35.042],[128.005,35.043],[128.005,35.043],[128.005,35.043],[128.005,35.044],[128.005,35.044],[128.005,35.044],[128.005,35.044],[128.005,35.044],[128.005,35.044],[128.005,35.044],[128.005,35.044],[128.005,35.044],[128.005,35.044],[128.005,35.044],[128.004,35.044],[128.004,35.044],[128.004,35.044],[128.004,35.044],[128.004,35.044],[128.004,35.044],[128.004,35.044],[128.004,35.044],[128.004,35.045],[128.003,35.043],[127.997,35.044],[127.985,35.046],[127.983,35.042],[127.983,35.04],[127.983,35.04],[127.983,35.038],[127.983,35.037],[127.979,35.034],[127.977,35.032],[127.988,35.033],[127.989,35.034],[127.989,35.034],[127.988,35.036],[127.988,35.039],[127.988,35.039],[127.988,35.039],[127.996,35.038],[127.997,35.037],[127.994,35.032],[127.999,35.03],[128.006,35.025],[128.009,35.023],[128.009,35.022],[128.009,35.022],[128.009,35.022],[128.009,35.022],[128.009,35.022],[128.009,35.022],[128.009,35.022],[128.008,35.018],[128.008,35.018],[128.007,35.017],[128.007,35.017],[128.007,35.015],[128.008,35.013],[128.008,35.012],[128.008,35.012],[128.008,35.012],[128.008,35.012],[128.008,35.012],[128.008,35.012],[128.008,35.013],[128.009,35.013],[128.009,35.013],[128.009,35.013],[128.009,35.013],[128.01,35.012],[128.01,35.012],[128.015,35.011],[128.015,35.011],[128.016,35.011],[128.016,35.011],[128.017,35.011],[128.018,35.01],[128.018,35.01],[128.018,35.01],[128.018,35.01],[128.018,35.009],[128.018,35.007],[128.018,35.007],[128.019,35.006],[128.019,35.006],[128.02,35.006],[128.02,35.006],[128.02,35.006],[128.02,35.006],[128.02,35.006],[128.02,35.005],[128.02,35.005],[128.02,35.005],[128.02,35.005],[128.02,35.005],[128.02,35.005],[128.02,35.005],[128.02,35.005],[128.02,35.004],[128.02,35.004],[128.016,34.999],[128.015,34.995],[128.016,34.995],[128.016,34.995],[128.016,34.995],[128.016,34.995],[128.015,34.992],[128.014,34.991],[128.013,34.991],[128.013,34.992],[128.013,34.992],[128.012,34.994],[128.008,34.996],[128.008,34.996],[128.008,34.996],[128.007,34.995],[128.008,34.994],[128.009,34.992],[128.009,34.991],[128.009,34.988],[128.009,34.987],[128.01,34.987],[128.008,34.983],[128.008,34.982],[128.008,34.982],[128.008,34.982],[128.007,34.982],[128.004,34.983],[128.004,34.985],[128.004,34.985],[128.004,34.985],[128.005,34.985],[128.005,34.985],[128.005,34.985],[128.005,34.985],[128.005,34.984],[128.006,34.985],[128.006,34.988],[128.006,34.988],[128.005,34.988],[128.005,34.988],[128.001,34.985],[128.001,34.984],[128.001,34.984],[128.001,34.984],[128.0,34.983],[128.0,34.983],[128.0,34.983],[128.0,34.984],[128.0,34.984],[128.0,34.984],[128.0,34.985],[128.0,34.987],[128.0,34.988],[128.002,34.988],[128.002,34.989],[128.002,34.99],[128.0,34.995],[127.998,34.996],[127.998,34.996],[127.997,34.996],[127.993,34.992],[127.994,34.99],[127.995,34.984],[127.994,34.984],[127.994,34.985],[127.994,34.986],[127.994,34.987],[127.994,34.987],[127.994,34.987],[127.99,34.989],[127.989,34.989],[127.989,34.989],[127.988,34.986],[127.988,34.985],[127.988,34.985],[127.988,34.977],[127.983,34.976],[127.981,34.978],[127.98,34.978],[127.979,34.981],[127.979,34.981],[127.978,34.981],[127.977,34.982],[127.977,34.982],[127.977,34.982],[127.977,34.983],[127.977,34.983],[127.977,34.983],[127.976,34.986],[127.975,34.985],[127.975,34.985],[127.975,34.985],[127.975,34.985],[127.975,34.985],[127.975,34.985],[127.974,34.985],[127.974,34.985],[127.974,34.985],[127.974,34.985],[127.974,34.985],[127.973,34.986],[127.973,34.986],[127.973,34.986],[127.973,34.986],[127.973,34.987],[127.973,34.987],[127.973,34.988],[127.973,34.988],[127.973,34.988],[127.973,34.988],[127.973,34.988],[127.975,34.99],[127.975,34.99],[127.973,34.993],[127.969,34.994],[127.968,34.993],[127.968,34.993],[127.968,34.992],[127.967,34.992],[127.965,34.995],[127.964,34.995],[127.962,34.995],[127.962,34.994],[127.962,34.993],[127.962,34.993],[127.962,34.993],[127.962,34.99],[127.961,34.989],[127.956,34.985],[127.954,34.986],[127.954,34.986],[127.953,34.987],[127.953,34.987],[127.952,34.986],[127.947,34.984],[127.947,34.982],[127.948,34.983],[127.949,34.983],[127.951,34.982],[127.953,34.981],[127.953,34.981],[127.953,34.981],[127.952,34.981],[127.952,34.981],[127.95,34.981],[127.949,34.981],[127.948,34.98],[127.948,34.98],[127.95,34.978],[127.951,34.977],[127.951,34.977],[127.952,34.978],[127.946,34.978],[127.935,34.982],[127.934,34.982],[127.935,34.982],[127.935,34.983],[127.937,34.984],[127.938,34.984],[127.939,34.984],[127.94,34.984],[127.94,34.985],[127.94,34.985],[127.94,34.985],[127.94,34.985],[127.939,34.987],[127.939,34.987],[127.938,34.988],[127.937,34.988],[127.937,34.988],[127.937,34.988],[127.937,34.988],[127.937,34.988],[127.936,34.987],[127.935,34.986],[127.932,34.992],[127.932,34.992],[127.932,34.992],[127.932,34.993],[127.934,34.996],[127.934,34.996],[127.935,34.996],[127.94,34.998],[127.941,34.998],[127.941,34.999],[127.941,34.999],[127.941,34.999],[127.941,34.999],[127.941,34.999],[127.941,34.999],[127.941,34.999],[127.94,34.999],[127.937,34.998],[127.935,34.998],[127.939,35.001],[127.94,35.001],[127.94,35.001],[127.941,35.001],[127.941,35.001],[127.941,35.001],[127.941,35.002],[127.941,35.002],[127.941,35.004],[127.937,35.005],[127.937,35.005],[127.933,35.007],[127.93,35.009],[127.927,35.013],[127.923,35.014],[127.922,35.006],[127.922,35.005],[127.922,35.005],[127.921,35.005],[127.921,35.005],[127.921,35.005],[127.921,35.005],[127.92,35.004],[127.916,34.997],[127.916,34.995],[127.916,34.995],[127.917,34.995],[127.918,34.995],[127.918,34.995],[127.919,34.995],[127.92,34.994],[127.919,34.992],[127.917,34.992],[127.917,34.992],[127.917,34.993],[127.917,34.993],[127.917,34.993],[127.915,34.993],[127.914,34.993],[127.916,34.99],[127.916,34.99],[127.918,34.989],[127.918,34.989],[127.918,34.989],[127.919,34.989],[127.919,34.99],[127.923,34.99],[127.923,34.99],[127.923,34.99],[127.923,34.99],[127.919,34.988],[127.917,34.989],[127.917,34.988],[127.917,34.988],[127.917,34.987],[127.919,34.982],[127.919,34.982],[127.919,34.981],[127.917,34.981],[127.916,34.982],[127.916,34.983],[127.916,34.983],[127.916,34.983],[127.916,34.984],[127.916,34.984],[127.914,34.985],[127.911,34.985],[127.908,34.983],[127.907,34.983],[127.908,34.982],[127.909,34.982],[127.91,34.981],[127.911,34.98],[127.911,34.977],[127.911,34.975],[127.911,34.975],[127.911,34.974],[127.911,34.971],[127.91,34.971],[127.91,34.971],[127.91,34.971],[127.91,34.971],[127.91,34.971],[127.91,34.971],[127.911,34.971],[127.911,34.971],[127.911,34.972],[127.91,34.974],[127.909,34.974],[127.909,34.974],[127.906,34.974],[127.901,34.972],[127.901,34.971],[127.902,34.97],[127.902,34.97],[127.902,34.97],[127.902,34.97],[127.902,34.97],[127.9,34.967],[127.9,34.967],[127.9,34.965],[127.9,34.965],[127.899,34.962],[127.899,34.962],[127.899,34.962],[127.897,34.957],[127.896,34.957],[127.896,34.957],[127.896,34.957],[127.894,34.958],[127.894,34.958],[127.894,34.958],[127.888,34.954],[127.888,34.954],[127.887,34.952],[127.887,34.952],[127.886,34.952],[127.886,34.953],[127.886,34.954],[127.885,34.956],[127.885,34.956],[127.885,34.956],[127.881,34.953],[127.881,34.952],[127.881,34.952],[127.881,34.952],[127.882,34.952],[127.882,34.95],[127.882,34.95],[127.882,34.949],[127.859,34.949],[127.856,34.949],[127.855,34.949],[127.851,34.947],[127.848,34.948],[127.849,34.949],[127.848,34.95],[127.847,34.951],[127.845,34.95],[127.846,34.958],[127.846,34.958],[127.845,34.96],[127.844,34.961],[127.841,34.963],[127.841,34.963],[127.84,34.957],[127.837,34.958],[127.838,34.959],[127.838,34.959],[127.837,34.96],[127.836,34.959],[127.834,34.959],[127.835,34.957],[127.839,34.951],[127.838,34.949],[127.829,34.951],[127.823,34.955],[127.825,34.951],[127.826,34.951],[127.827,34.951],[127.828,34.951],[127.828,34.95],[127.829,34.948],[127.817,34.949],[127.815,34.949],[127.815,34.949],[127.817,34.947],[127.819,34.944],[127.819,34.942],[127.816,34.939],[127.813,34.94],[127.811,34.94],[127.811,34.94],[127.803,34.935],[127.805,34.928],[127.802,34.923],[127.799,34.923],[127.792,34.94],[127.789,34.943],[127.788,34.943],[127.787,34.943],[127.787,34.943],[127.781,34.944],[127.78,34.948],[127.777,34.953],[127.775,34.954],[127.773,34.959],[127.762,34.967],[127.763,34.976],[127.765,34.978],[127.768,34.979],[127.769,34.979],[127.771,34.98],[127.774,34.983],[127.775,34.985],[127.779,34.988],[127.78,34.989],[127.78,34.994],[127.784,35.003],[127.786,35.016],[127.785,35.02],[127.782,35.023],[127.779,35.025],[127.777,35.027],[127.773,35.032],[127.771,35.037],[127.771,35.038],[127.769,35.049],[127.764,35.054],[127.762,35.055],[127.752,35.057],[127.745,35.06],[127.74,35.064],[127.739,35.069],[127.739,35.07],[127.734,35.076],[127.722,35.081],[127.716,35.083],[127.704,35.097],[127.695,35.105],[127.695,35.118],[127.695,35.122],[127.695,35.124],[127.695,35.125],[127.694,35.128],[127.689,35.135],[127.684,35.139],[127.677,35.146],[127.676,35.147],[127.671,35.15],[127.667,35.153],[127.66,35.159],[127.656,35.16],[127.652,35.16],[127.648,35.16],[127.647,35.161],[127.642,35.167],[127.64,35.17],[127.636,35.174],[127.632,35.176],[127.631,35.178],[127.629,35.18],[127.628,35.181],[127.627,35.182],[127.625,35.183],[127.622,35.187],[127.618,35.191],[127.621,35.192],[127.62,35.198],[127.617,35.207],[127.617,35.21],[127.621,35.215],[127.62,35.221],[127.621,35.221],[127.621,35.225],[127.617,35.239],[127.613,35.242],[127.615,35.25],[127.613,35.253],[127.612,35.258],[127.61,35.262],[127.609,35.262],[127.602,35.266],[127.601,35.267],[127.599,35.267],[127.596,35.269],[127.593,35.273],[127.59,35.28],[127.584,35.291],[127.578,35.295],[127.577,35.301],[127.576,35.306],[127.577,35.309],[127.581,35.309],[127.585,35.309],[127.599,35.316],[127.607,35.321],[127.608,35.325],[127.621,35.334],[127.621,35.336],[127.623,35.342],[127.621,35.347],[127.616,35.35],[127.614,35.354],[127.612,35.357],[127.612,35.361],[127.61,35.366],[127.613,35.369],[127.617,35.37],[127.623,35.373],[127.625,35.381],[127.626,35.386],[127.629,35.39],[127.64,35.401],[127.643,35.402],[127.649,35.406],[127.66,35.414],[127.664,35.424],[127.664,35.427],[127.666,35.427],[127.666,35.433],[127.665,35.436],[127.668,35.438],[127.671,35.44],[127.673,35.447],[127.669,35.449],[127.664,35.448],[127.658,35.449],[127.651,35.452],[127.644,35.45],[127.637,35.459],[127.636,35.462],[127.638,35.471],[127.637,35.476],[127.637,35.479],[127.639,35.48],[127.651,35.486],[127.65,35.491],[127.647,35.498],[127.643,35.504],[127.637,35.509],[127.636,35.512],[127.634,35.512],[127.634,35.516],[127.634,35.52],[127.633,35.52],[127.626,35.525],[127.626,35.525],[127.625,35.527],[127.626,35.532],[127.629,35.536],[127.628,35.536],[127.623,35.534],[127.621,35.535],[127.616,35.535],[127.611,35.537],[127.609,35.539],[127.609,35.541],[127.6,35.546],[127.593,35.552],[127.588,35.554],[127.587,35.557],[127.588,35.562],[127.591,35.566],[127.596,35.572],[127.603,35.578],[127.607,35.58],[127.608,35.583],[127.611,35.583],[127.608,35.591],[127.607,35.595],[127.611,35.599],[127.613,35.605],[127.613,35.609],[127.616,35.61],[127.619,35.611],[127.621,35.615],[127.623,35.615],[127.627,35.617],[127.634,35.618],[127.635,35.62],[127.631,35.624],[127.624,35.633],[127.623,35.64],[127.62,35.642],[127.62,35.644],[127.621,35.647],[127.623,35.65],[127.623,35.651],[127.629,35.656],[127.629,35.66],[127.629,35.664],[127.636,35.668],[127.64,35.675],[127.639,35.676],[127.64,35.683],[127.642,35.689],[127.647,35.7],[127.649,35.703],[127.655,35.706],[127.66,35.708],[127.661,35.714],[127.661,35.719],[127.663,35.725],[127.662,35.732],[127.661,35.735],[127.662,35.74],[127.662,35.749],[127.663,35.752],[127.664,35.756],[127.664,35.764],[127.666,35.769],[127.669,35.771],[127.676,35.771],[127.681,35.772],[127.685,35.777],[127.693,35.783],[127.7,35.789],[127.708,35.791],[127.715,35.795],[127.719,35.797],[127.72,35.8],[127.721,35.802],[127.724,35.805],[127.724,35.807],[127.724,35.81],[127.725,35.813],[127.729,35.813],[127.732,35.816],[127.732,35.821],[127.738,35.826],[127.738,35.832],[127.741,35.839],[127.748,35.843],[127.751,35.842],[127.757,35.837],[127.759,35.837],[127.765,35.839],[127.777,35.843],[127.781,35.848],[127.789,35.853],[127.8,35.856],[127.806,35.858],[127.809,35.856],[127.813,35.854],[127.815,35.855],[127.817,35.859],[127.819,35.862],[127.823,35.866],[127.833,35.869],[127.835,35.867],[127.845,35.87],[127.845,35.876],[127.852,35.879],[127.852,35.885],[127.851,35.89],[127.859,35.898],[127.858,35.901],[127.86,35.906],[127.865,35.906],[127.867,35.905],[127.869,35.904],[127.877,35.908],[127.878,35.909],[127.882,35.91],[127.883,35.902],[127.886,35.893],[127.891,35.89],[127.893,35.888],[127.895,35.887],[127.902,35.89],[127.912,35.89],[127.92,35.893],[127.92,35.892],[127.919,35.89],[127.922,35.886],[127.922,35.885],[127.923,35.883],[127.926,35.881],[127.927,35.881],[127.93,35.878],[127.929,35.878],[127.929,35.875],[127.929,35.871],[127.93,35.869],[127.933,35.865],[127.933,35.863],[127.929,35.858],[127.927,35.858],[127.926,35.856],[127.926,35.856],[127.929,35.856],[127.933,35.855],[127.942,35.855],[127.944,35.856],[127.947,35.86],[127.96,35.86],[127.961,35.856],[127.965,35.855],[127.971,35.853],[127.972,35.852],[127.975,35.853],[127.977,35.854],[127.98,35.858],[127.984,35.858],[127.987,35.851],[127.991,35.846],[127.994,35.842],[127.996,35.84],[127.996,35.838],[128.0,35.836],[128.006,35.834],[128.007,35.832],[128.01,35.829],[128.018,35.833],[128.022,35.833],[128.027,35.835],[128.031,35.836],[128.038,35.834],[128.048,35.83],[128.053,35.831],[128.054,35.834],[128.057,35.834],[128.062,35.836],[128.071,35.841],[128.074,35.839],[128.078,35.839],[128.084,35.837],[128.086,35.833],[128.091,35.831],[128.093,35.832],[128.096,35.832],[128.097,35.832],[128.1,35.83],[128.105,35.828],[128.111,35.824],[128.116,35.823],[128.124,35.821],[128.122,35.812],[128.122,35.807],[128.122,35.804],[128.128,35.795],[128.13,35.789],[128.132,35.788],[128.135,35.786],[128.138,35.784],[128.149,35.784],[128.154,35.786],[128.159,35.783],[128.159,35.78],[128.164,35.777],[128.162,35.77],[128.17,35.761],[128.177,35.758],[128.181,35.756],[128.186,35.754],[128.187,35.753],[128.189,35.751],[128.189,35.749],[128.191,35.747],[128.194,35.738],[128.195,35.738],[128.198,35.736],[128.198,35.733],[128.197,35.73],[128.201,35.723],[128.203,35.713],[128.202,35.711],[128.201,35.71],[128.201,35.71],[128.2,35.708],[128.202,35.704],[128.203,35.703],[128.205,35.697],[128.205,35.696],[128.204,35.695],[128.203,35.693],[128.203,35.691],[128.201,35.684],[128.199,35.684],[128.198,35.683],[128.197,35.681],[128.184,35.68],[128.178,35.673],[128.167,35.674],[128.16,35.668],[128.16,35.665],[128.161,35.663],[128.16,35.658],[128.164,35.653],[128.172,35.654],[128.176,35.657],[128.18,35.657],[128.183,35.657],[128.19,35.656],[128.193,35.653],[128.199,35.649],[128.2,35.647],[128.201,35.644],[128.204,35.644],[128.211,35.643],[128.214,35.641],[128.225,35.642],[128.229,35.64],[128.236,35.641],[128.238,35.644],[128.237,35.649],[128.242,35.655],[128.244,35.655],[128.25,35.651],[128.26,35.647],[128.261,35.645],[128.262,35.643],[128.265,35.645],[128.274,35.647],[128.277,35.647],[128.278,35.649],[128.278,35.65],[128.279,35.652],[128.281,35.653],[128.296,35.651],[128.298,35.656],[128.306,35.655],[128.319,35.651],[128.324,35.647],[128.327,35.647],[128.329,35.648],[128.336,35.646],[128.338,35.645],[128.342,35.645],[128.349,35.646],[128.353,35.644],[128.355,35.642],[128.358,35.638],[128.36,35.633],[128.362,35.629],[128.363,35.626],[128.364,35.619],[128.366,35.613],[128.371,35.61],[128.373,35.608],[128.382,35.607],[128.384,35.61],[128.388,35.61],[128.395,35.615],[128.396,35.615],[128.404,35.617],[128.413,35.617],[128.419,35.621],[128.422,35.624],[128.423,35.625],[128.425,35.625],[128.429,35.623],[128.432,35.623],[128.438,35.631],[128.439,35.63],[128.441,35.633],[128.446,35.638],[128.447,35.638],[128.448,35.638],[128.456,35.637],[128.457,35.639],[128.457,35.64],[128.46,35.64],[128.463,35.639],[128.466,35.637],[128.474,35.639],[128.476,35.64],[128.479,35.64],[128.481,35.639],[128.481,35.637],[128.482,35.635],[128.483,35.635],[128.496,35.639],[128.502,35.639],[128.505,35.639],[128.508,35.641],[128.511,35.645],[128.509,35.648],[128.507,35.65],[128.508,35.658],[128.509,35.665],[128.509,35.67],[128.507,35.672],[128.508,35.674],[128.511,35.675],[128.516,35.677],[128.528,35.683],[128.529,35.678],[128.527,35.673],[128.531,35.663],[128.532,35.662],[128.533,35.662],[128.537,35.661],[128.538,35.651],[128.535,35.642],[128.538,35.632],[128.536,35.627],[128.537,35.624],[128.542,35.621],[128.546,35.62],[128.553,35.617],[128.559,35.612],[128.56,35.604],[128.565,35.602],[128.569,35.601],[128.572,35.595],[128.573,35.593],[128.585,35.586],[128.59,35.585],[128.593,35.584],[128.601,35.581],[128.615,35.582],[128.616,35.583],[128.624,35.585],[128.627,35.586],[128.631,35.587],[128.635,35.585],[128.638,35.589],[128.644,35.593],[128.647,35.594],[128.654,35.596],[128.656,35.598],[128.659,35.598],[128.664,35.594],[128.67,35.594],[128.672,35.596],[128.677,35.595],[128.689,35.594],[128.693,35.591],[128.695,35.583],[128.697,35.582],[128.703,35.578],[128.714,35.578],[128.721,35.581],[128.725,35.581],[128.732,35.576],[128.74,35.576],[128.749,35.571],[128.753,35.57],[128.756,35.568],[128.76,35.568],[128.771,35.569],[128.776,35.568],[128.788,35.567],[128.794,35.572],[128.8,35.58],[128.801,35.588],[128.802,35.589],[128.806,35.589],[128.81,35.589],[128.824,35.596],[128.836,35.596],[128.845,35.59],[128.852,35.595],[128.854,35.599],[128.858,35.604],[128.862,35.608],[128.866,35.611],[128.871,35.618],[128.875,35.628],[128.881,35.635],[128.885,35.632],[128.897,35.631],[128.91,35.639],[128.924,35.639],[128.937,35.636],[128.951,35.63],[128.958,35.623],[128.961,35.617],[128.962,35.615],[128.973,35.613],[128.987,35.609],[128.991,35.613],[129.0,35.617],[129.006,35.619],[129.016,35.616],[129.02,35.615],[129.022,35.614],[129.023,35.603],[129.025,35.6],[129.022,35.59],[129.019,35.587],[129.019,35.584],[129.014,35.583],[129.005,35.577],[129.003,35.575],[128.989,35.566],[128.98,35.563],[128.972,35.56],[128.975,35.554],[128.98,35.548],[128.981,35.546],[128.987,35.551],[128.992,35.547],[128.998,35.542],[128.997,35.537],[128.996,35.534],[128.996,35.532],[128.995,35.529],[128.998,35.528],[129.004,35.529],[129.01,35.528],[129.009,35.527],[129.009,35.524],[129.02,35.524],[129.03,35.526],[129.039,35.528],[129.046,35.529],[129.056,35.532],[129.053,35.526],[129.052,35.523],[129.051,35.52],[129.059,35.511],[129.067,35.508],[129.069,35.507],[129.08,35.503],[129.087,35.501],[129.09,35.499],[129.091,35.498],[129.091,35.498],[129.094,35.498],[129.097,35.498],[129.099,35.497],[129.102,35.498],[129.104,35.497],[129.106,35.494],[129.107,35.489],[129.109,35.487],[129.109,35.485],[129.108,35.484],[129.108,35.481],[129.114,35.477],[129.118,35.474],[129.121,35.47],[129.121,35.467],[129.126,35.462],[129.131,35.458],[129.136,35.453],[129.14,35.449],[129.146,35.444],[129.152,35.441],[129.155,35.439],[129.163,35.435],[129.167,35.432],[129.171,35.433],[129.173,35.434],[129.182,35.434],[129.188,35.435],[129.19,35.435],[129.19,35.435],[129.191,35.435],[129.191,35.436],[129.191,35.436],[129.197,35.439],[129.2,35.435],[129.201,35.434],[129.2,35.43],[129.203,35.421],[129.21,35.42],[129.213,35.417],[129.216,35.413],[129.219,35.409],[129.211,35.4],[129.209,35.399],[129.208,35.396],[129.205,35.394],[129.202,35.391],[129.201,35.388],[129.199,35.389],[129.196,35.385],[129.194,35.383],[129.196,35.38],[129.198,35.373],[129.199,35.367],[129.194,35.363],[129.189,35.36],[129.185,35.358],[129.178,35.352],[129.172,35.353],[129.17,35.354],[129.161,35.358],[129.161,35.359],[129.15,35.364],[129.147,35.364],[129.135,35.366],[129.131,35.366],[129.124,35.368],[129.118,35.369],[129.122,35.364],[129.124,35.363],[129.125,35.363],[129.127,35.363],[129.135,35.353],[129.135,35.351],[129.134,35.35],[129.131,35.349],[129.13,35.349],[129.129,35.348],[129.127,35.345],[129.124,35.338],[129.124,35.337],[129.125,35.336],[129.125,35.336],[129.126,35.334],[129.126,35.332],[129.124,35.331],[129.122,35.33],[129.121,35.329],[129.12,35.326],[129.119,35.323],[129.118,35.322],[129.115,35.321],[129.112,35.317],[129.112,35.315],[129.112,35.313],[129.112,35.311],[129.111,35.308],[129.111,35.307],[129.11,35.306],[129.109,35.306],[129.106,35.306],[129.099,35.304],[129.091,35.303],[129.087,35.302],[129.085,35.3],[129.084,35.299],[129.075,35.292],[129.074,35.291],[129.061,35.295],[129.058,35.295],[129.052,35.286],[129.054,35.283],[129.049,35.278],[129.048,35.274],[129.047,35.275],[129.043,35.275],[129.039,35.275],[129.03,35.277],[129.024,35.276],[129.017,35.275],[129.013,35.274],[129.014,35.268],[129.012,35.263],[129.001,35.242],[128.997,35.236],[128.99,35.232],[128.974,35.227],[128.968,35.227],[128.957,35.225],[128.949,35.225],[128.947,35.227],[128.944,35.228],[128.94,35.227],[128.937,35.226],[128.935,35.223],[128.929,35.22],[128.927,35.219],[128.924,35.218],[128.917,35.217],[128.913,35.222],[128.91,35.222],[128.909,35.221],[128.909,35.222],[128.905,35.22],[128.908,35.217],[128.892,35.214],[128.889,35.215],[128.888,35.215],[128.887,35.214],[128.885,35.214],[128.884,35.213],[128.884,35.213],[128.881,35.21],[128.88,35.21],[128.879,35.21],[128.876,35.207],[128.873,35.204],[128.871,35.202],[128.876,35.193],[128.876,35.191],[128.876,35.188],[128.877,35.187],[128.881,35.184],[128.882,35.183],[128.881,35.182],[128.88,35.18],[128.88,35.174],[128.881,35.171],[128.873,35.173],[128.876,35.17],[128.881,35.161],[128.879,35.16],[128.874,35.159],[128.876,35.152],[128.876,35.151],[128.866,35.158],[128.867,35.16],[128.867,35.16],[128.867,35.159],[128.869,35.159],[128.872,35.164],[128.871,35.166],[128.859,35.168],[128.846,35.164],[128.844,35.16],[128.843,35.158],[128.838,35.159],[128.83,35.157],[128.827,35.156],[128.823,35.156],[128.816,35.16],[128.807,35.159],[128.806,35.16],[128.802,35.159],[128.798,35.158],[128.795,35.159],[128.795,35.156],[128.802,35.146],[128.802,35.142],[128.803,35.142],[128.806,35.142],[128.808,35.14],[128.81,35.137],[128.816,35.133],[128.824,35.131],[128.825,35.131],[128.83,35.128],[128.832,35.13],[128.835,35.128],[128.836,35.125],[128.838,35.123],[128.837,35.121],[128.836,35.12],[128.836,35.119],[128.838,35.116],[128.839,35.115],[128.84,35.115],[128.84,35.115],[128.842,35.115],[128.843,35.111],[128.843,35.11],[128.842,35.106],[128.834,35.102],[128.832,35.102],[128.832,35.103],[128.825,35.102],[128.823,35.102],[128.821,35.096],[128.819,35.092],[128.815,35.091],[128.815,35.091],[128.819,35.091],[128.82,35.091],[128.822,35.093],[128.823,35.094],[128.823,35.094],[128.829,35.09],[128.823,35.086],[128.822,35.084],[128.812,35.08],[128.785,35.078],[128.783,35.082],[128.782,35.085],[128.783,35.086],[128.79,35.094],[128.793,35.094],[128.793,35.094],[128.794,35.094],[128.794,35.094],[128.798,35.093],[128.801,35.094],[128.803,35.098],[128.803,35.099],[128.802,35.099],[128.802,35.1],[128.802,35.1],[128.799,35.1],[128.798,35.1],[128.795,35.099],[128.793,35.098],[128.789,35.098],[128.789,35.098],[128.788,35.099],[128.791,35.101],[128.791,35.101],[128.792,35.102],[128.792,35.103],[128.791,35.103],[128.791,35.104],[128.79,35.105],[128.788,35.107],[128.789,35.111],[128.789,35.113],[128.785,35.114],[128.782,35.112],[128.781,35.11],[128.781,35.108],[128.78,35.103],[128.779,35.103],[128.779,35.103],[128.778,35.103],[128.777,35.102],[128.777,35.102],[128.775,35.101],[128.771,35.1],[128.77,35.103],[128.764,35.105],[128.763,35.105],[128.763,35.101],[128.766,35.098],[128.776,35.098],[128.779,35.098],[128.784,35.098],[128.784,35.097],[128.783,35.091],[128.779,35.084],[128.779,35.082],[128.779,35.082],[128.774,35.083],[128.773,35.083],[128.773,35.075],[128.774,35.07],[128.773,35.066],[128.773,35.065],[128.772,35.065],[128.771,35.064],[128.771,35.064],[128.771,35.063],[128.771,35.063]],[[127.795,34.931],[127.803,34.932],[127.803,34.932],[127.8,34.943],[127.8,34.943],[127.793,34.942],[127.792,34.941],[127.795,34.931]],[[127.796,34.931],[127.798,34.926],[127.798,34.927],[127.798,34.927],[127.801,34.927],[127.805,34.926],[127.805,34.926],[127.803,34.932],[127.797,34.931],[127.796,34.931]],[[128.122,34.897],[128.126,34.897],[128.126,34.898],[128.122,34.904],[128.118,34.904],[128.117,34.901],[128.122,34.897]]]]}},{"type":"Feature","properties":{"sido_short":"제주","sido_nm":"제주특별자치도","시도":"제주"},"geometry":{"type":"MultiPolygon","coordinates":[[[[126.268,33.124],[126.269,33.124],[126.269,33.122],[126.269,33.122],[126.27,33.12],[126.27,33.118],[126.27,33.117],[126.27,33.117],[126.269,33.113],[126.269,33.112],[126.269,33.112],[126.269,33.112],[126.268,33.112],[126.268,33.112],[126.268,33.112],[126.268,33.112],[126.268,33.112],[126.268,33.112],[126.268,33.112],[126.268,33.112],[126.267,33.113],[126.267,33.113],[126.267,33.113],[126.267,33.113],[126.267,33.113],[126.267,33.113],[126.267,33.113],[126.267,33.113],[126.266,33.113],[126.265,33.116],[126.265,33.118],[126.266,33.12],[126.266,33.12],[126.266,33.121],[126.266,33.121],[126.266,33.122],[126.266,33.122],[126.266,33.122],[126.267,33.122],[126.267,33.122],[126.267,33.122],[126.268,33.123],[126.268,33.123],[126.268,33.123],[126.268,33.123],[126.267,33.124],[126.268,33.124],[126.268,33.124],[126.268,33.124],[126.268,33.124],[126.268,33.124],[126.268,33.124],[126.268,33.124],[126.268,33.124],[126.268,33.124],[126.268,33.124],[126.268,33.124],[126.268,33.124],[126.268,33.124],[126.268,33.124],[126.268,33.124]]],[[[126.229,33.412],[126.229,33.412],[126.229,33.412],[126.229,33.412],[126.229,33.412],[126.229,33.412],[126.229,33.412],[126.229,33.412],[126.229,33.412],[126.23,33.412],[126.23,33.412],[126.231,33.412],[126.231,33.411],[126.231,33.411],[126.231,33.411],[126.231,33.411],[126.231,33.411],[126.231,33.411],[126.231,33.411],[126.232,33.41],[126.232,33.41],[126.232,33.41],[126.232,33.41],[126.232,33.41],[126.232,33.41],[126.232,33.41],[126.232,33.41],[126.232,33.41],[126.232,33.41],[126.232,33.41],[126.232,33.41],[126.232,33.41],[126.232,33.41],[126.232,33.41],[126.232,33.41],[126.232,33.41],[126.232,33.41],[126.232,33.41],[126.232,33.41],[126.232,33.41],[126.232,33.41],[126.232,33.41],[126.232,33.409],[126.232,33.409],[126.232,33.409],[126.232,33.408],[126.232,33.408],[126.232,33.407],[126.232,33.407],[126.232,33.407],[126.231,33.406],[126.23,33.406],[126.23,33.406],[126.23,33.406],[126.23,33.406],[126.229,33.406],[126.229,33.405],[126.228,33.405],[126.228,33.405],[126.228,33.405],[126.228,33.405],[126.227,33.405],[126.227,33.405],[126.227,33.405],[126.227,33.405],[126.227,33.405],[126.227,33.405],[126.227,33.405],[126.227,33.405],[126.227,33.405],[126.227,33.405],[126.227,33.405],[126.227,33.405],[126.227,33.405],[126.227,33.405],[126.226,33.405],[126.226,33.405],[126.226,33.405],[126.226,33.405],[126.226,33.404],[126.226,33.404],[126.226,33.404],[126.226,33.404],[126.226,33.404],[126.226,33.404],[126.225,33.404],[126.225,33.404],[126.225,33.404],[126.225,33.404],[126.225,33.404],[126.225,33.404],[126.225,33.404],[126.225,33.404],[126.225,33.404],[126.225,33.405],[126.225,33.405],[126.225,33.405],[126.225,33.405],[126.225,33.405],[126.225,33.405],[126.225,33.405],[126.225,33.405],[126.225,33.405],[126.223,33.405],[126.223,33.408],[126.223,33.408],[126.223,33.408],[126.223,33.408],[126.223,33.408],[126.223,33.408],[126.223,33.408],[126.223,33.408],[126.223,33.408],[126.223,33.408],[126.223,33.408],[126.223,33.408],[126.223,33.408],[126.223,33.408],[126.223,33.409],[126.222,33.409],[126.222,33.409],[126.223,33.412],[126.223,33.412],[126.224,33.412],[126.226,33.412],[126.228,33.412],[126.228,33.412],[126.228,33.412],[126.228,33.412],[126.229,33.412],[126.229,33.412],[126.229,33.412],[126.229,33.412]]],[[[126.224,33.418],[126.224,33.418],[126.225,33.418],[126.225,33.418],[126.225,33.418],[126.225,33.418],[126.225,33.418],[126.225,33.418],[126.225,33.418],[126.225,33.418],[126.225,33.418],[126.225,33.418],[126.225,33.418],[126.225,33.418],[126.225,33.418],[126.225,33.418],[126.225,33.418],[126.225,33.418],[126.225,33.418],[126.225,33.418],[126.225,33.418],[126.225,33.418],[126.225,33.418],[126.225,33.418],[126.225,33.418],[126.225,33.418],[126.225,33.418],[126.225,33.419],[126.225,33.419],[126.225,33.419],[126.225,33.419],[126.225,33.419],[126.225,33.419],[126.225,33.419],[126.225,33.419],[126.225,33.419],[126.225,33.419],[126.225,33.419],[126.225,33.419],[126.225,33.419],[126.225,33.419],[126.225,33.419],[126.225,33.419],[126.225,33.419],[126.225,33.419],[126.224,33.419],[126.224,33.419],[126.224,33.419],[126.224,33.419],[126.224,33.419],[126.224,33.419],[126.224,33.419],[126.224,33.419],[126.224,33.419],[126.224,33.419],[126.224,33.419],[126.224,33.419],[126.224,33.419],[126.224,33.419],[126.224,33.419],[126.224,33.419],[126.224,33.419],[126.224,33.419],[126.224,33.419],[126.224,33.419],[126.224,33.419],[126.225,33.42],[126.225,33.42],[126.225,33.42],[126.225,33.42],[126.225,33.42],[126.225,33.42],[126.225,33.42],[126.225,33.42],[126.225,33.42],[126.225,33.42],[126.225,33.42],[126.225,33.42],[126.225,33.42],[126.225,33.42],[126.225,33.42],[126.225,33.42],[126.225,33.42],[126.225,33.42],[126.226,33.42],[126.226,33.42],[126.226,33.42],[126.226,33.42],[126.226,33.42],[126.226,33.42],[126.226,33.42],[126.226,33.42],[126.226,33.42],[126.226,33.42],[126.226,33.42],[126.226,33.42],[126.226,33.42],[126.226,33.42],[126.226,33.42],[126.226,33.42],[126.226,33.42],[126.226,33.42],[126.226,33.42],[126.226,33.42],[126.227,33.419],[126.227,33.419],[126.227,33.419],[126.227,33.419],[126.227,33.419],[126.227,33.419],[126.227,33.419],[126.227,33.419],[126.227,33.419],[126.227,33.419],[126.226,33.417],[126.225,33.416],[126.225,33.416],[126.225,33.416],[126.225,33.416],[126.225,33.416],[126.225,33.416],[126.225,33.416],[126.225,33.416],[126.225,33.416],[126.225,33.416],[126.225,33.416],[126.225,33.416],[126.225,33.416],[126.224,33.415],[126.224,33.415],[126.224,33.415],[126.224,33.415],[126.224,33.415],[126.224,33.415],[126.224,33.415],[126.224,33.415],[126.224,33.415],[126.224,33.415],[126.224,33.415],[126.224,33.415],[126.224,33.415],[126.224,33.415],[126.224,33.415],[126.224,33.415],[126.223,33.415],[126.223,33.415],[126.223,33.415],[126.223,33.415],[126.223,33.415],[126.223,33.415],[126.223,33.415],[126.223,33.415],[126.223,33.415],[126.223,33.415],[126.223,33.415],[126.223,33.415],[126.223,33.415],[126.223,33.415],[126.223,33.415],[126.223,33.415],[126.223,33.415],[126.223,33.416],[126.223,33.416],[126.223,33.416],[126.223,33.416],[126.223,33.416],[126.223,33.416],[126.223,33.417],[126.223,33.417],[126.223,33.417],[126.223,33.417],[126.223,33.417],[126.223,33.417],[126.223,33.417],[126.223,33.417],[126.223,33.417],[126.223,33.417],[126.223,33.417],[126.223,33.417],[126.223,33.417],[126.223,33.417],[126.223,33.417],[126.223,33.417],[126.223,33.417],[126.223,33.417],[126.223,33.417],[126.223,33.417],[126.223,33.417],[126.222,33.418],[126.222,33.418],[126.222,33.418],[126.222,33.418],[126.222,33.418],[126.222,33.418],[126.222,33.418],[126.222,33.418],[126.222,33.418],[126.222,33.418],[126.222,33.418],[126.222,33.418],[126.222,33.418],[126.222,33.418],[126.222,33.418],[126.222,33.418],[126.222,33.418],[126.222,33.418],[126.222,33.418],[126.222,33.418],[126.222,33.418],[126.222,33.418],[126.222,33.418],[126.223,33.42],[126.223,33.42],[126.223,33.42],[126.223,33.42],[126.223,33.42],[126.223,33.421],[126.223,33.421],[126.223,33.421],[126.223,33.421],[126.223,33.421],[126.223,33.421],[126.223,33.421],[126.223,33.421],[126.223,33.421],[126.223,33.421],[126.223,33.421],[126.223,33.421],[126.223,33.421],[126.223,33.421],[126.223,33.421],[126.223,33.421],[126.223,33.421],[126.223,33.421],[126.223,33.421],[126.223,33.421],[126.224,33.421],[126.224,33.421],[126.224,33.421],[126.224,33.421],[126.224,33.421],[126.224,33.421],[126.224,33.421],[126.224,33.421],[126.224,33.421],[126.224,33.421],[126.224,33.421],[126.224,33.421],[126.224,33.421],[126.224,33.421],[126.224,33.421],[126.224,33.421],[126.224,33.421],[126.224,33.421],[126.224,33.421],[126.224,33.421],[126.224,33.421],[126.224,33.421],[126.224,33.421],[126.224,33.421],[126.224,33.421],[126.224,33.421],[126.224,33.421],[126.224,33.421],[126.224,33.421],[126.224,33.421],[126.224,33.421],[126.224,33.421],[126.224,33.421],[126.224,33.421],[126.224,33.421],[126.224,33.421],[126.224,33.42],[126.224,33.42],[126.224,33.42],[126.224,33.42],[126.224,33.42],[126.224,33.42],[126.224,33.42],[126.224,33.42],[126.224,33.42],[126.224,33.42],[126.224,33.42],[126.224,33.42],[126.224,33.42],[126.224,33.42],[126.224,33.42],[126.224,33.42],[126.224,33.42],[126.224,33.42],[126.224,33.419],[126.224,33.419],[126.224,33.419],[126.223,33.419],[126.223,33.419],[126.223,33.419],[126.223,33.419],[126.223,33.419],[126.223,33.419],[126.223,33.419],[126.223,33.419],[126.223,33.419],[126.224,33.419],[126.224,33.419],[126.224,33.419],[126.224,33.419],[126.224,33.418],[126.224,33.418],[126.224,33.418],[126.224,33.418],[126.224,33.418],[126.224,33.418],[126.224,33.418],[126.224,33.418]]],[[[126.902,33.515],[126.902,33.515],[126.902,33.515],[126.902,33.515]]],[[[126.532,33.521],[126.532,33.521],[126.532,33.521],[126.532,33.521],[126.532,33.521],[126.532,33.521],[126.532,33.522],[126.532,33.521]]],[[[126.544,33.528],[126.544,33.529],[126.544,33.529],[126.544,33.529],[126.545,33.529],[126.545,33.529],[126.546,33.529],[126.554,33.532],[126.558,33.533],[126.544,33.528],[126.544,33.528]]],[[[126.532,33.522],[126.541,33.533],[126.541,33.533],[126.541,33.533],[126.541,33.533],[126.541,33.533],[126.54,33.531],[126.535,33.524],[126.532,33.522]]],[[[126.662,33.547],[126.662,33.547],[126.662,33.547],[126.662,33.547],[126.662,33.547]]],[[[126.73,33.561],[126.73,33.561],[126.73,33.561],[126.73,33.561],[126.73,33.561],[126.73,33.561]]],[[[126.902,33.515],[126.901,33.515],[126.899,33.514],[126.899,33.513],[126.899,33.512],[126.899,33.512],[126.899,33.51],[126.9,33.51],[126.904,33.51],[126.91,33.509],[126.913,33.507],[126.912,33.499],[126.909,33.495],[126.91,33.494],[126.911,33.491],[126.909,33.488],[126.908,33.487],[126.907,33.487],[126.907,33.487],[126.906,33.488],[126.905,33.489],[126.905,33.489],[126.905,33.489],[126.904,33.488],[126.904,33.488],[126.903,33.487],[126.903,33.487],[126.902,33.486],[126.902,33.485],[126.902,33.484],[126.902,33.483],[126.902,33.482],[126.902,33.482],[126.903,33.48],[126.904,33.48],[126.904,33.479],[126.905,33.479],[126.908,33.479],[126.914,33.48],[126.914,33.479],[126.914,33.479],[126.914,33.478],[126.913,33.478],[126.913,33.478],[126.913,33.478],[126.913,33.478],[126.914,33.479],[126.914,33.479],[126.914,33.479],[126.91,33.479],[126.91,33.478],[126.912,33.474],[126.912,33.473],[126.92,33.469],[126.921,33.469],[126.923,33.471],[126.925,33.469],[126.924,33.468],[126.924,33.468],[126.923,33.468],[126.922,33.466],[126.921,33.465],[126.921,33.465],[126.921,33.464],[126.921,33.464],[126.921,33.464],[126.921,33.464],[126.921,33.464],[126.921,33.464],[126.921,33.464],[126.922,33.465],[126.922,33.465],[126.922,33.464],[126.922,33.464],[126.922,33.464],[126.921,33.46],[126.923,33.456],[126.924,33.456],[126.924,33.456],[126.928,33.457],[126.928,33.458],[126.929,33.458],[126.932,33.464],[126.932,33.465],[126.931,33.466],[126.93,33.466],[126.929,33.466],[126.929,33.466],[126.929,33.47],[126.929,33.473],[126.935,33.474],[126.935,33.478],[126.935,33.478],[126.935,33.478],[126.935,33.478],[126.935,33.478],[126.935,33.478],[126.936,33.478],[126.936,33.478],[126.936,33.478],[126.936,33.478],[126.936,33.478],[126.936,33.478],[126.936,33.475],[126.936,33.474],[126.936,33.474],[126.936,33.472],[126.936,33.464],[126.937,33.464],[126.937,33.464],[126.937,33.464],[126.937,33.464],[126.937,33.464],[126.937,33.464],[126.937,33.464],[126.937,33.464],[126.939,33.463],[126.939,33.462],[126.939,33.462],[126.939,33.462],[126.939,33.462],[126.939,33.462],[126.941,33.461],[126.943,33.461],[126.943,33.461],[126.943,33.461],[126.943,33.461],[126.943,33.461],[126.944,33.461],[126.945,33.46],[126.945,33.455],[126.944,33.455],[126.944,33.455],[126.943,33.455],[126.942,33.455],[126.939,33.457],[126.938,33.458],[126.935,33.46],[126.935,33.461],[126.935,33.461],[126.933,33.461],[126.932,33.46],[126.932,33.46],[126.93,33.459],[126.93,33.459],[126.93,33.458],[126.928,33.456],[126.928,33.456],[126.929,33.456],[126.929,33.457],[126.929,33.457],[126.929,33.457],[126.93,33.457],[126.93,33.457],[126.93,33.456],[126.93,33.456],[126.924,33.451],[126.924,33.451],[126.923,33.45],[126.923,33.45],[126.923,33.45],[126.923,33.449],[126.922,33.444],[126.922,33.443],[126.922,33.441],[126.922,33.441],[126.922,33.441],[126.922,33.44],[126.922,33.44],[126.922,33.44],[126.922,33.44],[126.922,33.44],[126.927,33.434],[126.927,33.434],[126.93,33.433],[126.93,33.433],[126.931,33.433],[126.936,33.43],[126.937,33.43],[126.937,33.429],[126.937,33.429],[126.936,33.429],[126.935,33.429],[126.935,33.429],[126.935,33.429],[126.935,33.429],[126.935,33.428],[126.934,33.428],[126.934,33.428],[126.934,33.428],[126.934,33.428],[126.933,33.427],[126.933,33.426],[126.932,33.425],[126.932,33.425],[126.931,33.424],[126.931,33.424],[126.931,33.423],[126.931,33.423],[126.931,33.423],[126.931,33.423],[126.929,33.423],[126.924,33.429],[126.925,33.429],[126.925,33.429],[126.925,33.429],[126.925,33.429],[126.926,33.43],[126.926,33.43],[126.925,33.43],[126.925,33.431],[126.925,33.431],[126.924,33.434],[126.924,33.434],[126.924,33.434],[126.923,33.435],[126.923,33.435],[126.922,33.435],[126.92,33.435],[126.918,33.435],[126.918,33.435],[126.918,33.435],[126.916,33.434],[126.916,33.434],[126.916,33.434],[126.916,33.434],[126.915,33.433],[126.915,33.433],[126.915,33.432],[126.915,33.432],[126.915,33.432],[126.916,33.431],[126.917,33.429],[126.916,33.426],[126.916,33.426],[126.914,33.424],[126.914,33.424],[126.914,33.424],[126.915,33.421],[126.915,33.421],[126.914,33.421],[126.911,33.418],[126.911,33.418],[126.908,33.406],[126.904,33.404],[126.903,33.402],[126.907,33.398],[126.905,33.39],[126.895,33.388],[126.891,33.386],[126.885,33.384],[126.882,33.381],[126.877,33.375],[126.877,33.375],[126.877,33.375],[126.875,33.374],[126.875,33.374],[126.875,33.374],[126.875,33.374],[126.875,33.374],[126.875,33.374],[126.875,33.373],[126.873,33.372],[126.873,33.372],[126.873,33.372],[126.873,33.372],[126.872,33.372],[126.871,33.372],[126.872,33.371],[126.873,33.371],[126.873,33.371],[126.873,33.368],[126.872,33.367],[126.872,33.367],[126.872,33.367],[126.872,33.367],[126.872,33.366],[126.872,33.366],[126.872,33.366],[126.872,33.366],[126.872,33.366],[126.872,33.366],[126.872,33.366],[126.87,33.365],[126.868,33.364],[126.867,33.364],[126.868,33.362],[126.869,33.362],[126.869,33.362],[126.869,33.362],[126.87,33.362],[126.869,33.361],[126.869,33.361],[126.869,33.361],[126.869,33.361],[126.869,33.361],[126.869,33.361],[126.868,33.361],[126.868,33.361],[126.868,33.361],[126.868,33.361],[126.868,33.359],[126.868,33.359],[126.869,33.357],[126.869,33.354],[126.867,33.353],[126.863,33.348],[126.863,33.348],[126.862,33.347],[126.859,33.343],[126.859,33.342],[126.859,33.342],[126.857,33.343],[126.857,33.343],[126.857,33.343],[126.857,33.343],[126.857,33.343],[126.857,33.34],[126.857,33.338],[126.856,33.338],[126.851,33.337],[126.851,33.336],[126.851,33.336],[126.851,33.336],[126.851,33.336],[126.851,33.336],[126.851,33.336],[126.85,33.337],[126.844,33.333],[126.844,33.333],[126.844,33.333],[126.844,33.333],[126.843,33.329],[126.843,33.329],[126.843,33.328],[126.843,33.328],[126.845,33.325],[126.849,33.326],[126.85,33.325],[126.848,33.323],[126.848,33.319],[126.847,33.319],[126.847,33.32],[126.847,33.32],[126.847,33.32],[126.847,33.32],[126.846,33.32],[126.844,33.319],[126.838,33.313],[126.837,33.311],[126.837,33.311],[126.837,33.311],[126.836,33.311],[126.836,33.311],[126.836,33.311],[126.836,33.311],[126.836,33.31],[126.836,33.31],[126.836,33.309],[126.834,33.309],[126.832,33.308],[126.83,33.307],[126.821,33.306],[126.82,33.306],[126.82,33.307],[126.82,33.307],[126.816,33.308],[126.812,33.304],[126.812,33.304],[126.812,33.304],[126.812,33.303],[126.811,33.303],[126.808,33.302],[126.807,33.302],[126.805,33.305],[126.804,33.305],[126.803,33.304],[126.803,33.304],[126.803,33.303],[126.796,33.304],[126.79,33.304],[126.783,33.306],[126.778,33.307],[126.777,33.307],[126.777,33.306],[126.776,33.306],[126.773,33.301],[126.769,33.3],[126.765,33.292],[126.765,33.292],[126.761,33.292],[126.76,33.291],[126.751,33.285],[126.745,33.279],[126.742,33.278],[126.738,33.278],[126.736,33.281],[126.735,33.281],[126.733,33.282],[126.733,33.282],[126.733,33.281],[126.732,33.281],[126.726,33.279],[126.723,33.279],[126.723,33.278],[126.721,33.276],[126.713,33.276],[126.708,33.274],[126.702,33.272],[126.692,33.27],[126.682,33.27],[126.678,33.271],[126.678,33.27],[126.678,33.269],[126.678,33.267],[126.673,33.27],[126.665,33.27],[126.663,33.273],[126.662,33.274],[126.662,33.274],[126.661,33.274],[126.66,33.274],[126.659,33.274],[126.658,33.274],[126.658,33.273],[126.658,33.273],[126.658,33.268],[126.65,33.269],[126.649,33.269],[126.644,33.267],[126.642,33.266],[126.642,33.266],[126.642,33.264],[126.644,33.262],[126.642,33.26],[126.642,33.26],[126.642,33.26],[126.642,33.26],[126.642,33.26],[126.64,33.259],[126.64,33.259],[126.64,33.259],[126.641,33.257],[126.64,33.257],[126.64,33.257],[126.634,33.256],[126.634,33.256],[126.634,33.254],[126.634,33.254],[126.634,33.254],[126.634,33.254],[126.633,33.254],[126.633,33.254],[126.633,33.254],[126.633,33.254],[126.633,33.254],[126.632,33.253],[126.631,33.254],[126.631,33.254],[126.631,33.254],[126.631,33.254],[126.631,33.254],[126.631,33.254],[126.631,33.254],[126.631,33.254],[126.63,33.254],[126.629,33.254],[126.629,33.254],[126.629,33.254],[126.629,33.254],[126.628,33.254],[126.628,33.254],[126.628,33.254],[126.628,33.254],[126.628,33.254],[126.628,33.254],[126.628,33.254],[126.628,33.254],[126.628,33.253],[126.628,33.252],[126.628,33.251],[126.627,33.251],[126.627,33.251],[126.626,33.251],[126.624,33.251],[126.624,33.251],[126.624,33.251],[126.624,33.251],[126.62,33.25],[126.62,33.25],[126.619,33.245],[126.619,33.244],[126.619,33.244],[126.62,33.244],[126.62,33.243],[126.618,33.242],[126.613,33.24],[126.611,33.24],[126.605,33.239],[126.605,33.239],[126.602,33.236],[126.591,33.238],[126.585,33.244],[126.585,33.244],[126.585,33.244],[126.585,33.244],[126.584,33.243],[126.584,33.243],[126.584,33.243],[126.583,33.242],[126.58,33.244],[126.578,33.245],[126.578,33.245],[126.578,33.245],[126.578,33.245],[126.573,33.244],[126.573,33.244],[126.572,33.244],[126.57,33.244],[126.57,33.244],[126.569,33.243],[126.569,33.243],[126.569,33.243],[126.567,33.24],[126.569,33.238],[126.571,33.236],[126.571,33.236],[126.571,33.235],[126.571,33.235],[126.568,33.233],[126.567,33.233],[126.567,33.233],[126.567,33.233],[126.567,33.238],[126.566,33.238],[126.562,33.24],[126.561,33.241],[126.561,33.243],[126.561,33.243],[126.559,33.239],[126.559,33.239],[126.563,33.238],[126.562,33.235],[126.559,33.238],[126.558,33.239],[126.557,33.239],[126.556,33.239],[126.554,33.239],[126.551,33.241],[126.551,33.241],[126.55,33.241],[126.546,33.239],[126.544,33.239],[126.543,33.239],[126.543,33.239],[126.543,33.239],[126.543,33.24],[126.543,33.24],[126.54,33.242],[126.539,33.242],[126.539,33.241],[126.531,33.239],[126.521,33.241],[126.521,33.241],[126.521,33.241],[126.52,33.24],[126.52,33.239],[126.518,33.237],[126.513,33.233],[126.511,33.231],[126.511,33.231],[126.511,33.231],[126.511,33.231],[126.51,33.23],[126.506,33.23],[126.504,33.23],[126.498,33.229],[126.498,33.23],[126.498,33.23],[126.498,33.231],[126.498,33.232],[126.497,33.232],[126.497,33.232],[126.491,33.233],[126.491,33.231],[126.483,33.228],[126.478,33.224],[126.478,33.224],[126.473,33.223],[126.473,33.223],[126.47,33.225],[126.462,33.231],[126.463,33.233],[126.463,33.234],[126.462,33.236],[126.462,33.237],[126.461,33.239],[126.46,33.239],[126.46,33.239],[126.46,33.239],[126.46,33.239],[126.457,33.241],[126.457,33.24],[126.456,33.24],[126.456,33.24],[126.456,33.24],[126.455,33.24],[126.455,33.241],[126.455,33.241],[126.452,33.242],[126.452,33.242],[126.452,33.241],[126.45,33.241],[126.45,33.241],[126.45,33.241],[126.449,33.241],[126.449,33.24],[126.449,33.24],[126.449,33.24],[126.448,33.239],[126.442,33.237],[126.442,33.237],[126.439,33.238],[126.439,33.239],[126.438,33.239],[126.435,33.236],[126.424,33.237],[126.423,33.238],[126.42,33.242],[126.413,33.245],[126.412,33.245],[126.409,33.245],[126.408,33.244],[126.395,33.238],[126.391,33.237],[126.383,33.234],[126.382,33.234],[126.381,33.234],[126.381,33.234],[126.38,33.234],[126.379,33.234],[126.379,33.234],[126.373,33.232],[126.373,33.231],[126.373,33.23],[126.37,33.229],[126.369,33.23],[126.369,33.23],[126.369,33.23],[126.369,33.23],[126.369,33.23],[126.369,33.23],[126.369,33.23],[126.368,33.231],[126.368,33.231],[126.368,33.231],[126.368,33.232],[126.368,33.232],[126.367,33.231],[126.367,33.231],[126.367,33.231],[126.367,33.23],[126.367,33.23],[126.367,33.23],[126.367,33.229],[126.367,33.229],[126.367,33.229],[126.367,33.229],[126.367,33.229],[126.365,33.23],[126.365,33.23],[126.362,33.236],[126.362,33.237],[126.36,33.236],[126.36,33.236],[126.36,33.235],[126.361,33.235],[126.361,33.235],[126.361,33.235],[126.36,33.234],[126.359,33.234],[126.358,33.235],[126.358,33.235],[126.358,33.235],[126.358,33.235],[126.358,33.235],[126.358,33.235],[126.356,33.236],[126.35,33.235],[126.35,33.235],[126.348,33.235],[126.347,33.236],[126.344,33.235],[126.344,33.235],[126.343,33.235],[126.343,33.235],[126.341,33.235],[126.328,33.232],[126.334,33.239],[126.332,33.24],[126.331,33.241],[126.321,33.239],[126.318,33.238],[126.316,33.236],[126.313,33.232],[126.312,33.232],[126.312,33.232],[126.312,33.232],[126.311,33.232],[126.31,33.23],[126.31,33.229],[126.31,33.229],[126.31,33.229],[126.31,33.228],[126.309,33.226],[126.306,33.226],[126.306,33.226],[126.306,33.226],[126.306,33.227],[126.307,33.227],[126.309,33.227],[126.307,33.228],[126.302,33.227],[126.302,33.226],[126.302,33.226],[126.302,33.226],[126.298,33.223],[126.298,33.223],[126.298,33.223],[126.298,33.223],[126.298,33.223],[126.298,33.223],[126.297,33.218],[126.295,33.214],[126.295,33.213],[126.293,33.212],[126.293,33.212],[126.293,33.212],[126.293,33.212],[126.293,33.212],[126.293,33.212],[126.293,33.212],[126.292,33.211],[126.291,33.206],[126.29,33.205],[126.29,33.204],[126.291,33.204],[126.291,33.203],[126.293,33.203],[126.295,33.198],[126.295,33.197],[126.295,33.197],[126.291,33.195],[126.29,33.195],[126.288,33.196],[126.286,33.197],[126.285,33.199],[126.285,33.2],[126.285,33.2],[126.278,33.199],[126.275,33.198],[126.276,33.198],[126.277,33.197],[126.277,33.197],[126.277,33.196],[126.271,33.194],[126.264,33.197],[126.261,33.2],[126.261,33.2],[126.263,33.201],[126.263,33.201],[126.264,33.202],[126.264,33.202],[126.264,33.202],[126.264,33.203],[126.264,33.203],[126.265,33.205],[126.263,33.209],[126.262,33.211],[126.262,33.211],[126.261,33.211],[126.261,33.211],[126.261,33.211],[126.261,33.211],[126.26,33.211],[126.26,33.211],[126.26,33.211],[126.256,33.21],[126.256,33.21],[126.258,33.207],[126.259,33.207],[126.26,33.207],[126.26,33.207],[126.26,33.207],[126.258,33.207],[126.256,33.207],[126.252,33.214],[126.251,33.22],[126.25,33.22],[126.245,33.22],[126.245,33.22],[126.245,33.22],[126.241,33.221],[126.24,33.223],[126.24,33.225],[126.238,33.227],[126.235,33.233],[126.234,33.235],[126.234,33.235],[126.233,33.235],[126.233,33.235],[126.233,33.235],[126.229,33.236],[126.227,33.237],[126.222,33.241],[126.219,33.243],[126.215,33.243],[126.215,33.243],[126.194,33.251],[126.193,33.253],[126.182,33.26],[126.181,33.262],[126.18,33.264],[126.179,33.268],[126.178,33.269],[126.172,33.273],[126.169,33.275],[126.169,33.278],[126.169,33.283],[126.166,33.284],[126.164,33.285],[126.161,33.293],[126.164,33.297],[126.167,33.298],[126.167,33.299],[126.167,33.3],[126.167,33.301],[126.164,33.306],[126.164,33.308],[126.167,33.316],[126.168,33.317],[126.168,33.317],[126.166,33.324],[126.166,33.324],[126.163,33.324],[126.163,33.324],[126.163,33.324],[126.163,33.329],[126.163,33.33],[126.165,33.331],[126.166,33.331],[126.166,33.331],[126.164,33.333],[126.163,33.333],[126.162,33.334],[126.164,33.337],[126.166,33.338],[126.167,33.339],[126.167,33.34],[126.167,33.34],[126.166,33.341],[126.166,33.342],[126.167,33.343],[126.168,33.343],[126.169,33.342],[126.168,33.342],[126.168,33.342],[126.168,33.342],[126.17,33.342],[126.171,33.342],[126.172,33.342],[126.172,33.343],[126.172,33.343],[126.169,33.344],[126.169,33.344],[126.169,33.343],[126.169,33.343],[126.169,33.343],[126.169,33.343],[126.169,33.343],[126.169,33.343],[126.169,33.343],[126.169,33.343],[126.169,33.344],[126.169,33.344],[126.169,33.344],[126.169,33.345],[126.169,33.345],[126.169,33.345],[126.169,33.345],[126.169,33.345],[126.169,33.345],[126.169,33.345],[126.169,33.345],[126.169,33.345],[126.169,33.345],[126.169,33.345],[126.169,33.345],[126.169,33.346],[126.169,33.346],[126.169,33.346],[126.171,33.346],[126.171,33.346],[126.171,33.346],[126.171,33.346],[126.171,33.346],[126.171,33.346],[126.171,33.345],[126.171,33.345],[126.171,33.345],[126.171,33.345],[126.171,33.345],[126.171,33.345],[126.171,33.345],[126.171,33.345],[126.171,33.345],[126.171,33.345],[126.171,33.346],[126.171,33.346],[126.17,33.345],[126.169,33.345],[126.169,33.345],[126.17,33.344],[126.173,33.343],[126.175,33.343],[126.175,33.344],[126.178,33.345],[126.182,33.357],[126.187,33.359],[126.196,33.366],[126.2,33.366],[126.2,33.365],[126.2,33.365],[126.205,33.369],[126.206,33.369],[126.206,33.37],[126.206,33.37],[126.206,33.372],[126.207,33.373],[126.21,33.374],[126.213,33.375],[126.213,33.375],[126.215,33.38],[126.215,33.381],[126.215,33.382],[126.216,33.384],[126.217,33.384],[126.217,33.385],[126.217,33.385],[126.217,33.384],[126.217,33.384],[126.217,33.384],[126.217,33.384],[126.217,33.384],[126.217,33.384],[126.217,33.384],[126.219,33.385],[126.222,33.388],[126.225,33.39],[126.233,33.389],[126.234,33.389],[126.235,33.389],[126.236,33.39],[126.236,33.391],[126.236,33.391],[126.236,33.391],[126.235,33.392],[126.235,33.391],[126.235,33.391],[126.235,33.391],[126.234,33.391],[126.235,33.393],[126.237,33.395],[126.239,33.395],[126.239,33.394],[126.239,33.394],[126.24,33.394],[126.242,33.395],[126.242,33.397],[126.243,33.398],[126.249,33.401],[126.25,33.401],[126.25,33.401],[126.25,33.401],[126.251,33.402],[126.251,33.402],[126.251,33.404],[126.249,33.404],[126.252,33.407],[126.253,33.409],[126.255,33.409],[126.255,33.409],[126.255,33.409],[126.255,33.409],[126.255,33.409],[126.255,33.408],[126.256,33.408],[126.256,33.408],[126.259,33.409],[126.259,33.409],[126.259,33.409],[126.259,33.409],[126.259,33.409],[126.258,33.41],[126.257,33.411],[126.257,33.411],[126.257,33.411],[126.257,33.411],[126.256,33.41],[126.255,33.409],[126.255,33.409],[126.255,33.409],[126.254,33.412],[126.254,33.413],[126.254,33.413],[126.254,33.413],[126.254,33.413],[126.254,33.413],[126.254,33.413],[126.254,33.413],[126.254,33.413],[126.254,33.413],[126.253,33.416],[126.253,33.416],[126.253,33.416],[126.253,33.416],[126.253,33.416],[126.253,33.416],[126.253,33.416],[126.253,33.416],[126.253,33.416],[126.253,33.416],[126.253,33.416],[126.254,33.414],[126.254,33.414],[126.256,33.413],[126.256,33.413],[126.261,33.417],[126.262,33.416],[126.261,33.423],[126.261,33.423],[126.26,33.423],[126.259,33.423],[126.259,33.423],[126.259,33.423],[126.259,33.423],[126.259,33.422],[126.258,33.422],[126.258,33.422],[126.258,33.421],[126.258,33.421],[126.258,33.42],[126.258,33.42],[126.258,33.42],[126.258,33.42],[126.258,33.419],[126.258,33.419],[126.258,33.419],[126.258,33.419],[126.258,33.418],[126.258,33.418],[126.252,33.417],[126.256,33.417],[126.258,33.417],[126.258,33.417],[126.258,33.418],[126.258,33.418],[126.257,33.421],[126.257,33.421],[126.257,33.421],[126.257,33.421],[126.257,33.422],[126.259,33.423],[126.259,33.423],[126.259,33.424],[126.259,33.425],[126.26,33.425],[126.26,33.425],[126.26,33.425],[126.26,33.425],[126.26,33.425],[126.26,33.425],[126.261,33.423],[126.262,33.423],[126.262,33.423],[126.264,33.424],[126.262,33.432],[126.263,33.437],[126.263,33.437],[126.264,33.437],[126.264,33.437],[126.264,33.436],[126.279,33.442],[126.282,33.442],[126.284,33.444],[126.285,33.445],[126.288,33.444],[126.289,33.443],[126.29,33.443],[126.293,33.444],[126.294,33.445],[126.297,33.447],[126.306,33.453],[126.31,33.462],[126.31,33.462],[126.308,33.463],[126.308,33.466],[126.308,33.466],[126.313,33.47],[126.314,33.47],[126.319,33.468],[126.319,33.468],[126.32,33.468],[126.321,33.468],[126.321,33.47],[126.321,33.472],[126.325,33.473],[126.325,33.473],[126.325,33.473],[126.322,33.471],[126.321,33.466],[126.321,33.466],[126.321,33.466],[126.321,33.466],[126.322,33.467],[126.328,33.469],[126.332,33.469],[126.333,33.469],[126.333,33.468],[126.333,33.468],[126.334,33.467],[126.338,33.467],[126.339,33.468],[126.34,33.47],[126.342,33.471],[126.351,33.473],[126.352,33.473],[126.352,33.473],[126.352,33.475],[126.352,33.475],[126.353,33.477],[126.353,33.477],[126.358,33.48],[126.36,33.48],[126.36,33.48],[126.362,33.479],[126.362,33.479],[126.362,33.479],[126.368,33.478],[126.369,33.478],[126.379,33.484],[126.38,33.484],[126.38,33.484],[126.382,33.486],[126.382,33.486],[126.382,33.486],[126.382,33.487],[126.386,33.489],[126.391,33.489],[126.391,33.489],[126.393,33.486],[126.395,33.484],[126.399,33.483],[126.399,33.483],[126.4,33.483],[126.401,33.483],[126.401,33.484],[126.402,33.485],[126.404,33.486],[126.404,33.486],[126.406,33.485],[126.406,33.485],[126.408,33.485],[126.409,33.487],[126.408,33.488],[126.41,33.49],[126.411,33.49],[126.421,33.491],[126.42,33.491],[126.42,33.492],[126.425,33.495],[126.428,33.496],[126.428,33.496],[126.428,33.496],[126.428,33.496],[126.427,33.496],[126.426,33.495],[126.426,33.495],[126.428,33.494],[126.439,33.496],[126.441,33.496],[126.443,33.497],[126.449,33.498],[126.451,33.497],[126.452,33.498],[126.454,33.499],[126.454,33.501],[126.452,33.503],[126.453,33.504],[126.454,33.504],[126.456,33.504],[126.457,33.504],[126.46,33.504],[126.464,33.506],[126.475,33.51],[126.478,33.509],[126.483,33.511],[126.485,33.517],[126.487,33.518],[126.487,33.518],[126.49,33.519],[126.49,33.519],[126.49,33.519],[126.49,33.519],[126.491,33.519],[126.493,33.52],[126.494,33.52],[126.494,33.521],[126.499,33.52],[126.499,33.52],[126.5,33.518],[126.501,33.517],[126.509,33.516],[126.516,33.517],[126.516,33.518],[126.516,33.519],[126.517,33.519],[126.517,33.519],[126.518,33.52],[126.523,33.519],[126.532,33.517],[126.534,33.519],[126.531,33.521],[126.533,33.52],[126.542,33.523],[126.543,33.524],[126.542,33.529],[126.544,33.528],[126.544,33.528],[126.544,33.528],[126.551,33.524],[126.553,33.523],[126.55,33.522],[126.549,33.522],[126.549,33.522],[126.55,33.521],[126.555,33.521],[126.559,33.523],[126.562,33.528],[126.564,33.525],[126.565,33.524],[126.571,33.526],[126.573,33.525],[126.574,33.525],[126.574,33.525],[126.574,33.525],[126.574,33.525],[126.573,33.526],[126.575,33.528],[126.575,33.528],[126.578,33.528],[126.578,33.528],[126.579,33.527],[126.579,33.527],[126.578,33.528],[126.577,33.528],[126.577,33.527],[126.585,33.525],[126.586,33.526],[126.589,33.529],[126.589,33.529],[126.597,33.538],[126.598,33.537],[126.599,33.537],[126.601,33.537],[126.604,33.535],[126.612,33.536],[126.626,33.536],[126.626,33.536],[126.626,33.536],[126.627,33.536],[126.628,33.538],[126.632,33.536],[126.635,33.536],[126.637,33.54],[126.636,33.541],[126.635,33.541],[126.634,33.541],[126.635,33.545],[126.635,33.545],[126.639,33.546],[126.641,33.55],[126.645,33.556],[126.646,33.555],[126.649,33.553],[126.649,33.553],[126.649,33.553],[126.649,33.554],[126.649,33.554],[126.649,33.554],[126.648,33.55],[126.648,33.549],[126.649,33.549],[126.65,33.549],[126.651,33.549],[126.652,33.552],[126.653,33.553],[126.656,33.55],[126.661,33.545],[126.662,33.546],[126.662,33.547],[126.662,33.546],[126.664,33.544],[126.664,33.543],[126.666,33.543],[126.667,33.543],[126.674,33.545],[126.674,33.545],[126.674,33.545],[126.674,33.545],[126.675,33.549],[126.677,33.552],[126.677,33.552],[126.678,33.552],[126.68,33.552],[126.681,33.552],[126.684,33.548],[126.684,33.548],[126.684,33.548],[126.684,33.548],[126.689,33.548],[126.689,33.548],[126.69,33.549],[126.696,33.552],[126.699,33.553],[126.701,33.553],[126.705,33.553],[126.706,33.553],[126.714,33.554],[126.716,33.554],[126.719,33.556],[126.719,33.558],[126.724,33.558],[126.726,33.558],[126.73,33.56],[126.73,33.56],[126.73,33.561],[126.73,33.561],[126.737,33.556],[126.738,33.555],[126.739,33.555],[126.739,33.555],[126.741,33.556],[126.745,33.555],[126.745,33.556],[126.745,33.557],[126.745,33.557],[126.744,33.558],[126.743,33.558],[126.742,33.558],[126.742,33.557],[126.742,33.557],[126.742,33.559],[126.747,33.558],[126.747,33.558],[126.752,33.559],[126.754,33.559],[126.756,33.558],[126.758,33.557],[126.762,33.559],[126.762,33.564],[126.762,33.565],[126.762,33.566],[126.762,33.566],[126.769,33.565],[126.769,33.565],[126.769,33.565],[126.769,33.564],[126.768,33.565],[126.768,33.565],[126.768,33.565],[126.768,33.564],[126.772,33.566],[126.775,33.564],[126.775,33.561],[126.777,33.562],[126.779,33.565],[126.784,33.564],[126.79,33.561],[126.795,33.557],[126.795,33.557],[126.797,33.556],[126.798,33.555],[126.798,33.555],[126.814,33.56],[126.814,33.56],[126.814,33.561],[126.819,33.56],[126.828,33.559],[126.827,33.557],[126.827,33.553],[126.829,33.553],[126.829,33.552],[126.83,33.551],[126.828,33.548],[126.827,33.548],[126.827,33.548],[126.828,33.545],[126.829,33.543],[126.829,33.543],[126.834,33.541],[126.841,33.534],[126.841,33.534],[126.841,33.533],[126.842,33.533],[126.852,33.532],[126.861,33.525],[126.862,33.525],[126.865,33.526],[126.866,33.529],[126.866,33.529],[126.866,33.529],[126.866,33.529],[126.866,33.529],[126.866,33.529],[126.866,33.528],[126.866,33.528],[126.865,33.529],[126.871,33.531],[126.872,33.531],[126.872,33.53],[126.88,33.53],[126.881,33.53],[126.882,33.529],[126.883,33.527],[126.885,33.527],[126.894,33.525],[126.896,33.524],[126.906,33.52],[126.902,33.519],[126.901,33.518],[126.901,33.517],[126.901,33.516],[126.901,33.516],[126.902,33.515]]]]}}]}